x,y,cuentas,prob
-23,-101,1,0.00001000
5,-93,1,0.00001000
23,-93,1,0.00001000
-26,-92,1,0.00001000
33,-89,1,0.00001000
-22,-88,1,0.00001000
-19,-87,1,0.00001000
-10,-86,1,0.00001000
-11,-83,1,0.00001000
-16,-82,1,0.00001000
-10,-82,1,0.00001000
20,-82,1,0.00001000
-51,-81,1,0.00001000
-29,-81,2,0.00002000
-21,-81,1,0.00001000
-1,-81,1,0.00001000
5,-81,1,0.00001000
15,-81,1,0.00001000
-22,-80,1,0.00001000
-14,-80,1,0.00001000
-6,-80,1,0.00001000
-4,-80,1,0.00001000
16,-80,1,0.00001000
-43,-79,1,0.00001000
5,-79,1,0.00001000
7,-79,1,0.00001000
23,-79,1,0.00001000
-36,-78,1,0.00001000
-32,-78,1,0.00001000
-6,-78,1,0.00001000
-2,-78,1,0.00001000
10,-78,1,0.00001000
18,-78,1,0.00001000
32,-78,1,0.00001000
34,-78,1,0.00001000
38,-78,1,0.00001000
54,-78,1,0.00001000
-9,-77,1,0.00001000
23,-77,1,0.00001000
-64,-76,1,0.00001000
-16,-76,2,0.00002000
-12,-76,1,0.00001000
20,-76,1,0.00001000
58,-76,1,0.00001000
-63,-75,1,0.00001000
3,-75,1,0.00001000
5,-75,1,0.00001000
13,-75,2,0.00002000
19,-75,2,0.00002000
37,-75,1,0.00001000
-30,-74,1,0.00001000
-10,-74,1,0.00001000
-6,-74,2,0.00002000
-2,-74,1,0.00001000
4,-74,1,0.00001000
24,-74,1,0.00001000
-33,-73,1,0.00001000
17,-73,1,0.00001000
19,-73,1,0.00001000
31,-73,1,0.00001000
39,-73,1,0.00001000
41,-73,1,0.00001000
45,-73,1,0.00001000
-18,-72,3,0.00003000
-6,-72,1,0.00001000
2,-72,2,0.00002000
4,-72,1,0.00001000
6,-72,1,0.00001000
8,-72,1,0.00001000
12,-72,1,0.00001000
26,-72,1,0.00001000
-37,-71,1,0.00001000
-25,-71,1,0.00001000
-21,-71,1,0.00001000
-19,-71,1,0.00001000
-5,-71,1,0.00001000
-3,-71,2,0.00002000
-1,-71,1,0.00001000
13,-71,1,0.00001000
-38,-70,1,0.00001000
-26,-70,1,0.00001000
-20,-70,1,0.00001000
-14,-70,1,0.00001000
-10,-70,1,0.00001000
-2,-70,1,0.00001000
0,-70,2,0.00002000
2,-70,1,0.00001000
4,-70,1,0.00001000
8,-70,2,0.00002000
24,-70,1,0.00001000
38,-70,1,0.00001000
46,-70,1,0.00001000
-27,-69,1,0.00001000
-23,-69,1,0.00001000
-19,-69,1,0.00001000
-15,-69,1,0.00001000
-13,-69,1,0.00001000
-9,-69,1,0.00001000
3,-69,2,0.00002000
7,-69,1,0.00001000
9,-69,1,0.00001000
11,-69,1,0.00001000
15,-69,1,0.00001000
17,-69,1,0.00001000
21,-69,3,0.00003000
49,-69,1,0.00001000
-34,-68,1,0.00001000
-22,-68,1,0.00001000
-20,-68,1,0.00001000
-18,-68,2,0.00002000
-14,-68,3,0.00003000
-12,-68,1,0.00001000
-10,-68,1,0.00001000
-8,-68,1,0.00001000
-4,-68,2,0.00002000
0,-68,2,0.00002000
2,-68,1,0.00001000
10,-68,2,0.00002000
14,-68,1,0.00001000
20,-68,1,0.00001000
24,-68,1,0.00001000
36,-68,1,0.00001000
-19,-67,1,0.00001000
-11,-67,1,0.00001000
-5,-67,1,0.00001000
-3,-67,1,0.00001000
-1,-67,1,0.00001000
3,-67,1,0.00001000
9,-67,1,0.00001000
11,-67,2,0.00002000
23,-67,1,0.00001000
-28,-66,1,0.00001000
-26,-66,1,0.00001000
-18,-66,1,0.00001000
-14,-66,1,0.00001000
-12,-66,1,0.00001000
-10,-66,4,0.00004000
-2,-66,2,0.00002000
2,-66,1,0.00001000
4,-66,1,0.00001000
6,-66,2,0.00002000
8,-66,1,0.00001000
12,-66,1,0.00001000
14,-66,3,0.00003000
16,-66,2,0.00002000
22,-66,2,0.00002000
28,-66,1,0.00001000
32,-66,1,0.00001000
-55,-65,1,0.00001000
-39,-65,1,0.00001000
-35,-65,2,0.00002000
-29,-65,1,0.00001000
-27,-65,1,0.00001000
-25,-65,1,0.00001000
-23,-65,1,0.00001000
-17,-65,1,0.00001000
-15,-65,1,0.00001000
-9,-65,2,0.00002000
-7,-65,1,0.00001000
-1,-65,1,0.00001000
3,-65,1,0.00001000
7,-65,1,0.00001000
11,-65,1,0.00001000
13,-65,1,0.00001000
19,-65,3,0.00003000
21,-65,1,0.00001000
23,-65,1,0.00001000
31,-65,1,0.00001000
37,-65,1,0.00001000
41,-65,1,0.00001000
-60,-64,1,0.00001000
-56,-64,1,0.00001000
-40,-64,1,0.00001000
-36,-64,1,0.00001000
-34,-64,1,0.00001000
-24,-64,1,0.00001000
-18,-64,3,0.00003000
-14,-64,3,0.00003000
-8,-64,1,0.00001000
-4,-64,2,0.00002000
-2,-64,1,0.00001000
2,-64,1,0.00001000
4,-64,2,0.00002000
6,-64,2,0.00002000
8,-64,2,0.00002000
12,-64,3,0.00003000
14,-64,2,0.00002000
16,-64,1,0.00001000
18,-64,2,0.00002000
28,-64,1,0.00001000
30,-64,1,0.00001000
34,-64,1,0.00001000
36,-64,3,0.00003000
-23,-63,1,0.00001000
-19,-63,1,0.00001000
-17,-63,2,0.00002000
-13,-63,2,0.00002000
-11,-63,1,0.00001000
-9,-63,1,0.00001000
-7,-63,2,0.00002000
-3,-63,3,0.00003000
-1,-63,2,0.00002000
3,-63,1,0.00001000
5,-63,1,0.00001000
7,-63,1,0.00001000
11,-63,1,0.00001000
13,-63,3,0.00003000
17,-63,1,0.00001000
19,-63,2,0.00002000
21,-63,1,0.00001000
23,-63,1,0.00001000
25,-63,2,0.00002000
31,-63,2,0.00002000
35,-63,1,0.00001000
-76,-62,1,0.00001000
-32,-62,1,0.00001000
-26,-62,1,0.00001000
-24,-62,1,0.00001000
-20,-62,1,0.00001000
-18,-62,1,0.00001000
-16,-62,1,0.00001000
-12,-62,1,0.00001000
-10,-62,1,0.00001000
-8,-62,3,0.00003000
-6,-62,2,0.00002000
-4,-62,4,0.00004000
-2,-62,1,0.00001000
0,-62,1,0.00001000
2,-62,1,0.00001000
4,-62,3,0.00003000
6,-62,5,0.00005000
8,-62,1,0.00001000
12,-62,2,0.00002000
14,-62,1,0.00001000
22,-62,2,0.00002000
24,-62,1,0.00001000
28,-62,2,0.00002000
30,-62,1,0.00001000
32,-62,1,0.00001000
34,-62,1,0.00001000
36,-62,1,0.00001000
38,-62,1,0.00001000
-57,-61,1,0.00001000
-33,-61,2,0.00002000
-31,-61,2,0.00002000
-27,-61,2,0.00002000
-25,-61,3,0.00003000
-15,-61,1,0.00001000
-13,-61,3,0.00003000
-11,-61,2,0.00002000
-7,-61,1,0.00001000
-5,-61,1,0.00001000
-3,-61,7,0.00007000
1,-61,1,0.00001000
5,-61,3,0.00003000
7,-61,3,0.00003000
9,-61,1,0.00001000
13,-61,2,0.00002000
21,-61,1,0.00001000
23,-61,1,0.00001000
25,-61,1,0.00001000
27,-61,2,0.00002000
35,-61,2,0.00002000
37,-61,1,0.00001000
41,-61,1,0.00001000
-62,-60,1,0.00001000
-48,-60,1,0.00001000
-42,-60,1,0.00001000
-40,-60,1,0.00001000
-38,-60,1,0.00001000
-34,-60,1,0.00001000
-30,-60,1,0.00001000
-28,-60,1,0.00001000
-26,-60,1,0.00001000
-24,-60,3,0.00003000
-22,-60,2,0.00002000
-20,-60,1,0.00001000
-18,-60,1,0.00001000
-16,-60,1,0.00001000
-14,-60,3,0.00003000
-12,-60,4,0.00004000
-10,-60,2,0.00002000
-8,-60,1,0.00001000
-6,-60,3,0.00003000
0,-60,3,0.00003000
2,-60,2,0.00002000
6,-60,2,0.00002000
8,-60,1,0.00001000
12,-60,3,0.00003000
14,-60,3,0.00003000
16,-60,1,0.00001000
22,-60,3,0.00003000
24,-60,1,0.00001000
28,-60,2,0.00002000
38,-60,1,0.00001000
42,-60,1,0.00001000
58,-60,1,0.00001000
-41,-59,1,0.00001000
-39,-59,1,0.00001000
-37,-59,1,0.00001000
-31,-59,1,0.00001000
-29,-59,1,0.00001000
-27,-59,2,0.00002000
-23,-59,1,0.00001000
-21,-59,1,0.00001000
-19,-59,1,0.00001000
-17,-59,2,0.00002000
-15,-59,2,0.00002000
-13,-59,4,0.00004000
-11,-59,1,0.00001000
-9,-59,2,0.00002000
-7,-59,2,0.00002000
-5,-59,3,0.00003000
-1,-59,3,0.00003000
1,-59,1,0.00001000
3,-59,3,0.00003000
5,-59,2,0.00002000
7,-59,2,0.00002000
15,-59,1,0.00001000
17,-59,2,0.00002000
19,-59,2,0.00002000
21,-59,2,0.00002000
23,-59,1,0.00001000
25,-59,1,0.00001000
27,-59,1,0.00001000
29,-59,1,0.00001000
31,-59,1,0.00001000
33,-59,2,0.00002000
37,-59,1,0.00001000
47,-59,3,0.00003000
65,-59,1,0.00001000
-56,-58,1,0.00001000
-42,-58,1,0.00001000
-38,-58,1,0.00001000
-36,-58,1,0.00001000
-34,-58,1,0.00001000
-32,-58,2,0.00002000
-28,-58,2,0.00002000
-26,-58,2,0.00002000
-24,-58,3,0.00003000
-22,-58,2,0.00002000
-20,-58,1,0.00001000
-16,-58,1,0.00001000
-12,-58,1,0.00001000
-10,-58,3,0.00003000
-8,-58,3,0.00003000
-6,-58,1,0.00001000
-4,-58,3,0.00003000
-2,-58,3,0.00003000
0,-58,1,0.00001000
2,-58,4,0.00004000
4,-58,2,0.00002000
6,-58,6,0.00006000
8,-58,4,0.00004000
10,-58,1,0.00001000
12,-58,3,0.00003000
14,-58,3,0.00003000
16,-58,1,0.00001000
18,-58,2,0.00002000
20,-58,2,0.00002000
22,-58,2,0.00002000
24,-58,1,0.00001000
26,-58,3,0.00003000
38,-58,1,0.00001000
44,-58,1,0.00001000
-49,-57,1,0.00001000
-43,-57,1,0.00001000
-37,-57,2,0.00002000
-35,-57,2,0.00002000
-33,-57,2,0.00002000
-31,-57,3,0.00003000
-29,-57,2,0.00002000
-27,-57,1,0.00001000
-23,-57,1,0.00001000
-21,-57,2,0.00002000
-19,-57,1,0.00001000
-17,-57,1,0.00001000
-11,-57,1,0.00001000
-9,-57,3,0.00003000
-7,-57,1,0.00001000
-5,-57,1,0.00001000
-3,-57,1,0.00001000
-1,-57,3,0.00003000
1,-57,6,0.00006000
3,-57,2,0.00002000
5,-57,6,0.00006000
7,-57,1,0.00001000
9,-57,1,0.00001000
11,-57,3,0.00003000
13,-57,1,0.00001000
15,-57,2,0.00002000
17,-57,2,0.00002000
19,-57,4,0.00004000
21,-57,2,0.00002000
25,-57,1,0.00001000
27,-57,2,0.00002000
29,-57,4,0.00004000
31,-57,2,0.00002000
33,-57,1,0.00001000
35,-57,1,0.00001000
45,-57,2,0.00002000
-60,-56,1,0.00001000
-46,-56,1,0.00001000
-38,-56,2,0.00002000
-30,-56,2,0.00002000
-26,-56,1,0.00001000
-24,-56,1,0.00001000
-22,-56,1,0.00001000
-20,-56,2,0.00002000
-16,-56,3,0.00003000
-14,-56,4,0.00004000
-12,-56,5,0.00005000
-10,-56,7,0.00007000
-8,-56,3,0.00003000
-6,-56,2,0.00002000
-4,-56,3,0.00003000
-2,-56,4,0.00004000
0,-56,4,0.00004000
2,-56,3,0.00003000
4,-56,5,0.00005000
6,-56,1,0.00001000
10,-56,3,0.00003000
12,-56,2,0.00002000
14,-56,2,0.00002000
16,-56,2,0.00002000
18,-56,1,0.00001000
20,-56,1,0.00001000
22,-56,3,0.00003000
24,-56,2,0.00002000
26,-56,3,0.00003000
30,-56,1,0.00001000
32,-56,1,0.00001000
34,-56,1,0.00001000
36,-56,1,0.00001000
38,-56,1,0.00001000
40,-56,1,0.00001000
62,-56,1,0.00001000
-53,-55,1,0.00001000
-51,-55,1,0.00001000
-47,-55,1,0.00001000
-43,-55,1,0.00001000
-39,-55,2,0.00002000
-37,-55,1,0.00001000
-29,-55,1,0.00001000
-27,-55,2,0.00002000
-23,-55,1,0.00001000
-21,-55,2,0.00002000
-19,-55,2,0.00002000
-15,-55,1,0.00001000
-13,-55,4,0.00004000
-11,-55,4,0.00004000
-9,-55,4,0.00004000
-7,-55,4,0.00004000
-5,-55,1,0.00001000
-3,-55,2,0.00002000
-1,-55,2,0.00002000
1,-55,2,0.00002000
3,-55,6,0.00006000
5,-55,2,0.00002000
7,-55,5,0.00005000
9,-55,6,0.00006000
11,-55,2,0.00002000
13,-55,1,0.00001000
15,-55,2,0.00002000
17,-55,1,0.00001000
19,-55,5,0.00005000
21,-55,4,0.00004000
23,-55,2,0.00002000
27,-55,1,0.00001000
31,-55,4,0.00004000
35,-55,3,0.00003000
39,-55,3,0.00003000
45,-55,1,0.00001000
-48,-54,1,0.00001000
-46,-54,1,0.00001000
-44,-54,1,0.00001000
-36,-54,1,0.00001000
-34,-54,2,0.00002000
-32,-54,1,0.00001000
-30,-54,1,0.00001000
-28,-54,3,0.00003000
-26,-54,1,0.00001000
-24,-54,2,0.00002000
-22,-54,2,0.00002000
-20,-54,2,0.00002000
-18,-54,1,0.00001000
-16,-54,1,0.00001000
-14,-54,3,0.00003000
-12,-54,2,0.00002000
-10,-54,1,0.00001000
-8,-54,2,0.00002000
-6,-54,3,0.00003000
-4,-54,3,0.00003000
-2,-54,4,0.00004000
0,-54,3,0.00003000
2,-54,8,0.00008000
4,-54,6,0.00006000
6,-54,3,0.00003000
10,-54,1,0.00001000
12,-54,5,0.00005000
14,-54,1,0.00001000
16,-54,1,0.00001000
18,-54,1,0.00001000
20,-54,3,0.00003000
22,-54,2,0.00002000
24,-54,1,0.00001000
26,-54,1,0.00001000
28,-54,2,0.00002000
30,-54,2,0.00002000
32,-54,1,0.00001000
34,-54,1,0.00001000
36,-54,2,0.00002000
42,-54,1,0.00001000
46,-54,1,0.00001000
54,-54,1,0.00001000
-47,-53,1,0.00001000
-45,-53,1,0.00001000
-37,-53,2,0.00002000
-35,-53,2,0.00002000
-33,-53,1,0.00001000
-31,-53,3,0.00003000
-29,-53,5,0.00005000
-25,-53,2,0.00002000
-23,-53,2,0.00002000
-21,-53,5,0.00005000
-19,-53,4,0.00004000
-15,-53,2,0.00002000
-13,-53,2,0.00002000
-11,-53,4,0.00004000
-9,-53,1,0.00001000
-7,-53,2,0.00002000
-5,-53,1,0.00001000
-3,-53,4,0.00004000
-1,-53,3,0.00003000
1,-53,6,0.00006000
3,-53,3,0.00003000
5,-53,2,0.00002000
7,-53,4,0.00004000
9,-53,3,0.00003000
11,-53,4,0.00004000
13,-53,4,0.00004000
15,-53,9,0.00009000
17,-53,5,0.00005000
19,-53,4,0.00004000
21,-53,3,0.00003000
25,-53,3,0.00003000
27,-53,5,0.00005000
29,-53,3,0.00003000
37,-53,2,0.00002000
39,-53,2,0.00002000
43,-53,2,0.00002000
53,-53,2,0.00002000
57,-53,1,0.00001000
67,-53,1,0.00001000
-50,-52,1,0.00001000
-46,-52,2,0.00002000
-40,-52,1,0.00001000
-34,-52,1,0.00001000
-32,-52,1,0.00001000
-28,-52,7,0.00007000
-26,-52,2,0.00002000
-22,-52,1,0.00001000
-20,-52,1,0.00001000
-18,-52,7,0.00007000
-14,-52,4,0.00004000
-12,-52,3,0.00003000
-10,-52,7,0.00007000
-8,-52,6,0.00006000
-6,-52,4,0.00004000
-4,-52,5,0.00005000
-2,-52,2,0.00002000
0,-52,2,0.00002000
2,-52,3,0.00003000
4,-52,7,0.00007000
6,-52,5,0.00005000
8,-52,3,0.00003000
12,-52,2,0.00002000
14,-52,4,0.00004000
16,-52,5,0.00005000
20,-52,4,0.00004000
22,-52,8,0.00008000
24,-52,5,0.00005000
26,-52,2,0.00002000
30,-52,1,0.00001000
32,-52,2,0.00002000
40,-52,1,0.00001000
42,-52,2,0.00002000
48,-52,1,0.00001000
56,-52,2,0.00002000
64,-52,1,0.00001000
66,-52,1,0.00001000
-57,-51,1,0.00001000
-51,-51,1,0.00001000
-43,-51,2,0.00002000
-41,-51,1,0.00001000
-39,-51,1,0.00001000
-37,-51,3,0.00003000
-31,-51,1,0.00001000
-29,-51,1,0.00001000
-25,-51,2,0.00002000
-21,-51,2,0.00002000
-19,-51,2,0.00002000
-17,-51,3,0.00003000
-15,-51,4,0.00004000
-13,-51,5,0.00005000
-11,-51,3,0.00003000
-9,-51,5,0.00005000
-7,-51,1,0.00001000
-5,-51,2,0.00002000
-3,-51,5,0.00005000
-1,-51,9,0.00009000
1,-51,7,0.00007000
3,-51,6,0.00006000
5,-51,1,0.00001000
7,-51,4,0.00004000
9,-51,5,0.00005000
11,-51,4,0.00004000
13,-51,8,0.00008000
15,-51,2,0.00002000
17,-51,1,0.00001000
19,-51,2,0.00002000
21,-51,5,0.00005000
23,-51,7,0.00007000
25,-51,3,0.00003000
29,-51,3,0.00003000
31,-51,1,0.00001000
33,-51,2,0.00002000
35,-51,1,0.00001000
37,-51,1,0.00001000
39,-51,1,0.00001000
41,-51,1,0.00001000
49,-51,1,0.00001000
-56,-50,3,0.00003000
-50,-50,2,0.00002000
-48,-50,1,0.00001000
-44,-50,1,0.00001000
-40,-50,1,0.00001000
-38,-50,2,0.00002000
-32,-50,5,0.00005000
-28,-50,1,0.00001000
-26,-50,1,0.00001000
-24,-50,4,0.00004000
-22,-50,3,0.00003000
-20,-50,2,0.00002000
-18,-50,6,0.00006000
-14,-50,9,0.00009000
-12,-50,3,0.00003000
-10,-50,2,0.00002000
-8,-50,9,0.00009000
-6,-50,3,0.00003000
-4,-50,6,0.00006000
-2,-50,4,0.00004000
0,-50,3,0.00003000
2,-50,4,0.00004000
4,-50,2,0.00002000
6,-50,5,0.00005000
8,-50,2,0.00002000
10,-50,5,0.00005000
12,-50,5,0.00005000
14,-50,5,0.00005000
16,-50,6,0.00006000
18,-50,9,0.00009000
20,-50,3,0.00003000
22,-50,4,0.00004000
24,-50,2,0.00002000
26,-50,2,0.00002000
28,-50,1,0.00001000
32,-50,2,0.00002000
34,-50,4,0.00004000
36,-50,3,0.00003000
38,-50,3,0.00003000
42,-50,1,0.00001000
52,-50,2,0.00002000
-63,-49,1,0.00001000
-49,-49,1,0.00001000
-45,-49,2,0.00002000
-43,-49,2,0.00002000
-41,-49,2,0.00002000
-37,-49,1,0.00001000
-35,-49,2,0.00002000
-33,-49,2,0.00002000
-31,-49,2,0.00002000
-29,-49,7,0.00007000
-27,-49,3,0.00003000
-25,-49,5,0.00005000
-23,-49,5,0.00005000
-21,-49,5,0.00005000
-19,-49,5,0.00005000
-17,-49,2,0.00002000
-15,-49,7,0.00007000
-13,-49,4,0.00004000
-11,-49,3,0.00003000
-9,-49,4,0.00004000
-7,-49,5,0.00005000
-5,-49,10,0.00010000
-3,-49,7,0.00007000
-1,-49,7,0.00007000
1,-49,4,0.00004000
3,-49,4,0.00004000
5,-49,10,0.00010000
7,-49,7,0.00007000
9,-49,4,0.00004000
11,-49,6,0.00006000
13,-49,6,0.00006000
15,-49,7,0.00007000
17,-49,2,0.00002000
19,-49,4,0.00004000
21,-49,3,0.00003000
23,-49,5,0.00005000
25,-49,4,0.00004000
27,-49,1,0.00001000
29,-49,2,0.00002000
33,-49,4,0.00004000
39,-49,2,0.00002000
41,-49,1,0.00001000
43,-49,2,0.00002000
45,-49,1,0.00001000
47,-49,1,0.00001000
49,-49,1,0.00001000
71,-49,2,0.00002000
-58,-48,1,0.00001000
-56,-48,1,0.00001000
-54,-48,1,0.00001000
-46,-48,3,0.00003000
-44,-48,3,0.00003000
-42,-48,1,0.00001000
-38,-48,1,0.00001000
-36,-48,2,0.00002000
-34,-48,2,0.00002000
-32,-48,1,0.00001000
-30,-48,3,0.00003000
-28,-48,4,0.00004000
-26,-48,6,0.00006000
-24,-48,3,0.00003000
-22,-48,1,0.00001000
-20,-48,6,0.00006000
-18,-48,2,0.00002000
-16,-48,5,0.00005000
-14,-48,8,0.00008000
-12,-48,4,0.00004000
-10,-48,8,0.00008000
-8,-48,2,0.00002000
-6,-48,8,0.00008000
-4,-48,7,0.00007000
-2,-48,4,0.00004000
0,-48,8,0.00008000
2,-48,5,0.00005000
4,-48,4,0.00004000
6,-48,10,0.00010000
8,-48,7,0.00007000
10,-48,6,0.00006000
12,-48,8,0.00008000
14,-48,6,0.00006000
16,-48,5,0.00005000
18,-48,7,0.00007000
22,-48,2,0.00002000
24,-48,6,0.00006000
26,-48,5,0.00005000
30,-48,6,0.00006000
32,-48,1,0.00001000
34,-48,4,0.00004000
36,-48,1,0.00001000
38,-48,2,0.00002000
40,-48,1,0.00001000
42,-48,2,0.00002000
44,-48,1,0.00001000
54,-48,1,0.00001000
56,-48,1,0.00001000
64,-48,1,0.00001000
68,-48,1,0.00001000
-57,-47,1,0.00001000
-53,-47,1,0.00001000
-51,-47,2,0.00002000
-47,-47,1,0.00001000
-41,-47,2,0.00002000
-39,-47,1,0.00001000
-33,-47,1,0.00001000
-31,-47,5,0.00005000
-29,-47,8,0.00008000
-27,-47,7,0.00007000
-25,-47,4,0.00004000
-23,-47,2,0.00002000
-21,-47,7,0.00007000
-19,-47,4,0.00004000
-17,-47,9,0.00009000
-15,-47,4,0.00004000
-13,-47,5,0.00005000
-11,-47,5,0.00005000
-9,-47,7,0.00007000
-7,-47,7,0.00007000
-5,-47,5,0.00005000
-3,-47,7,0.00007000
-1,-47,9,0.00009000
1,-47,11,0.00011000
3,-47,10,0.00010000
5,-47,3,0.00003000
7,-47,5,0.00005000
9,-47,4,0.00004000
11,-47,5,0.00005000
13,-47,4,0.00004000
15,-47,3,0.00003000
17,-47,9,0.00009000
19,-47,4,0.00004000
21,-47,3,0.00003000
23,-47,2,0.00002000
25,-47,5,0.00005000
27,-47,5,0.00005000
29,-47,3,0.00003000
33,-47,2,0.00002000
35,-47,2,0.00002000
37,-47,3,0.00003000
39,-47,3,0.00003000
41,-47,3,0.00003000
43,-47,1,0.00001000
45,-47,1,0.00001000
47,-47,2,0.00002000
49,-47,1,0.00001000
57,-47,1,0.00001000
65,-47,1,0.00001000
-68,-46,1,0.00001000
-52,-46,1,0.00001000
-48,-46,1,0.00001000
-46,-46,1,0.00001000
-44,-46,2,0.00002000
-42,-46,1,0.00001000
-38,-46,4,0.00004000
-36,-46,3,0.00003000
-34,-46,4,0.00004000
-32,-46,3,0.00003000
-30,-46,2,0.00002000
-28,-46,5,0.00005000
-26,-46,3,0.00003000
-24,-46,5,0.00005000
-22,-46,2,0.00002000
-20,-46,8,0.00008000
-18,-46,6,0.00006000
-16,-46,5,0.00005000
-14,-46,6,0.00006000
-12,-46,3,0.00003000
-10,-46,5,0.00005000
-8,-46,8,0.00008000
-6,-46,9,0.00009000
-4,-46,12,0.00012000
-2,-46,5,0.00005000
0,-46,5,0.00005000
2,-46,6,0.00006000
4,-46,11,0.00011000
6,-46,5,0.00005000
8,-46,8,0.00008000
10,-46,5,0.00005000
12,-46,7,0.00007000
14,-46,3,0.00003000
16,-46,9,0.00009000
20,-46,7,0.00007000
22,-46,5,0.00005000
24,-46,7,0.00007000
28,-46,5,0.00005000
30,-46,1,0.00001000
32,-46,4,0.00004000
34,-46,4,0.00004000
40,-46,2,0.00002000
42,-46,1,0.00001000
46,-46,2,0.00002000
50,-46,2,0.00002000
54,-46,1,0.00001000
62,-46,1,0.00001000
64,-46,1,0.00001000
-67,-45,1,0.00001000
-59,-45,1,0.00001000
-53,-45,1,0.00001000
-51,-45,1,0.00001000
-49,-45,2,0.00002000
-45,-45,2,0.00002000
-43,-45,1,0.00001000
-41,-45,2,0.00002000
-39,-45,1,0.00001000
-37,-45,4,0.00004000
-35,-45,1,0.00001000
-33,-45,3,0.00003000
-31,-45,6,0.00006000
-29,-45,4,0.00004000
-27,-45,5,0.00005000
-25,-45,5,0.00005000
-23,-45,10,0.00010000
-21,-45,9,0.00009000
-19,-45,7,0.00007000
-17,-45,10,0.00010000
-15,-45,3,0.00003000
-13,-45,8,0.00008000
-11,-45,7,0.00007000
-9,-45,7,0.00007000
-7,-45,8,0.00008000
-5,-45,7,0.00007000
-3,-45,5,0.00005000
-1,-45,6,0.00006000
1,-45,11,0.00011000
3,-45,2,0.00002000
5,-45,7,0.00007000
7,-45,7,0.00007000
9,-45,11,0.00011000
11,-45,8,0.00008000
13,-45,7,0.00007000
15,-45,7,0.00007000
17,-45,6,0.00006000
19,-45,5,0.00005000
21,-45,4,0.00004000
23,-45,6,0.00006000
25,-45,5,0.00005000
27,-45,3,0.00003000
29,-45,4,0.00004000
31,-45,1,0.00001000
33,-45,3,0.00003000
35,-45,4,0.00004000
37,-45,2,0.00002000
39,-45,1,0.00001000
41,-45,1,0.00001000
47,-45,1,0.00001000
53,-45,1,0.00001000
57,-45,1,0.00001000
59,-45,1,0.00001000
71,-45,1,0.00001000
-66,-44,1,0.00001000
-62,-44,1,0.00001000
-58,-44,1,0.00001000
-56,-44,2,0.00002000
-46,-44,1,0.00001000
-44,-44,2,0.00002000
-42,-44,3,0.00003000
-40,-44,2,0.00002000
-38,-44,2,0.00002000
-36,-44,2,0.00002000
-34,-44,2,0.00002000
-32,-44,4,0.00004000
-28,-44,5,0.00005000
-26,-44,3,0.00003000
-24,-44,5,0.00005000
-22,-44,7,0.00007000
-20,-44,1,0.00001000
-18,-44,8,0.00008000
-16,-44,10,0.00010000
-14,-44,11,0.00011000
-12,-44,7,0.00007000
-10,-44,5,0.00005000
-8,-44,9,0.00009000
-6,-44,17,0.00017000
-4,-44,10,0.00010000
-2,-44,5,0.00005000
0,-44,11,0.00011000
2,-44,9,0.00009000
4,-44,4,0.00004000
6,-44,13,0.00013000
8,-44,7,0.00007000
10,-44,7,0.00007000
12,-44,10,0.00010000
14,-44,8,0.00008000
16,-44,6,0.00006000
18,-44,8,0.00008000
20,-44,8,0.00008000
22,-44,7,0.00007000
24,-44,10,0.00010000
26,-44,4,0.00004000
28,-44,2,0.00002000
30,-44,2,0.00002000
32,-44,3,0.00003000
34,-44,2,0.00002000
36,-44,2,0.00002000
38,-44,3,0.00003000
40,-44,2,0.00002000
42,-44,1,0.00001000
44,-44,3,0.00003000
48,-44,2,0.00002000
50,-44,2,0.00002000
70,-44,1,0.00001000
-51,-43,2,0.00002000
-49,-43,4,0.00004000
-47,-43,1,0.00001000
-43,-43,2,0.00002000
-41,-43,2,0.00002000
-39,-43,5,0.00005000
-37,-43,4,0.00004000
-35,-43,7,0.00007000
-33,-43,2,0.00002000
-31,-43,4,0.00004000
-29,-43,3,0.00003000
-27,-43,7,0.00007000
-25,-43,5,0.00005000
-23,-43,3,0.00003000
-21,-43,8,0.00008000
-19,-43,4,0.00004000
-17,-43,7,0.00007000
-15,-43,5,0.00005000
-13,-43,9,0.00009000
-11,-43,10,0.00010000
-9,-43,3,0.00003000
-7,-43,9,0.00009000
-5,-43,6,0.00006000
-3,-43,12,0.00012000
-1,-43,11,0.00011000
1,-43,15,0.00015000
3,-43,7,0.00007000
5,-43,8,0.00008000
7,-43,12,0.00012000
9,-43,9,0.00009000
11,-43,5,0.00005000
13,-43,5,0.00005000
15,-43,8,0.00008000
17,-43,7,0.00007000
19,-43,11,0.00011000
21,-43,5,0.00005000
23,-43,5,0.00005000
25,-43,2,0.00002000
27,-43,8,0.00008000
29,-43,7,0.00007000
31,-43,6,0.00006000
33,-43,6,0.00006000
35,-43,3,0.00003000
39,-43,1,0.00001000
41,-43,1,0.00001000
43,-43,2,0.00002000
45,-43,1,0.00001000
47,-43,2,0.00002000
49,-43,2,0.00002000
51,-43,1,0.00001000
57,-43,1,0.00001000
61,-43,1,0.00001000
-68,-42,1,0.00001000
-52,-42,2,0.00002000
-46,-42,1,0.00001000
-44,-42,2,0.00002000
-42,-42,2,0.00002000
-40,-42,4,0.00004000
-38,-42,3,0.00003000
-36,-42,3,0.00003000
-34,-42,4,0.00004000
-32,-42,6,0.00006000
-30,-42,3,0.00003000
-28,-42,3,0.00003000
-26,-42,5,0.00005000
-24,-42,7,0.00007000
-22,-42,7,0.00007000
-20,-42,7,0.00007000
-18,-42,6,0.00006000
-16,-42,10,0.00010000
-14,-42,11,0.00011000
-12,-42,8,0.00008000
-10,-42,8,0.00008000
-8,-42,12,0.00012000
-6,-42,9,0.00009000
-4,-42,15,0.00015000
-2,-42,11,0.00011000
0,-42,12,0.00012000
2,-42,7,0.00007000
4,-42,9,0.00009000
6,-42,10,0.00010000
8,-42,8,0.00008000
10,-42,9,0.00009000
12,-42,15,0.00015000
14,-42,11,0.00011000
16,-42,13,0.00013000
18,-42,12,0.00012000
20,-42,3,0.00003000
22,-42,7,0.00007000
24,-42,8,0.00008000
26,-42,4,0.00004000
28,-42,5,0.00005000
30,-42,3,0.00003000
32,-42,4,0.00004000
34,-42,5,0.00005000
36,-42,4,0.00004000
38,-42,4,0.00004000
40,-42,1,0.00001000
42,-42,3,0.00003000
44,-42,1,0.00001000
48,-42,1,0.00001000
50,-42,1,0.00001000
52,-42,1,0.00001000
54,-42,1,0.00001000
56,-42,1,0.00001000
-55,-41,1,0.00001000
-53,-41,1,0.00001000
-51,-41,1,0.00001000
-47,-41,1,0.00001000
-45,-41,1,0.00001000
-43,-41,2,0.00002000
-41,-41,2,0.00002000
-39,-41,4,0.00004000
-37,-41,3,0.00003000
-35,-41,1,0.00001000
-33,-41,1,0.00001000
-31,-41,5,0.00005000
-29,-41,6,0.00006000
-27,-41,8,0.00008000
-25,-41,7,0.00007000
-23,-41,12,0.00012000
-21,-41,7,0.00007000
-19,-41,11,0.00011000
-17,-41,8,0.00008000
-15,-41,12,0.00012000
-13,-41,8,0.00008000
-11,-41,12,0.00012000
-9,-41,11,0.00011000
-7,-41,14,0.00014000
-5,-41,8,0.00008000
-3,-41,15,0.00015000
-1,-41,13,0.00013000
1,-41,11,0.00011000
3,-41,10,0.00010000
5,-41,12,0.00012000
7,-41,5,0.00005000
9,-41,11,0.00011000
11,-41,13,0.00013000
13,-41,13,0.00013000
15,-41,9,0.00009000
17,-41,12,0.00012000
19,-41,10,0.00010000
21,-41,10,0.00010000
23,-41,10,0.00010000
25,-41,6,0.00006000
27,-41,13,0.00013000
29,-41,4,0.00004000
31,-41,1,0.00001000
35,-41,2,0.00002000
37,-41,1,0.00001000
39,-41,4,0.00004000
41,-41,4,0.00004000
43,-41,4,0.00004000
45,-41,2,0.00002000
47,-41,3,0.00003000
49,-41,1,0.00001000
53,-41,2,0.00002000
55,-41,2,0.00002000
57,-41,1,0.00001000
59,-41,2,0.00002000
73,-41,1,0.00001000
-54,-40,1,0.00001000
-50,-40,2,0.00002000
-48,-40,1,0.00001000
-46,-40,1,0.00001000
-44,-40,2,0.00002000
-42,-40,2,0.00002000
-40,-40,1,0.00001000
-38,-40,3,0.00003000
-36,-40,2,0.00002000
-34,-40,3,0.00003000
-32,-40,4,0.00004000
-30,-40,7,0.00007000
-28,-40,7,0.00007000
-26,-40,4,0.00004000
-24,-40,5,0.00005000
-22,-40,10,0.00010000
-20,-40,5,0.00005000
-18,-40,6,0.00006000
-16,-40,9,0.00009000
-14,-40,6,0.00006000
-12,-40,13,0.00013000
-10,-40,13,0.00013000
-8,-40,14,0.00014000
-6,-40,12,0.00012000
-4,-40,10,0.00010000
-2,-40,13,0.00013000
0,-40,10,0.00010000
2,-40,10,0.00010000
4,-40,13,0.00013000
6,-40,16,0.00016000
8,-40,12,0.00012000
10,-40,9,0.00009000
12,-40,9,0.00009000
14,-40,5,0.00005000
16,-40,8,0.00008000
18,-40,14,0.00014000
20,-40,8,0.00008000
22,-40,8,0.00008000
24,-40,10,0.00010000
26,-40,6,0.00006000
28,-40,7,0.00007000
30,-40,6,0.00006000
32,-40,4,0.00004000
34,-40,2,0.00002000
36,-40,2,0.00002000
38,-40,3,0.00003000
40,-40,2,0.00002000
42,-40,2,0.00002000
44,-40,1,0.00001000
46,-40,2,0.00002000
48,-40,2,0.00002000
50,-40,1,0.00001000
52,-40,1,0.00001000
56,-40,2,0.00002000
58,-40,2,0.00002000
62,-40,1,0.00001000
-79,-39,1,0.00001000
-69,-39,1,0.00001000
-65,-39,1,0.00001000
-61,-39,1,0.00001000
-51,-39,2,0.00002000
-47,-39,3,0.00003000
-45,-39,1,0.00001000
-43,-39,2,0.00002000
-41,-39,5,0.00005000
-39,-39,5,0.00005000
-37,-39,7,0.00007000
-35,-39,2,0.00002000
-33,-39,3,0.00003000
-31,-39,7,0.00007000
-29,-39,4,0.00004000
-27,-39,7,0.00007000
-25,-39,14,0.00014000
-23,-39,10,0.00010000
-21,-39,11,0.00011000
-19,-39,10,0.00010000
-17,-39,17,0.00017000
-15,-39,14,0.00014000
-13,-39,16,0.00016000
-11,-39,9,0.00009000
-9,-39,13,0.00013000
-7,-39,12,0.00012000
-5,-39,12,0.00012000
-3,-39,9,0.00009000
-1,-39,11,0.00011000
1,-39,9,0.00009000
3,-39,20,0.00020000
5,-39,13,0.00013000
7,-39,17,0.00017000
9,-39,10,0.00010000
11,-39,11,0.00011000
13,-39,8,0.00008000
15,-39,10,0.00010000
17,-39,12,0.00012000
19,-39,8,0.00008000
21,-39,6,0.00006000
23,-39,6,0.00006000
25,-39,10,0.00010000
27,-39,9,0.00009000
29,-39,5,0.00005000
31,-39,2,0.00002000
33,-39,6,0.00006000
35,-39,2,0.00002000
37,-39,2,0.00002000
39,-39,6,0.00006000
41,-39,5,0.00005000
43,-39,6,0.00006000
45,-39,3,0.00003000
47,-39,2,0.00002000
49,-39,2,0.00002000
53,-39,1,0.00001000
65,-39,1,0.00001000
67,-39,1,0.00001000
-64,-38,1,0.00001000
-62,-38,1,0.00001000
-58,-38,1,0.00001000
-52,-38,1,0.00001000
-50,-38,2,0.00002000
-46,-38,4,0.00004000
-44,-38,2,0.00002000
-42,-38,1,0.00001000
-40,-38,2,0.00002000
-38,-38,1,0.00001000
-36,-38,4,0.00004000
-34,-38,4,0.00004000
-32,-38,7,0.00007000
-30,-38,4,0.00004000
-28,-38,6,0.00006000
-26,-38,16,0.00016000
-24,-38,9,0.00009000
-22,-38,4,0.00004000
-20,-38,11,0.00011000
-18,-38,8,0.00008000
-16,-38,11,0.00011000
-14,-38,11,0.00011000
-12,-38,16,0.00016000
-10,-38,12,0.00012000
-8,-38,13,0.00013000
-6,-38,24,0.00024000
-4,-38,12,0.00012000
-2,-38,16,0.00016000
0,-38,16,0.00016000
2,-38,5,0.00005000
4,-38,12,0.00012000
6,-38,9,0.00009000
8,-38,17,0.00017000
10,-38,11,0.00011000
12,-38,9,0.00009000
14,-38,12,0.00012000
16,-38,10,0.00010000
18,-38,17,0.00017000
20,-38,5,0.00005000
22,-38,18,0.00018000
24,-38,9,0.00009000
26,-38,5,0.00005000
28,-38,5,0.00005000
30,-38,6,0.00006000
32,-38,4,0.00004000
34,-38,5,0.00005000
36,-38,3,0.00003000
38,-38,4,0.00004000
40,-38,2,0.00002000
42,-38,3,0.00003000
44,-38,1,0.00001000
46,-38,3,0.00003000
48,-38,1,0.00001000
50,-38,3,0.00003000
56,-38,1,0.00001000
58,-38,1,0.00001000
68,-38,1,0.00001000
-57,-37,1,0.00001000
-55,-37,3,0.00003000
-53,-37,1,0.00001000
-51,-37,1,0.00001000
-49,-37,2,0.00002000
-47,-37,2,0.00002000
-45,-37,2,0.00002000
-43,-37,5,0.00005000
-41,-37,2,0.00002000
-39,-37,3,0.00003000
-37,-37,4,0.00004000
-35,-37,6,0.00006000
-33,-37,8,0.00008000
-31,-37,8,0.00008000
-29,-37,9,0.00009000
-27,-37,6,0.00006000
-25,-37,8,0.00008000
-23,-37,8,0.00008000
-21,-37,10,0.00010000
-19,-37,9,0.00009000
-17,-37,18,0.00018000
-15,-37,7,0.00007000
-13,-37,13,0.00013000
-11,-37,14,0.00014000
-9,-37,12,0.00012000
-7,-37,11,0.00011000
-5,-37,17,0.00017000
-3,-37,14,0.00014000
-1,-37,21,0.00021000
1,-37,8,0.00008000
3,-37,16,0.00016000
5,-37,14,0.00014000
7,-37,12,0.00012000
9,-37,13,0.00013000
11,-37,9,0.00009000
13,-37,14,0.00014000
15,-37,12,0.00012000
17,-37,7,0.00007000
19,-37,14,0.00014000
21,-37,12,0.00012000
23,-37,8,0.00008000
25,-37,7,0.00007000
27,-37,7,0.00007000
29,-37,6,0.00006000
31,-37,10,0.00010000
33,-37,3,0.00003000
35,-37,6,0.00006000
37,-37,5,0.00005000
39,-37,5,0.00005000
41,-37,2,0.00002000
43,-37,3,0.00003000
45,-37,2,0.00002000
47,-37,3,0.00003000
49,-37,1,0.00001000
51,-37,1,0.00001000
53,-37,3,0.00003000
55,-37,1,0.00001000
57,-37,3,0.00003000
61,-37,2,0.00002000
67,-37,1,0.00001000
-68,-36,1,0.00001000
-60,-36,1,0.00001000
-56,-36,3,0.00003000
-54,-36,1,0.00001000
-50,-36,2,0.00002000
-46,-36,3,0.00003000
-44,-36,2,0.00002000
-42,-36,2,0.00002000
-40,-36,4,0.00004000
-38,-36,5,0.00005000
-36,-36,7,0.00007000
-34,-36,7,0.00007000
-32,-36,8,0.00008000
-30,-36,6,0.00006000
-28,-36,4,0.00004000
-26,-36,11,0.00011000
-24,-36,10,0.00010000
-22,-36,18,0.00018000
-20,-36,13,0.00013000
-18,-36,11,0.00011000
-16,-36,13,0.00013000
-14,-36,12,0.00012000
-12,-36,20,0.00020000
-10,-36,21,0.00021000
-8,-36,17,0.00017000
-6,-36,13,0.00013000
-4,-36,16,0.00016000
-2,-36,23,0.00023000
0,-36,16,0.00016000
2,-36,18,0.00018000
4,-36,21,0.00021000
6,-36,22,0.00022000
8,-36,24,0.00024000
10,-36,13,0.00013000
12,-36,12,0.00012000
14,-36,11,0.00011000
16,-36,20,0.00020000
18,-36,11,0.00011000
20,-36,13,0.00013000
22,-36,18,0.00018000
24,-36,13,0.00013000
26,-36,6,0.00006000
28,-36,5,0.00005000
30,-36,4,0.00004000
32,-36,5,0.00005000
34,-36,6,0.00006000
36,-36,4,0.00004000
38,-36,4,0.00004000
40,-36,3,0.00003000
42,-36,3,0.00003000
44,-36,4,0.00004000
46,-36,4,0.00004000
48,-36,3,0.00003000
54,-36,3,0.00003000
56,-36,1,0.00001000
-77,-35,1,0.00001000
-75,-35,1,0.00001000
-63,-35,1,0.00001000
-55,-35,2,0.00002000
-53,-35,1,0.00001000
-51,-35,1,0.00001000
-47,-35,1,0.00001000
-45,-35,5,0.00005000
-43,-35,1,0.00001000
-41,-35,2,0.00002000
-39,-35,5,0.00005000
-37,-35,4,0.00004000
-35,-35,5,0.00005000
-33,-35,4,0.00004000
-31,-35,8,0.00008000
-29,-35,7,0.00007000
-27,-35,9,0.00009000
-25,-35,4,0.00004000
-23,-35,8,0.00008000
-21,-35,10,0.00010000
-19,-35,11,0.00011000
-17,-35,22,0.00022000
-15,-35,15,0.00015000
-13,-35,24,0.00024000
-11,-35,18,0.00018000
-9,-35,14,0.00014000
-7,-35,19,0.00019000
-5,-35,18,0.00018000
-3,-35,13,0.00013000
-1,-35,29,0.00029000
1,-35,23,0.00023000
3,-35,14,0.00014000
5,-35,21,0.00021000
7,-35,19,0.00019000
9,-35,21,0.00021000
11,-35,12,0.00012000
13,-35,18,0.00018000
15,-35,11,0.00011000
17,-35,11,0.00011000
19,-35,11,0.00011000
21,-35,11,0.00011000
23,-35,8,0.00008000
25,-35,12,0.00012000
27,-35,5,0.00005000
29,-35,8,0.00008000
31,-35,5,0.00005000
33,-35,8,0.00008000
35,-35,5,0.00005000
37,-35,7,0.00007000
39,-35,9,0.00009000
41,-35,6,0.00006000
43,-35,3,0.00003000
45,-35,2,0.00002000
47,-35,3,0.00003000
49,-35,3,0.00003000
63,-35,1,0.00001000
-66,-34,1,0.00001000
-58,-34,3,0.00003000
-52,-34,1,0.00001000
-50,-34,2,0.00002000
-48,-34,2,0.00002000
-46,-34,4,0.00004000
-44,-34,5,0.00005000
-42,-34,2,0.00002000
-40,-34,3,0.00003000
-38,-34,1,0.00001000
-36,-34,7,0.00007000
-34,-34,8,0.00008000
-32,-34,6,0.00006000
-30,-34,6,0.00006000
-28,-34,10,0.00010000
-26,-34,16,0.00016000
-24,-34,9,0.00009000
-22,-34,13,0.00013000
-20,-34,10,0.00010000
-18,-34,14,0.00014000
-16,-34,16,0.00016000
-14,-34,18,0.00018000
-12,-34,15,0.00015000
-10,-34,17,0.00017000
-8,-34,20,0.00020000
-6,-34,21,0.00021000
-4,-34,20,0.00020000
-2,-34,16,0.00016000
0,-34,15,0.00015000
2,-34,18,0.00018000
4,-34,15,0.00015000
6,-34,17,0.00017000
8,-34,15,0.00015000
10,-34,12,0.00012000
12,-34,19,0.00019000
14,-34,20,0.00020000
16,-34,13,0.00013000
18,-34,13,0.00013000
20,-34,14,0.00014000
22,-34,11,0.00011000
24,-34,9,0.00009000
26,-34,14,0.00014000
28,-34,12,0.00012000
30,-34,9,0.00009000
32,-34,7,0.00007000
34,-34,6,0.00006000
36,-34,5,0.00005000
38,-34,1,0.00001000
40,-34,4,0.00004000
42,-34,3,0.00003000
44,-34,2,0.00002000
48,-34,3,0.00003000
50,-34,2,0.00002000
54,-34,2,0.00002000
56,-34,3,0.00003000
58,-34,1,0.00001000
62,-34,1,0.00001000
64,-34,1,0.00001000
74,-34,1,0.00001000
-83,-33,1,0.00001000
-73,-33,1,0.00001000
-65,-33,1,0.00001000
-63,-33,1,0.00001000
-59,-33,1,0.00001000
-57,-33,2,0.00002000
-55,-33,1,0.00001000
-53,-33,2,0.00002000
-51,-33,3,0.00003000
-49,-33,1,0.00001000
-47,-33,1,0.00001000
-45,-33,2,0.00002000
-43,-33,6,0.00006000
-41,-33,4,0.00004000
-39,-33,4,0.00004000
-37,-33,4,0.00004000
-35,-33,4,0.00004000
-33,-33,8,0.00008000
-31,-33,3,0.00003000
-29,-33,12,0.00012000
-27,-33,11,0.00011000
-25,-33,13,0.00013000
-23,-33,10,0.00010000
-21,-33,16,0.00016000
-19,-33,14,0.00014000
-17,-33,16,0.00016000
-15,-33,15,0.00015000
-13,-33,17,0.00017000
-11,-33,19,0.00019000
-9,-33,26,0.00026000
-7,-33,23,0.00023000
-5,-33,20,0.00020000
-3,-33,25,0.00025000
-1,-33,27,0.00027000
1,-33,26,0.00026000
3,-33,18,0.00018000
5,-33,28,0.00028000
7,-33,22,0.00022000
9,-33,18,0.00018000
11,-33,18,0.00018000
13,-33,15,0.00015000
15,-33,15,0.00015000
17,-33,19,0.00019000
19,-33,18,0.00018000
21,-33,11,0.00011000
23,-33,16,0.00016000
25,-33,6,0.00006000
27,-33,11,0.00011000
29,-33,8,0.00008000
31,-33,6,0.00006000
33,-33,9,0.00009000
35,-33,12,0.00012000
37,-33,6,0.00006000
39,-33,5,0.00005000
41,-33,4,0.00004000
43,-33,4,0.00004000
45,-33,2,0.00002000
47,-33,3,0.00003000
49,-33,4,0.00004000
53,-33,2,0.00002000
55,-33,1,0.00001000
61,-33,2,0.00002000
63,-33,1,0.00001000
-66,-32,1,0.00001000
-62,-32,1,0.00001000
-60,-32,1,0.00001000
-56,-32,1,0.00001000
-54,-32,1,0.00001000
-52,-32,1,0.00001000
-50,-32,2,0.00002000
-48,-32,1,0.00001000
-46,-32,6,0.00006000
-42,-32,5,0.00005000
-40,-32,3,0.00003000
-38,-32,10,0.00010000
-36,-32,3,0.00003000
-34,-32,7,0.00007000
-32,-32,9,0.00009000
-30,-32,6,0.00006000
-28,-32,13,0.00013000
-26,-32,12,0.00012000
-24,-32,11,0.00011000
-22,-32,10,0.00010000
-20,-32,21,0.00021000
-18,-32,11,0.00011000
-16,-32,23,0.00023000
-14,-32,16,0.00016000
-12,-32,23,0.00023000
-10,-32,30,0.00030000
-8,-32,23,0.00023000
-6,-32,26,0.00026000
-4,-32,23,0.00023000
-2,-32,26,0.00026000
0,-32,23,0.00023000
2,-32,17,0.00017000
4,-32,26,0.00026000
6,-32,24,0.00024000
8,-32,23,0.00023000
10,-32,22,0.00022000
12,-32,20,0.00020000
14,-32,21,0.00021000
16,-32,26,0.00026000
18,-32,18,0.00018000
20,-32,15,0.00015000
22,-32,11,0.00011000
24,-32,15,0.00015000
26,-32,7,0.00007000
28,-32,16,0.00016000
30,-32,8,0.00008000
32,-32,10,0.00010000
34,-32,10,0.00010000
36,-32,6,0.00006000
38,-32,3,0.00003000
40,-32,7,0.00007000
42,-32,2,0.00002000
44,-32,1,0.00001000
46,-32,1,0.00001000
48,-32,3,0.00003000
50,-32,1,0.00001000
54,-32,2,0.00002000
56,-32,1,0.00001000
58,-32,1,0.00001000
60,-32,2,0.00002000
64,-32,1,0.00001000
66,-32,2,0.00002000
-63,-31,1,0.00001000
-61,-31,1,0.00001000
-59,-31,1,0.00001000
-57,-31,1,0.00001000
-55,-31,3,0.00003000
-53,-31,1,0.00001000
-51,-31,1,0.00001000
-49,-31,3,0.00003000
-47,-31,2,0.00002000
-45,-31,3,0.00003000
-43,-31,1,0.00001000
-41,-31,5,0.00005000
-39,-31,7,0.00007000
-37,-31,8,0.00008000
-35,-31,1,0.00001000
-33,-31,6,0.00006000
-31,-31,18,0.00018000
-29,-31,18,0.00018000
-27,-31,13,0.00013000
-25,-31,17,0.00017000
-23,-31,13,0.00013000
-21,-31,14,0.00014000
-19,-31,18,0.00018000
-17,-31,25,0.00025000
-15,-31,21,0.00021000
-13,-31,24,0.00024000
-11,-31,20,0.00020000
-9,-31,20,0.00020000
-7,-31,30,0.00030000
-5,-31,21,0.00021000
-3,-31,27,0.00027000
-1,-31,28,0.00028000
1,-31,28,0.00028000
3,-31,25,0.00025000
5,-31,28,0.00028000
7,-31,22,0.00022000
9,-31,21,0.00021000
11,-31,19,0.00019000
13,-31,16,0.00016000
15,-31,27,0.00027000
17,-31,20,0.00020000
19,-31,11,0.00011000
21,-31,14,0.00014000
23,-31,24,0.00024000
25,-31,11,0.00011000
27,-31,13,0.00013000
29,-31,9,0.00009000
31,-31,7,0.00007000
33,-31,9,0.00009000
35,-31,3,0.00003000
37,-31,4,0.00004000
39,-31,6,0.00006000
41,-31,7,0.00007000
43,-31,3,0.00003000
45,-31,4,0.00004000
47,-31,2,0.00002000
49,-31,4,0.00004000
51,-31,2,0.00002000
55,-31,2,0.00002000
57,-31,3,0.00003000
59,-31,2,0.00002000
61,-31,2,0.00002000
-96,-30,1,0.00001000
-64,-30,1,0.00001000
-58,-30,2,0.00002000
-54,-30,2,0.00002000
-50,-30,2,0.00002000
-48,-30,2,0.00002000
-46,-30,9,0.00009000
-44,-30,3,0.00003000
-42,-30,4,0.00004000
-40,-30,3,0.00003000
-38,-30,7,0.00007000
-36,-30,6,0.00006000
-34,-30,9,0.00009000
-32,-30,8,0.00008000
-30,-30,12,0.00012000
-28,-30,16,0.00016000
-26,-30,17,0.00017000
-24,-30,11,0.00011000
-22,-30,10,0.00010000
-20,-30,15,0.00015000
-18,-30,15,0.00015000
-16,-30,24,0.00024000
-14,-30,26,0.00026000
-12,-30,19,0.00019000
-10,-30,25,0.00025000
-8,-30,20,0.00020000
-6,-30,28,0.00028000
-4,-30,23,0.00023000
-2,-30,28,0.00028000
0,-30,34,0.00034000
2,-30,36,0.00036000
4,-30,22,0.00022000
6,-30,24,0.00024000
8,-30,29,0.00029000
10,-30,27,0.00027000
12,-30,28,0.00028000
14,-30,20,0.00020000
16,-30,18,0.00018000
18,-30,19,0.00019000
20,-30,18,0.00018000
22,-30,21,0.00021000
24,-30,15,0.00015000
26,-30,16,0.00016000
28,-30,10,0.00010000
30,-30,11,0.00011000
32,-30,11,0.00011000
34,-30,5,0.00005000
36,-30,11,0.00011000
38,-30,6,0.00006000
40,-30,11,0.00011000
42,-30,8,0.00008000
44,-30,4,0.00004000
46,-30,3,0.00003000
48,-30,2,0.00002000
52,-30,3,0.00003000
56,-30,1,0.00001000
64,-30,2,0.00002000
-69,-29,1,0.00001000
-65,-29,1,0.00001000
-63,-29,1,0.00001000
-59,-29,1,0.00001000
-55,-29,2,0.00002000
-53,-29,4,0.00004000
-49,-29,1,0.00001000
-47,-29,4,0.00004000
-45,-29,2,0.00002000
-43,-29,7,0.00007000
-41,-29,6,0.00006000
-39,-29,4,0.00004000
-37,-29,8,0.00008000
-35,-29,6,0.00006000
-33,-29,8,0.00008000
-31,-29,10,0.00010000
-29,-29,8,0.00008000
-27,-29,13,0.00013000
-25,-29,16,0.00016000
-23,-29,20,0.00020000
-21,-29,24,0.00024000
-19,-29,23,0.00023000
-17,-29,22,0.00022000
-15,-29,20,0.00020000
-13,-29,26,0.00026000
-11,-29,20,0.00020000
-9,-29,24,0.00024000
-7,-29,21,0.00021000
-5,-29,38,0.00038000
-3,-29,27,0.00027000
-1,-29,23,0.00023000
1,-29,23,0.00023000
3,-29,32,0.00032000
5,-29,34,0.00034000
7,-29,29,0.00029000
9,-29,25,0.00025000
11,-29,26,0.00026000
13,-29,30,0.00030000
15,-29,19,0.00019000
17,-29,21,0.00021000
19,-29,16,0.00016000
21,-29,20,0.00020000
23,-29,22,0.00022000
25,-29,11,0.00011000
27,-29,8,0.00008000
29,-29,9,0.00009000
31,-29,10,0.00010000
33,-29,12,0.00012000
35,-29,7,0.00007000
37,-29,6,0.00006000
39,-29,4,0.00004000
41,-29,5,0.00005000
43,-29,3,0.00003000
45,-29,2,0.00002000
47,-29,2,0.00002000
49,-29,2,0.00002000
51,-29,2,0.00002000
53,-29,2,0.00002000
55,-29,1,0.00001000
65,-29,2,0.00002000
67,-29,1,0.00001000
69,-29,1,0.00001000
71,-29,1,0.00001000
75,-29,1,0.00001000
-88,-28,1,0.00001000
-72,-28,1,0.00001000
-64,-28,1,0.00001000
-62,-28,1,0.00001000
-58,-28,1,0.00001000
-56,-28,1,0.00001000
-54,-28,1,0.00001000
-52,-28,2,0.00002000
-50,-28,2,0.00002000
-48,-28,3,0.00003000
-46,-28,3,0.00003000
-44,-28,3,0.00003000
-42,-28,4,0.00004000
-40,-28,8,0.00008000
-38,-28,11,0.00011000
-36,-28,10,0.00010000
-34,-28,12,0.00012000
-32,-28,7,0.00007000
-30,-28,9,0.00009000
-28,-28,11,0.00011000
-26,-28,14,0.00014000
-24,-28,12,0.00012000
-22,-28,13,0.00013000
-20,-28,14,0.00014000
-18,-28,25,0.00025000
-16,-28,18,0.00018000
-14,-28,24,0.00024000
-12,-28,19,0.00019000
-10,-28,37,0.00037000
-8,-28,35,0.00035000
-6,-28,25,0.00025000
-4,-28,26,0.00026000
-2,-28,29,0.00029000
0,-28,27,0.00027000
2,-28,27,0.00027000
4,-28,27,0.00027000
6,-28,25,0.00025000
8,-28,34,0.00034000
10,-28,28,0.00028000
12,-28,28,0.00028000
14,-28,29,0.00029000
16,-28,18,0.00018000
18,-28,19,0.00019000
20,-28,21,0.00021000
22,-28,16,0.00016000
24,-28,12,0.00012000
26,-28,23,0.00023000
28,-28,9,0.00009000
30,-28,14,0.00014000
32,-28,8,0.00008000
34,-28,9,0.00009000
36,-28,8,0.00008000
38,-28,4,0.00004000
40,-28,4,0.00004000
42,-28,2,0.00002000
46,-28,5,0.00005000
48,-28,3,0.00003000
50,-28,3,0.00003000
52,-28,2,0.00002000
54,-28,1,0.00001000
66,-28,2,0.00002000
68,-28,1,0.00001000
78,-28,1,0.00001000
-71,-27,1,0.00001000
-61,-27,1,0.00001000
-59,-27,2,0.00002000
-55,-27,1,0.00001000
-53,-27,2,0.00002000
-51,-27,2,0.00002000
-49,-27,1,0.00001000
-47,-27,3,0.00003000
-45,-27,7,0.00007000
-43,-27,8,0.00008000
-41,-27,4,0.00004000
-39,-27,4,0.00004000
-37,-27,5,0.00005000
-35,-27,11,0.00011000
-33,-27,6,0.00006000
-31,-27,14,0.00014000
-29,-27,11,0.00011000
-27,-27,15,0.00015000
-25,-27,11,0.00011000
-23,-27,16,0.00016000
-21,-27,21,0.00021000
-19,-27,24,0.00024000
-17,-27,19,0.00019000
-15,-27,15,0.00015000
-13,-27,23,0.00023000
-11,-27,23,0.00023000
-9,-27,20,0.00020000
-7,-27,25,0.00025000
-5,-27,24,0.00024000
-3,-27,36,0.00036000
-1,-27,38,0.00038000
1,-27,40,0.00040000
3,-27,28,0.00028000
5,-27,37,0.00037000
7,-27,33,0.00033000
9,-27,35,0.00035000
11,-27,25,0.00025000
13,-27,27,0.00027000
15,-27,27,0.00027000
17,-27,28,0.00028000
19,-27,17,0.00017000
21,-27,15,0.00015000
23,-27,17,0.00017000
25,-27,15,0.00015000
27,-27,17,0.00017000
29,-27,9,0.00009000
31,-27,19,0.00019000
33,-27,12,0.00012000
35,-27,9,0.00009000
37,-27,12,0.00012000
39,-27,7,0.00007000
41,-27,9,0.00009000
43,-27,1,0.00001000
45,-27,4,0.00004000
47,-27,3,0.00003000
49,-27,2,0.00002000
51,-27,3,0.00003000
53,-27,1,0.00001000
55,-27,4,0.00004000
57,-27,3,0.00003000
59,-27,2,0.00002000
65,-27,1,0.00001000
71,-27,2,0.00002000
-92,-26,1,0.00001000
-70,-26,1,0.00001000
-60,-26,1,0.00001000
-56,-26,2,0.00002000
-54,-26,1,0.00001000
-50,-26,3,0.00003000
-48,-26,1,0.00001000
-46,-26,3,0.00003000
-44,-26,7,0.00007000
-42,-26,9,0.00009000
-40,-26,4,0.00004000
-38,-26,8,0.00008000
-36,-26,9,0.00009000
-34,-26,8,0.00008000
-32,-26,10,0.00010000
-30,-26,13,0.00013000
-28,-26,17,0.00017000
-26,-26,12,0.00012000
-24,-26,15,0.00015000
-22,-26,20,0.00020000
-20,-26,22,0.00022000
-18,-26,32,0.00032000
-16,-26,24,0.00024000
-14,-26,35,0.00035000
-12,-26,32,0.00032000
-10,-26,22,0.00022000
-8,-26,28,0.00028000
-6,-26,45,0.00045000
-4,-26,32,0.00032000
-2,-26,29,0.00029000
0,-26,38,0.00038000
2,-26,35,0.00035000
4,-26,32,0.00032000
6,-26,31,0.00031000
8,-26,30,0.00030000
10,-26,25,0.00025000
12,-26,30,0.00030000
14,-26,18,0.00018000
16,-26,27,0.00027000
18,-26,25,0.00025000
20,-26,24,0.00024000
22,-26,18,0.00018000
24,-26,25,0.00025000
26,-26,16,0.00016000
28,-26,19,0.00019000
30,-26,17,0.00017000
32,-26,6,0.00006000
34,-26,6,0.00006000
36,-26,10,0.00010000
38,-26,7,0.00007000
40,-26,7,0.00007000
42,-26,4,0.00004000
44,-26,3,0.00003000
46,-26,2,0.00002000
48,-26,4,0.00004000
50,-26,4,0.00004000
52,-26,5,0.00005000
54,-26,1,0.00001000
56,-26,1,0.00001000
60,-26,1,0.00001000
70,-26,1,0.00001000
72,-26,1,0.00001000
82,-26,1,0.00001000
-63,-25,1,0.00001000
-61,-25,1,0.00001000
-59,-25,4,0.00004000
-57,-25,1,0.00001000
-55,-25,4,0.00004000
-53,-25,1,0.00001000
-51,-25,4,0.00004000
-49,-25,4,0.00004000
-47,-25,4,0.00004000
-45,-25,7,0.00007000
-43,-25,6,0.00006000
-41,-25,2,0.00002000
-39,-25,8,0.00008000
-37,-25,5,0.00005000
-35,-25,10,0.00010000
-33,-25,15,0.00015000
-31,-25,9,0.00009000
-29,-25,19,0.00019000
-27,-25,19,0.00019000
-25,-25,19,0.00019000
-23,-25,17,0.00017000
-21,-25,28,0.00028000
-19,-25,27,0.00027000
-17,-25,22,0.00022000
-15,-25,22,0.00022000
-13,-25,48,0.00048000
-11,-25,32,0.00032000
-9,-25,26,0.00026000
-7,-25,28,0.00028000
-5,-25,26,0.00026000
-3,-25,36,0.00036000
-1,-25,48,0.00048000
1,-25,42,0.00042000
3,-25,33,0.00033000
5,-25,34,0.00034000
7,-25,34,0.00034000
9,-25,29,0.00029000
11,-25,29,0.00029000
13,-25,15,0.00015000
15,-25,33,0.00033000
17,-25,21,0.00021000
19,-25,21,0.00021000
21,-25,20,0.00020000
23,-25,18,0.00018000
25,-25,14,0.00014000
27,-25,16,0.00016000
29,-25,21,0.00021000
31,-25,12,0.00012000
33,-25,11,0.00011000
35,-25,14,0.00014000
37,-25,12,0.00012000
39,-25,8,0.00008000
41,-25,5,0.00005000
43,-25,7,0.00007000
45,-25,1,0.00001000
47,-25,4,0.00004000
49,-25,6,0.00006000
51,-25,5,0.00005000
53,-25,1,0.00001000
55,-25,2,0.00002000
59,-25,2,0.00002000
61,-25,2,0.00002000
63,-25,1,0.00001000
65,-25,3,0.00003000
69,-25,1,0.00001000
-74,-24,1,0.00001000
-64,-24,2,0.00002000
-56,-24,1,0.00001000
-54,-24,1,0.00001000
-52,-24,2,0.00002000
-50,-24,2,0.00002000
-48,-24,1,0.00001000
-46,-24,6,0.00006000
-44,-24,2,0.00002000
-42,-24,7,0.00007000
-40,-24,6,0.00006000
-38,-24,11,0.00011000
-36,-24,8,0.00008000
-34,-24,15,0.00015000
-32,-24,10,0.00010000
-30,-24,7,0.00007000
-28,-24,31,0.00031000
-26,-24,19,0.00019000
-24,-24,26,0.00026000
-22,-24,28,0.00028000
-20,-24,21,0.00021000
-18,-24,35,0.00035000
-16,-24,22,0.00022000
-14,-24,34,0.00034000
-12,-24,34,0.00034000
-10,-24,23,0.00023000
-8,-24,25,0.00025000
-6,-24,38,0.00038000
-4,-24,45,0.00045000
-2,-24,32,0.00032000
0,-24,27,0.00027000
2,-24,26,0.00026000
4,-24,36,0.00036000
6,-24,32,0.00032000
8,-24,38,0.00038000
10,-24,42,0.00042000
12,-24,26,0.00026000
14,-24,33,0.00033000
16,-24,32,0.00032000
18,-24,15,0.00015000
20,-24,18,0.00018000
22,-24,19,0.00019000
24,-24,34,0.00034000
26,-24,19,0.00019000
28,-24,15,0.00015000
30,-24,11,0.00011000
32,-24,17,0.00017000
34,-24,10,0.00010000
36,-24,7,0.00007000
38,-24,6,0.00006000
40,-24,9,0.00009000
42,-24,2,0.00002000
44,-24,5,0.00005000
46,-24,4,0.00004000
48,-24,7,0.00007000
50,-24,3,0.00003000
52,-24,3,0.00003000
56,-24,2,0.00002000
58,-24,1,0.00001000
60,-24,1,0.00001000
64,-24,2,0.00002000
74,-24,1,0.00001000
-73,-23,1,0.00001000
-63,-23,2,0.00002000
-59,-23,1,0.00001000
-57,-23,1,0.00001000
-55,-23,2,0.00002000
-53,-23,1,0.00001000
-51,-23,2,0.00002000
-49,-23,6,0.00006000
-47,-23,6,0.00006000
-45,-23,6,0.00006000
-43,-23,8,0.00008000
-41,-23,8,0.00008000
-39,-23,8,0.00008000
-37,-23,11,0.00011000
-35,-23,8,0.00008000
-33,-23,11,0.00011000
-31,-23,11,0.00011000
-29,-23,13,0.00013000
-27,-23,13,0.00013000
-25,-23,21,0.00021000
-23,-23,19,0.00019000
-21,-23,21,0.00021000
-19,-23,26,0.00026000
-17,-23,21,0.00021000
-15,-23,20,0.00020000
-13,-23,31,0.00031000
-11,-23,40,0.00040000
-9,-23,28,0.00028000
-7,-23,35,0.00035000
-5,-23,39,0.00039000
-3,-23,42,0.00042000
-1,-23,42,0.00042000
1,-23,35,0.00035000
3,-23,41,0.00041000
5,-23,34,0.00034000
7,-23,35,0.00035000
9,-23,39,0.00039000
11,-23,27,0.00027000
13,-23,23,0.00023000
15,-23,24,0.00024000
17,-23,36,0.00036000
19,-23,27,0.00027000
21,-23,22,0.00022000
23,-23,22,0.00022000
25,-23,17,0.00017000
27,-23,18,0.00018000
29,-23,15,0.00015000
31,-23,14,0.00014000
33,-23,9,0.00009000
35,-23,16,0.00016000
37,-23,6,0.00006000
39,-23,4,0.00004000
41,-23,10,0.00010000
43,-23,1,0.00001000
45,-23,6,0.00006000
47,-23,9,0.00009000
49,-23,6,0.00006000
51,-23,2,0.00002000
53,-23,1,0.00001000
55,-23,1,0.00001000
63,-23,1,0.00001000
65,-23,1,0.00001000
67,-23,1,0.00001000
69,-23,1,0.00001000
71,-23,1,0.00001000
-62,-22,1,0.00001000
-60,-22,2,0.00002000
-58,-22,2,0.00002000
-56,-22,1,0.00001000
-54,-22,4,0.00004000
-50,-22,3,0.00003000
-48,-22,2,0.00002000
-46,-22,9,0.00009000
-44,-22,9,0.00009000
-42,-22,6,0.00006000
-40,-22,8,0.00008000
-38,-22,7,0.00007000
-36,-22,11,0.00011000
-34,-22,10,0.00010000
-32,-22,15,0.00015000
-30,-22,27,0.00027000
-28,-22,15,0.00015000
-26,-22,16,0.00016000
-24,-22,26,0.00026000
-22,-22,18,0.00018000
-20,-22,27,0.00027000
-18,-22,25,0.00025000
-16,-22,35,0.00035000
-14,-22,33,0.00033000
-12,-22,36,0.00036000
-10,-22,35,0.00035000
-8,-22,45,0.00045000
-6,-22,31,0.00031000
-4,-22,56,0.00056000
-2,-22,39,0.00039000
0,-22,35,0.00035000
2,-22,47,0.00047000
4,-22,44,0.00044000
6,-22,45,0.00045000
8,-22,47,0.00047000
10,-22,32,0.00032000
12,-22,33,0.00033000
14,-22,37,0.00037000
16,-22,36,0.00036000
18,-22,33,0.00033000
20,-22,24,0.00024000
22,-22,20,0.00020000
24,-22,29,0.00029000
26,-22,25,0.00025000
28,-22,17,0.00017000
30,-22,15,0.00015000
32,-22,11,0.00011000
34,-22,16,0.00016000
36,-22,8,0.00008000
38,-22,16,0.00016000
40,-22,8,0.00008000
42,-22,4,0.00004000
44,-22,6,0.00006000
46,-22,5,0.00005000
48,-22,3,0.00003000
50,-22,3,0.00003000
52,-22,6,0.00006000
54,-22,4,0.00004000
56,-22,1,0.00001000
58,-22,2,0.00002000
60,-22,1,0.00001000
62,-22,1,0.00001000
64,-22,3,0.00003000
70,-22,1,0.00001000
72,-22,1,0.00001000
-91,-21,1,0.00001000
-81,-21,1,0.00001000
-69,-21,1,0.00001000
-61,-21,2,0.00002000
-57,-21,4,0.00004000
-55,-21,1,0.00001000
-53,-21,2,0.00002000
-49,-21,5,0.00005000
-47,-21,6,0.00006000
-45,-21,7,0.00007000
-43,-21,9,0.00009000
-41,-21,8,0.00008000
-39,-21,9,0.00009000
-37,-21,9,0.00009000
-35,-21,15,0.00015000
-33,-21,10,0.00010000
-31,-21,11,0.00011000
-29,-21,21,0.00021000
-27,-21,18,0.00018000
-25,-21,27,0.00027000
-23,-21,13,0.00013000
-21,-21,28,0.00028000
-19,-21,27,0.00027000
-17,-21,35,0.00035000
-15,-21,29,0.00029000
-13,-21,29,0.00029000
-11,-21,40,0.00040000
-9,-21,33,0.00033000
-7,-21,38,0.00038000
-5,-21,42,0.00042000
-3,-21,40,0.00040000
-1,-21,39,0.00039000
1,-21,33,0.00033000
3,-21,38,0.00038000
5,-21,51,0.00051000
7,-21,45,0.00045000
9,-21,33,0.00033000
11,-21,33,0.00033000
13,-21,33,0.00033000
15,-21,32,0.00032000
17,-21,34,0.00034000
19,-21,35,0.00035000
21,-21,33,0.00033000
23,-21,26,0.00026000
25,-21,28,0.00028000
27,-21,23,0.00023000
29,-21,15,0.00015000
31,-21,27,0.00027000
33,-21,18,0.00018000
35,-21,16,0.00016000
37,-21,5,0.00005000
39,-21,10,0.00010000
41,-21,7,0.00007000
43,-21,3,0.00003000
45,-21,2,0.00002000
47,-21,3,0.00003000
49,-21,4,0.00004000
51,-21,2,0.00002000
53,-21,2,0.00002000
55,-21,2,0.00002000
57,-21,1,0.00001000
59,-21,1,0.00001000
61,-21,1,0.00001000
63,-21,1,0.00001000
-70,-20,1,0.00001000
-66,-20,2,0.00002000
-62,-20,2,0.00002000
-58,-20,2,0.00002000
-54,-20,4,0.00004000
-52,-20,1,0.00001000
-50,-20,2,0.00002000
-48,-20,3,0.00003000
-46,-20,2,0.00002000
-44,-20,7,0.00007000
-42,-20,4,0.00004000
-40,-20,4,0.00004000
-38,-20,8,0.00008000
-36,-20,6,0.00006000
-34,-20,15,0.00015000
-32,-20,23,0.00023000
-30,-20,20,0.00020000
-28,-20,22,0.00022000
-26,-20,22,0.00022000
-24,-20,22,0.00022000
-22,-20,28,0.00028000
-20,-20,22,0.00022000
-18,-20,33,0.00033000
-16,-20,28,0.00028000
-14,-20,34,0.00034000
-12,-20,40,0.00040000
-10,-20,45,0.00045000
-8,-20,39,0.00039000
-6,-20,36,0.00036000
-4,-20,40,0.00040000
-2,-20,50,0.00050000
0,-20,45,0.00045000
2,-20,39,0.00039000
4,-20,42,0.00042000
6,-20,51,0.00051000
8,-20,32,0.00032000
10,-20,44,0.00044000
12,-20,31,0.00031000
14,-20,34,0.00034000
16,-20,50,0.00050000
18,-20,31,0.00031000
20,-20,30,0.00030000
22,-20,30,0.00030000
24,-20,21,0.00021000
26,-20,24,0.00024000
28,-20,13,0.00013000
30,-20,11,0.00011000
32,-20,20,0.00020000
34,-20,16,0.00016000
36,-20,11,0.00011000
38,-20,14,0.00014000
40,-20,8,0.00008000
42,-20,6,0.00006000
44,-20,8,0.00008000
46,-20,1,0.00001000
48,-20,3,0.00003000
50,-20,6,0.00006000
52,-20,4,0.00004000
56,-20,1,0.00001000
58,-20,1,0.00001000
60,-20,1,0.00001000
62,-20,1,0.00001000
66,-20,3,0.00003000
74,-20,1,0.00001000
-65,-19,2,0.00002000
-63,-19,1,0.00001000
-59,-19,2,0.00002000
-57,-19,4,0.00004000
-55,-19,3,0.00003000
-53,-19,1,0.00001000
-51,-19,4,0.00004000
-49,-19,3,0.00003000
-47,-19,5,0.00005000
-45,-19,10,0.00010000
-43,-19,10,0.00010000
-41,-19,8,0.00008000
-39,-19,11,0.00011000
-37,-19,11,0.00011000
-35,-19,9,0.00009000
-33,-19,9,0.00009000
-31,-19,21,0.00021000
-29,-19,17,0.00017000
-27,-19,22,0.00022000
-25,-19,18,0.00018000
-23,-19,25,0.00025000
-21,-19,24,0.00024000
-19,-19,26,0.00026000
-17,-19,48,0.00048000
-15,-19,41,0.00041000
-13,-19,31,0.00031000
-11,-19,32,0.00032000
-9,-19,37,0.00037000
-7,-19,47,0.00047000
-5,-19,35,0.00035000
-3,-19,43,0.00043000
-1,-19,36,0.00036000
1,-19,42,0.00042000
3,-19,37,0.00037000
5,-19,53,0.00053000
7,-19,37,0.00037000
9,-19,40,0.00040000
11,-19,38,0.00038000
13,-19,37,0.00037000
15,-19,57,0.00057000
17,-19,38,0.00038000
19,-19,24,0.00024000
21,-19,33,0.00033000
23,-19,20,0.00020000
25,-19,19,0.00019000
27,-19,22,0.00022000
29,-19,17,0.00017000
31,-19,17,0.00017000
33,-19,19,0.00019000
35,-19,8,0.00008000
37,-19,9,0.00009000
39,-19,8,0.00008000
41,-19,8,0.00008000
43,-19,9,0.00009000
45,-19,9,0.00009000
47,-19,3,0.00003000
49,-19,7,0.00007000
51,-19,4,0.00004000
53,-19,4,0.00004000
57,-19,2,0.00002000
59,-19,1,0.00001000
61,-19,1,0.00001000
63,-19,1,0.00001000
69,-19,1,0.00001000
71,-19,1,0.00001000
73,-19,1,0.00001000
-72,-18,2,0.00002000
-68,-18,5,0.00005000
-62,-18,2,0.00002000
-60,-18,2,0.00002000
-56,-18,2,0.00002000
-54,-18,4,0.00004000
-52,-18,3,0.00003000
-50,-18,3,0.00003000
-48,-18,3,0.00003000
-46,-18,8,0.00008000
-44,-18,3,0.00003000
-42,-18,6,0.00006000
-40,-18,7,0.00007000
-38,-18,11,0.00011000
-36,-18,8,0.00008000
-34,-18,10,0.00010000
-32,-18,25,0.00025000
-30,-18,20,0.00020000
-28,-18,32,0.00032000
-26,-18,16,0.00016000
-24,-18,33,0.00033000
-22,-18,25,0.00025000
-20,-18,38,0.00038000
-18,-18,38,0.00038000
-16,-18,32,0.00032000
-14,-18,43,0.00043000
-12,-18,38,0.00038000
-10,-18,45,0.00045000
-8,-18,40,0.00040000
-6,-18,35,0.00035000
-4,-18,49,0.00049000
-2,-18,54,0.00054000
0,-18,53,0.00053000
2,-18,28,0.00028000
4,-18,47,0.00047000
6,-18,32,0.00032000
8,-18,53,0.00053000
10,-18,46,0.00046000
12,-18,41,0.00041000
14,-18,37,0.00037000
16,-18,39,0.00039000
18,-18,35,0.00035000
20,-18,33,0.00033000
22,-18,26,0.00026000
24,-18,26,0.00026000
26,-18,20,0.00020000
28,-18,24,0.00024000
30,-18,16,0.00016000
32,-18,14,0.00014000
34,-18,17,0.00017000
36,-18,8,0.00008000
38,-18,17,0.00017000
40,-18,7,0.00007000
42,-18,6,0.00006000
44,-18,8,0.00008000
46,-18,5,0.00005000
48,-18,6,0.00006000
50,-18,4,0.00004000
52,-18,2,0.00002000
54,-18,3,0.00003000
56,-18,2,0.00002000
58,-18,5,0.00005000
60,-18,3,0.00003000
62,-18,1,0.00001000
64,-18,3,0.00003000
68,-18,1,0.00001000
70,-18,1,0.00001000
76,-18,1,0.00001000
-79,-17,1,0.00001000
-75,-17,1,0.00001000
-73,-17,1,0.00001000
-71,-17,1,0.00001000
-69,-17,2,0.00002000
-57,-17,1,0.00001000
-53,-17,3,0.00003000
-51,-17,6,0.00006000
-49,-17,1,0.00001000
-47,-17,5,0.00005000
-45,-17,4,0.00004000
-43,-17,4,0.00004000
-41,-17,11,0.00011000
-39,-17,6,0.00006000
-37,-17,9,0.00009000
-35,-17,16,0.00016000
-33,-17,19,0.00019000
-31,-17,22,0.00022000
-29,-17,20,0.00020000
-27,-17,19,0.00019000
-25,-17,23,0.00023000
-23,-17,28,0.00028000
-21,-17,31,0.00031000
-19,-17,26,0.00026000
-17,-17,28,0.00028000
-15,-17,33,0.00033000
-13,-17,49,0.00049000
-11,-17,45,0.00045000
-9,-17,66,0.00066000
-7,-17,42,0.00042000
-5,-17,44,0.00044000
-3,-17,45,0.00045000
-1,-17,42,0.00042000
1,-17,49,0.00049000
3,-17,46,0.00046000
5,-17,44,0.00044000
7,-17,44,0.00044000
9,-17,50,0.00050000
11,-17,54,0.00054000
13,-17,39,0.00039000
15,-17,33,0.00033000
17,-17,31,0.00031000
19,-17,39,0.00039000
21,-17,39,0.00039000
23,-17,29,0.00029000
25,-17,17,0.00017000
27,-17,18,0.00018000
29,-17,24,0.00024000
31,-17,13,0.00013000
33,-17,19,0.00019000
35,-17,15,0.00015000
37,-17,15,0.00015000
39,-17,12,0.00012000
41,-17,10,0.00010000
43,-17,6,0.00006000
45,-17,12,0.00012000
47,-17,3,0.00003000
49,-17,3,0.00003000
51,-17,2,0.00002000
53,-17,1,0.00001000
55,-17,1,0.00001000
57,-17,1,0.00001000
59,-17,3,0.00003000
61,-17,1,0.00001000
63,-17,1,0.00001000
65,-17,1,0.00001000
67,-17,2,0.00002000
73,-17,1,0.00001000
-82,-16,1,0.00001000
-74,-16,1,0.00001000
-70,-16,1,0.00001000
-60,-16,1,0.00001000
-58,-16,1,0.00001000
-56,-16,2,0.00002000
-54,-16,4,0.00004000
-52,-16,3,0.00003000
-50,-16,3,0.00003000
-48,-16,4,0.00004000
-46,-16,6,0.00006000
-44,-16,8,0.00008000
-42,-16,6,0.00006000
-40,-16,11,0.00011000
-38,-16,11,0.00011000
-36,-16,13,0.00013000
-34,-16,18,0.00018000
-32,-16,12,0.00012000
-30,-16,18,0.00018000
-28,-16,20,0.00020000
-26,-16,22,0.00022000
-24,-16,22,0.00022000
-22,-16,34,0.00034000
-20,-16,33,0.00033000
-18,-16,37,0.00037000
-16,-16,39,0.00039000
-14,-16,32,0.00032000
-12,-16,48,0.00048000
-10,-16,42,0.00042000
-8,-16,54,0.00054000
-6,-16,50,0.00050000
-4,-16,57,0.00057000
-2,-16,49,0.00049000
0,-16,49,0.00049000
2,-16,47,0.00047000
4,-16,36,0.00036000
6,-16,43,0.00043000
8,-16,56,0.00056000
10,-16,37,0.00037000
12,-16,53,0.00053000
14,-16,37,0.00037000
16,-16,48,0.00048000
18,-16,32,0.00032000
20,-16,35,0.00035000
22,-16,34,0.00034000
24,-16,19,0.00019000
26,-16,20,0.00020000
28,-16,22,0.00022000
30,-16,16,0.00016000
32,-16,13,0.00013000
34,-16,13,0.00013000
36,-16,10,0.00010000
38,-16,15,0.00015000
40,-16,10,0.00010000
42,-16,7,0.00007000
44,-16,9,0.00009000
46,-16,4,0.00004000
48,-16,6,0.00006000
50,-16,1,0.00001000
54,-16,3,0.00003000
64,-16,1,0.00001000
66,-16,1,0.00001000
70,-16,2,0.00002000
88,-16,1,0.00001000
-71,-15,1,0.00001000
-67,-15,2,0.00002000
-65,-15,4,0.00004000
-59,-15,1,0.00001000
-57,-15,3,0.00003000
-55,-15,6,0.00006000
-53,-15,2,0.00002000
-51,-15,9,0.00009000
-49,-15,2,0.00002000
-47,-15,4,0.00004000
-45,-15,4,0.00004000
-43,-15,8,0.00008000
-41,-15,14,0.00014000
-39,-15,14,0.00014000
-37,-15,14,0.00014000
-35,-15,11,0.00011000
-33,-15,16,0.00016000
-31,-15,26,0.00026000
-29,-15,26,0.00026000
-27,-15,28,0.00028000
-25,-15,33,0.00033000
-23,-15,33,0.00033000
-21,-15,36,0.00036000
-19,-15,40,0.00040000
-17,-15,38,0.00038000
-15,-15,54,0.00054000
-13,-15,46,0.00046000
-11,-15,48,0.00048000
-9,-15,45,0.00045000
-7,-15,41,0.00041000
-5,-15,52,0.00052000
-3,-15,40,0.00040000
-1,-15,60,0.00060000
1,-15,47,0.00047000
3,-15,54,0.00054000
5,-15,49,0.00049000
7,-15,45,0.00045000
9,-15,66,0.00066000
11,-15,40,0.00040000
13,-15,51,0.00051000
15,-15,46,0.00046000
17,-15,29,0.00029000
19,-15,41,0.00041000
21,-15,33,0.00033000
23,-15,34,0.00034000
25,-15,34,0.00034000
27,-15,37,0.00037000
29,-15,29,0.00029000
31,-15,12,0.00012000
33,-15,15,0.00015000
35,-15,16,0.00016000
37,-15,15,0.00015000
39,-15,9,0.00009000
41,-15,10,0.00010000
43,-15,10,0.00010000
45,-15,8,0.00008000
47,-15,4,0.00004000
49,-15,9,0.00009000
51,-15,4,0.00004000
53,-15,4,0.00004000
55,-15,5,0.00005000
57,-15,3,0.00003000
59,-15,5,0.00005000
61,-15,1,0.00001000
63,-15,1,0.00001000
71,-15,1,0.00001000
87,-15,1,0.00001000
-88,-14,1,0.00001000
-70,-14,1,0.00001000
-68,-14,1,0.00001000
-66,-14,1,0.00001000
-62,-14,2,0.00002000
-58,-14,2,0.00002000
-56,-14,1,0.00001000
-54,-14,2,0.00002000
-52,-14,3,0.00003000
-50,-14,4,0.00004000
-48,-14,8,0.00008000
-46,-14,3,0.00003000
-44,-14,6,0.00006000
-42,-14,10,0.00010000
-40,-14,8,0.00008000
-38,-14,14,0.00014000
-36,-14,15,0.00015000
-34,-14,15,0.00015000
-32,-14,21,0.00021000
-30,-14,18,0.00018000
-28,-14,21,0.00021000
-26,-14,31,0.00031000
-24,-14,27,0.00027000
-22,-14,33,0.00033000
-20,-14,34,0.00034000
-18,-14,43,0.00043000
-16,-14,49,0.00049000
-14,-14,45,0.00045000
-12,-14,42,0.00042000
-10,-14,41,0.00041000
-8,-14,41,0.00041000
-6,-14,55,0.00055000
-4,-14,52,0.00052000
-2,-14,60,0.00060000
0,-14,49,0.00049000
2,-14,58,0.00058000
4,-14,49,0.00049000
6,-14,47,0.00047000
8,-14,59,0.00059000
10,-14,49,0.00049000
12,-14,37,0.00037000
14,-14,43,0.00043000
16,-14,40,0.00040000
18,-14,37,0.00037000
20,-14,32,0.00032000
22,-14,19,0.00019000
24,-14,37,0.00037000
26,-14,20,0.00020000
28,-14,26,0.00026000
30,-14,16,0.00016000
32,-14,19,0.00019000
34,-14,17,0.00017000
36,-14,12,0.00012000
38,-14,12,0.00012000
40,-14,9,0.00009000
42,-14,8,0.00008000
44,-14,5,0.00005000
46,-14,4,0.00004000
48,-14,8,0.00008000
50,-14,4,0.00004000
52,-14,4,0.00004000
54,-14,1,0.00001000
56,-14,3,0.00003000
58,-14,2,0.00002000
60,-14,1,0.00001000
62,-14,1,0.00001000
76,-14,1,0.00001000
88,-14,1,0.00001000
-69,-13,1,0.00001000
-65,-13,1,0.00001000
-63,-13,2,0.00002000
-61,-13,2,0.00002000
-59,-13,2,0.00002000
-57,-13,5,0.00005000
-55,-13,3,0.00003000
-53,-13,2,0.00002000
-51,-13,4,0.00004000
-49,-13,5,0.00005000
-47,-13,4,0.00004000
-45,-13,8,0.00008000
-43,-13,11,0.00011000
-41,-13,14,0.00014000
-39,-13,12,0.00012000
-37,-13,15,0.00015000
-35,-13,14,0.00014000
-33,-13,17,0.00017000
-31,-13,15,0.00015000
-29,-13,22,0.00022000
-27,-13,26,0.00026000
-25,-13,24,0.00024000
-23,-13,38,0.00038000
-21,-13,40,0.00040000
-19,-13,33,0.00033000
-17,-13,37,0.00037000
-15,-13,47,0.00047000
-13,-13,47,0.00047000
-11,-13,46,0.00046000
-9,-13,47,0.00047000
-7,-13,53,0.00053000
-5,-13,53,0.00053000
-3,-13,53,0.00053000
-1,-13,53,0.00053000
1,-13,58,0.00058000
3,-13,54,0.00054000
5,-13,51,0.00051000
7,-13,62,0.00062000
9,-13,50,0.00050000
11,-13,50,0.00050000
13,-13,49,0.00049000
15,-13,53,0.00053000
17,-13,33,0.00033000
19,-13,31,0.00031000
21,-13,36,0.00036000
23,-13,31,0.00031000
25,-13,33,0.00033000
27,-13,28,0.00028000
29,-13,15,0.00015000
31,-13,17,0.00017000
33,-13,12,0.00012000
35,-13,18,0.00018000
37,-13,24,0.00024000
39,-13,12,0.00012000
41,-13,12,0.00012000
43,-13,10,0.00010000
45,-13,7,0.00007000
47,-13,6,0.00006000
49,-13,3,0.00003000
51,-13,3,0.00003000
53,-13,4,0.00004000
55,-13,6,0.00006000
57,-13,1,0.00001000
61,-13,3,0.00003000
63,-13,1,0.00001000
77,-13,1,0.00001000
-66,-12,1,0.00001000
-64,-12,1,0.00001000
-62,-12,1,0.00001000
-58,-12,1,0.00001000
-56,-12,4,0.00004000
-54,-12,1,0.00001000
-52,-12,2,0.00002000
-50,-12,6,0.00006000
-48,-12,8,0.00008000
-46,-12,4,0.00004000
-44,-12,6,0.00006000
-42,-12,8,0.00008000
-40,-12,12,0.00012000
-38,-12,14,0.00014000
-36,-12,16,0.00016000
-34,-12,15,0.00015000
-32,-12,24,0.00024000
-30,-12,35,0.00035000
-28,-12,27,0.00027000
-26,-12,23,0.00023000
-24,-12,39,0.00039000
-22,-12,31,0.00031000
-20,-12,32,0.00032000
-18,-12,28,0.00028000
-16,-12,49,0.00049000
-14,-12,46,0.00046000
-12,-12,57,0.00057000
-10,-12,48,0.00048000
-8,-12,52,0.00052000
-6,-12,53,0.00053000
-4,-12,55,0.00055000
-2,-12,57,0.00057000
0,-12,63,0.00063000
2,-12,45,0.00045000
4,-12,49,0.00049000
6,-12,55,0.00055000
8,-12,39,0.00039000
10,-12,46,0.00046000
12,-12,29,0.00029000
14,-12,44,0.00044000
16,-12,39,0.00039000
18,-12,45,0.00045000
20,-12,43,0.00043000
22,-12,30,0.00030000
24,-12,21,0.00021000
26,-12,29,0.00029000
28,-12,25,0.00025000
30,-12,28,0.00028000
32,-12,15,0.00015000
34,-12,21,0.00021000
36,-12,16,0.00016000
38,-12,15,0.00015000
40,-12,12,0.00012000
42,-12,14,0.00014000
44,-12,1,0.00001000
46,-12,5,0.00005000
48,-12,7,0.00007000
50,-12,2,0.00002000
52,-12,7,0.00007000
54,-12,6,0.00006000
56,-12,3,0.00003000
58,-12,2,0.00002000
62,-12,1,0.00001000
-85,-11,1,0.00001000
-71,-11,1,0.00001000
-67,-11,1,0.00001000
-65,-11,2,0.00002000
-63,-11,1,0.00001000
-61,-11,1,0.00001000
-59,-11,4,0.00004000
-57,-11,3,0.00003000
-55,-11,1,0.00001000
-53,-11,3,0.00003000
-51,-11,3,0.00003000
-49,-11,3,0.00003000
-47,-11,8,0.00008000
-45,-11,8,0.00008000
-43,-11,12,0.00012000
-41,-11,9,0.00009000
-39,-11,16,0.00016000
-37,-11,17,0.00017000
-35,-11,14,0.00014000
-33,-11,16,0.00016000
-31,-11,22,0.00022000
-29,-11,18,0.00018000
-27,-11,28,0.00028000
-25,-11,27,0.00027000
-23,-11,41,0.00041000
-21,-11,42,0.00042000
-19,-11,40,0.00040000
-17,-11,52,0.00052000
-15,-11,35,0.00035000
-13,-11,49,0.00049000
-11,-11,42,0.00042000
-9,-11,55,0.00055000
-7,-11,48,0.00048000
-5,-11,52,0.00052000
-3,-11,48,0.00048000
-1,-11,62,0.00062000
1,-11,54,0.00054000
3,-11,53,0.00053000
5,-11,65,0.00065000
7,-11,56,0.00056000
9,-11,54,0.00054000
11,-11,48,0.00048000
13,-11,58,0.00058000
15,-11,47,0.00047000
17,-11,40,0.00040000
19,-11,36,0.00036000
21,-11,45,0.00045000
23,-11,39,0.00039000
25,-11,27,0.00027000
27,-11,33,0.00033000
29,-11,20,0.00020000
31,-11,24,0.00024000
33,-11,15,0.00015000
35,-11,15,0.00015000
37,-11,17,0.00017000
39,-11,12,0.00012000
41,-11,12,0.00012000
43,-11,8,0.00008000
45,-11,8,0.00008000
47,-11,3,0.00003000
49,-11,2,0.00002000
51,-11,3,0.00003000
53,-11,4,0.00004000
55,-11,4,0.00004000
57,-11,2,0.00002000
59,-11,2,0.00002000
61,-11,3,0.00003000
65,-11,2,0.00002000
67,-11,2,0.00002000
69,-11,1,0.00001000
-68,-10,1,0.00001000
-64,-10,1,0.00001000
-62,-10,1,0.00001000
-56,-10,1,0.00001000
-54,-10,2,0.00002000
-52,-10,1,0.00001000
-50,-10,7,0.00007000
-48,-10,4,0.00004000
-46,-10,9,0.00009000
-44,-10,8,0.00008000
-42,-10,7,0.00007000
-40,-10,14,0.00014000
-38,-10,16,0.00016000
-36,-10,13,0.00013000
-34,-10,23,0.00023000
-32,-10,19,0.00019000
-30,-10,28,0.00028000
-28,-10,36,0.00036000
-26,-10,34,0.00034000
-24,-10,31,0.00031000
-22,-10,28,0.00028000
-20,-10,46,0.00046000
-18,-10,44,0.00044000
-16,-10,34,0.00034000
-14,-10,39,0.00039000
-12,-10,57,0.00057000
-10,-10,38,0.00038000
-8,-10,49,0.00049000
-6,-10,75,0.00075000
-4,-10,51,0.00051000
-2,-10,43,0.00043000
0,-10,62,0.00062000
2,-10,48,0.00048000
4,-10,59,0.00059000
6,-10,60,0.00060000
8,-10,63,0.00063000
10,-10,57,0.00057000
12,-10,53,0.00053000
14,-10,49,0.00049000
16,-10,36,0.00036000
18,-10,42,0.00042000
20,-10,26,0.00026000
22,-10,28,0.00028000
24,-10,36,0.00036000
26,-10,25,0.00025000
28,-10,26,0.00026000
30,-10,30,0.00030000
32,-10,18,0.00018000
34,-10,22,0.00022000
36,-10,15,0.00015000
38,-10,16,0.00016000
40,-10,14,0.00014000
42,-10,11,0.00011000
44,-10,6,0.00006000
46,-10,2,0.00002000
48,-10,4,0.00004000
50,-10,6,0.00006000
52,-10,5,0.00005000
54,-10,4,0.00004000
56,-10,2,0.00002000
60,-10,3,0.00003000
62,-10,3,0.00003000
66,-10,2,0.00002000
68,-10,1,0.00001000
70,-10,1,0.00001000
74,-10,1,0.00001000
-83,-9,1,0.00001000
-63,-9,2,0.00002000
-61,-9,1,0.00001000
-59,-9,1,0.00001000
-57,-9,4,0.00004000
-55,-9,3,0.00003000
-53,-9,4,0.00004000
-51,-9,5,0.00005000
-49,-9,3,0.00003000
-47,-9,5,0.00005000
-45,-9,11,0.00011000
-43,-9,11,0.00011000
-41,-9,7,0.00007000
-39,-9,8,0.00008000
-37,-9,19,0.00019000
-35,-9,13,0.00013000
-33,-9,21,0.00021000
-31,-9,22,0.00022000
-29,-9,24,0.00024000
-27,-9,26,0.00026000
-25,-9,29,0.00029000
-23,-9,32,0.00032000
-21,-9,45,0.00045000
-19,-9,37,0.00037000
-17,-9,50,0.00050000
-15,-9,44,0.00044000
-13,-9,62,0.00062000
-11,-9,54,0.00054000
-9,-9,55,0.00055000
-7,-9,58,0.00058000
-5,-9,58,0.00058000
-3,-9,62,0.00062000
-1,-9,79,0.00079000
1,-9,54,0.00054000
3,-9,52,0.00052000
5,-9,71,0.00071000
7,-9,59,0.00059000
9,-9,57,0.00057000
11,-9,54,0.00054000
13,-9,52,0.00052000
15,-9,34,0.00034000
17,-9,44,0.00044000
19,-9,41,0.00041000
21,-9,37,0.00037000
23,-9,25,0.00025000
25,-9,25,0.00025000
27,-9,31,0.00031000
29,-9,29,0.00029000
31,-9,16,0.00016000
33,-9,18,0.00018000
35,-9,14,0.00014000
37,-9,17,0.00017000
39,-9,16,0.00016000
41,-9,8,0.00008000
43,-9,6,0.00006000
45,-9,5,0.00005000
47,-9,4,0.00004000
49,-9,6,0.00006000
51,-9,6,0.00006000
53,-9,6,0.00006000
55,-9,2,0.00002000
57,-9,8,0.00008000
59,-9,1,0.00001000
61,-9,2,0.00002000
71,-9,1,0.00001000
75,-9,1,0.00001000
-62,-8,1,0.00001000
-60,-8,1,0.00001000
-58,-8,7,0.00007000
-56,-8,2,0.00002000
-54,-8,1,0.00001000
-52,-8,2,0.00002000
-50,-8,6,0.00006000
-48,-8,8,0.00008000
-46,-8,7,0.00007000
-44,-8,9,0.00009000
-42,-8,12,0.00012000
-40,-8,11,0.00011000
-38,-8,20,0.00020000
-36,-8,10,0.00010000
-34,-8,17,0.00017000
-32,-8,19,0.00019000
-30,-8,23,0.00023000
-28,-8,22,0.00022000
-26,-8,30,0.00030000
-24,-8,35,0.00035000
-22,-8,33,0.00033000
-20,-8,36,0.00036000
-18,-8,36,0.00036000
-16,-8,38,0.00038000
-14,-8,40,0.00040000
-12,-8,43,0.00043000
-10,-8,48,0.00048000
-8,-8,61,0.00061000
-6,-8,61,0.00061000
-4,-8,49,0.00049000
-2,-8,76,0.00076000
0,-8,63,0.00063000
2,-8,42,0.00042000
4,-8,53,0.00053000
6,-8,57,0.00057000
8,-8,52,0.00052000
10,-8,51,0.00051000
12,-8,52,0.00052000
14,-8,48,0.00048000
16,-8,46,0.00046000
18,-8,43,0.00043000
20,-8,42,0.00042000
22,-8,36,0.00036000
24,-8,29,0.00029000
26,-8,31,0.00031000
28,-8,31,0.00031000
30,-8,35,0.00035000
32,-8,15,0.00015000
34,-8,20,0.00020000
36,-8,12,0.00012000
38,-8,19,0.00019000
40,-8,9,0.00009000
42,-8,11,0.00011000
44,-8,5,0.00005000
46,-8,5,0.00005000
48,-8,3,0.00003000
50,-8,4,0.00004000
52,-8,2,0.00002000
54,-8,2,0.00002000
56,-8,1,0.00001000
62,-8,1,0.00001000
64,-8,1,0.00001000
66,-8,1,0.00001000
70,-8,1,0.00001000
-85,-7,1,0.00001000
-65,-7,1,0.00001000
-63,-7,2,0.00002000
-57,-7,1,0.00001000
-55,-7,5,0.00005000
-53,-7,3,0.00003000
-51,-7,6,0.00006000
-49,-7,9,0.00009000
-47,-7,7,0.00007000
-45,-7,5,0.00005000
-43,-7,13,0.00013000
-41,-7,9,0.00009000
-39,-7,14,0.00014000
-37,-7,13,0.00013000
-35,-7,16,0.00016000
-33,-7,19,0.00019000
-31,-7,18,0.00018000
-29,-7,26,0.00026000
-27,-7,32,0.00032000
-25,-7,37,0.00037000
-23,-7,35,0.00035000
-21,-7,42,0.00042000
-19,-7,57,0.00057000
-17,-7,38,0.00038000
-15,-7,40,0.00040000
-13,-7,55,0.00055000
-11,-7,54,0.00054000
-9,-7,63,0.00063000
-7,-7,66,0.00066000
-5,-7,59,0.00059000
-3,-7,55,0.00055000
-1,-7,50,0.00050000
1,-7,67,0.00067000
3,-7,65,0.00065000
5,-7,58,0.00058000
7,-7,64,0.00064000
9,-7,52,0.00052000
11,-7,59,0.00059000
13,-7,59,0.00059000
15,-7,42,0.00042000
17,-7,37,0.00037000
19,-7,44,0.00044000
21,-7,46,0.00046000
23,-7,37,0.00037000
25,-7,30,0.00030000
27,-7,36,0.00036000
29,-7,26,0.00026000
31,-7,20,0.00020000
33,-7,16,0.00016000
35,-7,19,0.00019000
37,-7,15,0.00015000
39,-7,6,0.00006000
41,-7,10,0.00010000
43,-7,9,0.00009000
45,-7,4,0.00004000
47,-7,1,0.00001000
49,-7,5,0.00005000
53,-7,3,0.00003000
55,-7,1,0.00001000
57,-7,1,0.00001000
59,-7,1,0.00001000
63,-7,3,0.00003000
65,-7,1,0.00001000
69,-7,1,0.00001000
83,-7,1,0.00001000
-86,-6,1,0.00001000
-74,-6,1,0.00001000
-72,-6,1,0.00001000
-62,-6,1,0.00001000
-60,-6,3,0.00003000
-58,-6,2,0.00002000
-56,-6,3,0.00003000
-54,-6,2,0.00002000
-52,-6,3,0.00003000
-50,-6,3,0.00003000
-48,-6,9,0.00009000
-46,-6,8,0.00008000
-44,-6,11,0.00011000
-42,-6,12,0.00012000
-40,-6,8,0.00008000
-38,-6,26,0.00026000
-36,-6,14,0.00014000
-34,-6,17,0.00017000
-32,-6,28,0.00028000
-30,-6,24,0.00024000
-28,-6,27,0.00027000
-26,-6,29,0.00029000
-24,-6,37,0.00037000
-22,-6,35,0.00035000
-20,-6,36,0.00036000
-18,-6,42,0.00042000
-16,-6,50,0.00050000
-14,-6,47,0.00047000
-12,-6,62,0.00062000
-10,-6,48,0.00048000
-8,-6,54,0.00054000
-6,-6,60,0.00060000
-4,-6,45,0.00045000
-2,-6,57,0.00057000
0,-6,70,0.00070000
2,-6,61,0.00061000
4,-6,40,0.00040000
6,-6,74,0.00074000
8,-6,49,0.00049000
10,-6,46,0.00046000
12,-6,61,0.00061000
14,-6,49,0.00049000
16,-6,53,0.00053000
18,-6,46,0.00046000
20,-6,43,0.00043000
22,-6,34,0.00034000
24,-6,42,0.00042000
26,-6,33,0.00033000
28,-6,19,0.00019000
30,-6,29,0.00029000
32,-6,19,0.00019000
34,-6,11,0.00011000
36,-6,13,0.00013000
38,-6,15,0.00015000
40,-6,16,0.00016000
42,-6,12,0.00012000
44,-6,8,0.00008000
46,-6,7,0.00007000
48,-6,9,0.00009000
50,-6,5,0.00005000
52,-6,2,0.00002000
54,-6,3,0.00003000
56,-6,6,0.00006000
58,-6,4,0.00004000
60,-6,2,0.00002000
64,-6,1,0.00001000
66,-6,3,0.00003000
68,-6,2,0.00002000
70,-6,1,0.00001000
-75,-5,1,0.00001000
-71,-5,1,0.00001000
-69,-5,1,0.00001000
-67,-5,2,0.00002000
-65,-5,3,0.00003000
-61,-5,1,0.00001000
-59,-5,6,0.00006000
-57,-5,2,0.00002000
-55,-5,1,0.00001000
-53,-5,1,0.00001000
-51,-5,8,0.00008000
-49,-5,2,0.00002000
-47,-5,10,0.00010000
-45,-5,11,0.00011000
-43,-5,7,0.00007000
-41,-5,8,0.00008000
-39,-5,15,0.00015000
-37,-5,18,0.00018000
-35,-5,21,0.00021000
-33,-5,21,0.00021000
-31,-5,26,0.00026000
-29,-5,31,0.00031000
-27,-5,30,0.00030000
-25,-5,28,0.00028000
-23,-5,42,0.00042000
-21,-5,41,0.00041000
-19,-5,34,0.00034000
-17,-5,46,0.00046000
-15,-5,58,0.00058000
-13,-5,57,0.00057000
-11,-5,62,0.00062000
-9,-5,60,0.00060000
-7,-5,69,0.00069000
-5,-5,72,0.00072000
-3,-5,66,0.00066000
-1,-5,54,0.00054000
1,-5,51,0.00051000
3,-5,50,0.00050000
5,-5,66,0.00066000
7,-5,55,0.00055000
9,-5,60,0.00060000
11,-5,56,0.00056000
13,-5,54,0.00054000
15,-5,45,0.00045000
17,-5,58,0.00058000
19,-5,39,0.00039000
21,-5,36,0.00036000
23,-5,29,0.00029000
25,-5,29,0.00029000
27,-5,29,0.00029000
29,-5,28,0.00028000
31,-5,20,0.00020000
33,-5,15,0.00015000
35,-5,19,0.00019000
37,-5,9,0.00009000
39,-5,13,0.00013000
41,-5,13,0.00013000
43,-5,11,0.00011000
45,-5,8,0.00008000
47,-5,9,0.00009000
49,-5,1,0.00001000
51,-5,4,0.00004000
53,-5,2,0.00002000
55,-5,5,0.00005000
57,-5,3,0.00003000
61,-5,2,0.00002000
63,-5,4,0.00004000
71,-5,1,0.00001000
73,-5,1,0.00001000
75,-5,1,0.00001000
-68,-4,1,0.00001000
-66,-4,1,0.00001000
-62,-4,2,0.00002000
-60,-4,1,0.00001000
-58,-4,3,0.00003000
-56,-4,5,0.00005000
-54,-4,1,0.00001000
-52,-4,5,0.00005000
-50,-4,5,0.00005000
-48,-4,4,0.00004000
-46,-4,5,0.00005000
-44,-4,10,0.00010000
-42,-4,13,0.00013000
-40,-4,7,0.00007000
-38,-4,17,0.00017000
-36,-4,17,0.00017000
-34,-4,20,0.00020000
-32,-4,27,0.00027000
-30,-4,17,0.00017000
-28,-4,29,0.00029000
-26,-4,30,0.00030000
-24,-4,34,0.00034000
-22,-4,40,0.00040000
-20,-4,43,0.00043000
-18,-4,39,0.00039000
-16,-4,34,0.00034000
-14,-4,53,0.00053000
-12,-4,60,0.00060000
-10,-4,53,0.00053000
-8,-4,61,0.00061000
-6,-4,68,0.00068000
-4,-4,59,0.00059000
-2,-4,60,0.00060000
0,-4,58,0.00058000
2,-4,60,0.00060000
4,-4,69,0.00069000
6,-4,59,0.00059000
8,-4,61,0.00061000
10,-4,54,0.00054000
12,-4,54,0.00054000
14,-4,45,0.00045000
16,-4,54,0.00054000
18,-4,41,0.00041000
20,-4,38,0.00038000
22,-4,36,0.00036000
24,-4,36,0.00036000
26,-4,39,0.00039000
28,-4,24,0.00024000
30,-4,34,0.00034000
32,-4,16,0.00016000
34,-4,20,0.00020000
36,-4,23,0.00023000
38,-4,20,0.00020000
40,-4,13,0.00013000
42,-4,15,0.00015000
44,-4,9,0.00009000
46,-4,8,0.00008000
48,-4,6,0.00006000
50,-4,6,0.00006000
52,-4,3,0.00003000
54,-4,2,0.00002000
56,-4,2,0.00002000
58,-4,2,0.00002000
60,-4,3,0.00003000
62,-4,4,0.00004000
64,-4,1,0.00001000
66,-4,1,0.00001000
72,-4,2,0.00002000
-71,-3,1,0.00001000
-69,-3,1,0.00001000
-67,-3,1,0.00001000
-65,-3,1,0.00001000
-61,-3,1,0.00001000
-59,-3,1,0.00001000
-57,-3,1,0.00001000
-55,-3,1,0.00001000
-53,-3,5,0.00005000
-51,-3,5,0.00005000
-49,-3,7,0.00007000
-47,-3,2,0.00002000
-45,-3,8,0.00008000
-43,-3,10,0.00010000
-41,-3,13,0.00013000
-39,-3,16,0.00016000
-37,-3,15,0.00015000
-35,-3,18,0.00018000
-33,-3,16,0.00016000
-31,-3,23,0.00023000
-29,-3,37,0.00037000
-27,-3,30,0.00030000
-25,-3,41,0.00041000
-23,-3,35,0.00035000
-21,-3,36,0.00036000
-19,-3,41,0.00041000
-17,-3,44,0.00044000
-15,-3,59,0.00059000
-13,-3,49,0.00049000
-11,-3,64,0.00064000
-9,-3,65,0.00065000
-7,-3,62,0.00062000
-5,-3,55,0.00055000
-3,-3,70,0.00070000
-1,-3,61,0.00061000
1,-3,56,0.00056000
3,-3,60,0.00060000
5,-3,63,0.00063000
7,-3,58,0.00058000
9,-3,53,0.00053000
11,-3,49,0.00049000
13,-3,54,0.00054000
15,-3,50,0.00050000
17,-3,40,0.00040000
19,-3,36,0.00036000
21,-3,50,0.00050000
23,-3,35,0.00035000
25,-3,38,0.00038000
27,-3,41,0.00041000
29,-3,21,0.00021000
31,-3,22,0.00022000
33,-3,16,0.00016000
35,-3,23,0.00023000
37,-3,16,0.00016000
39,-3,10,0.00010000
41,-3,8,0.00008000
43,-3,9,0.00009000
45,-3,6,0.00006000
47,-3,1,0.00001000
49,-3,3,0.00003000
51,-3,6,0.00006000
53,-3,5,0.00005000
55,-3,4,0.00004000
59,-3,1,0.00001000
61,-3,1,0.00001000
63,-3,1,0.00001000
65,-3,1,0.00001000
67,-3,1,0.00001000
69,-3,1,0.00001000
-82,-2,1,0.00001000
-68,-2,1,0.00001000
-60,-2,1,0.00001000
-56,-2,3,0.00003000
-54,-2,6,0.00006000
-52,-2,1,0.00001000
-50,-2,10,0.00010000
-48,-2,6,0.00006000
-46,-2,5,0.00005000
-44,-2,7,0.00007000
-42,-2,12,0.00012000
-40,-2,7,0.00007000
-38,-2,15,0.00015000
-36,-2,23,0.00023000
-34,-2,25,0.00025000
-32,-2,21,0.00021000
-30,-2,15,0.00015000
-28,-2,34,0.00034000
-26,-2,29,0.00029000
-24,-2,35,0.00035000
-22,-2,36,0.00036000
-20,-2,39,0.00039000
-18,-2,36,0.00036000
-16,-2,38,0.00038000
-14,-2,50,0.00050000
-12,-2,42,0.00042000
-10,-2,53,0.00053000
-8,-2,62,0.00062000
-6,-2,64,0.00064000
-4,-2,62,0.00062000
-2,-2,60,0.00060000
0,-2,56,0.00056000
2,-2,59,0.00059000
4,-2,63,0.00063000
6,-2,58,0.00058000
8,-2,67,0.00067000
10,-2,55,0.00055000
12,-2,50,0.00050000
14,-2,51,0.00051000
16,-2,48,0.00048000
18,-2,43,0.00043000
20,-2,49,0.00049000
22,-2,32,0.00032000
24,-2,34,0.00034000
26,-2,25,0.00025000
28,-2,40,0.00040000
30,-2,23,0.00023000
32,-2,10,0.00010000
34,-2,23,0.00023000
36,-2,12,0.00012000
38,-2,20,0.00020000
40,-2,11,0.00011000
42,-2,13,0.00013000
44,-2,9,0.00009000
46,-2,13,0.00013000
48,-2,6,0.00006000
50,-2,4,0.00004000
52,-2,2,0.00002000
54,-2,3,0.00003000
56,-2,3,0.00003000
58,-2,3,0.00003000
60,-2,2,0.00002000
64,-2,1,0.00001000
66,-2,1,0.00001000
70,-2,1,0.00001000
72,-2,1,0.00001000
-77,-1,1,0.00001000
-73,-1,1,0.00001000
-71,-1,1,0.00001000
-67,-1,2,0.00002000
-63,-1,1,0.00001000
-61,-1,3,0.00003000
-59,-1,2,0.00002000
-57,-1,1,0.00001000
-55,-1,7,0.00007000
-53,-1,4,0.00004000
-51,-1,4,0.00004000
-49,-1,3,0.00003000
-47,-1,7,0.00007000
-45,-1,6,0.00006000
-43,-1,13,0.00013000
-41,-1,5,0.00005000
-39,-1,17,0.00017000
-37,-1,16,0.00016000
-35,-1,22,0.00022000
-33,-1,22,0.00022000
-31,-1,20,0.00020000
-29,-1,28,0.00028000
-27,-1,35,0.00035000
-25,-1,36,0.00036000
-23,-1,29,0.00029000
-21,-1,42,0.00042000
-19,-1,42,0.00042000
-17,-1,45,0.00045000
-15,-1,51,0.00051000
-13,-1,59,0.00059000
-11,-1,62,0.00062000
-9,-1,60,0.00060000
-7,-1,56,0.00056000
-5,-1,50,0.00050000
-3,-1,66,0.00066000
-1,-1,65,0.00065000
1,-1,65,0.00065000
3,-1,55,0.00055000
5,-1,57,0.00057000
7,-1,64,0.00064000
9,-1,57,0.00057000
11,-1,47,0.00047000
13,-1,54,0.00054000
15,-1,40,0.00040000
17,-1,41,0.00041000
19,-1,28,0.00028000
21,-1,42,0.00042000
23,-1,39,0.00039000
25,-1,40,0.00040000
27,-1,32,0.00032000
29,-1,24,0.00024000
31,-1,20,0.00020000
33,-1,26,0.00026000
35,-1,19,0.00019000
37,-1,16,0.00016000
39,-1,16,0.00016000
41,-1,8,0.00008000
43,-1,10,0.00010000
45,-1,7,0.00007000
47,-1,12,0.00012000
49,-1,10,0.00010000
51,-1,4,0.00004000
53,-1,5,0.00005000
55,-1,2,0.00002000
57,-1,3,0.00003000
59,-1,1,0.00001000
61,-1,2,0.00002000
63,-1,1,0.00001000
65,-1,1,0.00001000
67,-1,1,0.00001000
69,-1,2,0.00002000
79,-1,1,0.00001000
-80,0,1,0.00001000
-78,0,1,0.00001000
-72,0,1,0.00001000
-70,0,1,0.00001000
-64,0,1,0.00001000
-60,0,4,0.00004000
-58,0,2,0.00002000
-56,0,2,0.00002000
-54,0,7,0.00007000
-52,0,2,0.00002000
-50,0,5,0.00005000
-48,0,5,0.00005000
-46,0,4,0.00004000
-44,0,4,0.00004000
-42,0,8,0.00008000
-40,0,15,0.00015000
-38,0,9,0.00009000
-36,0,17,0.00017000
-34,0,19,0.00019000
-32,0,24,0.00024000
-30,0,24,0.00024000
-28,0,26,0.00026000
-26,0,26,0.00026000
-24,0,33,0.00033000
-22,0,42,0.00042000
-20,0,35,0.00035000
-18,0,42,0.00042000
-16,0,37,0.00037000
-14,0,43,0.00043000
-12,0,50,0.00050000
-10,0,61,0.00061000
-8,0,53,0.00053000
-6,0,55,0.00055000
-4,0,70,0.00070000
-2,0,68,0.00068000
0,0,54,0.00054000
2,0,70,0.00070000
4,0,66,0.00066000
6,0,58,0.00058000
8,0,67,0.00067000
10,0,53,0.00053000
12,0,42,0.00042000
14,0,42,0.00042000
16,0,53,0.00053000
18,0,41,0.00041000
20,0,49,0.00049000
22,0,43,0.00043000
24,0,35,0.00035000
26,0,28,0.00028000
28,0,19,0.00019000
30,0,24,0.00024000
32,0,33,0.00033000
34,0,22,0.00022000
36,0,22,0.00022000
38,0,20,0.00020000
40,0,7,0.00007000
42,0,10,0.00010000
44,0,8,0.00008000
46,0,8,0.00008000
48,0,5,0.00005000
50,0,3,0.00003000
52,0,2,0.00002000
54,0,5,0.00005000
56,0,3,0.00003000
58,0,2,0.00002000
60,0,3,0.00003000
64,0,1,0.00001000
66,0,1,0.00001000
68,0,1,0.00001000
72,0,1,0.00001000
-87,1,1,0.00001000
-69,1,1,0.00001000
-65,1,1,0.00001000
-63,1,1,0.00001000
-59,1,3,0.00003000
-55,1,2,0.00002000
-53,1,2,0.00002000
-51,1,4,0.00004000
-49,1,8,0.00008000
-47,1,7,0.00007000
-45,1,12,0.00012000
-43,1,9,0.00009000
-41,1,11,0.00011000
-39,1,9,0.00009000
-37,1,15,0.00015000
-35,1,13,0.00013000
-33,1,20,0.00020000
-31,1,25,0.00025000
-29,1,25,0.00025000
-27,1,26,0.00026000
-25,1,31,0.00031000
-23,1,32,0.00032000
-21,1,40,0.00040000
-19,1,45,0.00045000
-17,1,43,0.00043000
-15,1,41,0.00041000
-13,1,56,0.00056000
-11,1,55,0.00055000
-9,1,67,0.00067000
-7,1,53,0.00053000
-5,1,73,0.00073000
-3,1,71,0.00071000
-1,1,64,0.00064000
1,1,61,0.00061000
3,1,62,0.00062000
5,1,59,0.00059000
7,1,65,0.00065000
9,1,48,0.00048000
11,1,58,0.00058000
13,1,39,0.00039000
15,1,60,0.00060000
17,1,59,0.00059000
19,1,49,0.00049000
21,1,42,0.00042000
23,1,31,0.00031000
25,1,29,0.00029000
27,1,28,0.00028000
29,1,22,0.00022000
31,1,18,0.00018000
33,1,18,0.00018000
35,1,28,0.00028000
37,1,17,0.00017000
39,1,13,0.00013000
41,1,8,0.00008000
43,1,9,0.00009000
45,1,10,0.00010000
47,1,6,0.00006000
49,1,6,0.00006000
51,1,4,0.00004000
53,1,3,0.00003000
55,1,1,0.00001000
57,1,3,0.00003000
65,1,3,0.00003000
67,1,1,0.00001000
71,1,2,0.00002000
77,1,1,0.00001000
-78,2,1,0.00001000
-70,2,1,0.00001000
-68,2,2,0.00002000
-62,2,1,0.00001000
-60,2,2,0.00002000
-58,2,3,0.00003000
-56,2,3,0.00003000
-54,2,1,0.00001000
-52,2,2,0.00002000
-50,2,3,0.00003000
-48,2,5,0.00005000
-46,2,4,0.00004000
-44,2,8,0.00008000
-42,2,5,0.00005000
-40,2,10,0.00010000
-38,2,14,0.00014000
-36,2,21,0.00021000
-34,2,20,0.00020000
-32,2,31,0.00031000
-30,2,33,0.00033000
-28,2,27,0.00027000
-26,2,29,0.00029000
-24,2,45,0.00045000
-22,2,52,0.00052000
-20,2,46,0.00046000
-18,2,66,0.00066000
-16,2,49,0.00049000
-14,2,52,0.00052000
-12,2,52,0.00052000
-10,2,63,0.00063000
-8,2,71,0.00071000
-6,2,63,0.00063000
-4,2,52,0.00052000
-2,2,66,0.00066000
0,2,64,0.00064000
2,2,61,0.00061000
4,2,80,0.00080000
6,2,76,0.00076000
8,2,70,0.00070000
10,2,68,0.00068000
12,2,45,0.00045000
14,2,53,0.00053000
16,2,48,0.00048000
18,2,37,0.00037000
20,2,30,0.00030000
22,2,36,0.00036000
24,2,33,0.00033000
26,2,35,0.00035000
28,2,39,0.00039000
30,2,18,0.00018000
32,2,16,0.00016000
34,2,20,0.00020000
36,2,11,0.00011000
38,2,22,0.00022000
40,2,15,0.00015000
42,2,11,0.00011000
44,2,10,0.00010000
46,2,8,0.00008000
48,2,7,0.00007000
50,2,7,0.00007000
52,2,3,0.00003000
54,2,2,0.00002000
56,2,2,0.00002000
58,2,2,0.00002000
60,2,2,0.00002000
62,2,2,0.00002000
66,2,1,0.00001000
70,2,2,0.00002000
72,2,1,0.00001000
76,2,1,0.00001000
-83,3,1,0.00001000
-73,3,1,0.00001000
-71,3,1,0.00001000
-67,3,3,0.00003000
-63,3,1,0.00001000
-61,3,5,0.00005000
-57,3,2,0.00002000
-55,3,4,0.00004000
-53,3,1,0.00001000
-51,3,3,0.00003000
-49,3,8,0.00008000
-47,3,10,0.00010000
-45,3,8,0.00008000
-43,3,8,0.00008000
-41,3,13,0.00013000
-39,3,11,0.00011000
-37,3,17,0.00017000
-35,3,10,0.00010000
-33,3,14,0.00014000
-31,3,22,0.00022000
-29,3,29,0.00029000
-27,3,28,0.00028000
-25,3,32,0.00032000
-23,3,52,0.00052000
-21,3,44,0.00044000
-19,3,37,0.00037000
-17,3,60,0.00060000
-15,3,59,0.00059000
-13,3,49,0.00049000
-11,3,47,0.00047000
-9,3,52,0.00052000
-7,3,66,0.00066000
-5,3,38,0.00038000
-3,3,57,0.00057000
-1,3,72,0.00072000
1,3,61,0.00061000
3,3,60,0.00060000
5,3,52,0.00052000
7,3,52,0.00052000
9,3,57,0.00057000
11,3,51,0.00051000
13,3,61,0.00061000
15,3,36,0.00036000
17,3,50,0.00050000
19,3,44,0.00044000
21,3,39,0.00039000
23,3,50,0.00050000
25,3,41,0.00041000
27,3,31,0.00031000
29,3,25,0.00025000
31,3,25,0.00025000
33,3,27,0.00027000
35,3,19,0.00019000
37,3,11,0.00011000
39,3,18,0.00018000
41,3,11,0.00011000
43,3,8,0.00008000
45,3,7,0.00007000
47,3,8,0.00008000
49,3,3,0.00003000
51,3,7,0.00007000
53,3,2,0.00002000
55,3,3,0.00003000
57,3,3,0.00003000
63,3,1,0.00001000
73,3,2,0.00002000
-74,4,1,0.00001000
-72,4,2,0.00002000
-66,4,2,0.00002000
-58,4,2,0.00002000
-56,4,3,0.00003000
-54,4,4,0.00004000
-52,4,3,0.00003000
-50,4,5,0.00005000
-48,4,10,0.00010000
-46,4,9,0.00009000
-44,4,6,0.00006000
-42,4,13,0.00013000
-40,4,9,0.00009000
-38,4,14,0.00014000
-36,4,21,0.00021000
-34,4,13,0.00013000
-32,4,22,0.00022000
-30,4,22,0.00022000
-28,4,29,0.00029000
-26,4,24,0.00024000
-24,4,39,0.00039000
-22,4,34,0.00034000
-20,4,55,0.00055000
-18,4,31,0.00031000
-16,4,32,0.00032000
-14,4,46,0.00046000
-12,4,58,0.00058000
-10,4,56,0.00056000
-8,4,53,0.00053000
-6,4,51,0.00051000
-4,4,65,0.00065000
-2,4,61,0.00061000
0,4,61,0.00061000
2,4,57,0.00057000
4,4,55,0.00055000
6,4,66,0.00066000
8,4,50,0.00050000
10,4,54,0.00054000
12,4,59,0.00059000
14,4,60,0.00060000
16,4,45,0.00045000
18,4,44,0.00044000
20,4,49,0.00049000
22,4,40,0.00040000
24,4,28,0.00028000
26,4,29,0.00029000
28,4,33,0.00033000
30,4,24,0.00024000
32,4,19,0.00019000
34,4,25,0.00025000
36,4,14,0.00014000
38,4,19,0.00019000
40,4,10,0.00010000
42,4,7,0.00007000
44,4,10,0.00010000
46,4,7,0.00007000
48,4,5,0.00005000
50,4,8,0.00008000
52,4,5,0.00005000
54,4,2,0.00002000
56,4,3,0.00003000
58,4,3,0.00003000
60,4,3,0.00003000
62,4,1,0.00001000
64,4,2,0.00002000
66,4,1,0.00001000
70,4,1,0.00001000
-81,5,1,0.00001000
-79,5,1,0.00001000
-69,5,1,0.00001000
-61,5,2,0.00002000
-59,5,4,0.00004000
-57,5,6,0.00006000
-55,5,4,0.00004000
-53,5,1,0.00001000
-51,5,7,0.00007000
-49,5,9,0.00009000
-47,5,7,0.00007000
-45,5,12,0.00012000
-43,5,12,0.00012000
-41,5,9,0.00009000
-39,5,20,0.00020000
-37,5,16,0.00016000
-35,5,15,0.00015000
-33,5,16,0.00016000
-31,5,20,0.00020000
-29,5,21,0.00021000
-27,5,25,0.00025000
-25,5,37,0.00037000
-23,5,36,0.00036000
-21,5,55,0.00055000
-19,5,40,0.00040000
-17,5,51,0.00051000
-15,5,60,0.00060000
-13,5,67,0.00067000
-11,5,65,0.00065000
-9,5,55,0.00055000
-7,5,63,0.00063000
-5,5,69,0.00069000
-3,5,76,0.00076000
-1,5,69,0.00069000
1,5,76,0.00076000
3,5,75,0.00075000
5,5,65,0.00065000
7,5,59,0.00059000
9,5,54,0.00054000
11,5,54,0.00054000
13,5,56,0.00056000
15,5,58,0.00058000
17,5,32,0.00032000
19,5,53,0.00053000
21,5,43,0.00043000
23,5,32,0.00032000
25,5,33,0.00033000
27,5,25,0.00025000
29,5,27,0.00027000
31,5,24,0.00024000
33,5,18,0.00018000
35,5,21,0.00021000
37,5,15,0.00015000
39,5,14,0.00014000
41,5,17,0.00017000
43,5,11,0.00011000
45,5,7,0.00007000
47,5,5,0.00005000
49,5,3,0.00003000
51,5,3,0.00003000
53,5,3,0.00003000
55,5,3,0.00003000
57,5,3,0.00003000
59,5,1,0.00001000
61,5,1,0.00001000
63,5,1,0.00001000
65,5,2,0.00002000
71,5,1,0.00001000
79,5,1,0.00001000
-68,6,1,0.00001000
-66,6,2,0.00002000
-64,6,2,0.00002000
-62,6,1,0.00001000
-60,6,2,0.00002000
-58,6,7,0.00007000
-54,6,2,0.00002000
-52,6,4,0.00004000
-50,6,5,0.00005000
-48,6,10,0.00010000
-46,6,8,0.00008000
-44,6,12,0.00012000
-42,6,10,0.00010000
-40,6,8,0.00008000
-38,6,17,0.00017000
-36,6,16,0.00016000
-34,6,23,0.00023000
-32,6,26,0.00026000
-30,6,37,0.00037000
-28,6,31,0.00031000
-26,6,38,0.00038000
-24,6,47,0.00047000
-22,6,34,0.00034000
-20,6,36,0.00036000
-18,6,44,0.00044000
-16,6,57,0.00057000
-14,6,47,0.00047000
-12,6,56,0.00056000
-10,6,54,0.00054000
-8,6,59,0.00059000
-6,6,73,0.00073000
-4,6,71,0.00071000
-2,6,69,0.00069000
0,6,55,0.00055000
2,6,74,0.00074000
4,6,65,0.00065000
6,6,77,0.00077000
8,6,48,0.00048000
10,6,54,0.00054000
12,6,48,0.00048000
14,6,55,0.00055000
16,6,58,0.00058000
18,6,55,0.00055000
20,6,38,0.00038000
22,6,31,0.00031000
24,6,40,0.00040000
26,6,31,0.00031000
28,6,33,0.00033000
30,6,20,0.00020000
32,6,20,0.00020000
34,6,18,0.00018000
36,6,23,0.00023000
38,6,12,0.00012000
40,6,18,0.00018000
42,6,10,0.00010000
44,6,6,0.00006000
46,6,13,0.00013000
48,6,5,0.00005000
50,6,3,0.00003000
52,6,3,0.00003000
54,6,3,0.00003000
58,6,1,0.00001000
60,6,1,0.00001000
62,6,1,0.00001000
64,6,1,0.00001000
66,6,3,0.00003000
70,6,1,0.00001000
72,6,1,0.00001000
80,6,1,0.00001000
-79,7,1,0.00001000
-75,7,1,0.00001000
-63,7,2,0.00002000
-61,7,1,0.00001000
-59,7,2,0.00002000
-57,7,2,0.00002000
-55,7,2,0.00002000
-53,7,5,0.00005000
-51,7,6,0.00006000
-49,7,7,0.00007000
-47,7,6,0.00006000
-45,7,13,0.00013000
-43,7,10,0.00010000
-41,7,11,0.00011000
-39,7,12,0.00012000
-37,7,13,0.00013000
-35,7,21,0.00021000
-33,7,23,0.00023000
-31,7,15,0.00015000
-29,7,26,0.00026000
-27,7,24,0.00024000
-25,7,31,0.00031000
-23,7,49,0.00049000
-21,7,37,0.00037000
-19,7,48,0.00048000
-17,7,31,0.00031000
-15,7,38,0.00038000
-13,7,59,0.00059000
-11,7,60,0.00060000
-9,7,67,0.00067000
-7,7,62,0.00062000
-5,7,76,0.00076000
-3,7,67,0.00067000
-1,7,60,0.00060000
1,7,71,0.00071000
3,7,60,0.00060000
5,7,53,0.00053000
7,7,48,0.00048000
9,7,46,0.00046000
11,7,54,0.00054000
13,7,50,0.00050000
15,7,53,0.00053000
17,7,42,0.00042000
19,7,43,0.00043000
21,7,38,0.00038000
23,7,31,0.00031000
25,7,27,0.00027000
27,7,35,0.00035000
29,7,35,0.00035000
31,7,27,0.00027000
33,7,30,0.00030000
35,7,19,0.00019000
37,7,16,0.00016000
39,7,13,0.00013000
41,7,16,0.00016000
43,7,10,0.00010000
45,7,9,0.00009000
47,7,10,0.00010000
49,7,7,0.00007000
51,7,2,0.00002000
53,7,7,0.00007000
55,7,5,0.00005000
57,7,1,0.00001000
59,7,4,0.00004000
61,7,1,0.00001000
63,7,3,0.00003000
65,7,2,0.00002000
73,7,1,0.00001000
75,7,1,0.00001000
-66,8,2,0.00002000
-64,8,1,0.00001000
-60,8,2,0.00002000
-58,8,2,0.00002000
-56,8,3,0.00003000
-54,8,3,0.00003000
-52,8,1,0.00001000
-50,8,8,0.00008000
-48,8,8,0.00008000
-46,8,4,0.00004000
-44,8,3,0.00003000
-42,8,12,0.00012000
-40,8,15,0.00015000
-38,8,21,0.00021000
-36,8,20,0.00020000
-34,8,28,0.00028000
-32,8,24,0.00024000
-30,8,15,0.00015000
-28,8,30,0.00030000
-26,8,24,0.00024000
-24,8,33,0.00033000
-22,8,46,0.00046000
-20,8,38,0.00038000
-18,8,36,0.00036000
-16,8,42,0.00042000
-14,8,45,0.00045000
-12,8,46,0.00046000
-10,8,52,0.00052000
-8,8,58,0.00058000
-6,8,53,0.00053000
-4,8,44,0.00044000
-2,8,69,0.00069000
0,8,57,0.00057000
2,8,74,0.00074000
4,8,47,0.00047000
6,8,59,0.00059000
8,8,53,0.00053000
10,8,50,0.00050000
12,8,55,0.00055000
14,8,55,0.00055000
16,8,43,0.00043000
18,8,37,0.00037000
20,8,35,0.00035000
22,8,35,0.00035000
24,8,46,0.00046000
26,8,36,0.00036000
28,8,40,0.00040000
30,8,25,0.00025000
32,8,29,0.00029000
34,8,17,0.00017000
36,8,12,0.00012000
38,8,12,0.00012000
40,8,15,0.00015000
42,8,11,0.00011000
44,8,3,0.00003000
46,8,5,0.00005000
48,8,8,0.00008000
52,8,1,0.00001000
54,8,2,0.00002000
56,8,2,0.00002000
58,8,3,0.00003000
60,8,2,0.00002000
64,8,3,0.00003000
68,8,2,0.00002000
74,8,2,0.00002000
-69,9,3,0.00003000
-67,9,1,0.00001000
-63,9,1,0.00001000
-61,9,3,0.00003000
-59,9,3,0.00003000
-55,9,3,0.00003000
-53,9,5,0.00005000
-51,9,2,0.00002000
-49,9,5,0.00005000
-47,9,7,0.00007000
-45,9,4,0.00004000
-43,9,8,0.00008000
-41,9,10,0.00010000
-39,9,11,0.00011000
-37,9,10,0.00010000
-35,9,20,0.00020000
-33,9,25,0.00025000
-31,9,16,0.00016000
-29,9,28,0.00028000
-27,9,26,0.00026000
-25,9,37,0.00037000
-23,9,33,0.00033000
-21,9,46,0.00046000
-19,9,45,0.00045000
-17,9,38,0.00038000
-15,9,47,0.00047000
-13,9,50,0.00050000
-11,9,44,0.00044000
-9,9,56,0.00056000
-7,9,63,0.00063000
-5,9,55,0.00055000
-3,9,59,0.00059000
-1,9,57,0.00057000
1,9,50,0.00050000
3,9,52,0.00052000
5,9,66,0.00066000
7,9,60,0.00060000
9,9,62,0.00062000
11,9,53,0.00053000
13,9,48,0.00048000
15,9,43,0.00043000
17,9,48,0.00048000
19,9,37,0.00037000
21,9,39,0.00039000
23,9,25,0.00025000
25,9,31,0.00031000
27,9,28,0.00028000
29,9,32,0.00032000
31,9,21,0.00021000
33,9,17,0.00017000
35,9,23,0.00023000
37,9,26,0.00026000
39,9,10,0.00010000
41,9,13,0.00013000
43,9,9,0.00009000
45,9,5,0.00005000
47,9,8,0.00008000
49,9,3,0.00003000
53,9,1,0.00001000
55,9,4,0.00004000
57,9,5,0.00005000
59,9,3,0.00003000
61,9,2,0.00002000
63,9,1,0.00001000
65,9,1,0.00001000
71,9,1,0.00001000
-72,10,1,0.00001000
-66,10,2,0.00002000
-64,10,2,0.00002000
-62,10,3,0.00003000
-60,10,1,0.00001000
-58,10,3,0.00003000
-56,10,3,0.00003000
-54,10,7,0.00007000
-52,10,4,0.00004000
-50,10,7,0.00007000
-48,10,8,0.00008000
-46,10,6,0.00006000
-44,10,11,0.00011000
-42,10,11,0.00011000
-40,10,7,0.00007000
-38,10,9,0.00009000
-36,10,10,0.00010000
-34,10,14,0.00014000
-32,10,19,0.00019000
-30,10,20,0.00020000
-28,10,37,0.00037000
-26,10,23,0.00023000
-24,10,34,0.00034000
-22,10,32,0.00032000
-20,10,32,0.00032000
-18,10,33,0.00033000
-16,10,56,0.00056000
-14,10,55,0.00055000
-12,10,61,0.00061000
-10,10,51,0.00051000
-8,10,53,0.00053000
-6,10,43,0.00043000
-4,10,64,0.00064000
-2,10,68,0.00068000
0,10,56,0.00056000
2,10,65,0.00065000
4,10,43,0.00043000
6,10,66,0.00066000
8,10,48,0.00048000
10,10,57,0.00057000
12,10,55,0.00055000
14,10,50,0.00050000
16,10,56,0.00056000
18,10,34,0.00034000
20,10,33,0.00033000
22,10,40,0.00040000
24,10,32,0.00032000
26,10,36,0.00036000
28,10,18,0.00018000
30,10,24,0.00024000
32,10,20,0.00020000
34,10,22,0.00022000
36,10,10,0.00010000
38,10,9,0.00009000
40,10,6,0.00006000
42,10,11,0.00011000
44,10,7,0.00007000
46,10,7,0.00007000
48,10,6,0.00006000
50,10,7,0.00007000
52,10,3,0.00003000
54,10,6,0.00006000
56,10,2,0.00002000
58,10,3,0.00003000
60,10,3,0.00003000
62,10,1,0.00001000
64,10,2,0.00002000
66,10,2,0.00002000
70,10,2,0.00002000
74,10,1,0.00001000
76,10,1,0.00001000
80,10,1,0.00001000
-71,11,1,0.00001000
-69,11,1,0.00001000
-67,11,2,0.00002000
-65,11,2,0.00002000
-63,11,1,0.00001000
-61,11,2,0.00002000
-59,11,2,0.00002000
-57,11,3,0.00003000
-55,11,2,0.00002000
-53,11,3,0.00003000
-51,11,3,0.00003000
-49,11,6,0.00006000
-47,11,3,0.00003000
-45,11,3,0.00003000
-43,11,9,0.00009000
-41,11,8,0.00008000
-39,11,9,0.00009000
-37,11,13,0.00013000
-35,11,10,0.00010000
-33,11,19,0.00019000
-31,11,26,0.00026000
-29,11,27,0.00027000
-27,11,26,0.00026000
-25,11,31,0.00031000
-23,11,36,0.00036000
-21,11,36,0.00036000
-19,11,37,0.00037000
-17,11,39,0.00039000
-15,11,50,0.00050000
-13,11,51,0.00051000
-11,11,60,0.00060000
-9,11,63,0.00063000
-7,11,60,0.00060000
-5,11,50,0.00050000
-3,11,58,0.00058000
-1,11,62,0.00062000
1,11,51,0.00051000
3,11,50,0.00050000
5,11,46,0.00046000
7,11,39,0.00039000
9,11,58,0.00058000
11,11,57,0.00057000
13,11,40,0.00040000
15,11,38,0.00038000
17,11,30,0.00030000
19,11,37,0.00037000
21,11,36,0.00036000
23,11,40,0.00040000
25,11,29,0.00029000
27,11,33,0.00033000
29,11,23,0.00023000
31,11,20,0.00020000
33,11,21,0.00021000
35,11,14,0.00014000
37,11,21,0.00021000
39,11,13,0.00013000
41,11,6,0.00006000
43,11,13,0.00013000
45,11,7,0.00007000
47,11,5,0.00005000
49,11,5,0.00005000
51,11,4,0.00004000
53,11,4,0.00004000
55,11,2,0.00002000
59,11,1,0.00001000
63,11,2,0.00002000
65,11,2,0.00002000
67,11,3,0.00003000
77,11,1,0.00001000
-80,12,2,0.00002000
-78,12,1,0.00001000
-70,12,1,0.00001000
-64,12,1,0.00001000
-62,12,3,0.00003000
-58,12,2,0.00002000
-56,12,1,0.00001000
-54,12,3,0.00003000
-52,12,2,0.00002000
-50,12,4,0.00004000
-48,12,4,0.00004000
-46,12,4,0.00004000
-44,12,5,0.00005000
-42,12,8,0.00008000
-40,12,10,0.00010000
-38,12,19,0.00019000
-36,12,12,0.00012000
-34,12,15,0.00015000
-32,12,22,0.00022000
-30,12,26,0.00026000
-28,12,20,0.00020000
-26,12,31,0.00031000
-24,12,28,0.00028000
-22,12,42,0.00042000
-20,12,35,0.00035000
-18,12,35,0.00035000
-16,12,49,0.00049000
-14,12,42,0.00042000
-12,12,55,0.00055000
-10,12,41,0.00041000
-8,12,57,0.00057000
-6,12,57,0.00057000
-4,12,57,0.00057000
-2,12,70,0.00070000
0,12,71,0.00071000
2,12,49,0.00049000
4,12,61,0.00061000
6,12,54,0.00054000
8,12,44,0.00044000
10,12,48,0.00048000
12,12,39,0.00039000
14,12,41,0.00041000
16,12,44,0.00044000
18,12,42,0.00042000
20,12,36,0.00036000
22,12,33,0.00033000
24,12,31,0.00031000
26,12,32,0.00032000
28,12,30,0.00030000
30,12,27,0.00027000
32,12,19,0.00019000
34,12,18,0.00018000
36,12,14,0.00014000
38,12,23,0.00023000
40,12,9,0.00009000
42,12,10,0.00010000
44,12,9,0.00009000
46,12,7,0.00007000
48,12,8,0.00008000
50,12,2,0.00002000
52,12,1,0.00001000
54,12,3,0.00003000
56,12,1,0.00001000
58,12,4,0.00004000
62,12,2,0.00002000
64,12,1,0.00001000
66,12,1,0.00001000
-75,13,1,0.00001000
-71,13,1,0.00001000
-65,13,1,0.00001000
-63,13,1,0.00001000
-61,13,3,0.00003000
-59,13,2,0.00002000
-57,13,5,0.00005000
-55,13,4,0.00004000
-53,13,3,0.00003000
-51,13,1,0.00001000
-49,13,7,0.00007000
-47,13,8,0.00008000
-45,13,4,0.00004000
-43,13,7,0.00007000
-41,13,9,0.00009000
-39,13,11,0.00011000
-37,13,11,0.00011000
-35,13,11,0.00011000
-33,13,12,0.00012000
-31,13,15,0.00015000
-29,13,19,0.00019000
-27,13,24,0.00024000
-25,13,31,0.00031000
-23,13,15,0.00015000
-21,13,36,0.00036000
-19,13,33,0.00033000
-17,13,41,0.00041000
-15,13,46,0.00046000
-13,13,44,0.00044000
-11,13,47,0.00047000
-9,13,61,0.00061000
-7,13,49,0.00049000
-5,13,63,0.00063000
-3,13,49,0.00049000
-1,13,58,0.00058000
1,13,63,0.00063000
3,13,48,0.00048000
5,13,53,0.00053000
7,13,47,0.00047000
9,13,56,0.00056000
11,13,49,0.00049000
13,13,48,0.00048000
15,13,47,0.00047000
17,13,46,0.00046000
19,13,57,0.00057000
21,13,37,0.00037000
23,13,34,0.00034000
25,13,32,0.00032000
27,13,25,0.00025000
29,13,21,0.00021000
31,13,19,0.00019000
33,13,19,0.00019000
35,13,23,0.00023000
37,13,17,0.00017000
39,13,6,0.00006000
41,13,11,0.00011000
43,13,9,0.00009000
45,13,3,0.00003000
47,13,5,0.00005000
49,13,5,0.00005000
51,13,4,0.00004000
53,13,4,0.00004000
55,13,2,0.00002000
57,13,2,0.00002000
61,13,1,0.00001000
63,13,1,0.00001000
65,13,1,0.00001000
67,13,2,0.00002000
69,13,3,0.00003000
71,13,1,0.00001000
-106,14,1,0.00001000
-68,14,1,0.00001000
-66,14,1,0.00001000
-64,14,1,0.00001000
-62,14,1,0.00001000
-60,14,2,0.00002000
-58,14,1,0.00001000
-54,14,4,0.00004000
-52,14,1,0.00001000
-50,14,4,0.00004000
-48,14,4,0.00004000
-46,14,6,0.00006000
-44,14,8,0.00008000
-42,14,10,0.00010000
-40,14,5,0.00005000
-38,14,12,0.00012000
-36,14,17,0.00017000
-34,14,19,0.00019000
-32,14,21,0.00021000
-30,14,13,0.00013000
-28,14,22,0.00022000
-26,14,28,0.00028000
-24,14,24,0.00024000
-22,14,27,0.00027000
-20,14,32,0.00032000
-18,14,35,0.00035000
-16,14,31,0.00031000
-14,14,47,0.00047000
-12,14,53,0.00053000
-10,14,55,0.00055000
-8,14,43,0.00043000
-6,14,47,0.00047000
-4,14,61,0.00061000
-2,14,38,0.00038000
0,14,37,0.00037000
2,14,50,0.00050000
4,14,52,0.00052000
6,14,39,0.00039000
8,14,54,0.00054000
10,14,44,0.00044000
12,14,41,0.00041000
14,14,46,0.00046000
16,14,34,0.00034000
18,14,36,0.00036000
20,14,31,0.00031000
22,14,36,0.00036000
24,14,32,0.00032000
26,14,25,0.00025000
28,14,28,0.00028000
30,14,12,0.00012000
32,14,20,0.00020000
34,14,17,0.00017000
36,14,12,0.00012000
38,14,17,0.00017000
40,14,11,0.00011000
42,14,14,0.00014000
44,14,6,0.00006000
46,14,7,0.00007000
48,14,3,0.00003000
50,14,4,0.00004000
52,14,6,0.00006000
54,14,3,0.00003000
56,14,1,0.00001000
58,14,2,0.00002000
60,14,5,0.00005000
62,14,2,0.00002000
72,14,1,0.00001000
74,14,1,0.00001000
-75,15,2,0.00002000
-69,15,1,0.00001000
-61,15,4,0.00004000
-57,15,3,0.00003000
-55,15,4,0.00004000
-51,15,4,0.00004000
-49,15,5,0.00005000
-47,15,9,0.00009000
-45,15,11,0.00011000
-43,15,9,0.00009000
-41,15,10,0.00010000
-39,15,10,0.00010000
-37,15,14,0.00014000
-35,15,16,0.00016000
-33,15,15,0.00015000
-31,15,20,0.00020000
-29,15,21,0.00021000
-27,15,29,0.00029000
-25,15,28,0.00028000
-23,15,30,0.00030000
-21,15,29,0.00029000
-19,15,37,0.00037000
-17,15,40,0.00040000
-15,15,38,0.00038000
-13,15,46,0.00046000
-11,15,37,0.00037000
-9,15,36,0.00036000
-7,15,45,0.00045000
-5,15,39,0.00039000
-3,15,47,0.00047000
-1,15,67,0.00067000
1,15,64,0.00064000
3,15,47,0.00047000
5,15,43,0.00043000
7,15,50,0.00050000
9,15,46,0.00046000
11,15,52,0.00052000
13,15,44,0.00044000
15,15,38,0.00038000
17,15,22,0.00022000
19,15,33,0.00033000
21,15,34,0.00034000
23,15,29,0.00029000
25,15,34,0.00034000
27,15,20,0.00020000
29,15,11,0.00011000
31,15,15,0.00015000
33,15,19,0.00019000
35,15,18,0.00018000
37,15,16,0.00016000
39,15,9,0.00009000
41,15,8,0.00008000
43,15,10,0.00010000
45,15,7,0.00007000
47,15,6,0.00006000
49,15,3,0.00003000
51,15,7,0.00007000
53,15,4,0.00004000
55,15,5,0.00005000
57,15,2,0.00002000
63,15,2,0.00002000
65,15,1,0.00001000
85,15,1,0.00001000
-66,16,1,0.00001000
-60,16,3,0.00003000
-58,16,4,0.00004000
-56,16,5,0.00005000
-54,16,1,0.00001000
-52,16,2,0.00002000
-50,16,5,0.00005000
-48,16,1,0.00001000
-46,16,6,0.00006000
-44,16,5,0.00005000
-42,16,5,0.00005000
-40,16,7,0.00007000
-38,16,10,0.00010000
-36,16,18,0.00018000
-34,16,19,0.00019000
-32,16,20,0.00020000
-30,16,13,0.00013000
-28,16,27,0.00027000
-26,16,35,0.00035000
-24,16,37,0.00037000
-22,16,25,0.00025000
-20,16,29,0.00029000
-18,16,36,0.00036000
-16,16,45,0.00045000
-14,16,36,0.00036000
-12,16,41,0.00041000
-10,16,46,0.00046000
-8,16,54,0.00054000
-6,16,48,0.00048000
-4,16,56,0.00056000
-2,16,46,0.00046000
0,16,36,0.00036000
2,16,44,0.00044000
4,16,45,0.00045000
6,16,46,0.00046000
8,16,35,0.00035000
10,16,35,0.00035000
12,16,52,0.00052000
14,16,36,0.00036000
16,16,40,0.00040000
18,16,33,0.00033000
20,16,36,0.00036000
22,16,27,0.00027000
24,16,35,0.00035000
26,16,20,0.00020000
28,16,18,0.00018000
30,16,19,0.00019000
32,16,33,0.00033000
34,16,17,0.00017000
36,16,13,0.00013000
38,16,14,0.00014000
40,16,12,0.00012000
42,16,6,0.00006000
44,16,10,0.00010000
46,16,7,0.00007000
48,16,6,0.00006000
50,16,5,0.00005000
52,16,7,0.00007000
54,16,1,0.00001000
56,16,1,0.00001000
58,16,3,0.00003000
60,16,5,0.00005000
62,16,1,0.00001000
66,16,1,0.00001000
76,16,1,0.00001000
-75,17,1,0.00001000
-69,17,1,0.00001000
-63,17,2,0.00002000
-61,17,1,0.00001000
-59,17,3,0.00003000
-57,17,3,0.00003000
-55,17,2,0.00002000
-53,17,3,0.00003000
-51,17,4,0.00004000
-49,17,5,0.00005000
-47,17,4,0.00004000
-45,17,5,0.00005000
-43,17,6,0.00006000
-41,17,6,0.00006000
-39,17,8,0.00008000
-37,17,11,0.00011000
-35,17,14,0.00014000
-33,17,14,0.00014000
-31,17,29,0.00029000
-29,17,15,0.00015000
-27,17,29,0.00029000
-25,17,22,0.00022000
-23,17,32,0.00032000
-21,17,41,0.00041000
-19,17,42,0.00042000
-17,17,24,0.00024000
-15,17,37,0.00037000
-13,17,51,0.00051000
-11,17,35,0.00035000
-9,17,47,0.00047000
-7,17,53,0.00053000
-5,17,51,0.00051000
-3,17,44,0.00044000
-1,17,43,0.00043000
1,17,52,0.00052000
3,17,44,0.00044000
5,17,48,0.00048000
7,17,40,0.00040000
9,17,52,0.00052000
11,17,47,0.00047000
13,17,44,0.00044000
15,17,43,0.00043000
17,17,35,0.00035000
19,17,33,0.00033000
21,17,31,0.00031000
23,17,19,0.00019000
25,17,32,0.00032000
27,17,29,0.00029000
29,17,20,0.00020000
31,17,20,0.00020000
33,17,12,0.00012000
35,17,16,0.00016000
37,17,11,0.00011000
39,17,5,0.00005000
41,17,10,0.00010000
43,17,7,0.00007000
45,17,4,0.00004000
47,17,2,0.00002000
49,17,3,0.00003000
51,17,1,0.00001000
53,17,3,0.00003000
55,17,2,0.00002000
59,17,1,0.00001000
61,17,1,0.00001000
63,17,1,0.00001000
65,17,1,0.00001000
69,17,1,0.00001000
71,17,1,0.00001000
-82,18,2,0.00002000
-68,18,1,0.00001000
-64,18,1,0.00001000
-60,18,2,0.00002000
-58,18,1,0.00001000
-56,18,1,0.00001000
-54,18,3,0.00003000
-52,18,3,0.00003000
-50,18,4,0.00004000
-48,18,4,0.00004000
-46,18,4,0.00004000
-44,18,3,0.00003000
-42,18,8,0.00008000
-40,18,10,0.00010000
-38,18,12,0.00012000
-36,18,15,0.00015000
-34,18,17,0.00017000
-32,18,12,0.00012000
-30,18,16,0.00016000
-28,18,22,0.00022000
-26,18,20,0.00020000
-24,18,18,0.00018000
-22,18,19,0.00019000
-20,18,29,0.00029000
-18,18,22,0.00022000
-16,18,33,0.00033000
-14,18,30,0.00030000
-12,18,43,0.00043000
-10,18,42,0.00042000
-8,18,40,0.00040000
-6,18,42,0.00042000
-4,18,41,0.00041000
-2,18,39,0.00039000
0,18,45,0.00045000
2,18,52,0.00052000
4,18,43,0.00043000
6,18,46,0.00046000
8,18,54,0.00054000
10,18,45,0.00045000
12,18,40,0.00040000
14,18,28,0.00028000
16,18,45,0.00045000
18,18,34,0.00034000
20,18,41,0.00041000
22,18,34,0.00034000
24,18,27,0.00027000
26,18,14,0.00014000
28,18,21,0.00021000
30,18,19,0.00019000
32,18,20,0.00020000
34,18,14,0.00014000
36,18,12,0.00012000
38,18,14,0.00014000
40,18,5,0.00005000
42,18,16,0.00016000
44,18,6,0.00006000
46,18,10,0.00010000
48,18,3,0.00003000
50,18,6,0.00006000
52,18,1,0.00001000
54,18,2,0.00002000
56,18,1,0.00001000
58,18,3,0.00003000
60,18,1,0.00001000
62,18,1,0.00001000
78,18,2,0.00002000
-75,19,1,0.00001000
-59,19,3,0.00003000
-57,19,2,0.00002000
-55,19,1,0.00001000
-53,19,2,0.00002000
-51,19,2,0.00002000
-49,19,3,0.00003000
-47,19,4,0.00004000
-45,19,3,0.00003000
-43,19,9,0.00009000
-41,19,5,0.00005000
-39,19,7,0.00007000
-37,19,9,0.00009000
-35,19,12,0.00012000
-33,19,17,0.00017000
-31,19,22,0.00022000
-29,19,10,0.00010000
-27,19,19,0.00019000
-25,19,25,0.00025000
-23,19,34,0.00034000
-21,19,30,0.00030000
-19,19,26,0.00026000
-17,19,27,0.00027000
-15,19,31,0.00031000
-13,19,27,0.00027000
-11,19,44,0.00044000
-9,19,22,0.00022000
-7,19,46,0.00046000
-5,19,40,0.00040000
-3,19,29,0.00029000
-1,19,53,0.00053000
1,19,42,0.00042000
3,19,48,0.00048000
5,19,48,0.00048000
7,19,47,0.00047000
9,19,41,0.00041000
11,19,25,0.00025000
13,19,42,0.00042000
15,19,31,0.00031000
17,19,43,0.00043000
19,19,29,0.00029000
21,19,30,0.00030000
23,19,22,0.00022000
25,19,24,0.00024000
27,19,20,0.00020000
29,19,15,0.00015000
31,19,16,0.00016000
33,19,19,0.00019000
35,19,13,0.00013000
37,19,8,0.00008000
39,19,7,0.00007000
41,19,9,0.00009000
43,19,6,0.00006000
45,19,5,0.00005000
47,19,4,0.00004000
49,19,7,0.00007000
51,19,6,0.00006000
55,19,1,0.00001000
57,19,3,0.00003000
61,19,1,0.00001000
63,19,2,0.00002000
65,19,1,0.00001000
71,19,1,0.00001000
77,19,1,0.00001000
-84,20,1,0.00001000
-68,20,2,0.00002000
-66,20,1,0.00001000
-62,20,3,0.00003000
-60,20,1,0.00001000
-56,20,2,0.00002000
-54,20,1,0.00001000
-52,20,4,0.00004000
-50,20,3,0.00003000
-48,20,8,0.00008000
-46,20,8,0.00008000
-44,20,12,0.00012000
-42,20,5,0.00005000
-40,20,8,0.00008000
-38,20,9,0.00009000
-36,20,14,0.00014000
-34,20,16,0.00016000
-32,20,17,0.00017000
-30,20,17,0.00017000
-28,20,11,0.00011000
-26,20,20,0.00020000
-24,20,20,0.00020000
-22,20,36,0.00036000
-20,20,31,0.00031000
-18,20,33,0.00033000
-16,20,33,0.00033000
-14,20,25,0.00025000
-12,20,37,0.00037000
-10,20,40,0.00040000
-8,20,32,0.00032000
-6,20,32,0.00032000
-4,20,48,0.00048000
-2,20,54,0.00054000
0,20,35,0.00035000
2,20,50,0.00050000
4,20,40,0.00040000
6,20,43,0.00043000
8,20,36,0.00036000
10,20,35,0.00035000
12,20,38,0.00038000
14,20,44,0.00044000
16,20,28,0.00028000
18,20,33,0.00033000
20,20,33,0.00033000
22,20,25,0.00025000
24,20,12,0.00012000
26,20,19,0.00019000
28,20,16,0.00016000
30,20,17,0.00017000
32,20,16,0.00016000
34,20,13,0.00013000
36,20,9,0.00009000
38,20,7,0.00007000
40,20,14,0.00014000
42,20,4,0.00004000
44,20,5,0.00005000
46,20,8,0.00008000
48,20,4,0.00004000
50,20,3,0.00003000
52,20,6,0.00006000
54,20,4,0.00004000
56,20,2,0.00002000
58,20,3,0.00003000
64,20,2,0.00002000
70,20,1,0.00001000
-71,21,1,0.00001000
-67,21,2,0.00002000
-59,21,3,0.00003000
-55,21,1,0.00001000
-53,21,2,0.00002000
-51,21,5,0.00005000
-49,21,6,0.00006000
-47,21,4,0.00004000
-45,21,2,0.00002000
-43,21,4,0.00004000
-41,21,7,0.00007000
-39,21,9,0.00009000
-37,21,9,0.00009000
-35,21,13,0.00013000
-33,21,18,0.00018000
-31,21,10,0.00010000
-29,21,13,0.00013000
-27,21,22,0.00022000
-25,21,30,0.00030000
-23,21,35,0.00035000
-21,21,34,0.00034000
-19,21,25,0.00025000
-17,21,29,0.00029000
-15,21,22,0.00022000
-13,21,37,0.00037000
-11,21,39,0.00039000
-9,21,53,0.00053000
-7,21,25,0.00025000
-5,21,33,0.00033000
-3,21,43,0.00043000
-1,21,39,0.00039000
1,21,36,0.00036000
3,21,32,0.00032000
5,21,33,0.00033000
7,21,36,0.00036000
9,21,40,0.00040000
11,21,26,0.00026000
13,21,43,0.00043000
15,21,40,0.00040000
17,21,41,0.00041000
19,21,31,0.00031000
21,21,31,0.00031000
23,21,21,0.00021000
25,21,30,0.00030000
27,21,14,0.00014000
29,21,20,0.00020000
31,21,17,0.00017000
33,21,14,0.00014000
35,21,12,0.00012000
37,21,8,0.00008000
39,21,8,0.00008000
41,21,6,0.00006000
43,21,11,0.00011000
45,21,6,0.00006000
47,21,2,0.00002000
49,21,1,0.00001000
51,21,4,0.00004000
53,21,9,0.00009000
57,21,1,0.00001000
59,21,3,0.00003000
61,21,2,0.00002000
65,21,1,0.00001000
69,21,1,0.00001000
75,21,1,0.00001000
-66,22,1,0.00001000
-64,22,1,0.00001000
-62,22,1,0.00001000
-60,22,2,0.00002000
-56,22,2,0.00002000
-54,22,3,0.00003000
-52,22,3,0.00003000
-50,22,4,0.00004000
-48,22,4,0.00004000
-46,22,5,0.00005000
-44,22,10,0.00010000
-42,22,8,0.00008000
-40,22,8,0.00008000
-38,22,5,0.00005000
-36,22,10,0.00010000
-34,22,14,0.00014000
-32,22,20,0.00020000
-30,22,10,0.00010000
-28,22,12,0.00012000
-26,22,23,0.00023000
-24,22,22,0.00022000
-22,22,23,0.00023000
-20,22,30,0.00030000
-18,22,38,0.00038000
-16,22,37,0.00037000
-14,22,30,0.00030000
-12,22,41,0.00041000
-10,22,28,0.00028000
-8,22,26,0.00026000
-6,22,33,0.00033000
-4,22,35,0.00035000
-2,22,34,0.00034000
0,22,40,0.00040000
2,22,39,0.00039000
4,22,35,0.00035000
6,22,45,0.00045000
8,22,33,0.00033000
10,22,36,0.00036000
12,22,36,0.00036000
14,22,37,0.00037000
16,22,26,0.00026000
18,22,29,0.00029000
20,22,27,0.00027000
22,22,22,0.00022000
24,22,18,0.00018000
26,22,11,0.00011000
28,22,11,0.00011000
30,22,21,0.00021000
32,22,10,0.00010000
34,22,12,0.00012000
36,22,8,0.00008000
38,22,10,0.00010000
40,22,7,0.00007000
42,22,3,0.00003000
44,22,5,0.00005000
46,22,5,0.00005000
48,22,6,0.00006000
50,22,4,0.00004000
52,22,2,0.00002000
56,22,2,0.00002000
58,22,1,0.00001000
60,22,1,0.00001000
62,22,2,0.00002000
74,22,1,0.00001000
-75,23,1,0.00001000
-73,23,1,0.00001000
-61,23,1,0.00001000
-59,23,3,0.00003000
-57,23,2,0.00002000
-55,23,2,0.00002000
-53,23,1,0.00001000
-51,23,5,0.00005000
-49,23,3,0.00003000
-47,23,5,0.00005000
-45,23,6,0.00006000
-43,23,4,0.00004000
-41,23,6,0.00006000
-39,23,8,0.00008000
-37,23,8,0.00008000
-35,23,5,0.00005000
-33,23,11,0.00011000
-31,23,17,0.00017000
-29,23,5,0.00005000
-27,23,24,0.00024000
-25,23,13,0.00013000
-23,23,32,0.00032000
-21,23,32,0.00032000
-19,23,25,0.00025000
-17,23,34,0.00034000
-15,23,28,0.00028000
-13,23,36,0.00036000
-11,23,35,0.00035000
-9,23,28,0.00028000
-7,23,44,0.00044000
-5,23,48,0.00048000
-3,23,28,0.00028000
-1,23,37,0.00037000
1,23,32,0.00032000
3,23,34,0.00034000
5,23,39,0.00039000
7,23,42,0.00042000
9,23,31,0.00031000
11,23,35,0.00035000
13,23,27,0.00027000
15,23,36,0.00036000
17,23,25,0.00025000
19,23,25,0.00025000
21,23,18,0.00018000
23,23,23,0.00023000
25,23,18,0.00018000
27,23,21,0.00021000
29,23,17,0.00017000
31,23,19,0.00019000
33,23,13,0.00013000
35,23,9,0.00009000
37,23,8,0.00008000
39,23,12,0.00012000
41,23,7,0.00007000
43,23,7,0.00007000
45,23,6,0.00006000
47,23,3,0.00003000
49,23,2,0.00002000
51,23,4,0.00004000
53,23,4,0.00004000
55,23,2,0.00002000
59,23,2,0.00002000
61,23,1,0.00001000
67,23,1,0.00001000
69,23,2,0.00002000
79,23,2,0.00002000
-74,24,1,0.00001000
-60,24,1,0.00001000
-58,24,1,0.00001000
-56,24,1,0.00001000
-54,24,2,0.00002000
-52,24,3,0.00003000
-50,24,2,0.00002000
-48,24,5,0.00005000
-46,24,3,0.00003000
-44,24,7,0.00007000
-42,24,4,0.00004000
-40,24,5,0.00005000
-38,24,7,0.00007000
-36,24,13,0.00013000
-34,24,5,0.00005000
-32,24,13,0.00013000
-30,24,9,0.00009000
-28,24,20,0.00020000
-26,24,18,0.00018000
-24,24,21,0.00021000
-22,24,17,0.00017000
-20,24,27,0.00027000
-18,24,24,0.00024000
-16,24,30,0.00030000
-14,24,26,0.00026000
-12,24,21,0.00021000
-10,24,38,0.00038000
-8,24,31,0.00031000
-6,24,32,0.00032000
-4,24,35,0.00035000
-2,24,40,0.00040000
0,24,34,0.00034000
2,24,29,0.00029000
4,24,39,0.00039000
6,24,34,0.00034000
8,24,50,0.00050000
10,24,29,0.00029000
12,24,27,0.00027000
14,24,25,0.00025000
16,24,24,0.00024000
18,24,23,0.00023000
20,24,16,0.00016000
22,24,24,0.00024000
24,24,19,0.00019000
26,24,21,0.00021000
28,24,28,0.00028000
30,24,16,0.00016000
32,24,16,0.00016000
34,24,11,0.00011000
36,24,5,0.00005000
38,24,7,0.00007000
40,24,8,0.00008000
42,24,6,0.00006000
44,24,9,0.00009000
46,24,2,0.00002000
48,24,5,0.00005000
50,24,7,0.00007000
52,24,2,0.00002000
56,24,3,0.00003000
60,24,2,0.00002000
62,24,1,0.00001000
64,24,2,0.00002000
68,24,1,0.00001000
70,24,1,0.00001000
80,24,1,0.00001000
-77,25,2,0.00002000
-65,25,1,0.00001000
-63,25,1,0.00001000
-61,25,2,0.00002000
-59,25,1,0.00001000
-57,25,1,0.00001000
-55,25,4,0.00004000
-53,25,2,0.00002000
-51,25,1,0.00001000
-49,25,3,0.00003000
-47,25,6,0.00006000
-45,25,3,0.00003000
-43,25,5,0.00005000
-41,25,10,0.00010000
-39,25,7,0.00007000
-37,25,7,0.00007000
-35,25,10,0.00010000
-33,25,15,0.00015000
-31,25,15,0.00015000
-29,25,16,0.00016000
-27,25,17,0.00017000
-25,25,15,0.00015000
-23,25,23,0.00023000
-21,25,23,0.00023000
-19,25,23,0.00023000
-17,25,29,0.00029000
-15,25,32,0.00032000
-13,25,33,0.00033000
-11,25,25,0.00025000
-9,25,30,0.00030000
-7,25,26,0.00026000
-5,25,28,0.00028000
-3,25,37,0.00037000
-1,25,29,0.00029000
1,25,34,0.00034000
3,25,33,0.00033000
5,25,24,0.00024000
7,25,20,0.00020000
9,25,34,0.00034000
11,25,25,0.00025000
13,25,38,0.00038000
15,25,30,0.00030000
17,25,32,0.00032000
19,25,25,0.00025000
21,25,18,0.00018000
23,25,17,0.00017000
25,25,19,0.00019000
27,25,12,0.00012000
29,25,10,0.00010000
31,25,8,0.00008000
33,25,13,0.00013000
35,25,7,0.00007000
37,25,15,0.00015000
39,25,6,0.00006000
41,25,8,0.00008000
43,25,7,0.00007000
45,25,8,0.00008000
47,25,3,0.00003000
49,25,2,0.00002000
51,25,4,0.00004000
53,25,3,0.00003000
55,25,2,0.00002000
57,25,1,0.00001000
59,25,1,0.00001000
61,25,3,0.00003000
63,25,1,0.00001000
65,25,1,0.00001000
67,25,1,0.00001000
-70,26,1,0.00001000
-64,26,1,0.00001000
-58,26,2,0.00002000
-56,26,1,0.00001000
-52,26,2,0.00002000
-48,26,3,0.00003000
-46,26,6,0.00006000
-44,26,5,0.00005000
-42,26,7,0.00007000
-40,26,7,0.00007000
-38,26,9,0.00009000
-36,26,9,0.00009000
-34,26,9,0.00009000
-32,26,17,0.00017000
-30,26,12,0.00012000
-28,26,16,0.00016000
-26,26,16,0.00016000
-24,26,15,0.00015000
-22,26,10,0.00010000
-20,26,25,0.00025000
-18,26,26,0.00026000
-16,26,23,0.00023000
-14,26,24,0.00024000
-12,26,31,0.00031000
-10,26,41,0.00041000
-8,26,31,0.00031000
-6,26,27,0.00027000
-4,26,25,0.00025000
-2,26,31,0.00031000
0,26,42,0.00042000
2,26,39,0.00039000
4,26,27,0.00027000
6,26,39,0.00039000
8,26,35,0.00035000
10,26,26,0.00026000
12,26,21,0.00021000
14,26,26,0.00026000
16,26,25,0.00025000
18,26,22,0.00022000
20,26,18,0.00018000
22,26,23,0.00023000
24,26,15,0.00015000
26,26,18,0.00018000
28,26,13,0.00013000
30,26,13,0.00013000
32,26,7,0.00007000
34,26,7,0.00007000
36,26,16,0.00016000
38,26,2,0.00002000
40,26,7,0.00007000
42,26,7,0.00007000
44,26,3,0.00003000
48,26,4,0.00004000
50,26,3,0.00003000
52,26,3,0.00003000
54,26,2,0.00002000
56,26,1,0.00001000
58,26,2,0.00002000
60,26,1,0.00001000
68,26,1,0.00001000
-67,27,1,0.00001000
-61,27,1,0.00001000
-57,27,1,0.00001000
-55,27,3,0.00003000
-53,27,1,0.00001000
-51,27,3,0.00003000
-49,27,2,0.00002000
-47,27,4,0.00004000
-45,27,3,0.00003000
-43,27,2,0.00002000
-41,27,6,0.00006000
-39,27,6,0.00006000
-37,27,9,0.00009000
-35,27,4,0.00004000
-33,27,6,0.00006000
-31,27,12,0.00012000
-29,27,12,0.00012000
-27,27,16,0.00016000
-25,27,17,0.00017000
-23,27,19,0.00019000
-21,27,18,0.00018000
-19,27,17,0.00017000
-17,27,29,0.00029000
-15,27,28,0.00028000
-13,27,32,0.00032000
-11,27,26,0.00026000
-9,27,21,0.00021000
-7,27,19,0.00019000
-5,27,40,0.00040000
-3,27,40,0.00040000
-1,27,42,0.00042000
1,27,33,0.00033000
3,27,30,0.00030000
5,27,26,0.00026000
7,27,32,0.00032000
9,27,35,0.00035000
11,27,22,0.00022000
13,27,31,0.00031000
15,27,26,0.00026000
17,27,28,0.00028000
19,27,14,0.00014000
21,27,28,0.00028000
23,27,14,0.00014000
25,27,16,0.00016000
27,27,12,0.00012000
29,27,10,0.00010000
31,27,17,0.00017000
33,27,7,0.00007000
35,27,6,0.00006000
37,27,9,0.00009000
39,27,10,0.00010000
41,27,5,0.00005000
43,27,3,0.00003000
45,27,2,0.00002000
47,27,3,0.00003000
49,27,2,0.00002000
53,27,1,0.00001000
55,27,2,0.00002000
57,27,3,0.00003000
59,27,1,0.00001000
61,27,3,0.00003000
63,27,1,0.00001000
-68,28,1,0.00001000
-62,28,2,0.00002000
-60,28,1,0.00001000
-58,28,1,0.00001000
-54,28,1,0.00001000
-52,28,1,0.00001000
-50,28,2,0.00002000
-48,28,4,0.00004000
-46,28,4,0.00004000
-44,28,8,0.00008000
-42,28,6,0.00006000
-40,28,8,0.00008000
-38,28,6,0.00006000
-36,28,9,0.00009000
-34,28,10,0.00010000
-32,28,9,0.00009000
-30,28,19,0.00019000
-28,28,13,0.00013000
-26,28,16,0.00016000
-24,28,14,0.00014000
-22,28,17,0.00017000
-20,28,21,0.00021000
-18,28,20,0.00020000
-16,28,27,0.00027000
-14,28,25,0.00025000
-12,28,24,0.00024000
-10,28,21,0.00021000
-8,28,23,0.00023000
-6,28,29,0.00029000
-4,28,27,0.00027000
-2,28,44,0.00044000
0,28,32,0.00032000
2,28,26,0.00026000
4,28,33,0.00033000
6,28,32,0.00032000
8,28,39,0.00039000
10,28,21,0.00021000
12,28,26,0.00026000
14,28,30,0.00030000
16,28,21,0.00021000
18,28,22,0.00022000
20,28,19,0.00019000
22,28,18,0.00018000
24,28,22,0.00022000
26,28,20,0.00020000
28,28,12,0.00012000
30,28,17,0.00017000
32,28,13,0.00013000
34,28,9,0.00009000
36,28,8,0.00008000
38,28,10,0.00010000
40,28,8,0.00008000
42,28,7,0.00007000
44,28,2,0.00002000
46,28,5,0.00005000
52,28,2,0.00002000
54,28,2,0.00002000
56,28,2,0.00002000
62,28,1,0.00001000
70,28,1,0.00001000
-65,29,3,0.00003000
-59,29,2,0.00002000
-57,29,4,0.00004000
-55,29,1,0.00001000
-53,29,1,0.00001000
-51,29,2,0.00002000
-49,29,1,0.00001000
-47,29,3,0.00003000
-45,29,7,0.00007000
-43,29,7,0.00007000
-41,29,8,0.00008000
-39,29,5,0.00005000
-37,29,5,0.00005000
-35,29,13,0.00013000
-33,29,9,0.00009000
-31,29,15,0.00015000
-29,29,16,0.00016000
-27,29,13,0.00013000
-25,29,21,0.00021000
-23,29,15,0.00015000
-21,29,17,0.00017000
-19,29,24,0.00024000
-17,29,13,0.00013000
-15,29,19,0.00019000
-13,29,16,0.00016000
-11,29,30,0.00030000
-9,29,18,0.00018000
-7,29,29,0.00029000
-5,29,27,0.00027000
-3,29,22,0.00022000
-1,29,29,0.00029000
1,29,31,0.00031000
3,29,28,0.00028000
5,29,37,0.00037000
7,29,24,0.00024000
9,29,31,0.00031000
11,29,17,0.00017000
13,29,17,0.00017000
15,29,20,0.00020000
17,29,19,0.00019000
19,29,23,0.00023000
21,29,14,0.00014000
23,29,19,0.00019000
25,29,14,0.00014000
27,29,14,0.00014000
29,29,10,0.00010000
31,29,12,0.00012000
33,29,6,0.00006000
35,29,7,0.00007000
37,29,13,0.00013000
39,29,4,0.00004000
41,29,6,0.00006000
43,29,2,0.00002000
45,29,4,0.00004000
47,29,1,0.00001000
49,29,4,0.00004000
51,29,2,0.00002000
53,29,1,0.00001000
55,29,1,0.00001000
57,29,2,0.00002000
59,29,1,0.00001000
61,29,1,0.00001000
67,29,2,0.00002000
-62,30,1,0.00001000
-60,30,2,0.00002000
-58,30,1,0.00001000
-56,30,1,0.00001000
-54,30,2,0.00002000
-52,30,3,0.00003000
-50,30,1,0.00001000
-48,30,3,0.00003000
-46,30,1,0.00001000
-44,30,2,0.00002000
-42,30,2,0.00002000
-40,30,5,0.00005000
-38,30,7,0.00007000
-36,30,5,0.00005000
-34,30,2,0.00002000
-32,30,10,0.00010000
-30,30,15,0.00015000
-28,30,16,0.00016000
-26,30,14,0.00014000
-24,30,16,0.00016000
-22,30,19,0.00019000
-20,30,20,0.00020000
-18,30,16,0.00016000
-16,30,19,0.00019000
-14,30,18,0.00018000
-12,30,19,0.00019000
-10,30,22,0.00022000
-8,30,30,0.00030000
-6,30,24,0.00024000
-4,30,25,0.00025000
-2,30,24,0.00024000
0,30,31,0.00031000
2,30,32,0.00032000
4,30,26,0.00026000
6,30,23,0.00023000
8,30,35,0.00035000
10,30,36,0.00036000
12,30,22,0.00022000
14,30,29,0.00029000
16,30,30,0.00030000
18,30,17,0.00017000
20,30,20,0.00020000
22,30,22,0.00022000
24,30,11,0.00011000
26,30,15,0.00015000
28,30,14,0.00014000
30,30,11,0.00011000
32,30,7,0.00007000
34,30,8,0.00008000
36,30,6,0.00006000
38,30,11,0.00011000
40,30,3,0.00003000
42,30,11,0.00011000
44,30,5,0.00005000
46,30,2,0.00002000
50,30,3,0.00003000
52,30,1,0.00001000
54,30,1,0.00001000
56,30,3,0.00003000
58,30,2,0.00002000
60,30,2,0.00002000
62,30,1,0.00001000
-61,31,1,0.00001000
-55,31,1,0.00001000
-53,31,1,0.00001000
-51,31,2,0.00002000
-49,31,4,0.00004000
-47,31,4,0.00004000
-45,31,4,0.00004000
-43,31,5,0.00005000
-41,31,2,0.00002000
-39,31,4,0.00004000
-37,31,7,0.00007000
-35,31,6,0.00006000
-33,31,12,0.00012000
-31,31,17,0.00017000
-29,31,12,0.00012000
-27,31,4,0.00004000
-25,31,8,0.00008000
-23,31,15,0.00015000
-21,31,18,0.00018000
-19,31,18,0.00018000
-17,31,17,0.00017000
-15,31,20,0.00020000
-13,31,19,0.00019000
-11,31,26,0.00026000
-9,31,17,0.00017000
-7,31,21,0.00021000
-5,31,27,0.00027000
-3,31,24,0.00024000
-1,31,22,0.00022000
1,31,25,0.00025000
3,31,28,0.00028000
5,31,17,0.00017000
7,31,24,0.00024000
9,31,21,0.00021000
11,31,24,0.00024000
13,31,27,0.00027000
15,31,22,0.00022000
17,31,29,0.00029000
19,31,17,0.00017000
21,31,7,0.00007000
23,31,14,0.00014000
25,31,12,0.00012000
27,31,16,0.00016000
29,31,7,0.00007000
31,31,18,0.00018000
33,31,8,0.00008000
35,31,3,0.00003000
37,31,8,0.00008000
39,31,6,0.00006000
41,31,7,0.00007000
43,31,1,0.00001000
45,31,1,0.00001000
47,31,2,0.00002000
49,31,4,0.00004000
51,31,2,0.00002000
57,31,3,0.00003000
67,31,1,0.00001000
75,31,1,0.00001000
-72,32,1,0.00001000
-66,32,1,0.00001000
-62,32,1,0.00001000
-60,32,2,0.00002000
-58,32,1,0.00001000
-56,32,1,0.00001000
-54,32,2,0.00002000
-48,32,5,0.00005000
-46,32,3,0.00003000
-44,32,2,0.00002000
-42,32,6,0.00006000
-40,32,5,0.00005000
-38,32,5,0.00005000
-36,32,9,0.00009000
-34,32,8,0.00008000
-32,32,5,0.00005000
-30,32,9,0.00009000
-28,32,9,0.00009000
-26,32,17,0.00017000
-24,32,8,0.00008000
-22,32,12,0.00012000
-20,32,13,0.00013000
-18,32,13,0.00013000
-16,32,11,0.00011000
-14,32,19,0.00019000
-12,32,22,0.00022000
-10,32,25,0.00025000
-8,32,12,0.00012000
-6,32,21,0.00021000
-4,32,24,0.00024000
-2,32,20,0.00020000
0,32,13,0.00013000
2,32,23,0.00023000
4,32,21,0.00021000
6,32,20,0.00020000
8,32,22,0.00022000
10,32,18,0.00018000
12,32,14,0.00014000
14,32,12,0.00012000
16,32,17,0.00017000
18,32,24,0.00024000
20,32,16,0.00016000
22,32,11,0.00011000
24,32,14,0.00014000
26,32,7,0.00007000
28,32,11,0.00011000
30,32,7,0.00007000
32,32,9,0.00009000
34,32,6,0.00006000
36,32,4,0.00004000
38,32,4,0.00004000
40,32,4,0.00004000
42,32,3,0.00003000
44,32,2,0.00002000
46,32,6,0.00006000
48,32,1,0.00001000
50,32,4,0.00004000
52,32,3,0.00003000
54,32,2,0.00002000
56,32,2,0.00002000
66,32,2,0.00002000
-69,33,1,0.00001000
-61,33,1,0.00001000
-59,33,2,0.00002000
-57,33,1,0.00001000
-53,33,4,0.00004000
-51,33,2,0.00002000
-49,33,2,0.00002000
-47,33,3,0.00003000
-45,33,3,0.00003000
-43,33,1,0.00001000
-41,33,4,0.00004000
-39,33,6,0.00006000
-37,33,4,0.00004000
-35,33,2,0.00002000
-33,33,9,0.00009000
-31,33,11,0.00011000
-29,33,11,0.00011000
-27,33,10,0.00010000
-25,33,17,0.00017000
-23,33,10,0.00010000
-21,33,17,0.00017000
-19,33,11,0.00011000
-17,33,15,0.00015000
-15,33,21,0.00021000
-13,33,11,0.00011000
-11,33,19,0.00019000
-9,33,35,0.00035000
-7,33,23,0.00023000
-5,33,21,0.00021000
-3,33,29,0.00029000
-1,33,28,0.00028000
1,33,28,0.00028000
3,33,24,0.00024000
5,33,20,0.00020000
7,33,15,0.00015000
9,33,24,0.00024000
11,33,16,0.00016000
13,33,13,0.00013000
15,33,13,0.00013000
17,33,15,0.00015000
19,33,7,0.00007000
21,33,9,0.00009000
23,33,10,0.00010000
25,33,15,0.00015000
27,33,13,0.00013000
29,33,11,0.00011000
31,33,6,0.00006000
33,33,7,0.00007000
35,33,6,0.00006000
37,33,4,0.00004000
39,33,7,0.00007000
41,33,4,0.00004000
45,33,2,0.00002000
47,33,3,0.00003000
49,33,2,0.00002000
51,33,2,0.00002000
53,33,3,0.00003000
57,33,1,0.00001000
61,33,1,0.00001000
63,33,1,0.00001000
-54,34,1,0.00001000
-50,34,2,0.00002000
-48,34,1,0.00001000
-44,34,1,0.00001000
-42,34,3,0.00003000
-40,34,7,0.00007000
-38,34,1,0.00001000
-36,34,8,0.00008000
-34,34,4,0.00004000
-32,34,7,0.00007000
-30,34,7,0.00007000
-28,34,8,0.00008000
-26,34,8,0.00008000
-24,34,11,0.00011000
-22,34,14,0.00014000
-20,34,15,0.00015000
-18,34,15,0.00015000
-16,34,14,0.00014000
-14,34,17,0.00017000
-12,34,14,0.00014000
-10,34,15,0.00015000
-8,34,21,0.00021000
-6,34,23,0.00023000
-4,34,24,0.00024000
-2,34,29,0.00029000
0,34,23,0.00023000
2,34,22,0.00022000
4,34,20,0.00020000
6,34,11,0.00011000
8,34,18,0.00018000
10,34,28,0.00028000
12,34,18,0.00018000
14,34,19,0.00019000
16,34,20,0.00020000
18,34,22,0.00022000
20,34,13,0.00013000
22,34,8,0.00008000
24,34,13,0.00013000
26,34,8,0.00008000
28,34,14,0.00014000
30,34,11,0.00011000
32,34,7,0.00007000
34,34,4,0.00004000
36,34,2,0.00002000
38,34,10,0.00010000
40,34,2,0.00002000
42,34,7,0.00007000
44,34,3,0.00003000
46,34,1,0.00001000
48,34,3,0.00003000
60,34,1,0.00001000
62,34,2,0.00002000
-63,35,1,0.00001000
-57,35,1,0.00001000
-55,35,1,0.00001000
-53,35,1,0.00001000
-51,35,2,0.00002000
-49,35,1,0.00001000
-47,35,2,0.00002000
-45,35,4,0.00004000
-43,35,2,0.00002000
-41,35,5,0.00005000
-39,35,1,0.00001000
-37,35,3,0.00003000
-35,35,3,0.00003000
-33,35,6,0.00006000
-31,35,11,0.00011000
-29,35,5,0.00005000
-27,35,10,0.00010000
-25,35,10,0.00010000
-23,35,7,0.00007000
-21,35,10,0.00010000
-19,35,13,0.00013000
-17,35,10,0.00010000
-15,35,21,0.00021000
-13,35,23,0.00023000
-11,35,21,0.00021000
-9,35,24,0.00024000
-7,35,17,0.00017000
-5,35,27,0.00027000
-3,35,17,0.00017000
-1,35,18,0.00018000
1,35,15,0.00015000
3,35,22,0.00022000
5,35,16,0.00016000
7,35,22,0.00022000
9,35,16,0.00016000
11,35,19,0.00019000
13,35,18,0.00018000
15,35,19,0.00019000
17,35,13,0.00013000
19,35,11,0.00011000
21,35,10,0.00010000
23,35,14,0.00014000
25,35,9,0.00009000
27,35,14,0.00014000
29,35,9,0.00009000
31,35,5,0.00005000
33,35,6,0.00006000
35,35,4,0.00004000
37,35,3,0.00003000
39,35,4,0.00004000
41,35,1,0.00001000
43,35,2,0.00002000
45,35,4,0.00004000
47,35,1,0.00001000
49,35,1,0.00001000
51,35,1,0.00001000
53,35,1,0.00001000
55,35,3,0.00003000
63,35,1,0.00001000
73,35,1,0.00001000
77,35,1,0.00001000
81,35,1,0.00001000
-64,36,1,0.00001000
-62,36,1,0.00001000
-56,36,1,0.00001000
-54,36,1,0.00001000
-50,36,2,0.00002000
-48,36,4,0.00004000
-46,36,2,0.00002000
-44,36,2,0.00002000
-42,36,1,0.00001000
-40,36,7,0.00007000
-38,36,6,0.00006000
-36,36,9,0.00009000
-34,36,2,0.00002000
-32,36,7,0.00007000
-30,36,10,0.00010000
-28,36,5,0.00005000
-26,36,11,0.00011000
-24,36,9,0.00009000
-22,36,13,0.00013000
-20,36,14,0.00014000
-18,36,12,0.00012000
-16,36,13,0.00013000
-14,36,10,0.00010000
-12,36,11,0.00011000
-10,36,12,0.00012000
-8,36,13,0.00013000
-6,36,18,0.00018000
-4,36,18,0.00018000
-2,36,14,0.00014000
0,36,17,0.00017000
2,36,16,0.00016000
4,36,11,0.00011000
6,36,18,0.00018000
8,36,19,0.00019000
10,36,18,0.00018000
12,36,23,0.00023000
14,36,10,0.00010000
16,36,19,0.00019000
18,36,12,0.00012000
20,36,13,0.00013000
22,36,13,0.00013000
24,36,12,0.00012000
26,36,11,0.00011000
28,36,8,0.00008000
30,36,8,0.00008000
32,36,4,0.00004000
34,36,2,0.00002000
36,36,3,0.00003000
38,36,2,0.00002000
40,36,7,0.00007000
42,36,4,0.00004000
44,36,2,0.00002000
46,36,3,0.00003000
50,36,2,0.00002000
52,36,1,0.00001000
54,36,1,0.00001000
56,36,1,0.00001000
58,36,1,0.00001000
60,36,1,0.00001000
62,36,1,0.00001000
64,36,1,0.00001000
-63,37,1,0.00001000
-53,37,1,0.00001000
-51,37,1,0.00001000
-49,37,4,0.00004000
-47,37,2,0.00002000
-45,37,2,0.00002000
-43,37,1,0.00001000
-41,37,4,0.00004000
-39,37,5,0.00005000
-37,37,5,0.00005000
-35,37,3,0.00003000
-33,37,8,0.00008000
-31,37,7,0.00007000
-29,37,7,0.00007000
-27,37,11,0.00011000
-25,37,6,0.00006000
-23,37,11,0.00011000
-21,37,13,0.00013000
-19,37,12,0.00012000
-17,37,17,0.00017000
-15,37,13,0.00013000
-13,37,17,0.00017000
-11,37,11,0.00011000
-9,37,15,0.00015000
-7,37,12,0.00012000
-5,37,17,0.00017000
-3,37,11,0.00011000
-1,37,12,0.00012000
1,37,16,0.00016000
3,37,16,0.00016000
5,37,16,0.00016000
7,37,13,0.00013000
9,37,10,0.00010000
11,37,22,0.00022000
13,37,12,0.00012000
15,37,8,0.00008000
17,37,16,0.00016000
19,37,11,0.00011000
21,37,14,0.00014000
23,37,3,0.00003000
25,37,13,0.00013000
27,37,7,0.00007000
29,37,5,0.00005000
31,37,6,0.00006000
33,37,2,0.00002000
35,37,10,0.00010000
37,37,2,0.00002000
39,37,3,0.00003000
41,37,1,0.00001000
43,37,1,0.00001000
45,37,2,0.00002000
47,37,2,0.00002000
51,37,1,0.00001000
55,37,1,0.00001000
57,37,2,0.00002000
75,37,1,0.00001000
-64,38,1,0.00001000
-60,38,1,0.00001000
-58,38,1,0.00001000
-54,38,1,0.00001000
-52,38,1,0.00001000
-48,38,3,0.00003000
-46,38,3,0.00003000
-44,38,3,0.00003000
-42,38,3,0.00003000
-40,38,6,0.00006000
-38,38,5,0.00005000
-36,38,5,0.00005000
-34,38,8,0.00008000
-32,38,5,0.00005000
-30,38,6,0.00006000
-28,38,7,0.00007000
-26,38,10,0.00010000
-24,38,4,0.00004000
-22,38,10,0.00010000
-20,38,7,0.00007000
-18,38,9,0.00009000
-16,38,16,0.00016000
-14,38,21,0.00021000
-12,38,18,0.00018000
-10,38,12,0.00012000
-8,38,14,0.00014000
-6,38,15,0.00015000
-4,38,12,0.00012000
-2,38,8,0.00008000
0,38,8,0.00008000
2,38,17,0.00017000
4,38,15,0.00015000
6,38,12,0.00012000
8,38,11,0.00011000
10,38,12,0.00012000
12,38,16,0.00016000
14,38,15,0.00015000
16,38,15,0.00015000
18,38,14,0.00014000
20,38,6,0.00006000
22,38,11,0.00011000
24,38,16,0.00016000
26,38,8,0.00008000
28,38,8,0.00008000
30,38,4,0.00004000
32,38,4,0.00004000
34,38,6,0.00006000
36,38,5,0.00005000
38,38,5,0.00005000
40,38,3,0.00003000
42,38,1,0.00001000
44,38,2,0.00002000
46,38,3,0.00003000
48,38,1,0.00001000
50,38,1,0.00001000
52,38,2,0.00002000
56,38,1,0.00001000
58,38,2,0.00002000
64,38,1,0.00001000
70,38,1,0.00001000
76,38,1,0.00001000
-67,39,1,0.00001000
-55,39,2,0.00002000
-51,39,2,0.00002000
-49,39,4,0.00004000
-47,39,1,0.00001000
-45,39,2,0.00002000
-43,39,2,0.00002000
-39,39,7,0.00007000
-37,39,7,0.00007000
-35,39,7,0.00007000
-33,39,9,0.00009000
-31,39,5,0.00005000
-29,39,7,0.00007000
-27,39,10,0.00010000
-25,39,6,0.00006000
-23,39,9,0.00009000
-21,39,4,0.00004000
-19,39,10,0.00010000
-17,39,13,0.00013000
-15,39,9,0.00009000
-13,39,13,0.00013000
-11,39,11,0.00011000
-9,39,8,0.00008000
-7,39,15,0.00015000
-5,39,10,0.00010000
-3,39,15,0.00015000
-1,39,8,0.00008000
1,39,15,0.00015000
3,39,17,0.00017000
5,39,11,0.00011000
7,39,10,0.00010000
9,39,11,0.00011000
11,39,12,0.00012000
13,39,14,0.00014000
15,39,9,0.00009000
17,39,11,0.00011000
19,39,12,0.00012000
21,39,10,0.00010000
23,39,8,0.00008000
25,39,7,0.00007000
27,39,7,0.00007000
29,39,6,0.00006000
31,39,4,0.00004000
33,39,4,0.00004000
35,39,2,0.00002000
37,39,5,0.00005000
39,39,3,0.00003000
41,39,4,0.00004000
43,39,3,0.00003000
45,39,3,0.00003000
47,39,1,0.00001000
49,39,1,0.00001000
55,39,1,0.00001000
69,39,1,0.00001000
73,39,1,0.00001000
-60,40,1,0.00001000
-56,40,2,0.00002000
-54,40,1,0.00001000
-46,40,1,0.00001000
-44,40,2,0.00002000
-42,40,2,0.00002000
-40,40,3,0.00003000
-38,40,4,0.00004000
-36,40,3,0.00003000
-34,40,9,0.00009000
-32,40,4,0.00004000
-30,40,4,0.00004000
-28,40,3,0.00003000
-26,40,9,0.00009000
-24,40,6,0.00006000
-22,40,11,0.00011000
-20,40,5,0.00005000
-18,40,5,0.00005000
-16,40,9,0.00009000
-14,40,16,0.00016000
-12,40,7,0.00007000
-10,40,16,0.00016000
-8,40,8,0.00008000
-6,40,5,0.00005000
-4,40,7,0.00007000
-2,40,9,0.00009000
0,40,19,0.00019000
2,40,15,0.00015000
4,40,6,0.00006000
6,40,9,0.00009000
8,40,6,0.00006000
10,40,16,0.00016000
12,40,15,0.00015000
14,40,12,0.00012000
16,40,9,0.00009000
18,40,11,0.00011000
20,40,8,0.00008000
22,40,8,0.00008000
24,40,10,0.00010000
26,40,4,0.00004000
28,40,12,0.00012000
30,40,3,0.00003000
32,40,3,0.00003000
34,40,2,0.00002000
36,40,3,0.00003000
38,40,5,0.00005000
40,40,1,0.00001000
42,40,1,0.00001000
44,40,4,0.00004000
48,40,2,0.00002000
52,40,1,0.00001000
54,40,3,0.00003000
58,40,2,0.00002000
66,40,1,0.00001000
88,40,1,0.00001000
-63,41,1,0.00001000
-55,41,2,0.00002000
-53,41,2,0.00002000
-51,41,1,0.00001000
-49,41,1,0.00001000
-45,41,2,0.00002000
-43,41,1,0.00001000
-39,41,2,0.00002000
-37,41,1,0.00001000
-35,41,6,0.00006000
-31,41,8,0.00008000
-29,41,5,0.00005000
-27,41,5,0.00005000
-25,41,11,0.00011000
-23,41,2,0.00002000
-21,41,4,0.00004000
-19,41,13,0.00013000
-17,41,9,0.00009000
-15,41,12,0.00012000
-13,41,9,0.00009000
-11,41,11,0.00011000
-9,41,10,0.00010000
-7,41,6,0.00006000
-5,41,11,0.00011000
-3,41,5,0.00005000
-1,41,13,0.00013000
1,41,9,0.00009000
3,41,13,0.00013000
5,41,17,0.00017000
7,41,10,0.00010000
9,41,9,0.00009000
11,41,7,0.00007000
13,41,7,0.00007000
15,41,11,0.00011000
17,41,8,0.00008000
19,41,10,0.00010000
21,41,9,0.00009000
23,41,4,0.00004000
25,41,9,0.00009000
27,41,5,0.00005000
29,41,3,0.00003000
31,41,4,0.00004000
33,41,5,0.00005000
35,41,1,0.00001000
37,41,3,0.00003000
41,41,3,0.00003000
43,41,5,0.00005000
47,41,2,0.00002000
49,41,4,0.00004000
51,41,2,0.00002000
53,41,2,0.00002000
57,41,1,0.00001000
67,41,1,0.00001000
-78,42,1,0.00001000
-54,42,1,0.00001000
-50,42,2,0.00002000
-48,42,5,0.00005000
-46,42,1,0.00001000
-44,42,1,0.00001000
-42,42,1,0.00001000
-40,42,1,0.00001000
-38,42,2,0.00002000
-36,42,2,0.00002000
-34,42,3,0.00003000
-32,42,3,0.00003000
-30,42,4,0.00004000
-28,42,3,0.00003000
-26,42,9,0.00009000
-24,42,8,0.00008000
-22,42,7,0.00007000
-20,42,9,0.00009000
-18,42,5,0.00005000
-16,42,9,0.00009000
-14,42,11,0.00011000
-12,42,9,0.00009000
-10,42,10,0.00010000
-8,42,18,0.00018000
-6,42,5,0.00005000
-4,42,14,0.00014000
-2,42,11,0.00011000
0,42,9,0.00009000
2,42,5,0.00005000
4,42,9,0.00009000
6,42,9,0.00009000
8,42,11,0.00011000
10,42,13,0.00013000
12,42,13,0.00013000
14,42,4,0.00004000
16,42,6,0.00006000
18,42,11,0.00011000
20,42,9,0.00009000
22,42,5,0.00005000
24,42,8,0.00008000
26,42,8,0.00008000
28,42,5,0.00005000
30,42,7,0.00007000
32,42,2,0.00002000
34,42,8,0.00008000
38,42,1,0.00001000
40,42,2,0.00002000
42,42,1,0.00001000
46,42,2,0.00002000
48,42,1,0.00001000
50,42,1,0.00001000
-55,43,1,0.00001000
-45,43,2,0.00002000
-43,43,1,0.00001000
-41,43,1,0.00001000
-37,43,1,0.00001000
-33,43,2,0.00002000
-31,43,6,0.00006000
-29,43,6,0.00006000
-27,43,4,0.00004000
-25,43,4,0.00004000
-23,43,5,0.00005000
-21,43,4,0.00004000
-19,43,7,0.00007000
-17,43,7,0.00007000
-15,43,9,0.00009000
-13,43,8,0.00008000
-11,43,9,0.00009000
-9,43,8,0.00008000
-7,43,10,0.00010000
-5,43,8,0.00008000
-3,43,9,0.00009000
-1,43,6,0.00006000
1,43,11,0.00011000
3,43,14,0.00014000
5,43,10,0.00010000
7,43,11,0.00011000
9,43,14,0.00014000
11,43,6,0.00006000
13,43,11,0.00011000
15,43,13,0.00013000
17,43,12,0.00012000
19,43,7,0.00007000
21,43,9,0.00009000
23,43,5,0.00005000
25,43,5,0.00005000
27,43,4,0.00004000
29,43,4,0.00004000
31,43,8,0.00008000
33,43,2,0.00002000
35,43,6,0.00006000
37,43,4,0.00004000
39,43,5,0.00005000
41,43,1,0.00001000
43,43,4,0.00004000
45,43,1,0.00001000
47,43,2,0.00002000
49,43,1,0.00001000
51,43,2,0.00002000
53,43,1,0.00001000
55,43,2,0.00002000
57,43,1,0.00001000
59,43,1,0.00001000
-54,44,1,0.00001000
-48,44,2,0.00002000
-46,44,3,0.00003000
-42,44,1,0.00001000
-38,44,2,0.00002000
-36,44,3,0.00003000
-34,44,3,0.00003000
-32,44,1,0.00001000
-30,44,1,0.00001000
-28,44,3,0.00003000
-26,44,3,0.00003000
-24,44,9,0.00009000
-22,44,4,0.00004000
-20,44,5,0.00005000
-18,44,13,0.00013000
-16,44,7,0.00007000
-14,44,6,0.00006000
-12,44,12,0.00012000
-10,44,8,0.00008000
-8,44,8,0.00008000
-6,44,13,0.00013000
-4,44,14,0.00014000
-2,44,9,0.00009000
0,44,7,0.00007000
2,44,9,0.00009000
4,44,7,0.00007000
6,44,5,0.00005000
8,44,6,0.00006000
10,44,3,0.00003000
12,44,3,0.00003000
14,44,4,0.00004000
16,44,7,0.00007000
18,44,11,0.00011000
20,44,8,0.00008000
22,44,5,0.00005000
24,44,4,0.00004000
26,44,1,0.00001000
28,44,4,0.00004000
30,44,2,0.00002000
32,44,1,0.00001000
34,44,3,0.00003000
36,44,1,0.00001000
38,44,1,0.00001000
40,44,3,0.00003000
48,44,2,0.00002000
50,44,1,0.00001000
56,44,2,0.00002000
-55,45,1,0.00001000
-51,45,1,0.00001000
-49,45,1,0.00001000
-45,45,1,0.00001000
-41,45,4,0.00004000
-37,45,3,0.00003000
-35,45,3,0.00003000
-33,45,4,0.00004000
-31,45,2,0.00002000
-29,45,3,0.00003000
-27,45,2,0.00002000
-25,45,6,0.00006000
-23,45,8,0.00008000
-21,45,4,0.00004000
-19,45,6,0.00006000
-17,45,6,0.00006000
-15,45,6,0.00006000
-13,45,5,0.00005000
-11,45,11,0.00011000
-9,45,4,0.00004000
-7,45,6,0.00006000
-5,45,8,0.00008000
-3,45,10,0.00010000
-1,45,7,0.00007000
1,45,9,0.00009000
3,45,6,0.00006000
5,45,8,0.00008000
7,45,8,0.00008000
9,45,9,0.00009000
11,45,7,0.00007000
13,45,6,0.00006000
15,45,5,0.00005000
17,45,10,0.00010000
19,45,3,0.00003000
21,45,4,0.00004000
23,45,6,0.00006000
25,45,2,0.00002000
27,45,1,0.00001000
29,45,6,0.00006000
31,45,6,0.00006000
33,45,4,0.00004000
37,45,2,0.00002000
39,45,3,0.00003000
41,45,1,0.00001000
43,45,2,0.00002000
45,45,1,0.00001000
51,45,1,0.00001000
53,45,1,0.00001000
55,45,1,0.00001000
75,45,2,0.00002000
-68,46,1,0.00001000
-62,46,1,0.00001000
-56,46,1,0.00001000
-46,46,2,0.00002000
-44,46,1,0.00001000
-42,46,1,0.00001000
-36,46,1,0.00001000
-34,46,5,0.00005000
-32,46,2,0.00002000
-30,46,3,0.00003000
-28,46,2,0.00002000
-26,46,5,0.00005000
-24,46,4,0.00004000
-22,46,9,0.00009000
-20,46,7,0.00007000
-18,46,5,0.00005000
-16,46,5,0.00005000
-14,46,8,0.00008000
-12,46,5,0.00005000
-10,46,5,0.00005000
-8,46,5,0.00005000
-6,46,7,0.00007000
-4,46,9,0.00009000
-2,46,13,0.00013000
0,46,6,0.00006000
2,46,9,0.00009000
4,46,9,0.00009000
6,46,6,0.00006000
8,46,12,0.00012000
10,46,8,0.00008000
12,46,3,0.00003000
14,46,9,0.00009000
16,46,7,0.00007000
18,46,6,0.00006000
20,46,7,0.00007000
22,46,8,0.00008000
24,46,4,0.00004000
28,46,4,0.00004000
30,46,3,0.00003000
32,46,3,0.00003000
36,46,2,0.00002000
46,46,1,0.00001000
48,46,1,0.00001000
64,46,1,0.00001000
-61,47,1,0.00001000
-51,47,1,0.00001000
-49,47,2,0.00002000
-45,47,1,0.00001000
-41,47,1,0.00001000
-39,47,1,0.00001000
-37,47,1,0.00001000
-35,47,4,0.00004000
-33,47,5,0.00005000
-31,47,3,0.00003000
-29,47,2,0.00002000
-27,47,3,0.00003000
-25,47,4,0.00004000
-23,47,4,0.00004000
-21,47,5,0.00005000
-19,47,5,0.00005000
-17,47,5,0.00005000
-15,47,6,0.00006000
-13,47,12,0.00012000
-11,47,6,0.00006000
-9,47,5,0.00005000
-7,47,5,0.00005000
-5,47,9,0.00009000
-3,47,10,0.00010000
-1,47,10,0.00010000
1,47,10,0.00010000
3,47,2,0.00002000
5,47,6,0.00006000
7,47,11,0.00011000
9,47,8,0.00008000
11,47,7,0.00007000
13,47,7,0.00007000
15,47,6,0.00006000
17,47,4,0.00004000
19,47,5,0.00005000
21,47,5,0.00005000
23,47,4,0.00004000
25,47,8,0.00008000
27,47,2,0.00002000
29,47,1,0.00001000
31,47,4,0.00004000
35,47,1,0.00001000
37,47,2,0.00002000
39,47,1,0.00001000
41,47,4,0.00004000
43,47,3,0.00003000
45,47,1,0.00001000
49,47,1,0.00001000
63,47,1,0.00001000
87,47,1,0.00001000
-56,48,1,0.00001000
-52,48,1,0.00001000
-50,48,1,0.00001000
-42,48,2,0.00002000
-40,48,2,0.00002000
-38,48,1,0.00001000
-36,48,2,0.00002000
-34,48,1,0.00001000
-32,48,2,0.00002000
-28,48,4,0.00004000
-26,48,3,0.00003000
-24,48,4,0.00004000
-22,48,1,0.00001000
-20,48,3,0.00003000
-18,48,4,0.00004000
-16,48,3,0.00003000
-14,48,1,0.00001000
-12,48,5,0.00005000
-10,48,6,0.00006000
-8,48,9,0.00009000
-6,48,6,0.00006000
-4,48,8,0.00008000
-2,48,7,0.00007000
0,48,5,0.00005000
2,48,8,0.00008000
4,48,4,0.00004000
6,48,8,0.00008000
8,48,2,0.00002000
10,48,6,0.00006000
14,48,5,0.00005000
16,48,5,0.00005000
18,48,5,0.00005000
20,48,5,0.00005000
22,48,7,0.00007000
24,48,6,0.00006000
26,48,5,0.00005000
28,48,1,0.00001000
30,48,3,0.00003000
32,48,1,0.00001000
36,48,2,0.00002000
38,48,3,0.00003000
40,48,4,0.00004000
42,48,1,0.00001000
44,48,1,0.00001000
48,48,1,0.00001000
58,48,1,0.00001000
76,48,1,0.00001000
-73,49,1,0.00001000
-57,49,2,0.00002000
-53,49,1,0.00001000
-51,49,1,0.00001000
-47,49,1,0.00001000
-45,49,1,0.00001000
-43,49,1,0.00001000
-41,49,1,0.00001000
-39,49,1,0.00001000
-37,49,1,0.00001000
-35,49,1,0.00001000
-33,49,3,0.00003000
-31,49,5,0.00005000
-29,49,4,0.00004000
-27,49,2,0.00002000
-25,49,2,0.00002000
-23,49,3,0.00003000
-21,49,5,0.00005000
-19,49,1,0.00001000
-17,49,5,0.00005000
-15,49,6,0.00006000
-13,49,9,0.00009000
-11,49,6,0.00006000
-9,49,1,0.00001000
-7,49,4,0.00004000
-5,49,8,0.00008000
-3,49,2,0.00002000
-1,49,5,0.00005000
1,49,5,0.00005000
3,49,5,0.00005000
5,49,9,0.00009000
7,49,5,0.00005000
9,49,8,0.00008000
11,49,5,0.00005000
13,49,6,0.00006000
15,49,7,0.00007000
17,49,5,0.00005000
21,49,3,0.00003000
23,49,2,0.00002000
25,49,3,0.00003000
27,49,3,0.00003000
29,49,3,0.00003000
31,49,3,0.00003000
33,49,1,0.00001000
35,49,2,0.00002000
51,49,1,0.00001000
53,49,1,0.00001000
-58,50,1,0.00001000
-46,50,1,0.00001000
-40,50,1,0.00001000
-38,50,1,0.00001000
-36,50,1,0.00001000
-34,50,4,0.00004000
-32,50,1,0.00001000
-30,50,3,0.00003000
-28,50,2,0.00002000
-26,50,1,0.00001000
-24,50,3,0.00003000
-22,50,3,0.00003000
-20,50,5,0.00005000
-18,50,3,0.00003000
-16,50,2,0.00002000
-14,50,2,0.00002000
-12,50,2,0.00002000
-10,50,5,0.00005000
-8,50,3,0.00003000
-6,50,11,0.00011000
-4,50,2,0.00002000
-2,50,6,0.00006000
0,50,1,0.00001000
2,50,6,0.00006000
4,50,4,0.00004000
6,50,4,0.00004000
8,50,2,0.00002000
10,50,4,0.00004000
12,50,6,0.00006000
14,50,5,0.00005000
16,50,1,0.00001000
18,50,9,0.00009000
20,50,3,0.00003000
22,50,2,0.00002000
24,50,3,0.00003000
26,50,3,0.00003000
28,50,4,0.00004000
34,50,1,0.00001000
36,50,3,0.00003000
38,50,1,0.00001000
40,50,2,0.00002000
50,50,1,0.00001000
-63,51,2,0.00002000
-45,51,1,0.00001000
-41,51,2,0.00002000
-37,51,1,0.00001000
-35,51,2,0.00002000
-31,51,1,0.00001000
-29,51,2,0.00002000
-27,51,1,0.00001000
-25,51,4,0.00004000
-23,51,2,0.00002000
-21,51,1,0.00001000
-19,51,4,0.00004000
-17,51,4,0.00004000
-15,51,3,0.00003000
-13,51,3,0.00003000
-9,51,7,0.00007000
-7,51,4,0.00004000
-5,51,4,0.00004000
-3,51,1,0.00001000
-1,51,5,0.00005000
1,51,3,0.00003000
3,51,2,0.00002000
5,51,4,0.00004000
7,51,7,0.00007000
9,51,3,0.00003000
11,51,4,0.00004000
13,51,3,0.00003000
15,51,5,0.00005000
17,51,4,0.00004000
19,51,2,0.00002000
21,51,3,0.00003000
23,51,4,0.00004000
25,51,1,0.00001000
27,51,1,0.00001000
29,51,1,0.00001000
31,51,3,0.00003000
35,51,1,0.00001000
37,51,1,0.00001000
39,51,3,0.00003000
41,51,2,0.00002000
43,51,1,0.00001000
45,51,1,0.00001000
49,51,2,0.00002000
51,51,1,0.00001000
53,51,1,0.00001000
-52,52,1,0.00001000
-38,52,1,0.00001000
-34,52,3,0.00003000
-32,52,4,0.00004000
-30,52,1,0.00001000
-28,52,1,0.00001000
-26,52,1,0.00001000
-24,52,2,0.00002000
-22,52,5,0.00005000
-20,52,1,0.00001000
-18,52,6,0.00006000
-16,52,5,0.00005000
-14,52,3,0.00003000
-12,52,4,0.00004000
-10,52,5,0.00005000
-8,52,3,0.00003000
-6,52,3,0.00003000
-4,52,2,0.00002000
-2,52,3,0.00003000
0,52,1,0.00001000
2,52,6,0.00006000
4,52,4,0.00004000
6,52,4,0.00004000
8,52,4,0.00004000
10,52,2,0.00002000
12,52,2,0.00002000
14,52,2,0.00002000
16,52,3,0.00003000
18,52,1,0.00001000
20,52,4,0.00004000
22,52,2,0.00002000
24,52,3,0.00003000
26,52,5,0.00005000
28,52,2,0.00002000
30,52,3,0.00003000
32,52,2,0.00002000
34,52,1,0.00001000
36,52,3,0.00003000
42,52,1,0.00001000
-87,53,1,0.00001000
-61,53,1,0.00001000
-55,53,1,0.00001000
-45,53,1,0.00001000
-37,53,1,0.00001000
-33,53,2,0.00002000
-29,53,2,0.00002000
-27,53,3,0.00003000
-25,53,1,0.00001000
-23,53,1,0.00001000
-21,53,2,0.00002000
-15,53,3,0.00003000
-13,53,5,0.00005000
-11,53,5,0.00005000
-9,53,3,0.00003000
-7,53,4,0.00004000
-5,53,4,0.00004000
-3,53,7,0.00007000
1,53,4,0.00004000
3,53,4,0.00004000
5,53,2,0.00002000
7,53,2,0.00002000
9,53,6,0.00006000
11,53,3,0.00003000
13,53,7,0.00007000
15,53,1,0.00001000
17,53,3,0.00003000
19,53,3,0.00003000
21,53,3,0.00003000
23,53,1,0.00001000
25,53,1,0.00001000
27,53,3,0.00003000
29,53,2,0.00002000
33,53,2,0.00002000
35,53,1,0.00001000
39,53,2,0.00002000
43,53,4,0.00004000
47,53,1,0.00001000
51,53,1,0.00001000
-64,54,1,0.00001000
-54,54,1,0.00001000
-48,54,1,0.00001000
-46,54,2,0.00002000
-40,54,1,0.00001000
-36,54,1,0.00001000
-34,54,1,0.00001000
-32,54,1,0.00001000
-30,54,4,0.00004000
-28,54,2,0.00002000
-26,54,2,0.00002000
-24,54,2,0.00002000
-22,54,3,0.00003000
-20,54,2,0.00002000
-18,54,4,0.00004000
-16,54,2,0.00002000
-14,54,1,0.00001000
-10,54,2,0.00002000
-8,54,4,0.00004000
-6,54,1,0.00001000
-4,54,2,0.00002000
-2,54,4,0.00004000
0,54,2,0.00002000
2,54,3,0.00003000
4,54,6,0.00006000
6,54,7,0.00007000
8,54,8,0.00008000
10,54,2,0.00002000
12,54,3,0.00003000
14,54,1,0.00001000
16,54,1,0.00001000
18,54,1,0.00001000
20,54,2,0.00002000
22,54,1,0.00001000
26,54,2,0.00002000
28,54,1,0.00001000
30,54,2,0.00002000
32,54,2,0.00002000
34,54,1,0.00001000
38,54,2,0.00002000
40,54,1,0.00001000
42,54,2,0.00002000
50,54,1,0.00001000
54,54,1,0.00001000
58,54,1,0.00001000
74,54,1,0.00001000
-75,55,1,0.00001000
-45,55,2,0.00002000
-37,55,1,0.00001000
-35,55,1,0.00001000
-29,55,2,0.00002000
-27,55,1,0.00001000
-25,55,1,0.00001000
-23,55,3,0.00003000
-21,55,1,0.00001000
-19,55,4,0.00004000
-17,55,2,0.00002000
-13,55,3,0.00003000
-11,55,3,0.00003000
-9,55,2,0.00002000
-7,55,2,0.00002000
-5,55,3,0.00003000
-3,55,3,0.00003000
-1,55,2,0.00002000
1,55,3,0.00003000
3,55,6,0.00006000
5,55,1,0.00001000
7,55,4,0.00004000
11,55,6,0.00006000
13,55,1,0.00001000
15,55,5,0.00005000
19,55,3,0.00003000
23,55,3,0.00003000
25,55,2,0.00002000
27,55,1,0.00001000
29,55,1,0.00001000
31,55,1,0.00001000
33,55,1,0.00001000
41,55,1,0.00001000
45,55,1,0.00001000
49,55,1,0.00001000
53,55,1,0.00001000
-46,56,1,0.00001000
-34,56,2,0.00002000
-32,56,3,0.00003000
-28,56,1,0.00001000
-26,56,2,0.00002000
-24,56,3,0.00003000
-22,56,2,0.00002000
-20,56,1,0.00001000
-18,56,4,0.00004000
-14,56,2,0.00002000
-12,56,2,0.00002000
-10,56,4,0.00004000
-8,56,1,0.00001000
-6,56,1,0.00001000
-4,56,3,0.00003000
-2,56,7,0.00007000
0,56,4,0.00004000
2,56,3,0.00003000
4,56,6,0.00006000
6,56,1,0.00001000
8,56,1,0.00001000
10,56,6,0.00006000
12,56,1,0.00001000
14,56,1,0.00001000
16,56,4,0.00004000
18,56,3,0.00003000
20,56,2,0.00002000
24,56,3,0.00003000
28,56,1,0.00001000
36,56,3,0.00003000
38,56,1,0.00001000
40,56,1,0.00001000
50,56,1,0.00001000
56,56,1,0.00001000
-43,57,1,0.00001000
-37,57,2,0.00002000
-33,57,3,0.00003000
-31,57,1,0.00001000
-29,57,2,0.00002000
-25,57,1,0.00001000
-23,57,3,0.00003000
-21,57,1,0.00001000
-19,57,3,0.00003000
-17,57,3,0.00003000
-15,57,1,0.00001000
-13,57,2,0.00002000
-9,57,3,0.00003000
-7,57,1,0.00001000
-5,57,6,0.00006000
-3,57,4,0.00004000
-1,57,2,0.00002000
1,57,5,0.00005000
3,57,2,0.00002000
5,57,3,0.00003000
7,57,3,0.00003000
9,57,3,0.00003000
11,57,1,0.00001000
13,57,1,0.00001000
15,57,2,0.00002000
17,57,1,0.00001000
21,57,2,0.00002000
25,57,1,0.00001000
27,57,2,0.00002000
29,57,3,0.00003000
31,57,2,0.00002000
33,57,1,0.00001000
35,57,1,0.00001000
39,57,3,0.00003000
43,57,1,0.00001000
45,57,1,0.00001000
49,57,1,0.00001000
51,57,1,0.00001000
-44,58,1,0.00001000
-36,58,2,0.00002000
-32,58,1,0.00001000
-30,58,3,0.00003000
-28,58,1,0.00001000
-26,58,5,0.00005000
-24,58,1,0.00001000
-22,58,1,0.00001000
-16,58,3,0.00003000
-14,58,3,0.00003000
-12,58,2,0.00002000
-10,58,4,0.00004000
-6,58,1,0.00001000
-4,58,2,0.00002000
-2,58,1,0.00001000
0,58,1,0.00001000
2,58,1,0.00001000
4,58,2,0.00002000
6,58,3,0.00003000
8,58,4,0.00004000
10,58,2,0.00002000
12,58,1,0.00001000
14,58,2,0.00002000
16,58,2,0.00002000
18,58,1,0.00001000
20,58,1,0.00001000
24,58,3,0.00003000
26,58,1,0.00001000
28,58,1,0.00001000
34,58,2,0.00002000
38,58,1,0.00001000
48,58,1,0.00001000
-65,59,1,0.00001000
-49,59,2,0.00002000
-47,59,1,0.00001000
-45,59,2,0.00002000
-33,59,1,0.00001000
-31,59,1,0.00001000
-29,59,4,0.00004000
-27,59,2,0.00002000
-25,59,1,0.00001000
-23,59,2,0.00002000
-21,59,4,0.00004000
-13,59,3,0.00003000
-11,59,2,0.00002000
-9,59,1,0.00001000
-7,59,2,0.00002000
-5,59,2,0.00002000
-3,59,1,0.00001000
-1,59,2,0.00002000
1,59,3,0.00003000
3,59,4,0.00004000
5,59,3,0.00003000
7,59,2,0.00002000
9,59,1,0.00001000
11,59,1,0.00001000
15,59,2,0.00002000
17,59,2,0.00002000
19,59,2,0.00002000
21,59,1,0.00001000
23,59,3,0.00003000
27,59,1,0.00001000
31,59,2,0.00002000
35,59,1,0.00001000
43,59,1,0.00001000
45,59,1,0.00001000
49,59,1,0.00001000
-50,60,1,0.00001000
-42,60,2,0.00002000
-30,60,2,0.00002000
-28,60,2,0.00002000
-24,60,1,0.00001000
-22,60,3,0.00003000
-18,60,1,0.00001000
-16,60,1,0.00001000
-14,60,1,0.00001000
-12,60,2,0.00002000
-10,60,1,0.00001000
-8,60,2,0.00002000
-6,60,3,0.00003000
-4,60,3,0.00003000
-2,60,4,0.00004000
0,60,1,0.00001000
2,60,2,0.00002000
8,60,1,0.00001000
10,60,1,0.00001000
12,60,2,0.00002000
14,60,1,0.00001000
16,60,1,0.00001000
20,60,2,0.00002000
32,60,2,0.00002000
34,60,1,0.00001000
40,60,1,0.00001000
44,60,1,0.00001000
50,60,1,0.00001000
52,60,1,0.00001000
-69,61,1,0.00001000
-61,61,1,0.00001000
-49,61,1,0.00001000
-35,61,2,0.00002000
-27,61,2,0.00002000
-25,61,2,0.00002000
-21,61,2,0.00002000
-17,61,1,0.00001000
-13,61,2,0.00002000
-11,61,3,0.00003000
-9,61,2,0.00002000
-5,61,1,0.00001000
-3,61,2,0.00002000
-1,61,3,0.00003000
3,61,1,0.00001000
5,61,3,0.00003000
7,61,2,0.00002000
9,61,4,0.00004000
11,61,1,0.00001000
15,61,1,0.00001000
17,61,2,0.00002000
19,61,1,0.00001000
21,61,2,0.00002000
25,61,1,0.00001000
27,61,2,0.00002000
31,61,1,0.00001000
-50,62,1,0.00001000
-42,62,1,0.00001000
-30,62,1,0.00001000
-28,62,1,0.00001000
-24,62,2,0.00002000
-22,62,2,0.00002000
-20,62,1,0.00001000
-14,62,1,0.00001000
-10,62,2,0.00002000
-8,62,1,0.00001000
-6,62,1,0.00001000
4,62,1,0.00001000
6,62,1,0.00001000
12,62,1,0.00001000
16,62,2,0.00002000
18,62,3,0.00003000
40,62,1,0.00001000
46,62,1,0.00001000
48,62,1,0.00001000
60,62,1,0.00001000
-49,63,1,0.00001000
-41,63,2,0.00002000
-31,63,2,0.00002000
-25,63,2,0.00002000
-21,63,1,0.00001000
-15,63,1,0.00001000
-13,63,1,0.00001000
-11,63,2,0.00002000
-9,63,1,0.00001000
-7,63,1,0.00001000
-5,63,2,0.00002000
-3,63,1,0.00001000
-1,63,1,0.00001000
1,63,2,0.00002000
3,63,1,0.00001000
5,63,1,0.00001000
7,63,1,0.00001000
13,63,1,0.00001000
17,63,4,0.00004000
19,63,1,0.00001000
21,63,1,0.00001000
29,63,1,0.00001000
35,63,1,0.00001000
-30,64,1,0.00001000
-26,64,1,0.00001000
-24,64,1,0.00001000
-22,64,1,0.00001000
-18,64,1,0.00001000
-16,64,2,0.00002000
-12,64,3,0.00003000
-10,64,1,0.00001000
-6,64,1,0.00001000
-4,64,1,0.00001000
-2,64,1,0.00001000
0,64,2,0.00002000
4,64,2,0.00002000
6,64,2,0.00002000
16,64,1,0.00001000
18,64,2,0.00002000
20,64,2,0.00002000
24,64,1,0.00001000
28,64,1,0.00001000
44,64,1,0.00001000
48,64,1,0.00001000
50,64,1,0.00001000
-41,65,1,0.00001000
-31,65,1,0.00001000
-21,65,1,0.00001000
-17,65,1,0.00001000
-13,65,2,0.00002000
-9,65,1,0.00001000
-1,65,2,0.00002000
1,65,1,0.00001000
3,65,2,0.00002000
5,65,1,0.00001000
9,65,2,0.00002000
15,65,2,0.00002000
17,65,1,0.00001000
21,65,3,0.00003000
25,65,1,0.00001000
27,65,2,0.00002000
29,65,1,0.00001000
33,65,2,0.00002000
45,65,1,0.00001000
-30,66,1,0.00001000
-18,66,2,0.00002000
-16,66,1,0.00001000
-8,66,1,0.00001000
-6,66,1,0.00001000
-4,66,3,0.00003000
-2,66,1,0.00001000
2,66,1,0.00001000
4,66,1,0.00001000
8,66,1,0.00001000
12,66,2,0.00002000
22,66,1,0.00001000
26,66,1,0.00001000
34,66,2,0.00002000
-23,67,1,0.00001000
-19,67,1,0.00001000
-15,67,1,0.00001000
1,67,1,0.00001000
11,67,1,0.00001000
13,67,1,0.00001000
15,67,1,0.00001000
17,67,1,0.00001000
21,67,1,0.00001000
27,67,4,0.00004000
33,67,1,0.00001000
35,67,1,0.00001000
47,67,1,0.00001000
55,67,1,0.00001000
-54,68,2,0.00002000
-28,68,1,0.00001000
-22,68,1,0.00001000
-18,68,2,0.00002000
-12,68,1,0.00001000
-10,68,1,0.00001000
-8,68,1,0.00001000
-4,68,2,0.00002000
-2,68,1,0.00001000
0,68,1,0.00001000
8,68,2,0.00002000
10,68,1,0.00001000
12,68,2,0.00002000
28,68,1,0.00001000
34,68,1,0.00001000
-27,69,1,0.00001000
-21,69,1,0.00001000
-5,69,1,0.00001000
-3,69,2,0.00002000
3,69,1,0.00001000
5,69,1,0.00001000
7,69,1,0.00001000
13,69,1,0.00001000
15,69,1,0.00001000
29,69,1,0.00001000
31,69,1,0.00001000
-32,70,1,0.00001000
-16,70,1,0.00001000
-12,70,1,0.00001000
-8,70,1,0.00001000
6,70,1,0.00001000
10,70,1,0.00001000
12,70,1,0.00001000
-25,71,1,0.00001000
-17,71,1,0.00001000
-15,71,1,0.00001000
-5,71,1,0.00001000
-3,71,2,0.00002000
-1,71,1,0.00001000
7,71,1,0.00001000
9,71,2,0.00002000
11,71,1,0.00001000
13,71,1,0.00001000
17,71,1,0.00001000
23,71,1,0.00001000
-52,72,1,0.00001000
-32,72,1,0.00001000
-28,72,1,0.00001000
-24,72,2,0.00002000
4,72,1,0.00001000
26,72,1,0.00001000
-31,73,1,0.00001000
-15,73,1,0.00001000
-9,73,2,0.00002000
5,73,1,0.00001000
9,73,2,0.00002000
13,73,1,0.00001000
15,73,1,0.00001000
23,73,1,0.00001000
-20,74,1,0.00001000
-18,74,1,0.00001000
-12,74,1,0.00001000
0,74,1,0.00001000
4,74,1,0.00001000
24,74,2,0.00002000
28,74,1,0.00001000
-55,75,1,0.00001000
-17,75,1,0.00001000
-5,75,1,0.00001000
-3,75,2,0.00002000
13,75,1,0.00001000
19,75,1,0.00001000
27,75,1,0.00001000
-18,76,1,0.00001000
-6,76,1,0.00001000
-2,76,1,0.00001000
6,76,1,0.00001000
16,76,1,0.00001000
24,76,1,0.00001000
30,76,1,0.00001000
-15,77,1,0.00001000
-3,77,2,0.00002000
-1,77,1,0.00001000
27,77,1,0.00001000
35,77,2,0.00002000
-58,78,1,0.00001000
-4,78,1,0.00001000
12,78,1,0.00001000
18,78,1,0.00001000
-27,79,1,0.00001000
-1,79,1,0.00001000
-20,80,1,0.00001000
-6,80,1,0.00001000
-2,80,1,0.00001000
-31,81,1,0.00001000
3,81,1,0.00001000
37,81,1,0.00001000
11,83,1,0.00001000
27,85,1,0.00001000
-14,86,1,0.00001000
2,86,1,0.00001000
8,86,1,0.00001000
7,87,1,0.00001000
-43,89,1,0.00001000
3,89,1,0.00001000
-18,94,1,0.00001000
29,107,1,0.00001000
