x,y,cuentas,prob
6,-118,1,0.00001000
6,-114,1,0.00001000
26,-96,1,0.00001000
22,-92,1,0.00001000
-10,-86,1,0.00001000
-7,-85,1,0.00001000
-16,-84,1,0.00001000
-21,-83,1,0.00001000
19,-83,1,0.00001000
25,-83,1,0.00001000
-12,-82,1,0.00001000
48,-82,1,0.00001000
-3,-81,1,0.00001000
-6,-80,3,0.00003000
-4,-80,1,0.00001000
2,-80,1,0.00001000
18,-80,1,0.00001000
38,-80,1,0.00001000
42,-80,1,0.00001000
-49,-79,1,0.00001000
-1,-79,1,0.00001000
35,-79,1,0.00001000
-36,-78,1,0.00001000
-26,-78,1,0.00001000
22,-78,1,0.00001000
-25,-77,1,0.00001000
-5,-77,1,0.00001000
1,-77,1,0.00001000
3,-77,1,0.00001000
21,-77,1,0.00001000
-52,-76,1,0.00001000
-38,-76,1,0.00001000
-36,-76,1,0.00001000
-4,-76,2,0.00002000
16,-76,1,0.00001000
60,-76,1,0.00001000
-23,-75,1,0.00001000
-21,-75,1,0.00001000
-19,-75,1,0.00001000
-11,-75,1,0.00001000
3,-75,1,0.00001000
19,-75,1,0.00001000
-20,-74,1,0.00001000
-16,-74,1,0.00001000
-10,-74,2,0.00002000
-2,-74,1,0.00001000
4,-74,1,0.00001000
16,-74,1,0.00001000
18,-74,1,0.00001000
24,-74,1,0.00001000
30,-74,1,0.00001000
32,-74,1,0.00001000
-39,-73,1,0.00001000
-25,-73,1,0.00001000
-19,-73,1,0.00001000
-17,-73,2,0.00002000
-9,-73,1,0.00001000
1,-73,1,0.00001000
9,-73,1,0.00001000
13,-73,1,0.00001000
27,-73,1,0.00001000
31,-73,1,0.00001000
-30,-72,1,0.00001000
8,-72,1,0.00001000
12,-72,1,0.00001000
-9,-71,1,0.00001000
-7,-71,1,0.00001000
-3,-71,1,0.00001000
-1,-71,1,0.00001000
1,-71,1,0.00001000
5,-71,1,0.00001000
9,-71,1,0.00001000
11,-71,1,0.00001000
27,-71,1,0.00001000
31,-71,1,0.00001000
35,-71,1,0.00001000
-32,-70,1,0.00001000
-18,-70,1,0.00001000
-10,-70,3,0.00003000
-8,-70,2,0.00002000
-6,-70,1,0.00001000
-2,-70,1,0.00001000
12,-70,1,0.00001000
14,-70,1,0.00001000
20,-70,1,0.00001000
22,-70,1,0.00001000
-47,-69,1,0.00001000
-39,-69,1,0.00001000
-37,-69,1,0.00001000
-19,-69,1,0.00001000
-13,-69,3,0.00003000
-11,-69,1,0.00001000
1,-69,1,0.00001000
3,-69,1,0.00001000
13,-69,1,0.00001000
15,-69,1,0.00001000
19,-69,1,0.00001000
25,-69,1,0.00001000
27,-69,1,0.00001000
41,-69,1,0.00001000
-30,-68,1,0.00001000
-26,-68,1,0.00001000
-8,-68,1,0.00001000
-2,-68,1,0.00001000
4,-68,1,0.00001000
6,-68,2,0.00002000
10,-68,1,0.00001000
20,-68,1,0.00001000
22,-68,1,0.00001000
40,-68,1,0.00001000
-43,-67,1,0.00001000
-37,-67,1,0.00001000
-35,-67,1,0.00001000
-25,-67,1,0.00001000
-23,-67,1,0.00001000
-21,-67,1,0.00001000
-19,-67,1,0.00001000
-9,-67,2,0.00002000
-7,-67,4,0.00004000
-3,-67,1,0.00001000
3,-67,2,0.00002000
7,-67,1,0.00001000
9,-67,1,0.00001000
11,-67,1,0.00001000
15,-67,1,0.00001000
19,-67,1,0.00001000
33,-67,1,0.00001000
35,-67,1,0.00001000
43,-67,1,0.00001000
-46,-66,1,0.00001000
-26,-66,2,0.00002000
-20,-66,1,0.00001000
-18,-66,1,0.00001000
-14,-66,3,0.00003000
-12,-66,2,0.00002000
-10,-66,1,0.00001000
-8,-66,1,0.00001000
-6,-66,2,0.00002000
-4,-66,1,0.00001000
0,-66,2,0.00002000
2,-66,1,0.00001000
4,-66,1,0.00001000
8,-66,2,0.00002000
10,-66,2,0.00002000
12,-66,1,0.00001000
18,-66,2,0.00002000
26,-66,1,0.00001000
-35,-65,1,0.00001000
-33,-65,1,0.00001000
-31,-65,1,0.00001000
-29,-65,1,0.00001000
-21,-65,1,0.00001000
-17,-65,1,0.00001000
-11,-65,1,0.00001000
-9,-65,1,0.00001000
-7,-65,1,0.00001000
-3,-65,1,0.00001000
-1,-65,1,0.00001000
1,-65,2,0.00002000
5,-65,1,0.00001000
11,-65,1,0.00001000
13,-65,2,0.00002000
17,-65,1,0.00001000
19,-65,2,0.00002000
21,-65,1,0.00001000
27,-65,1,0.00001000
37,-65,1,0.00001000
43,-65,1,0.00001000
45,-65,1,0.00001000
-44,-64,1,0.00001000
-40,-64,1,0.00001000
-38,-64,1,0.00001000
-36,-64,1,0.00001000
-26,-64,1,0.00001000
-22,-64,1,0.00001000
-16,-64,2,0.00002000
-14,-64,3,0.00003000
-12,-64,1,0.00001000
-10,-64,1,0.00001000
-8,-64,3,0.00003000
-6,-64,2,0.00002000
0,-64,1,0.00001000
2,-64,2,0.00002000
6,-64,1,0.00001000
8,-64,2,0.00002000
16,-64,2,0.00002000
26,-64,1,0.00001000
36,-64,3,0.00003000
-51,-63,1,0.00001000
-31,-63,1,0.00001000
-29,-63,2,0.00002000
-27,-63,1,0.00001000
-25,-63,1,0.00001000
-23,-63,2,0.00002000
-17,-63,1,0.00001000
-13,-63,2,0.00002000
-11,-63,1,0.00001000
-9,-63,1,0.00001000
-7,-63,2,0.00002000
-5,-63,2,0.00002000
-3,-63,2,0.00002000
-1,-63,1,0.00001000
3,-63,2,0.00002000
5,-63,1,0.00001000
7,-63,1,0.00001000
9,-63,2,0.00002000
11,-63,2,0.00002000
33,-63,2,0.00002000
41,-63,1,0.00001000
53,-63,1,0.00001000
-44,-62,1,0.00001000
-42,-62,1,0.00001000
-34,-62,2,0.00002000
-28,-62,2,0.00002000
-26,-62,2,0.00002000
-24,-62,1,0.00001000
-20,-62,3,0.00003000
-12,-62,2,0.00002000
-8,-62,2,0.00002000
-6,-62,1,0.00001000
-4,-62,2,0.00002000
-2,-62,2,0.00002000
0,-62,4,0.00004000
2,-62,1,0.00001000
6,-62,4,0.00004000
8,-62,1,0.00001000
10,-62,1,0.00001000
14,-62,1,0.00001000
18,-62,1,0.00001000
20,-62,1,0.00001000
22,-62,1,0.00001000
24,-62,2,0.00002000
30,-62,1,0.00001000
32,-62,3,0.00003000
34,-62,1,0.00001000
40,-62,1,0.00001000
42,-62,1,0.00001000
44,-62,1,0.00001000
50,-62,1,0.00001000
-47,-61,1,0.00001000
-45,-61,2,0.00002000
-39,-61,1,0.00001000
-27,-61,1,0.00001000
-25,-61,1,0.00001000
-19,-61,1,0.00001000
-17,-61,1,0.00001000
-15,-61,3,0.00003000
-13,-61,2,0.00002000
-5,-61,3,0.00003000
-3,-61,1,0.00001000
-1,-61,1,0.00001000
1,-61,1,0.00001000
5,-61,5,0.00005000
7,-61,4,0.00004000
13,-61,4,0.00004000
15,-61,1,0.00001000
17,-61,1,0.00001000
19,-61,2,0.00002000
27,-61,2,0.00002000
39,-61,2,0.00002000
45,-61,1,0.00001000
-48,-60,1,0.00001000
-34,-60,1,0.00001000
-30,-60,2,0.00002000
-26,-60,3,0.00003000
-24,-60,1,0.00001000
-22,-60,2,0.00002000
-20,-60,2,0.00002000
-18,-60,1,0.00001000
-16,-60,2,0.00002000
-12,-60,1,0.00001000
-10,-60,1,0.00001000
-8,-60,3,0.00003000
-6,-60,1,0.00001000
-4,-60,2,0.00002000
-2,-60,2,0.00002000
0,-60,1,0.00001000
2,-60,3,0.00003000
4,-60,2,0.00002000
6,-60,1,0.00001000
8,-60,2,0.00002000
10,-60,2,0.00002000
12,-60,1,0.00001000
16,-60,2,0.00002000
20,-60,1,0.00001000
22,-60,1,0.00001000
24,-60,2,0.00002000
26,-60,2,0.00002000
28,-60,1,0.00001000
32,-60,1,0.00001000
50,-60,1,0.00001000
52,-60,1,0.00001000
66,-60,1,0.00001000
-57,-59,1,0.00001000
-47,-59,1,0.00001000
-41,-59,1,0.00001000
-33,-59,1,0.00001000
-31,-59,2,0.00002000
-27,-59,1,0.00001000
-25,-59,1,0.00001000
-23,-59,2,0.00002000
-21,-59,4,0.00004000
-19,-59,1,0.00001000
-15,-59,2,0.00002000
-11,-59,2,0.00002000
-9,-59,1,0.00001000
-7,-59,6,0.00006000
-5,-59,2,0.00002000
-3,-59,2,0.00002000
1,-59,2,0.00002000
3,-59,1,0.00001000
5,-59,1,0.00001000
7,-59,2,0.00002000
9,-59,1,0.00001000
11,-59,2,0.00002000
13,-59,1,0.00001000
17,-59,2,0.00002000
19,-59,1,0.00001000
21,-59,4,0.00004000
23,-59,1,0.00001000
25,-59,1,0.00001000
29,-59,1,0.00001000
33,-59,1,0.00001000
53,-59,1,0.00001000
-60,-58,1,0.00001000
-52,-58,1,0.00001000
-40,-58,1,0.00001000
-38,-58,1,0.00001000
-32,-58,1,0.00001000
-30,-58,1,0.00001000
-28,-58,2,0.00002000
-26,-58,2,0.00002000
-24,-58,1,0.00001000
-22,-58,1,0.00001000
-18,-58,3,0.00003000
-16,-58,3,0.00003000
-14,-58,2,0.00002000
-12,-58,1,0.00001000
-10,-58,1,0.00001000
-8,-58,2,0.00002000
-6,-58,4,0.00004000
-4,-58,3,0.00003000
-2,-58,4,0.00004000
2,-58,4,0.00004000
4,-58,1,0.00001000
6,-58,1,0.00001000
8,-58,3,0.00003000
10,-58,2,0.00002000
12,-58,3,0.00003000
14,-58,1,0.00001000
18,-58,2,0.00002000
20,-58,1,0.00001000
24,-58,2,0.00002000
26,-58,1,0.00001000
28,-58,1,0.00001000
34,-58,2,0.00002000
36,-58,1,0.00001000
38,-58,2,0.00002000
42,-58,2,0.00002000
44,-58,2,0.00002000
50,-58,3,0.00003000
-39,-57,1,0.00001000
-35,-57,1,0.00001000
-33,-57,2,0.00002000
-27,-57,3,0.00003000
-25,-57,2,0.00002000
-21,-57,2,0.00002000
-19,-57,1,0.00001000
-17,-57,1,0.00001000
-13,-57,1,0.00001000
-9,-57,5,0.00005000
-7,-57,2,0.00002000
-5,-57,2,0.00002000
-1,-57,4,0.00004000
1,-57,2,0.00002000
3,-57,7,0.00007000
5,-57,4,0.00004000
7,-57,4,0.00004000
11,-57,3,0.00003000
13,-57,5,0.00005000
15,-57,2,0.00002000
17,-57,3,0.00003000
19,-57,1,0.00001000
21,-57,1,0.00001000
25,-57,1,0.00001000
29,-57,1,0.00001000
37,-57,1,0.00001000
43,-57,1,0.00001000
47,-57,2,0.00002000
53,-57,1,0.00001000
-60,-56,1,0.00001000
-40,-56,1,0.00001000
-28,-56,2,0.00002000
-26,-56,1,0.00001000
-24,-56,2,0.00002000
-20,-56,2,0.00002000
-18,-56,5,0.00005000
-16,-56,2,0.00002000
-14,-56,3,0.00003000
-12,-56,2,0.00002000
-10,-56,1,0.00001000
-8,-56,5,0.00005000
-6,-56,1,0.00001000
-4,-56,1,0.00001000
-2,-56,2,0.00002000
0,-56,4,0.00004000
2,-56,5,0.00005000
4,-56,1,0.00001000
6,-56,4,0.00004000
8,-56,3,0.00003000
10,-56,4,0.00004000
12,-56,4,0.00004000
14,-56,4,0.00004000
16,-56,1,0.00001000
18,-56,1,0.00001000
20,-56,1,0.00001000
22,-56,2,0.00002000
24,-56,3,0.00003000
26,-56,1,0.00001000
34,-56,2,0.00002000
40,-56,1,0.00001000
58,-56,1,0.00001000
-53,-55,1,0.00001000
-43,-55,1,0.00001000
-39,-55,1,0.00001000
-37,-55,2,0.00002000
-31,-55,2,0.00002000
-29,-55,3,0.00003000
-27,-55,2,0.00002000
-23,-55,3,0.00003000
-19,-55,1,0.00001000
-17,-55,2,0.00002000
-15,-55,1,0.00001000
-13,-55,4,0.00004000
-11,-55,3,0.00003000
-7,-55,2,0.00002000
-5,-55,1,0.00001000
-3,-55,4,0.00004000
-1,-55,1,0.00001000
1,-55,3,0.00003000
3,-55,3,0.00003000
5,-55,6,0.00006000
7,-55,3,0.00003000
9,-55,6,0.00006000
11,-55,2,0.00002000
13,-55,1,0.00001000
15,-55,1,0.00001000
17,-55,2,0.00002000
19,-55,1,0.00001000
21,-55,1,0.00001000
23,-55,3,0.00003000
25,-55,1,0.00001000
27,-55,1,0.00001000
29,-55,1,0.00001000
33,-55,4,0.00004000
35,-55,1,0.00001000
37,-55,1,0.00001000
43,-55,1,0.00001000
47,-55,1,0.00001000
-56,-54,1,0.00001000
-46,-54,1,0.00001000
-44,-54,1,0.00001000
-38,-54,1,0.00001000
-34,-54,2,0.00002000
-28,-54,2,0.00002000
-26,-54,3,0.00003000
-24,-54,6,0.00006000
-22,-54,3,0.00003000
-20,-54,1,0.00001000
-18,-54,4,0.00004000
-16,-54,1,0.00001000
-14,-54,5,0.00005000
-12,-54,7,0.00007000
-10,-54,5,0.00005000
-8,-54,3,0.00003000
-6,-54,7,0.00007000
-4,-54,2,0.00002000
-2,-54,6,0.00006000
0,-54,4,0.00004000
2,-54,7,0.00007000
4,-54,2,0.00002000
6,-54,4,0.00004000
8,-54,2,0.00002000
10,-54,1,0.00001000
12,-54,3,0.00003000
14,-54,3,0.00003000
16,-54,4,0.00004000
18,-54,1,0.00001000
20,-54,2,0.00002000
22,-54,3,0.00003000
24,-54,3,0.00003000
26,-54,1,0.00001000
28,-54,2,0.00002000
30,-54,2,0.00002000
32,-54,1,0.00001000
40,-54,1,0.00001000
50,-54,1,0.00001000
60,-54,1,0.00001000
-55,-53,1,0.00001000
-43,-53,2,0.00002000
-41,-53,1,0.00001000
-39,-53,1,0.00001000
-37,-53,1,0.00001000
-35,-53,2,0.00002000
-33,-53,3,0.00003000
-29,-53,1,0.00001000
-27,-53,4,0.00004000
-25,-53,4,0.00004000
-23,-53,3,0.00003000
-21,-53,4,0.00004000
-19,-53,4,0.00004000
-17,-53,2,0.00002000
-15,-53,4,0.00004000
-13,-53,1,0.00001000
-11,-53,4,0.00004000
-9,-53,3,0.00003000
-7,-53,5,0.00005000
-5,-53,1,0.00001000
-3,-53,2,0.00002000
-1,-53,5,0.00005000
1,-53,6,0.00006000
3,-53,9,0.00009000
5,-53,3,0.00003000
7,-53,5,0.00005000
9,-53,3,0.00003000
11,-53,5,0.00005000
13,-53,4,0.00004000
15,-53,5,0.00005000
17,-53,2,0.00002000
19,-53,3,0.00003000
21,-53,2,0.00002000
23,-53,1,0.00001000
25,-53,2,0.00002000
29,-53,5,0.00005000
31,-53,2,0.00002000
33,-53,3,0.00003000
35,-53,4,0.00004000
37,-53,1,0.00001000
57,-53,1,0.00001000
63,-53,1,0.00001000
69,-53,1,0.00001000
71,-53,1,0.00001000
-52,-52,1,0.00001000
-44,-52,2,0.00002000
-42,-52,2,0.00002000
-40,-52,1,0.00001000
-38,-52,3,0.00003000
-36,-52,5,0.00005000
-34,-52,1,0.00001000
-32,-52,3,0.00003000
-30,-52,2,0.00002000
-26,-52,4,0.00004000
-24,-52,2,0.00002000
-22,-52,1,0.00001000
-20,-52,5,0.00005000
-18,-52,6,0.00006000
-16,-52,4,0.00004000
-14,-52,5,0.00005000
-12,-52,1,0.00001000
-10,-52,5,0.00005000
-8,-52,5,0.00005000
-6,-52,6,0.00006000
-4,-52,5,0.00005000
-2,-52,3,0.00003000
0,-52,2,0.00002000
2,-52,3,0.00003000
4,-52,6,0.00006000
6,-52,4,0.00004000
8,-52,9,0.00009000
10,-52,3,0.00003000
12,-52,4,0.00004000
14,-52,2,0.00002000
16,-52,4,0.00004000
18,-52,3,0.00003000
20,-52,1,0.00001000
22,-52,4,0.00004000
24,-52,7,0.00007000
28,-52,1,0.00001000
30,-52,3,0.00003000
32,-52,1,0.00001000
36,-52,2,0.00002000
42,-52,1,0.00001000
44,-52,2,0.00002000
46,-52,2,0.00002000
58,-52,1,0.00001000
-47,-51,1,0.00001000
-41,-51,1,0.00001000
-39,-51,1,0.00001000
-37,-51,3,0.00003000
-33,-51,2,0.00002000
-31,-51,3,0.00003000
-29,-51,4,0.00004000
-27,-51,4,0.00004000
-25,-51,7,0.00007000
-23,-51,2,0.00002000
-21,-51,7,0.00007000
-19,-51,1,0.00001000
-17,-51,5,0.00005000
-15,-51,6,0.00006000
-13,-51,2,0.00002000
-11,-51,4,0.00004000
-9,-51,3,0.00003000
-7,-51,1,0.00001000
-5,-51,4,0.00004000
-3,-51,2,0.00002000
-1,-51,3,0.00003000
1,-51,3,0.00003000
3,-51,7,0.00007000
5,-51,7,0.00007000
7,-51,7,0.00007000
9,-51,3,0.00003000
11,-51,3,0.00003000
13,-51,8,0.00008000
15,-51,6,0.00006000
17,-51,4,0.00004000
19,-51,6,0.00006000
23,-51,5,0.00005000
25,-51,1,0.00001000
27,-51,3,0.00003000
29,-51,3,0.00003000
31,-51,1,0.00001000
33,-51,1,0.00001000
35,-51,1,0.00001000
37,-51,3,0.00003000
39,-51,3,0.00003000
43,-51,2,0.00002000
45,-51,2,0.00002000
-56,-50,1,0.00001000
-54,-50,1,0.00001000
-52,-50,1,0.00001000
-42,-50,1,0.00001000
-40,-50,1,0.00001000
-38,-50,3,0.00003000
-36,-50,1,0.00001000
-34,-50,2,0.00002000
-32,-50,1,0.00001000
-30,-50,5,0.00005000
-28,-50,2,0.00002000
-26,-50,1,0.00001000
-24,-50,3,0.00003000
-22,-50,4,0.00004000
-20,-50,4,0.00004000
-18,-50,4,0.00004000
-16,-50,2,0.00002000
-14,-50,5,0.00005000
-12,-50,5,0.00005000
-10,-50,6,0.00006000
-8,-50,4,0.00004000
-6,-50,4,0.00004000
-4,-50,7,0.00007000
-2,-50,5,0.00005000
0,-50,8,0.00008000
2,-50,8,0.00008000
4,-50,10,0.00010000
6,-50,2,0.00002000
8,-50,5,0.00005000
10,-50,4,0.00004000
12,-50,6,0.00006000
14,-50,4,0.00004000
16,-50,8,0.00008000
18,-50,3,0.00003000
20,-50,3,0.00003000
22,-50,7,0.00007000
24,-50,2,0.00002000
26,-50,2,0.00002000
28,-50,5,0.00005000
30,-50,2,0.00002000
32,-50,1,0.00001000
34,-50,2,0.00002000
36,-50,1,0.00001000
38,-50,1,0.00001000
40,-50,1,0.00001000
44,-50,2,0.00002000
48,-50,1,0.00001000
52,-50,1,0.00001000
56,-50,1,0.00001000
-59,-49,1,0.00001000
-55,-49,1,0.00001000
-49,-49,1,0.00001000
-47,-49,1,0.00001000
-45,-49,1,0.00001000
-43,-49,1,0.00001000
-41,-49,1,0.00001000
-37,-49,1,0.00001000
-35,-49,1,0.00001000
-31,-49,1,0.00001000
-29,-49,4,0.00004000
-27,-49,5,0.00005000
-25,-49,2,0.00002000
-23,-49,3,0.00003000
-21,-49,3,0.00003000
-19,-49,7,0.00007000
-17,-49,4,0.00004000
-15,-49,8,0.00008000
-13,-49,6,0.00006000
-11,-49,6,0.00006000
-9,-49,3,0.00003000
-7,-49,4,0.00004000
-5,-49,6,0.00006000
-3,-49,4,0.00004000
-1,-49,9,0.00009000
1,-49,8,0.00008000
3,-49,4,0.00004000
5,-49,5,0.00005000
7,-49,8,0.00008000
9,-49,3,0.00003000
11,-49,7,0.00007000
13,-49,9,0.00009000
15,-49,3,0.00003000
17,-49,3,0.00003000
19,-49,7,0.00007000
21,-49,3,0.00003000
23,-49,5,0.00005000
25,-49,1,0.00001000
27,-49,2,0.00002000
29,-49,3,0.00003000
31,-49,1,0.00001000
33,-49,1,0.00001000
35,-49,1,0.00001000
37,-49,1,0.00001000
39,-49,1,0.00001000
43,-49,2,0.00002000
45,-49,1,0.00001000
49,-49,1,0.00001000
55,-49,1,0.00001000
59,-49,1,0.00001000
-60,-48,2,0.00002000
-54,-48,1,0.00001000
-52,-48,1,0.00001000
-50,-48,1,0.00001000
-42,-48,1,0.00001000
-40,-48,1,0.00001000
-38,-48,4,0.00004000
-36,-48,2,0.00002000
-34,-48,3,0.00003000
-32,-48,2,0.00002000
-28,-48,5,0.00005000
-26,-48,6,0.00006000
-24,-48,5,0.00005000
-22,-48,3,0.00003000
-20,-48,6,0.00006000
-18,-48,7,0.00007000
-16,-48,5,0.00005000
-14,-48,6,0.00006000
-12,-48,8,0.00008000
-10,-48,5,0.00005000
-8,-48,7,0.00007000
-6,-48,8,0.00008000
-4,-48,3,0.00003000
-2,-48,4,0.00004000
0,-48,3,0.00003000
2,-48,6,0.00006000
4,-48,10,0.00010000
6,-48,7,0.00007000
8,-48,6,0.00006000
10,-48,7,0.00007000
12,-48,11,0.00011000
14,-48,3,0.00003000
16,-48,8,0.00008000
18,-48,5,0.00005000
20,-48,3,0.00003000
22,-48,6,0.00006000
24,-48,4,0.00004000
26,-48,6,0.00006000
28,-48,1,0.00001000
30,-48,3,0.00003000
32,-48,3,0.00003000
34,-48,5,0.00005000
36,-48,2,0.00002000
38,-48,3,0.00003000
40,-48,2,0.00002000
42,-48,1,0.00001000
46,-48,1,0.00001000
48,-48,2,0.00002000
58,-48,1,0.00001000
-65,-47,1,0.00001000
-51,-47,1,0.00001000
-49,-47,1,0.00001000
-47,-47,1,0.00001000
-45,-47,1,0.00001000
-43,-47,1,0.00001000
-41,-47,2,0.00002000
-39,-47,4,0.00004000
-35,-47,2,0.00002000
-33,-47,5,0.00005000
-31,-47,1,0.00001000
-29,-47,3,0.00003000
-27,-47,6,0.00006000
-25,-47,4,0.00004000
-23,-47,4,0.00004000
-21,-47,4,0.00004000
-19,-47,9,0.00009000
-17,-47,4,0.00004000
-15,-47,4,0.00004000
-13,-47,8,0.00008000
-11,-47,10,0.00010000
-9,-47,7,0.00007000
-7,-47,10,0.00010000
-5,-47,6,0.00006000
-3,-47,4,0.00004000
-1,-47,7,0.00007000
1,-47,4,0.00004000
3,-47,5,0.00005000
5,-47,5,0.00005000
7,-47,4,0.00004000
9,-47,6,0.00006000
11,-47,7,0.00007000
13,-47,10,0.00010000
15,-47,3,0.00003000
17,-47,3,0.00003000
19,-47,7,0.00007000
21,-47,5,0.00005000
23,-47,6,0.00006000
25,-47,3,0.00003000
27,-47,1,0.00001000
29,-47,4,0.00004000
31,-47,1,0.00001000
33,-47,4,0.00004000
35,-47,3,0.00003000
37,-47,4,0.00004000
41,-47,1,0.00001000
45,-47,1,0.00001000
47,-47,1,0.00001000
49,-47,1,0.00001000
87,-47,1,0.00001000
-54,-46,1,0.00001000
-52,-46,2,0.00002000
-50,-46,1,0.00001000
-48,-46,1,0.00001000
-46,-46,1,0.00001000
-44,-46,3,0.00003000
-42,-46,1,0.00001000
-40,-46,2,0.00002000
-38,-46,1,0.00001000
-36,-46,2,0.00002000
-34,-46,2,0.00002000
-32,-46,1,0.00001000
-30,-46,1,0.00001000
-28,-46,5,0.00005000
-26,-46,5,0.00005000
-24,-46,1,0.00001000
-22,-46,8,0.00008000
-20,-46,7,0.00007000
-18,-46,7,0.00007000
-16,-46,7,0.00007000
-14,-46,9,0.00009000
-12,-46,8,0.00008000
-10,-46,9,0.00009000
-8,-46,8,0.00008000
-6,-46,4,0.00004000
-4,-46,7,0.00007000
-2,-46,8,0.00008000
0,-46,7,0.00007000
2,-46,7,0.00007000
4,-46,8,0.00008000
6,-46,6,0.00006000
8,-46,6,0.00006000
10,-46,4,0.00004000
12,-46,3,0.00003000
14,-46,5,0.00005000
16,-46,9,0.00009000
18,-46,10,0.00010000
20,-46,5,0.00005000
22,-46,2,0.00002000
24,-46,5,0.00005000
26,-46,6,0.00006000
28,-46,6,0.00006000
30,-46,4,0.00004000
32,-46,2,0.00002000
34,-46,1,0.00001000
36,-46,4,0.00004000
38,-46,2,0.00002000
40,-46,1,0.00001000
50,-46,1,0.00001000
60,-46,1,0.00001000
64,-46,1,0.00001000
-69,-45,1,0.00001000
-67,-45,1,0.00001000
-55,-45,2,0.00002000
-43,-45,1,0.00001000
-39,-45,1,0.00001000
-35,-45,3,0.00003000
-33,-45,3,0.00003000
-31,-45,4,0.00004000
-29,-45,3,0.00003000
-27,-45,4,0.00004000
-25,-45,2,0.00002000
-23,-45,5,0.00005000
-21,-45,7,0.00007000
-19,-45,8,0.00008000
-17,-45,3,0.00003000
-15,-45,7,0.00007000
-13,-45,8,0.00008000
-11,-45,12,0.00012000
-9,-45,3,0.00003000
-7,-45,12,0.00012000
-5,-45,8,0.00008000
-3,-45,7,0.00007000
-1,-45,8,0.00008000
1,-45,10,0.00010000
3,-45,7,0.00007000
5,-45,11,0.00011000
7,-45,4,0.00004000
9,-45,5,0.00005000
11,-45,2,0.00002000
13,-45,8,0.00008000
15,-45,10,0.00010000
17,-45,5,0.00005000
19,-45,8,0.00008000
21,-45,4,0.00004000
23,-45,6,0.00006000
25,-45,3,0.00003000
27,-45,2,0.00002000
29,-45,2,0.00002000
33,-45,5,0.00005000
35,-45,3,0.00003000
39,-45,1,0.00001000
41,-45,6,0.00006000
43,-45,2,0.00002000
45,-45,2,0.00002000
49,-45,1,0.00001000
51,-45,2,0.00002000
53,-45,2,0.00002000
-62,-44,1,0.00001000
-54,-44,1,0.00001000
-52,-44,2,0.00002000
-48,-44,1,0.00001000
-44,-44,2,0.00002000
-42,-44,3,0.00003000
-40,-44,2,0.00002000
-38,-44,3,0.00003000
-36,-44,2,0.00002000
-34,-44,3,0.00003000
-32,-44,2,0.00002000
-30,-44,6,0.00006000
-28,-44,6,0.00006000
-26,-44,5,0.00005000
-24,-44,4,0.00004000
-22,-44,6,0.00006000
-20,-44,8,0.00008000
-18,-44,5,0.00005000
-16,-44,6,0.00006000
-14,-44,8,0.00008000
-12,-44,5,0.00005000
-10,-44,8,0.00008000
-8,-44,6,0.00006000
-6,-44,12,0.00012000
-4,-44,6,0.00006000
-2,-44,10,0.00010000
0,-44,5,0.00005000
2,-44,10,0.00010000
4,-44,8,0.00008000
6,-44,8,0.00008000
8,-44,8,0.00008000
10,-44,7,0.00007000
12,-44,9,0.00009000
14,-44,9,0.00009000
16,-44,8,0.00008000
18,-44,5,0.00005000
20,-44,10,0.00010000
22,-44,6,0.00006000
24,-44,4,0.00004000
26,-44,4,0.00004000
28,-44,3,0.00003000
30,-44,4,0.00004000
32,-44,2,0.00002000
34,-44,3,0.00003000
36,-44,2,0.00002000
38,-44,2,0.00002000
40,-44,3,0.00003000
42,-44,2,0.00002000
46,-44,3,0.00003000
64,-44,1,0.00001000
76,-44,1,0.00001000
-59,-43,1,0.00001000
-57,-43,2,0.00002000
-55,-43,2,0.00002000
-49,-43,1,0.00001000
-47,-43,1,0.00001000
-45,-43,1,0.00001000
-43,-43,1,0.00001000
-41,-43,1,0.00001000
-39,-43,4,0.00004000
-37,-43,4,0.00004000
-35,-43,3,0.00003000
-33,-43,4,0.00004000
-31,-43,5,0.00005000
-29,-43,3,0.00003000
-27,-43,6,0.00006000
-25,-43,2,0.00002000
-23,-43,3,0.00003000
-21,-43,10,0.00010000
-19,-43,5,0.00005000
-17,-43,6,0.00006000
-15,-43,2,0.00002000
-13,-43,10,0.00010000
-11,-43,12,0.00012000
-9,-43,9,0.00009000
-7,-43,13,0.00013000
-5,-43,9,0.00009000
-3,-43,14,0.00014000
-1,-43,12,0.00012000
1,-43,9,0.00009000
3,-43,12,0.00012000
5,-43,10,0.00010000
7,-43,10,0.00010000
9,-43,8,0.00008000
11,-43,13,0.00013000
13,-43,9,0.00009000
15,-43,15,0.00015000
17,-43,10,0.00010000
19,-43,5,0.00005000
21,-43,9,0.00009000
23,-43,9,0.00009000
25,-43,7,0.00007000
27,-43,5,0.00005000
29,-43,7,0.00007000
31,-43,4,0.00004000
33,-43,4,0.00004000
35,-43,3,0.00003000
37,-43,3,0.00003000
39,-43,3,0.00003000
41,-43,2,0.00002000
43,-43,2,0.00002000
47,-43,3,0.00003000
49,-43,2,0.00002000
53,-43,1,0.00001000
55,-43,1,0.00001000
59,-43,1,0.00001000
-72,-42,1,0.00001000
-70,-42,1,0.00001000
-52,-42,2,0.00002000
-44,-42,1,0.00001000
-42,-42,4,0.00004000
-40,-42,2,0.00002000
-38,-42,2,0.00002000
-36,-42,2,0.00002000
-34,-42,2,0.00002000
-32,-42,2,0.00002000
-30,-42,6,0.00006000
-28,-42,2,0.00002000
-26,-42,6,0.00006000
-24,-42,10,0.00010000
-22,-42,5,0.00005000
-20,-42,15,0.00015000
-18,-42,5,0.00005000
-16,-42,8,0.00008000
-14,-42,5,0.00005000
-12,-42,7,0.00007000
-10,-42,9,0.00009000
-8,-42,11,0.00011000
-6,-42,17,0.00017000
-4,-42,13,0.00013000
-2,-42,11,0.00011000
0,-42,7,0.00007000
2,-42,17,0.00017000
4,-42,10,0.00010000
6,-42,14,0.00014000
8,-42,10,0.00010000
10,-42,10,0.00010000
12,-42,2,0.00002000
14,-42,9,0.00009000
16,-42,10,0.00010000
18,-42,8,0.00008000
20,-42,6,0.00006000
22,-42,7,0.00007000
24,-42,7,0.00007000
26,-42,3,0.00003000
28,-42,5,0.00005000
30,-42,2,0.00002000
32,-42,4,0.00004000
34,-42,4,0.00004000
38,-42,1,0.00001000
40,-42,2,0.00002000
42,-42,1,0.00001000
44,-42,1,0.00001000
46,-42,1,0.00001000
48,-42,2,0.00002000
50,-42,1,0.00001000
52,-42,1,0.00001000
56,-42,1,0.00001000
66,-42,1,0.00001000
-57,-41,1,0.00001000
-55,-41,1,0.00001000
-51,-41,1,0.00001000
-49,-41,3,0.00003000
-47,-41,1,0.00001000
-45,-41,1,0.00001000
-43,-41,4,0.00004000
-41,-41,1,0.00001000
-39,-41,4,0.00004000
-37,-41,1,0.00001000
-35,-41,1,0.00001000
-33,-41,3,0.00003000
-31,-41,9,0.00009000
-29,-41,5,0.00005000
-27,-41,3,0.00003000
-25,-41,4,0.00004000
-23,-41,6,0.00006000
-21,-41,7,0.00007000
-19,-41,12,0.00012000
-17,-41,10,0.00010000
-15,-41,12,0.00012000
-13,-41,12,0.00012000
-11,-41,8,0.00008000
-9,-41,22,0.00022000
-7,-41,11,0.00011000
-5,-41,5,0.00005000
-3,-41,11,0.00011000
-1,-41,17,0.00017000
1,-41,16,0.00016000
3,-41,16,0.00016000
5,-41,19,0.00019000
7,-41,10,0.00010000
9,-41,13,0.00013000
11,-41,15,0.00015000
13,-41,7,0.00007000
15,-41,5,0.00005000
17,-41,12,0.00012000
19,-41,11,0.00011000
21,-41,8,0.00008000
23,-41,8,0.00008000
25,-41,4,0.00004000
27,-41,3,0.00003000
29,-41,7,0.00007000
31,-41,1,0.00001000
33,-41,2,0.00002000
35,-41,1,0.00001000
39,-41,1,0.00001000
41,-41,3,0.00003000
43,-41,3,0.00003000
45,-41,1,0.00001000
47,-41,4,0.00004000
51,-41,1,0.00001000
53,-41,1,0.00001000
55,-41,1,0.00001000
-64,-40,2,0.00002000
-54,-40,4,0.00004000
-48,-40,2,0.00002000
-46,-40,1,0.00001000
-42,-40,5,0.00005000
-40,-40,1,0.00001000
-38,-40,3,0.00003000
-36,-40,4,0.00004000
-34,-40,9,0.00009000
-32,-40,7,0.00007000
-30,-40,10,0.00010000
-28,-40,4,0.00004000
-26,-40,10,0.00010000
-24,-40,12,0.00012000
-22,-40,12,0.00012000
-20,-40,11,0.00011000
-18,-40,1,0.00001000
-16,-40,9,0.00009000
-14,-40,14,0.00014000
-12,-40,13,0.00013000
-10,-40,10,0.00010000
-8,-40,6,0.00006000
-6,-40,10,0.00010000
-4,-40,23,0.00023000
-2,-40,16,0.00016000
0,-40,9,0.00009000
2,-40,13,0.00013000
4,-40,19,0.00019000
6,-40,13,0.00013000
8,-40,5,0.00005000
10,-40,14,0.00014000
12,-40,13,0.00013000
14,-40,8,0.00008000
16,-40,10,0.00010000
18,-40,5,0.00005000
20,-40,8,0.00008000
22,-40,8,0.00008000
24,-40,6,0.00006000
26,-40,2,0.00002000
28,-40,7,0.00007000
30,-40,2,0.00002000
32,-40,1,0.00001000
34,-40,3,0.00003000
38,-40,2,0.00002000
40,-40,3,0.00003000
42,-40,5,0.00005000
44,-40,3,0.00003000
48,-40,1,0.00001000
50,-40,1,0.00001000
52,-40,4,0.00004000
54,-40,1,0.00001000
56,-40,2,0.00002000
64,-40,1,0.00001000
76,-40,1,0.00001000
-51,-39,1,0.00001000
-45,-39,2,0.00002000
-43,-39,3,0.00003000
-41,-39,4,0.00004000
-39,-39,4,0.00004000
-37,-39,6,0.00006000
-35,-39,2,0.00002000
-33,-39,4,0.00004000
-31,-39,4,0.00004000
-29,-39,5,0.00005000
-27,-39,11,0.00011000
-25,-39,3,0.00003000
-23,-39,7,0.00007000
-21,-39,12,0.00012000
-19,-39,11,0.00011000
-17,-39,12,0.00012000
-15,-39,8,0.00008000
-13,-39,11,0.00011000
-11,-39,17,0.00017000
-9,-39,18,0.00018000
-7,-39,13,0.00013000
-5,-39,19,0.00019000
-3,-39,13,0.00013000
-1,-39,16,0.00016000
1,-39,19,0.00019000
3,-39,22,0.00022000
5,-39,13,0.00013000
7,-39,11,0.00011000
9,-39,7,0.00007000
11,-39,6,0.00006000
13,-39,15,0.00015000
15,-39,11,0.00011000
17,-39,11,0.00011000
19,-39,10,0.00010000
21,-39,12,0.00012000
23,-39,14,0.00014000
25,-39,3,0.00003000
27,-39,3,0.00003000
29,-39,6,0.00006000
31,-39,4,0.00004000
33,-39,4,0.00004000
35,-39,2,0.00002000
37,-39,1,0.00001000
39,-39,4,0.00004000
41,-39,4,0.00004000
43,-39,1,0.00001000
45,-39,5,0.00005000
47,-39,4,0.00004000
49,-39,1,0.00001000
59,-39,1,0.00001000
63,-39,2,0.00002000
-62,-38,1,0.00001000
-60,-38,1,0.00001000
-56,-38,1,0.00001000
-54,-38,2,0.00002000
-50,-38,3,0.00003000
-48,-38,2,0.00002000
-46,-38,2,0.00002000
-44,-38,1,0.00001000
-42,-38,2,0.00002000
-40,-38,3,0.00003000
-38,-38,3,0.00003000
-36,-38,2,0.00002000
-34,-38,8,0.00008000
-32,-38,8,0.00008000
-30,-38,4,0.00004000
-28,-38,8,0.00008000
-26,-38,11,0.00011000
-24,-38,8,0.00008000
-22,-38,10,0.00010000
-20,-38,12,0.00012000
-18,-38,15,0.00015000
-16,-38,6,0.00006000
-14,-38,14,0.00014000
-12,-38,13,0.00013000
-10,-38,20,0.00020000
-8,-38,18,0.00018000
-6,-38,17,0.00017000
-4,-38,20,0.00020000
-2,-38,11,0.00011000
0,-38,18,0.00018000
2,-38,15,0.00015000
4,-38,12,0.00012000
6,-38,11,0.00011000
8,-38,15,0.00015000
10,-38,11,0.00011000
12,-38,12,0.00012000
14,-38,9,0.00009000
16,-38,15,0.00015000
18,-38,12,0.00012000
20,-38,8,0.00008000
22,-38,7,0.00007000
24,-38,11,0.00011000
26,-38,3,0.00003000
28,-38,9,0.00009000
30,-38,5,0.00005000
32,-38,5,0.00005000
34,-38,3,0.00003000
36,-38,4,0.00004000
38,-38,3,0.00003000
40,-38,2,0.00002000
42,-38,1,0.00001000
44,-38,2,0.00002000
46,-38,2,0.00002000
48,-38,2,0.00002000
50,-38,1,0.00001000
54,-38,1,0.00001000
64,-38,1,0.00001000
-49,-37,2,0.00002000
-47,-37,1,0.00001000
-45,-37,3,0.00003000
-43,-37,4,0.00004000
-41,-37,4,0.00004000
-39,-37,3,0.00003000
-37,-37,4,0.00004000
-35,-37,4,0.00004000
-33,-37,10,0.00010000
-31,-37,8,0.00008000
-29,-37,3,0.00003000
-27,-37,6,0.00006000
-25,-37,9,0.00009000
-23,-37,11,0.00011000
-21,-37,7,0.00007000
-19,-37,14,0.00014000
-17,-37,13,0.00013000
-15,-37,17,0.00017000
-13,-37,17,0.00017000
-11,-37,7,0.00007000
-9,-37,10,0.00010000
-7,-37,16,0.00016000
-5,-37,12,0.00012000
-3,-37,15,0.00015000
-1,-37,12,0.00012000
1,-37,22,0.00022000
3,-37,13,0.00013000
5,-37,14,0.00014000
7,-37,19,0.00019000
9,-37,13,0.00013000
11,-37,22,0.00022000
13,-37,12,0.00012000
15,-37,15,0.00015000
17,-37,14,0.00014000
19,-37,10,0.00010000
21,-37,12,0.00012000
23,-37,6,0.00006000
25,-37,9,0.00009000
27,-37,8,0.00008000
29,-37,7,0.00007000
31,-37,3,0.00003000
33,-37,4,0.00004000
35,-37,8,0.00008000
37,-37,4,0.00004000
39,-37,4,0.00004000
41,-37,2,0.00002000
43,-37,4,0.00004000
45,-37,2,0.00002000
47,-37,1,0.00001000
51,-37,2,0.00002000
57,-37,1,0.00001000
59,-37,1,0.00001000
61,-37,1,0.00001000
-66,-36,2,0.00002000
-58,-36,1,0.00001000
-54,-36,1,0.00001000
-52,-36,1,0.00001000
-46,-36,4,0.00004000
-44,-36,3,0.00003000
-42,-36,4,0.00004000
-40,-36,1,0.00001000
-38,-36,5,0.00005000
-36,-36,2,0.00002000
-34,-36,4,0.00004000
-32,-36,7,0.00007000
-30,-36,4,0.00004000
-28,-36,8,0.00008000
-26,-36,5,0.00005000
-24,-36,8,0.00008000
-22,-36,12,0.00012000
-20,-36,13,0.00013000
-18,-36,13,0.00013000
-16,-36,7,0.00007000
-14,-36,23,0.00023000
-12,-36,18,0.00018000
-10,-36,21,0.00021000
-8,-36,15,0.00015000
-6,-36,11,0.00011000
-4,-36,12,0.00012000
-2,-36,16,0.00016000
0,-36,24,0.00024000
2,-36,14,0.00014000
4,-36,23,0.00023000
6,-36,22,0.00022000
8,-36,12,0.00012000
10,-36,9,0.00009000
12,-36,20,0.00020000
14,-36,20,0.00020000
16,-36,12,0.00012000
18,-36,11,0.00011000
20,-36,11,0.00011000
22,-36,11,0.00011000
24,-36,10,0.00010000
26,-36,11,0.00011000
28,-36,7,0.00007000
30,-36,6,0.00006000
32,-36,4,0.00004000
34,-36,8,0.00008000
36,-36,5,0.00005000
38,-36,3,0.00003000
46,-36,3,0.00003000
48,-36,4,0.00004000
50,-36,1,0.00001000
52,-36,2,0.00002000
54,-36,2,0.00002000
56,-36,1,0.00001000
58,-36,2,0.00002000
62,-36,1,0.00001000
66,-36,1,0.00001000
-77,-35,1,0.00001000
-59,-35,1,0.00001000
-53,-35,1,0.00001000
-51,-35,2,0.00002000
-49,-35,1,0.00001000
-47,-35,2,0.00002000
-45,-35,3,0.00003000
-43,-35,2,0.00002000
-41,-35,5,0.00005000
-39,-35,4,0.00004000
-37,-35,4,0.00004000
-35,-35,7,0.00007000
-33,-35,8,0.00008000
-31,-35,2,0.00002000
-29,-35,11,0.00011000
-27,-35,7,0.00007000
-25,-35,14,0.00014000
-23,-35,12,0.00012000
-21,-35,13,0.00013000
-19,-35,16,0.00016000
-17,-35,8,0.00008000
-15,-35,16,0.00016000
-13,-35,13,0.00013000
-11,-35,19,0.00019000
-9,-35,9,0.00009000
-7,-35,17,0.00017000
-5,-35,17,0.00017000
-3,-35,19,0.00019000
-1,-35,19,0.00019000
1,-35,21,0.00021000
3,-35,25,0.00025000
5,-35,16,0.00016000
7,-35,18,0.00018000
9,-35,14,0.00014000
11,-35,13,0.00013000
13,-35,16,0.00016000
15,-35,10,0.00010000
17,-35,8,0.00008000
19,-35,13,0.00013000
21,-35,12,0.00012000
23,-35,14,0.00014000
25,-35,7,0.00007000
27,-35,9,0.00009000
29,-35,11,0.00011000
31,-35,4,0.00004000
33,-35,3,0.00003000
35,-35,3,0.00003000
37,-35,6,0.00006000
39,-35,7,0.00007000
41,-35,9,0.00009000
43,-35,5,0.00005000
45,-35,3,0.00003000
47,-35,2,0.00002000
49,-35,1,0.00001000
55,-35,2,0.00002000
61,-35,2,0.00002000
-68,-34,1,0.00001000
-64,-34,1,0.00001000
-58,-34,1,0.00001000
-54,-34,1,0.00001000
-52,-34,1,0.00001000
-46,-34,4,0.00004000
-44,-34,9,0.00009000
-42,-34,1,0.00001000
-40,-34,4,0.00004000
-38,-34,6,0.00006000
-36,-34,5,0.00005000
-34,-34,3,0.00003000
-32,-34,8,0.00008000
-30,-34,9,0.00009000
-28,-34,12,0.00012000
-26,-34,13,0.00013000
-24,-34,13,0.00013000
-22,-34,12,0.00012000
-20,-34,9,0.00009000
-18,-34,10,0.00010000
-16,-34,14,0.00014000
-14,-34,12,0.00012000
-12,-34,18,0.00018000
-10,-34,15,0.00015000
-8,-34,17,0.00017000
-6,-34,24,0.00024000
-4,-34,19,0.00019000
-2,-34,13,0.00013000
0,-34,15,0.00015000
2,-34,15,0.00015000
4,-34,22,0.00022000
6,-34,19,0.00019000
8,-34,19,0.00019000
10,-34,11,0.00011000
12,-34,22,0.00022000
14,-34,22,0.00022000
16,-34,15,0.00015000
18,-34,9,0.00009000
20,-34,15,0.00015000
22,-34,7,0.00007000
24,-34,6,0.00006000
26,-34,8,0.00008000
28,-34,7,0.00007000
30,-34,3,0.00003000
32,-34,8,0.00008000
34,-34,4,0.00004000
36,-34,3,0.00003000
38,-34,6,0.00006000
40,-34,4,0.00004000
42,-34,3,0.00003000
44,-34,2,0.00002000
46,-34,2,0.00002000
48,-34,2,0.00002000
50,-34,1,0.00001000
52,-34,1,0.00001000
54,-34,1,0.00001000
56,-34,1,0.00001000
60,-34,1,0.00001000
62,-34,1,0.00001000
64,-34,2,0.00002000
-67,-33,2,0.00002000
-55,-33,1,0.00001000
-53,-33,3,0.00003000
-49,-33,2,0.00002000
-47,-33,4,0.00004000
-45,-33,1,0.00001000
-43,-33,5,0.00005000
-41,-33,4,0.00004000
-39,-33,1,0.00001000
-37,-33,5,0.00005000
-35,-33,12,0.00012000
-33,-33,6,0.00006000
-31,-33,3,0.00003000
-29,-33,6,0.00006000
-27,-33,10,0.00010000
-25,-33,13,0.00013000
-23,-33,12,0.00012000
-21,-33,14,0.00014000
-19,-33,18,0.00018000
-17,-33,12,0.00012000
-15,-33,20,0.00020000
-13,-33,16,0.00016000
-11,-33,27,0.00027000
-9,-33,18,0.00018000
-7,-33,15,0.00015000
-5,-33,15,0.00015000
-3,-33,31,0.00031000
-1,-33,21,0.00021000
1,-33,18,0.00018000
3,-33,9,0.00009000
5,-33,27,0.00027000
7,-33,23,0.00023000
9,-33,13,0.00013000
11,-33,22,0.00022000
13,-33,11,0.00011000
15,-33,14,0.00014000
17,-33,14,0.00014000
19,-33,10,0.00010000
21,-33,8,0.00008000
23,-33,8,0.00008000
25,-33,12,0.00012000
27,-33,12,0.00012000
29,-33,12,0.00012000
31,-33,8,0.00008000
33,-33,13,0.00013000
35,-33,10,0.00010000
37,-33,8,0.00008000
39,-33,3,0.00003000
41,-33,4,0.00004000
43,-33,3,0.00003000
45,-33,4,0.00004000
47,-33,5,0.00005000
49,-33,1,0.00001000
51,-33,5,0.00005000
53,-33,1,0.00001000
55,-33,2,0.00002000
57,-33,1,0.00001000
61,-33,1,0.00001000
65,-33,1,0.00001000
69,-33,1,0.00001000
-68,-32,1,0.00001000
-66,-32,2,0.00002000
-64,-32,2,0.00002000
-54,-32,2,0.00002000
-52,-32,1,0.00001000
-50,-32,1,0.00001000
-48,-32,1,0.00001000
-46,-32,1,0.00001000
-44,-32,2,0.00002000
-42,-32,7,0.00007000
-40,-32,3,0.00003000
-38,-32,4,0.00004000
-36,-32,11,0.00011000
-34,-32,4,0.00004000
-32,-32,4,0.00004000
-30,-32,12,0.00012000
-28,-32,6,0.00006000
-26,-32,12,0.00012000
-24,-32,13,0.00013000
-22,-32,21,0.00021000
-20,-32,18,0.00018000
-18,-32,17,0.00017000
-16,-32,20,0.00020000
-14,-32,19,0.00019000
-12,-32,20,0.00020000
-10,-32,12,0.00012000
-8,-32,27,0.00027000
-6,-32,20,0.00020000
-4,-32,25,0.00025000
-2,-32,25,0.00025000
0,-32,17,0.00017000
2,-32,16,0.00016000
4,-32,23,0.00023000
6,-32,14,0.00014000
8,-32,29,0.00029000
10,-32,26,0.00026000
12,-32,27,0.00027000
14,-32,23,0.00023000
16,-32,19,0.00019000
18,-32,16,0.00016000
20,-32,16,0.00016000
22,-32,16,0.00016000
24,-32,14,0.00014000
26,-32,8,0.00008000
28,-32,6,0.00006000
30,-32,7,0.00007000
32,-32,6,0.00006000
34,-32,6,0.00006000
36,-32,6,0.00006000
38,-32,4,0.00004000
40,-32,2,0.00002000
42,-32,4,0.00004000
44,-32,1,0.00001000
46,-32,1,0.00001000
48,-32,3,0.00003000
50,-32,2,0.00002000
52,-32,2,0.00002000
56,-32,3,0.00003000
58,-32,1,0.00001000
60,-32,3,0.00003000
66,-32,1,0.00001000
70,-32,1,0.00001000
-61,-31,2,0.00002000
-59,-31,1,0.00001000
-53,-31,4,0.00004000
-51,-31,1,0.00001000
-49,-31,2,0.00002000
-47,-31,2,0.00002000
-45,-31,3,0.00003000
-43,-31,6,0.00006000
-41,-31,4,0.00004000
-39,-31,12,0.00012000
-37,-31,6,0.00006000
-35,-31,5,0.00005000
-33,-31,9,0.00009000
-31,-31,8,0.00008000
-29,-31,10,0.00010000
-27,-31,8,0.00008000
-25,-31,12,0.00012000
-23,-31,11,0.00011000
-21,-31,16,0.00016000
-19,-31,16,0.00016000
-17,-31,19,0.00019000
-15,-31,19,0.00019000
-13,-31,18,0.00018000
-11,-31,20,0.00020000
-9,-31,32,0.00032000
-7,-31,20,0.00020000
-5,-31,25,0.00025000
-3,-31,19,0.00019000
-1,-31,27,0.00027000
1,-31,25,0.00025000
3,-31,33,0.00033000
5,-31,24,0.00024000
7,-31,25,0.00025000
9,-31,22,0.00022000
11,-31,29,0.00029000
13,-31,18,0.00018000
15,-31,14,0.00014000
17,-31,20,0.00020000
19,-31,21,0.00021000
21,-31,15,0.00015000
23,-31,16,0.00016000
25,-31,13,0.00013000
27,-31,12,0.00012000
29,-31,12,0.00012000
31,-31,12,0.00012000
33,-31,8,0.00008000
35,-31,7,0.00007000
37,-31,4,0.00004000
39,-31,9,0.00009000
41,-31,6,0.00006000
43,-31,6,0.00006000
45,-31,4,0.00004000
47,-31,3,0.00003000
49,-31,4,0.00004000
51,-31,4,0.00004000
53,-31,1,0.00001000
55,-31,1,0.00001000
57,-31,1,0.00001000
59,-31,1,0.00001000
61,-31,2,0.00002000
63,-31,1,0.00001000
77,-31,1,0.00001000
83,-31,1,0.00001000
-92,-30,1,0.00001000
-58,-30,2,0.00002000
-56,-30,2,0.00002000
-54,-30,2,0.00002000
-52,-30,3,0.00003000
-50,-30,2,0.00002000
-48,-30,3,0.00003000
-46,-30,3,0.00003000
-44,-30,6,0.00006000
-42,-30,3,0.00003000
-40,-30,8,0.00008000
-38,-30,8,0.00008000
-36,-30,7,0.00007000
-34,-30,6,0.00006000
-32,-30,7,0.00007000
-30,-30,12,0.00012000
-28,-30,13,0.00013000
-26,-30,15,0.00015000
-24,-30,20,0.00020000
-22,-30,20,0.00020000
-20,-30,15,0.00015000
-18,-30,16,0.00016000
-16,-30,21,0.00021000
-14,-30,18,0.00018000
-12,-30,26,0.00026000
-10,-30,21,0.00021000
-8,-30,25,0.00025000
-6,-30,24,0.00024000
-4,-30,26,0.00026000
-2,-30,27,0.00027000
0,-30,16,0.00016000
2,-30,35,0.00035000
4,-30,27,0.00027000
6,-30,24,0.00024000
8,-30,24,0.00024000
10,-30,24,0.00024000
12,-30,29,0.00029000
14,-30,22,0.00022000
16,-30,28,0.00028000
18,-30,22,0.00022000
20,-30,22,0.00022000
22,-30,22,0.00022000
24,-30,11,0.00011000
26,-30,19,0.00019000
28,-30,9,0.00009000
30,-30,11,0.00011000
32,-30,8,0.00008000
34,-30,7,0.00007000
36,-30,10,0.00010000
38,-30,6,0.00006000
40,-30,3,0.00003000
42,-30,4,0.00004000
44,-30,2,0.00002000
46,-30,6,0.00006000
48,-30,1,0.00001000
50,-30,2,0.00002000
54,-30,2,0.00002000
56,-30,1,0.00001000
58,-30,2,0.00002000
60,-30,1,0.00001000
62,-30,2,0.00002000
66,-30,1,0.00001000
72,-30,1,0.00001000
74,-30,1,0.00001000
78,-30,1,0.00001000
-63,-29,1,0.00001000
-57,-29,1,0.00001000
-55,-29,1,0.00001000
-53,-29,1,0.00001000
-51,-29,4,0.00004000
-49,-29,4,0.00004000
-47,-29,4,0.00004000
-45,-29,3,0.00003000
-43,-29,2,0.00002000
-41,-29,7,0.00007000
-39,-29,4,0.00004000
-37,-29,15,0.00015000
-35,-29,3,0.00003000
-33,-29,6,0.00006000
-31,-29,12,0.00012000
-29,-29,18,0.00018000
-27,-29,9,0.00009000
-25,-29,12,0.00012000
-23,-29,21,0.00021000
-21,-29,19,0.00019000
-19,-29,19,0.00019000
-17,-29,19,0.00019000
-15,-29,21,0.00021000
-13,-29,31,0.00031000
-11,-29,18,0.00018000
-9,-29,33,0.00033000
-7,-29,26,0.00026000
-5,-29,17,0.00017000
-3,-29,24,0.00024000
-1,-29,29,0.00029000
1,-29,30,0.00030000
3,-29,22,0.00022000
5,-29,22,0.00022000
7,-29,31,0.00031000
9,-29,14,0.00014000
11,-29,22,0.00022000
13,-29,19,0.00019000
15,-29,17,0.00017000
17,-29,21,0.00021000
19,-29,25,0.00025000
21,-29,15,0.00015000
23,-29,25,0.00025000
25,-29,14,0.00014000
27,-29,15,0.00015000
29,-29,20,0.00020000
31,-29,14,0.00014000
33,-29,11,0.00011000
35,-29,6,0.00006000
37,-29,7,0.00007000
39,-29,4,0.00004000
41,-29,1,0.00001000
43,-29,2,0.00002000
45,-29,4,0.00004000
47,-29,1,0.00001000
49,-29,5,0.00005000
51,-29,1,0.00001000
55,-29,2,0.00002000
57,-29,1,0.00001000
59,-29,3,0.00003000
77,-29,1,0.00001000
-76,-28,1,0.00001000
-62,-28,1,0.00001000
-60,-28,1,0.00001000
-54,-28,3,0.00003000
-52,-28,2,0.00002000
-50,-28,5,0.00005000
-48,-28,7,0.00007000
-46,-28,5,0.00005000
-44,-28,4,0.00004000
-42,-28,5,0.00005000
-40,-28,8,0.00008000
-38,-28,4,0.00004000
-36,-28,13,0.00013000
-34,-28,10,0.00010000
-32,-28,12,0.00012000
-30,-28,12,0.00012000
-28,-28,11,0.00011000
-26,-28,11,0.00011000
-24,-28,10,0.00010000
-22,-28,20,0.00020000
-20,-28,24,0.00024000
-18,-28,26,0.00026000
-16,-28,29,0.00029000
-14,-28,11,0.00011000
-12,-28,27,0.00027000
-10,-28,27,0.00027000
-8,-28,31,0.00031000
-6,-28,30,0.00030000
-4,-28,33,0.00033000
-2,-28,35,0.00035000
0,-28,35,0.00035000
2,-28,43,0.00043000
4,-28,33,0.00033000
6,-28,35,0.00035000
8,-28,26,0.00026000
10,-28,35,0.00035000
12,-28,30,0.00030000
14,-28,17,0.00017000
16,-28,23,0.00023000
18,-28,22,0.00022000
20,-28,19,0.00019000
22,-28,20,0.00020000
24,-28,19,0.00019000
26,-28,19,0.00019000
28,-28,14,0.00014000
30,-28,15,0.00015000
32,-28,10,0.00010000
34,-28,9,0.00009000
36,-28,7,0.00007000
38,-28,12,0.00012000
40,-28,5,0.00005000
42,-28,5,0.00005000
44,-28,4,0.00004000
46,-28,5,0.00005000
48,-28,5,0.00005000
52,-28,1,0.00001000
54,-28,1,0.00001000
56,-28,1,0.00001000
58,-28,3,0.00003000
60,-28,4,0.00004000
64,-28,1,0.00001000
-73,-27,1,0.00001000
-57,-27,2,0.00002000
-55,-27,1,0.00001000
-53,-27,3,0.00003000
-51,-27,8,0.00008000
-49,-27,3,0.00003000
-47,-27,3,0.00003000
-45,-27,5,0.00005000
-43,-27,6,0.00006000
-41,-27,10,0.00010000
-39,-27,7,0.00007000
-37,-27,10,0.00010000
-35,-27,12,0.00012000
-33,-27,12,0.00012000
-31,-27,11,0.00011000
-29,-27,11,0.00011000
-27,-27,18,0.00018000
-25,-27,13,0.00013000
-23,-27,18,0.00018000
-21,-27,25,0.00025000
-19,-27,25,0.00025000
-17,-27,20,0.00020000
-15,-27,22,0.00022000
-13,-27,24,0.00024000
-11,-27,33,0.00033000
-9,-27,36,0.00036000
-7,-27,30,0.00030000
-5,-27,39,0.00039000
-3,-27,30,0.00030000
-1,-27,30,0.00030000
1,-27,46,0.00046000
3,-27,34,0.00034000
5,-27,41,0.00041000
7,-27,27,0.00027000
9,-27,36,0.00036000
11,-27,35,0.00035000
13,-27,23,0.00023000
15,-27,23,0.00023000
17,-27,25,0.00025000
19,-27,25,0.00025000
21,-27,20,0.00020000
23,-27,20,0.00020000
25,-27,6,0.00006000
27,-27,14,0.00014000
29,-27,11,0.00011000
31,-27,19,0.00019000
33,-27,13,0.00013000
35,-27,11,0.00011000
37,-27,4,0.00004000
39,-27,8,0.00008000
41,-27,5,0.00005000
43,-27,3,0.00003000
45,-27,2,0.00002000
47,-27,4,0.00004000
49,-27,2,0.00002000
51,-27,5,0.00005000
53,-27,2,0.00002000
55,-27,1,0.00001000
73,-27,1,0.00001000
-92,-26,1,0.00001000
-60,-26,2,0.00002000
-58,-26,4,0.00004000
-56,-26,1,0.00001000
-54,-26,3,0.00003000
-52,-26,1,0.00001000
-50,-26,2,0.00002000
-48,-26,1,0.00001000
-46,-26,2,0.00002000
-44,-26,7,0.00007000
-42,-26,9,0.00009000
-40,-26,5,0.00005000
-38,-26,8,0.00008000
-36,-26,13,0.00013000
-34,-26,13,0.00013000
-32,-26,13,0.00013000
-30,-26,7,0.00007000
-28,-26,19,0.00019000
-26,-26,14,0.00014000
-24,-26,17,0.00017000
-22,-26,17,0.00017000
-20,-26,24,0.00024000
-18,-26,24,0.00024000
-16,-26,30,0.00030000
-14,-26,25,0.00025000
-12,-26,26,0.00026000
-10,-26,44,0.00044000
-8,-26,32,0.00032000
-6,-26,31,0.00031000
-4,-26,45,0.00045000
-2,-26,29,0.00029000
0,-26,25,0.00025000
2,-26,37,0.00037000
4,-26,38,0.00038000
6,-26,34,0.00034000
8,-26,32,0.00032000
10,-26,24,0.00024000
12,-26,25,0.00025000
14,-26,24,0.00024000
16,-26,30,0.00030000
18,-26,24,0.00024000
20,-26,20,0.00020000
22,-26,19,0.00019000
24,-26,12,0.00012000
26,-26,22,0.00022000
28,-26,13,0.00013000
30,-26,16,0.00016000
32,-26,15,0.00015000
34,-26,5,0.00005000
36,-26,19,0.00019000
38,-26,9,0.00009000
40,-26,7,0.00007000
42,-26,4,0.00004000
44,-26,3,0.00003000
46,-26,2,0.00002000
48,-26,3,0.00003000
50,-26,4,0.00004000
52,-26,1,0.00001000
54,-26,1,0.00001000
56,-26,2,0.00002000
58,-26,1,0.00001000
62,-26,3,0.00003000
70,-26,1,0.00001000
74,-26,1,0.00001000
78,-26,1,0.00001000
84,-26,1,0.00001000
-61,-25,2,0.00002000
-59,-25,1,0.00001000
-57,-25,4,0.00004000
-55,-25,2,0.00002000
-53,-25,3,0.00003000
-51,-25,1,0.00001000
-49,-25,1,0.00001000
-47,-25,3,0.00003000
-45,-25,5,0.00005000
-43,-25,6,0.00006000
-41,-25,7,0.00007000
-39,-25,4,0.00004000
-37,-25,5,0.00005000
-35,-25,7,0.00007000
-33,-25,10,0.00010000
-31,-25,14,0.00014000
-29,-25,16,0.00016000
-27,-25,19,0.00019000
-25,-25,23,0.00023000
-23,-25,16,0.00016000
-21,-25,21,0.00021000
-19,-25,24,0.00024000
-17,-25,38,0.00038000
-15,-25,31,0.00031000
-13,-25,24,0.00024000
-11,-25,24,0.00024000
-9,-25,31,0.00031000
-7,-25,41,0.00041000
-5,-25,28,0.00028000
-3,-25,30,0.00030000
-1,-25,36,0.00036000
1,-25,39,0.00039000
3,-25,28,0.00028000
5,-25,33,0.00033000
7,-25,40,0.00040000
9,-25,32,0.00032000
11,-25,26,0.00026000
13,-25,35,0.00035000
15,-25,21,0.00021000
17,-25,14,0.00014000
19,-25,11,0.00011000
21,-25,32,0.00032000
23,-25,18,0.00018000
25,-25,15,0.00015000
27,-25,16,0.00016000
29,-25,18,0.00018000
31,-25,11,0.00011000
33,-25,8,0.00008000
35,-25,7,0.00007000
37,-25,14,0.00014000
39,-25,5,0.00005000
41,-25,3,0.00003000
43,-25,5,0.00005000
45,-25,8,0.00008000
47,-25,11,0.00011000
51,-25,2,0.00002000
55,-25,4,0.00004000
57,-25,3,0.00003000
59,-25,3,0.00003000
61,-25,2,0.00002000
65,-25,3,0.00003000
71,-25,1,0.00001000
-58,-24,1,0.00001000
-56,-24,2,0.00002000
-54,-24,3,0.00003000
-52,-24,6,0.00006000
-50,-24,3,0.00003000
-48,-24,2,0.00002000
-46,-24,5,0.00005000
-44,-24,7,0.00007000
-42,-24,7,0.00007000
-40,-24,6,0.00006000
-38,-24,11,0.00011000
-36,-24,11,0.00011000
-34,-24,14,0.00014000
-32,-24,17,0.00017000
-30,-24,12,0.00012000
-28,-24,20,0.00020000
-26,-24,21,0.00021000
-24,-24,21,0.00021000
-22,-24,26,0.00026000
-20,-24,21,0.00021000
-18,-24,33,0.00033000
-16,-24,25,0.00025000
-14,-24,24,0.00024000
-12,-24,32,0.00032000
-10,-24,44,0.00044000
-8,-24,26,0.00026000
-6,-24,37,0.00037000
-4,-24,29,0.00029000
-2,-24,27,0.00027000
0,-24,41,0.00041000
2,-24,50,0.00050000
4,-24,42,0.00042000
6,-24,54,0.00054000
8,-24,36,0.00036000
10,-24,36,0.00036000
12,-24,38,0.00038000
14,-24,33,0.00033000
16,-24,29,0.00029000
18,-24,26,0.00026000
20,-24,23,0.00023000
22,-24,20,0.00020000
24,-24,22,0.00022000
26,-24,24,0.00024000
28,-24,16,0.00016000
30,-24,21,0.00021000
32,-24,15,0.00015000
34,-24,13,0.00013000
36,-24,10,0.00010000
38,-24,13,0.00013000
40,-24,4,0.00004000
42,-24,4,0.00004000
44,-24,5,0.00005000
46,-24,7,0.00007000
48,-24,2,0.00002000
50,-24,3,0.00003000
52,-24,1,0.00001000
56,-24,1,0.00001000
58,-24,1,0.00001000
62,-24,2,0.00002000
64,-24,1,0.00001000
66,-24,1,0.00001000
68,-24,1,0.00001000
76,-24,1,0.00001000
-69,-23,1,0.00001000
-67,-23,1,0.00001000
-61,-23,2,0.00002000
-59,-23,2,0.00002000
-55,-23,2,0.00002000
-51,-23,3,0.00003000
-49,-23,1,0.00001000
-47,-23,1,0.00001000
-45,-23,5,0.00005000
-43,-23,2,0.00002000
-41,-23,5,0.00005000
-39,-23,8,0.00008000
-37,-23,6,0.00006000
-35,-23,5,0.00005000
-33,-23,14,0.00014000
-31,-23,17,0.00017000
-29,-23,16,0.00016000
-27,-23,21,0.00021000
-25,-23,17,0.00017000
-23,-23,24,0.00024000
-21,-23,39,0.00039000
-19,-23,34,0.00034000
-17,-23,38,0.00038000
-15,-23,35,0.00035000
-13,-23,34,0.00034000
-11,-23,33,0.00033000
-9,-23,32,0.00032000
-7,-23,41,0.00041000
-5,-23,42,0.00042000
-3,-23,39,0.00039000
-1,-23,29,0.00029000
1,-23,33,0.00033000
3,-23,38,0.00038000
5,-23,37,0.00037000
7,-23,39,0.00039000
9,-23,32,0.00032000
11,-23,39,0.00039000
13,-23,35,0.00035000
15,-23,31,0.00031000
17,-23,27,0.00027000
19,-23,25,0.00025000
21,-23,30,0.00030000
23,-23,25,0.00025000
25,-23,25,0.00025000
27,-23,21,0.00021000
29,-23,22,0.00022000
31,-23,10,0.00010000
33,-23,3,0.00003000
35,-23,13,0.00013000
37,-23,18,0.00018000
39,-23,9,0.00009000
41,-23,5,0.00005000
43,-23,8,0.00008000
45,-23,4,0.00004000
47,-23,1,0.00001000
49,-23,1,0.00001000
51,-23,2,0.00002000
53,-23,1,0.00001000
55,-23,2,0.00002000
57,-23,2,0.00002000
59,-23,1,0.00001000
65,-23,1,0.00001000
67,-23,1,0.00001000
75,-23,1,0.00001000
-88,-22,1,0.00001000
-84,-22,1,0.00001000
-60,-22,1,0.00001000
-58,-22,1,0.00001000
-56,-22,2,0.00002000
-54,-22,3,0.00003000
-52,-22,5,0.00005000
-50,-22,4,0.00004000
-48,-22,3,0.00003000
-46,-22,3,0.00003000
-44,-22,4,0.00004000
-42,-22,5,0.00005000
-40,-22,8,0.00008000
-38,-22,14,0.00014000
-36,-22,15,0.00015000
-34,-22,19,0.00019000
-32,-22,17,0.00017000
-30,-22,17,0.00017000
-28,-22,20,0.00020000
-26,-22,26,0.00026000
-24,-22,22,0.00022000
-22,-22,18,0.00018000
-20,-22,25,0.00025000
-18,-22,29,0.00029000
-16,-22,38,0.00038000
-14,-22,39,0.00039000
-12,-22,26,0.00026000
-10,-22,31,0.00031000
-8,-22,24,0.00024000
-6,-22,37,0.00037000
-4,-22,33,0.00033000
-2,-22,28,0.00028000
0,-22,42,0.00042000
2,-22,43,0.00043000
4,-22,38,0.00038000
6,-22,33,0.00033000
8,-22,38,0.00038000
10,-22,37,0.00037000
12,-22,49,0.00049000
14,-22,33,0.00033000
16,-22,22,0.00022000
18,-22,36,0.00036000
20,-22,28,0.00028000
22,-22,28,0.00028000
24,-22,19,0.00019000
26,-22,21,0.00021000
28,-22,14,0.00014000
30,-22,14,0.00014000
32,-22,12,0.00012000
34,-22,10,0.00010000
36,-22,11,0.00011000
38,-22,9,0.00009000
40,-22,9,0.00009000
42,-22,8,0.00008000
44,-22,5,0.00005000
46,-22,3,0.00003000
48,-22,2,0.00002000
50,-22,7,0.00007000
52,-22,4,0.00004000
56,-22,5,0.00005000
58,-22,1,0.00001000
60,-22,1,0.00001000
64,-22,1,0.00001000
68,-22,3,0.00003000
70,-22,1,0.00001000
74,-22,1,0.00001000
-63,-21,1,0.00001000
-61,-21,1,0.00001000
-57,-21,2,0.00002000
-53,-21,1,0.00001000
-51,-21,2,0.00002000
-49,-21,2,0.00002000
-47,-21,7,0.00007000
-45,-21,3,0.00003000
-43,-21,3,0.00003000
-41,-21,13,0.00013000
-39,-21,3,0.00003000
-37,-21,8,0.00008000
-35,-21,12,0.00012000
-33,-21,14,0.00014000
-31,-21,23,0.00023000
-29,-21,18,0.00018000
-27,-21,18,0.00018000
-25,-21,22,0.00022000
-23,-21,32,0.00032000
-21,-21,30,0.00030000
-19,-21,26,0.00026000
-17,-21,36,0.00036000
-15,-21,40,0.00040000
-13,-21,41,0.00041000
-11,-21,38,0.00038000
-9,-21,60,0.00060000
-7,-21,37,0.00037000
-5,-21,37,0.00037000
-3,-21,42,0.00042000
-1,-21,44,0.00044000
1,-21,34,0.00034000
3,-21,32,0.00032000
5,-21,38,0.00038000
7,-21,37,0.00037000
9,-21,31,0.00031000
11,-21,41,0.00041000
13,-21,32,0.00032000
15,-21,34,0.00034000
17,-21,23,0.00023000
19,-21,20,0.00020000
21,-21,28,0.00028000
23,-21,23,0.00023000
25,-21,18,0.00018000
27,-21,15,0.00015000
29,-21,19,0.00019000
31,-21,15,0.00015000
33,-21,14,0.00014000
35,-21,18,0.00018000
37,-21,10,0.00010000
39,-21,5,0.00005000
41,-21,4,0.00004000
43,-21,5,0.00005000
45,-21,7,0.00007000
47,-21,3,0.00003000
49,-21,5,0.00005000
51,-21,1,0.00001000
53,-21,3,0.00003000
55,-21,2,0.00002000
57,-21,2,0.00002000
59,-21,1,0.00001000
61,-21,1,0.00001000
65,-21,1,0.00001000
69,-21,1,0.00001000
83,-21,1,0.00001000
-74,-20,1,0.00001000
-70,-20,1,0.00001000
-66,-20,1,0.00001000
-64,-20,3,0.00003000
-62,-20,2,0.00002000
-60,-20,1,0.00001000
-56,-20,1,0.00001000
-54,-20,6,0.00006000
-52,-20,4,0.00004000
-50,-20,3,0.00003000
-48,-20,4,0.00004000
-46,-20,5,0.00005000
-44,-20,6,0.00006000
-42,-20,11,0.00011000
-40,-20,15,0.00015000
-38,-20,8,0.00008000
-36,-20,22,0.00022000
-34,-20,6,0.00006000
-32,-20,14,0.00014000
-30,-20,13,0.00013000
-28,-20,19,0.00019000
-26,-20,14,0.00014000
-24,-20,22,0.00022000
-22,-20,23,0.00023000
-20,-20,29,0.00029000
-18,-20,27,0.00027000
-16,-20,36,0.00036000
-14,-20,41,0.00041000
-12,-20,43,0.00043000
-10,-20,48,0.00048000
-8,-20,41,0.00041000
-6,-20,37,0.00037000
-4,-20,42,0.00042000
-2,-20,39,0.00039000
0,-20,41,0.00041000
2,-20,24,0.00024000
4,-20,34,0.00034000
6,-20,43,0.00043000
8,-20,39,0.00039000
10,-20,50,0.00050000
12,-20,35,0.00035000
14,-20,37,0.00037000
16,-20,31,0.00031000
18,-20,34,0.00034000
20,-20,33,0.00033000
22,-20,25,0.00025000
24,-20,20,0.00020000
26,-20,19,0.00019000
28,-20,18,0.00018000
30,-20,12,0.00012000
32,-20,18,0.00018000
34,-20,11,0.00011000
36,-20,8,0.00008000
38,-20,11,0.00011000
40,-20,8,0.00008000
42,-20,11,0.00011000
44,-20,7,0.00007000
46,-20,9,0.00009000
48,-20,6,0.00006000
50,-20,4,0.00004000
52,-20,2,0.00002000
54,-20,4,0.00004000
56,-20,4,0.00004000
58,-20,2,0.00002000
60,-20,1,0.00001000
64,-20,1,0.00001000
66,-20,1,0.00001000
72,-20,1,0.00001000
74,-20,1,0.00001000
-87,-19,1,0.00001000
-73,-19,1,0.00001000
-71,-19,1,0.00001000
-67,-19,1,0.00001000
-65,-19,1,0.00001000
-57,-19,1,0.00001000
-55,-19,2,0.00002000
-53,-19,1,0.00001000
-51,-19,4,0.00004000
-49,-19,7,0.00007000
-47,-19,5,0.00005000
-45,-19,5,0.00005000
-43,-19,11,0.00011000
-41,-19,6,0.00006000
-39,-19,13,0.00013000
-37,-19,9,0.00009000
-35,-19,12,0.00012000
-33,-19,17,0.00017000
-31,-19,15,0.00015000
-29,-19,21,0.00021000
-27,-19,21,0.00021000
-25,-19,32,0.00032000
-23,-19,28,0.00028000
-21,-19,29,0.00029000
-19,-19,29,0.00029000
-17,-19,25,0.00025000
-15,-19,21,0.00021000
-13,-19,45,0.00045000
-11,-19,41,0.00041000
-9,-19,39,0.00039000
-7,-19,47,0.00047000
-5,-19,49,0.00049000
-3,-19,43,0.00043000
-1,-19,38,0.00038000
1,-19,42,0.00042000
3,-19,46,0.00046000
5,-19,46,0.00046000
7,-19,48,0.00048000
9,-19,47,0.00047000
11,-19,30,0.00030000
13,-19,40,0.00040000
15,-19,40,0.00040000
17,-19,29,0.00029000
19,-19,28,0.00028000
21,-19,31,0.00031000
23,-19,18,0.00018000
25,-19,20,0.00020000
27,-19,25,0.00025000
29,-19,21,0.00021000
31,-19,16,0.00016000
33,-19,13,0.00013000
35,-19,12,0.00012000
37,-19,15,0.00015000
39,-19,6,0.00006000
41,-19,7,0.00007000
43,-19,6,0.00006000
45,-19,4,0.00004000
47,-19,6,0.00006000
49,-19,2,0.00002000
53,-19,2,0.00002000
55,-19,2,0.00002000
57,-19,1,0.00001000
61,-19,1,0.00001000
63,-19,1,0.00001000
65,-19,1,0.00001000
67,-19,1,0.00001000
69,-19,1,0.00001000
75,-19,1,0.00001000
77,-19,1,0.00001000
-76,-18,1,0.00001000
-68,-18,3,0.00003000
-64,-18,1,0.00001000
-60,-18,2,0.00002000
-56,-18,2,0.00002000
-54,-18,2,0.00002000
-52,-18,4,0.00004000
-50,-18,6,0.00006000
-48,-18,2,0.00002000
-46,-18,7,0.00007000
-44,-18,6,0.00006000
-42,-18,5,0.00005000
-40,-18,10,0.00010000
-38,-18,6,0.00006000
-36,-18,9,0.00009000
-34,-18,15,0.00015000
-32,-18,15,0.00015000
-30,-18,21,0.00021000
-28,-18,26,0.00026000
-26,-18,30,0.00030000
-24,-18,23,0.00023000
-22,-18,33,0.00033000
-20,-18,37,0.00037000
-18,-18,36,0.00036000
-16,-18,26,0.00026000
-14,-18,43,0.00043000
-12,-18,47,0.00047000
-10,-18,36,0.00036000
-8,-18,39,0.00039000
-6,-18,45,0.00045000
-4,-18,52,0.00052000
-2,-18,36,0.00036000
0,-18,45,0.00045000
2,-18,45,0.00045000
4,-18,51,0.00051000
6,-18,53,0.00053000
8,-18,36,0.00036000
10,-18,38,0.00038000
12,-18,51,0.00051000
14,-18,26,0.00026000
16,-18,28,0.00028000
18,-18,28,0.00028000
20,-18,30,0.00030000
22,-18,31,0.00031000
24,-18,21,0.00021000
26,-18,24,0.00024000
28,-18,11,0.00011000
30,-18,24,0.00024000
32,-18,18,0.00018000
34,-18,14,0.00014000
36,-18,6,0.00006000
38,-18,9,0.00009000
40,-18,16,0.00016000
42,-18,6,0.00006000
44,-18,4,0.00004000
46,-18,3,0.00003000
48,-18,3,0.00003000
50,-18,2,0.00002000
52,-18,4,0.00004000
54,-18,1,0.00001000
56,-18,4,0.00004000
58,-18,2,0.00002000
60,-18,2,0.00002000
80,-18,1,0.00001000
-83,-17,1,0.00001000
-79,-17,1,0.00001000
-77,-17,1,0.00001000
-75,-17,1,0.00001000
-71,-17,2,0.00002000
-65,-17,2,0.00002000
-63,-17,1,0.00001000
-61,-17,1,0.00001000
-57,-17,3,0.00003000
-55,-17,2,0.00002000
-53,-17,4,0.00004000
-51,-17,2,0.00002000
-49,-17,5,0.00005000
-47,-17,6,0.00006000
-45,-17,7,0.00007000
-43,-17,4,0.00004000
-41,-17,11,0.00011000
-39,-17,11,0.00011000
-37,-17,16,0.00016000
-35,-17,21,0.00021000
-33,-17,19,0.00019000
-31,-17,16,0.00016000
-29,-17,27,0.00027000
-27,-17,18,0.00018000
-25,-17,28,0.00028000
-23,-17,21,0.00021000
-21,-17,35,0.00035000
-19,-17,31,0.00031000
-17,-17,35,0.00035000
-15,-17,33,0.00033000
-13,-17,29,0.00029000
-11,-17,47,0.00047000
-9,-17,47,0.00047000
-7,-17,50,0.00050000
-5,-17,46,0.00046000
-3,-17,44,0.00044000
-1,-17,48,0.00048000
1,-17,52,0.00052000
3,-17,43,0.00043000
5,-17,49,0.00049000
7,-17,39,0.00039000
9,-17,45,0.00045000
11,-17,35,0.00035000
13,-17,42,0.00042000
15,-17,32,0.00032000
17,-17,37,0.00037000
19,-17,40,0.00040000
21,-17,37,0.00037000
23,-17,30,0.00030000
25,-17,18,0.00018000
27,-17,15,0.00015000
29,-17,16,0.00016000
31,-17,19,0.00019000
33,-17,17,0.00017000
35,-17,14,0.00014000
37,-17,9,0.00009000
39,-17,6,0.00006000
41,-17,10,0.00010000
43,-17,9,0.00009000
45,-17,6,0.00006000
47,-17,4,0.00004000
49,-17,2,0.00002000
51,-17,1,0.00001000
53,-17,3,0.00003000
57,-17,1,0.00001000
59,-17,2,0.00002000
61,-17,1,0.00001000
63,-17,2,0.00002000
67,-17,1,0.00001000
77,-17,1,0.00001000
-68,-16,2,0.00002000
-66,-16,1,0.00001000
-64,-16,2,0.00002000
-62,-16,1,0.00001000
-60,-16,2,0.00002000
-58,-16,1,0.00001000
-56,-16,1,0.00001000
-54,-16,1,0.00001000
-52,-16,5,0.00005000
-50,-16,6,0.00006000
-48,-16,4,0.00004000
-46,-16,6,0.00006000
-44,-16,6,0.00006000
-42,-16,6,0.00006000
-40,-16,11,0.00011000
-38,-16,9,0.00009000
-36,-16,18,0.00018000
-34,-16,18,0.00018000
-32,-16,12,0.00012000
-30,-16,14,0.00014000
-28,-16,23,0.00023000
-26,-16,28,0.00028000
-24,-16,32,0.00032000
-22,-16,37,0.00037000
-20,-16,34,0.00034000
-18,-16,43,0.00043000
-16,-16,41,0.00041000
-14,-16,50,0.00050000
-12,-16,34,0.00034000
-10,-16,51,0.00051000
-8,-16,49,0.00049000
-6,-16,42,0.00042000
-4,-16,46,0.00046000
-2,-16,54,0.00054000
0,-16,48,0.00048000
2,-16,51,0.00051000
4,-16,62,0.00062000
6,-16,55,0.00055000
8,-16,49,0.00049000
10,-16,45,0.00045000
12,-16,31,0.00031000
14,-16,46,0.00046000
16,-16,41,0.00041000
18,-16,32,0.00032000
20,-16,27,0.00027000
22,-16,34,0.00034000
24,-16,17,0.00017000
26,-16,20,0.00020000
28,-16,20,0.00020000
30,-16,21,0.00021000
32,-16,18,0.00018000
34,-16,16,0.00016000
36,-16,9,0.00009000
38,-16,12,0.00012000
40,-16,7,0.00007000
42,-16,8,0.00008000
44,-16,3,0.00003000
46,-16,9,0.00009000
48,-16,4,0.00004000
50,-16,2,0.00002000
52,-16,3,0.00003000
54,-16,7,0.00007000
56,-16,3,0.00003000
58,-16,2,0.00002000
60,-16,1,0.00001000
62,-16,2,0.00002000
66,-16,1,0.00001000
68,-16,1,0.00001000
86,-16,1,0.00001000
-67,-15,1,0.00001000
-63,-15,2,0.00002000
-59,-15,2,0.00002000
-57,-15,2,0.00002000
-55,-15,5,0.00005000
-53,-15,1,0.00001000
-51,-15,4,0.00004000
-47,-15,10,0.00010000
-45,-15,4,0.00004000
-43,-15,11,0.00011000
-41,-15,12,0.00012000
-39,-15,9,0.00009000
-37,-15,12,0.00012000
-35,-15,12,0.00012000
-33,-15,14,0.00014000
-31,-15,16,0.00016000
-29,-15,15,0.00015000
-27,-15,26,0.00026000
-25,-15,24,0.00024000
-23,-15,24,0.00024000
-21,-15,42,0.00042000
-19,-15,40,0.00040000
-17,-15,36,0.00036000
-15,-15,43,0.00043000
-13,-15,35,0.00035000
-11,-15,44,0.00044000
-9,-15,47,0.00047000
-7,-15,59,0.00059000
-5,-15,45,0.00045000
-3,-15,64,0.00064000
-1,-15,60,0.00060000
1,-15,42,0.00042000
3,-15,44,0.00044000
5,-15,40,0.00040000
7,-15,48,0.00048000
9,-15,45,0.00045000
11,-15,42,0.00042000
13,-15,43,0.00043000
15,-15,37,0.00037000
17,-15,44,0.00044000
19,-15,53,0.00053000
21,-15,52,0.00052000
23,-15,41,0.00041000
25,-15,19,0.00019000
27,-15,35,0.00035000
29,-15,21,0.00021000
31,-15,22,0.00022000
33,-15,18,0.00018000
35,-15,15,0.00015000
37,-15,14,0.00014000
39,-15,11,0.00011000
41,-15,10,0.00010000
43,-15,5,0.00005000
45,-15,5,0.00005000
47,-15,8,0.00008000
49,-15,9,0.00009000
51,-15,4,0.00004000
53,-15,3,0.00003000
55,-15,3,0.00003000
59,-15,1,0.00001000
61,-15,3,0.00003000
63,-15,1,0.00001000
65,-15,1,0.00001000
67,-15,2,0.00002000
73,-15,1,0.00001000
79,-15,1,0.00001000
-68,-14,1,0.00001000
-62,-14,1,0.00001000
-60,-14,2,0.00002000
-58,-14,2,0.00002000
-56,-14,1,0.00001000
-54,-14,3,0.00003000
-52,-14,1,0.00001000
-50,-14,3,0.00003000
-48,-14,7,0.00007000
-46,-14,6,0.00006000
-44,-14,2,0.00002000
-42,-14,14,0.00014000
-40,-14,12,0.00012000
-38,-14,9,0.00009000
-36,-14,15,0.00015000
-34,-14,18,0.00018000
-32,-14,21,0.00021000
-30,-14,23,0.00023000
-28,-14,24,0.00024000
-26,-14,26,0.00026000
-24,-14,34,0.00034000
-22,-14,41,0.00041000
-20,-14,46,0.00046000
-18,-14,41,0.00041000
-16,-14,47,0.00047000
-14,-14,44,0.00044000
-12,-14,36,0.00036000
-10,-14,45,0.00045000
-8,-14,46,0.00046000
-6,-14,47,0.00047000
-4,-14,37,0.00037000
-2,-14,60,0.00060000
0,-14,46,0.00046000
2,-14,61,0.00061000
4,-14,56,0.00056000
6,-14,48,0.00048000
8,-14,53,0.00053000
10,-14,44,0.00044000
12,-14,50,0.00050000
14,-14,42,0.00042000
16,-14,44,0.00044000
18,-14,36,0.00036000
20,-14,36,0.00036000
22,-14,29,0.00029000
24,-14,34,0.00034000
26,-14,28,0.00028000
28,-14,17,0.00017000
30,-14,24,0.00024000
32,-14,18,0.00018000
34,-14,13,0.00013000
36,-14,12,0.00012000
38,-14,12,0.00012000
40,-14,7,0.00007000
42,-14,5,0.00005000
44,-14,5,0.00005000
46,-14,10,0.00010000
48,-14,5,0.00005000
50,-14,3,0.00003000
52,-14,6,0.00006000
54,-14,2,0.00002000
56,-14,3,0.00003000
58,-14,2,0.00002000
60,-14,2,0.00002000
62,-14,1,0.00001000
64,-14,1,0.00001000
66,-14,1,0.00001000
70,-14,2,0.00002000
78,-14,1,0.00001000
-67,-13,1,0.00001000
-65,-13,1,0.00001000
-63,-13,1,0.00001000
-61,-13,1,0.00001000
-59,-13,2,0.00002000
-57,-13,2,0.00002000
-55,-13,1,0.00001000
-53,-13,6,0.00006000
-51,-13,3,0.00003000
-49,-13,11,0.00011000
-47,-13,9,0.00009000
-45,-13,11,0.00011000
-43,-13,5,0.00005000
-41,-13,5,0.00005000
-39,-13,13,0.00013000
-37,-13,14,0.00014000
-35,-13,20,0.00020000
-33,-13,12,0.00012000
-31,-13,31,0.00031000
-29,-13,25,0.00025000
-27,-13,28,0.00028000
-25,-13,26,0.00026000
-23,-13,21,0.00021000
-21,-13,32,0.00032000
-19,-13,42,0.00042000
-17,-13,44,0.00044000
-15,-13,38,0.00038000
-13,-13,51,0.00051000
-11,-13,45,0.00045000
-9,-13,55,0.00055000
-7,-13,43,0.00043000
-5,-13,55,0.00055000
-3,-13,62,0.00062000
-1,-13,49,0.00049000
1,-13,50,0.00050000
3,-13,59,0.00059000
5,-13,61,0.00061000
7,-13,53,0.00053000
9,-13,54,0.00054000
11,-13,49,0.00049000
13,-13,42,0.00042000
15,-13,43,0.00043000
17,-13,40,0.00040000
19,-13,41,0.00041000
21,-13,34,0.00034000
23,-13,37,0.00037000
25,-13,21,0.00021000
27,-13,28,0.00028000
29,-13,23,0.00023000
31,-13,24,0.00024000
33,-13,18,0.00018000
35,-13,12,0.00012000
37,-13,15,0.00015000
39,-13,7,0.00007000
41,-13,6,0.00006000
43,-13,9,0.00009000
45,-13,8,0.00008000
47,-13,4,0.00004000
49,-13,8,0.00008000
51,-13,3,0.00003000
53,-13,5,0.00005000
55,-13,4,0.00004000
59,-13,2,0.00002000
63,-13,1,0.00001000
65,-13,3,0.00003000
67,-13,1,0.00001000
69,-13,1,0.00001000
71,-13,1,0.00001000
-76,-12,1,0.00001000
-68,-12,1,0.00001000
-64,-12,3,0.00003000
-62,-12,3,0.00003000
-60,-12,1,0.00001000
-58,-12,1,0.00001000
-56,-12,1,0.00001000
-54,-12,5,0.00005000
-52,-12,8,0.00008000
-50,-12,3,0.00003000
-48,-12,3,0.00003000
-46,-12,4,0.00004000
-44,-12,14,0.00014000
-42,-12,3,0.00003000
-40,-12,2,0.00002000
-38,-12,17,0.00017000
-36,-12,20,0.00020000
-34,-12,26,0.00026000
-32,-12,16,0.00016000
-30,-12,23,0.00023000
-28,-12,25,0.00025000
-26,-12,23,0.00023000
-24,-12,37,0.00037000
-22,-12,33,0.00033000
-20,-12,34,0.00034000
-18,-12,37,0.00037000
-16,-12,46,0.00046000
-14,-12,51,0.00051000
-12,-12,39,0.00039000
-10,-12,55,0.00055000
-8,-12,61,0.00061000
-6,-12,61,0.00061000
-4,-12,53,0.00053000
-2,-12,45,0.00045000
0,-12,36,0.00036000
2,-12,47,0.00047000
4,-12,59,0.00059000
6,-12,62,0.00062000
8,-12,56,0.00056000
10,-12,32,0.00032000
12,-12,33,0.00033000
14,-12,45,0.00045000
16,-12,52,0.00052000
18,-12,48,0.00048000
20,-12,34,0.00034000
22,-12,36,0.00036000
24,-12,29,0.00029000
26,-12,28,0.00028000
28,-12,22,0.00022000
30,-12,20,0.00020000
32,-12,15,0.00015000
34,-12,17,0.00017000
36,-12,12,0.00012000
38,-12,12,0.00012000
40,-12,5,0.00005000
42,-12,11,0.00011000
44,-12,5,0.00005000
46,-12,7,0.00007000
48,-12,2,0.00002000
50,-12,2,0.00002000
52,-12,5,0.00005000
54,-12,5,0.00005000
56,-12,1,0.00001000
58,-12,2,0.00002000
62,-12,3,0.00003000
64,-12,1,0.00001000
66,-12,1,0.00001000
68,-12,2,0.00002000
70,-12,2,0.00002000
72,-12,1,0.00001000
76,-12,1,0.00001000
82,-12,1,0.00001000
-77,-11,1,0.00001000
-69,-11,1,0.00001000
-67,-11,1,0.00001000
-65,-11,1,0.00001000
-63,-11,1,0.00001000
-57,-11,1,0.00001000
-55,-11,8,0.00008000
-53,-11,6,0.00006000
-51,-11,5,0.00005000
-49,-11,4,0.00004000
-47,-11,5,0.00005000
-45,-11,6,0.00006000
-43,-11,9,0.00009000
-41,-11,16,0.00016000
-39,-11,15,0.00015000
-37,-11,13,0.00013000
-35,-11,14,0.00014000
-33,-11,18,0.00018000
-31,-11,18,0.00018000
-29,-11,19,0.00019000
-27,-11,24,0.00024000
-25,-11,35,0.00035000
-23,-11,35,0.00035000
-21,-11,30,0.00030000
-19,-11,30,0.00030000
-17,-11,37,0.00037000
-15,-11,39,0.00039000
-13,-11,46,0.00046000
-11,-11,50,0.00050000
-9,-11,61,0.00061000
-7,-11,52,0.00052000
-5,-11,53,0.00053000
-3,-11,59,0.00059000
-1,-11,54,0.00054000
1,-11,47,0.00047000
3,-11,64,0.00064000
5,-11,57,0.00057000
7,-11,53,0.00053000
9,-11,49,0.00049000
11,-11,50,0.00050000
13,-11,47,0.00047000
15,-11,46,0.00046000
17,-11,40,0.00040000
19,-11,52,0.00052000
21,-11,41,0.00041000
23,-11,43,0.00043000
25,-11,30,0.00030000
27,-11,19,0.00019000
29,-11,27,0.00027000
31,-11,20,0.00020000
33,-11,20,0.00020000
35,-11,22,0.00022000
37,-11,14,0.00014000
39,-11,23,0.00023000
41,-11,10,0.00010000
43,-11,14,0.00014000
45,-11,5,0.00005000
47,-11,4,0.00004000
49,-11,5,0.00005000
51,-11,7,0.00007000
53,-11,4,0.00004000
55,-11,3,0.00003000
57,-11,1,0.00001000
59,-11,2,0.00002000
63,-11,5,0.00005000
65,-11,1,0.00001000
67,-11,1,0.00001000
69,-11,2,0.00002000
-70,-10,1,0.00001000
-68,-10,1,0.00001000
-66,-10,1,0.00001000
-60,-10,1,0.00001000
-58,-10,3,0.00003000
-56,-10,1,0.00001000
-54,-10,3,0.00003000
-52,-10,2,0.00002000
-50,-10,6,0.00006000
-48,-10,4,0.00004000
-46,-10,7,0.00007000
-44,-10,14,0.00014000
-42,-10,14,0.00014000
-40,-10,11,0.00011000
-38,-10,17,0.00017000
-36,-10,10,0.00010000
-34,-10,18,0.00018000
-32,-10,26,0.00026000
-30,-10,19,0.00019000
-28,-10,24,0.00024000
-26,-10,35,0.00035000
-24,-10,31,0.00031000
-22,-10,28,0.00028000
-20,-10,48,0.00048000
-18,-10,27,0.00027000
-16,-10,43,0.00043000
-14,-10,40,0.00040000
-12,-10,53,0.00053000
-10,-10,51,0.00051000
-8,-10,56,0.00056000
-6,-10,43,0.00043000
-4,-10,48,0.00048000
-2,-10,54,0.00054000
0,-10,44,0.00044000
2,-10,50,0.00050000
4,-10,63,0.00063000
6,-10,46,0.00046000
8,-10,45,0.00045000
10,-10,57,0.00057000
12,-10,41,0.00041000
14,-10,48,0.00048000
16,-10,60,0.00060000
18,-10,33,0.00033000
20,-10,38,0.00038000
22,-10,34,0.00034000
24,-10,33,0.00033000
26,-10,31,0.00031000
28,-10,24,0.00024000
30,-10,18,0.00018000
32,-10,23,0.00023000
34,-10,18,0.00018000
36,-10,16,0.00016000
38,-10,16,0.00016000
40,-10,15,0.00015000
42,-10,7,0.00007000
44,-10,14,0.00014000
46,-10,10,0.00010000
48,-10,6,0.00006000
50,-10,6,0.00006000
52,-10,6,0.00006000
54,-10,3,0.00003000
56,-10,2,0.00002000
58,-10,3,0.00003000
60,-10,2,0.00002000
62,-10,1,0.00001000
64,-10,1,0.00001000
70,-10,1,0.00001000
84,-10,1,0.00001000
-87,-9,1,0.00001000
-71,-9,1,0.00001000
-61,-9,1,0.00001000
-57,-9,1,0.00001000
-55,-9,3,0.00003000
-53,-9,5,0.00005000
-51,-9,4,0.00004000
-49,-9,8,0.00008000
-47,-9,6,0.00006000
-45,-9,4,0.00004000
-43,-9,12,0.00012000
-41,-9,15,0.00015000
-39,-9,18,0.00018000
-37,-9,16,0.00016000
-35,-9,18,0.00018000
-33,-9,25,0.00025000
-31,-9,17,0.00017000
-29,-9,25,0.00025000
-27,-9,33,0.00033000
-25,-9,44,0.00044000
-23,-9,31,0.00031000
-21,-9,25,0.00025000
-19,-9,38,0.00038000
-17,-9,35,0.00035000
-15,-9,50,0.00050000
-13,-9,51,0.00051000
-11,-9,57,0.00057000
-9,-9,55,0.00055000
-7,-9,45,0.00045000
-5,-9,53,0.00053000
-3,-9,55,0.00055000
-1,-9,65,0.00065000
1,-9,61,0.00061000
3,-9,49,0.00049000
5,-9,54,0.00054000
7,-9,53,0.00053000
9,-9,59,0.00059000
11,-9,45,0.00045000
13,-9,48,0.00048000
15,-9,47,0.00047000
17,-9,42,0.00042000
19,-9,49,0.00049000
21,-9,27,0.00027000
23,-9,30,0.00030000
25,-9,38,0.00038000
27,-9,32,0.00032000
29,-9,20,0.00020000
31,-9,25,0.00025000
33,-9,25,0.00025000
35,-9,22,0.00022000
37,-9,18,0.00018000
39,-9,10,0.00010000
41,-9,14,0.00014000
43,-9,8,0.00008000
45,-9,8,0.00008000
47,-9,8,0.00008000
49,-9,3,0.00003000
51,-9,1,0.00001000
53,-9,2,0.00002000
55,-9,4,0.00004000
57,-9,2,0.00002000
59,-9,1,0.00001000
63,-9,4,0.00004000
71,-9,1,0.00001000
75,-9,1,0.00001000
-78,-8,2,0.00002000
-70,-8,1,0.00001000
-68,-8,2,0.00002000
-62,-8,1,0.00001000
-60,-8,2,0.00002000
-58,-8,4,0.00004000
-54,-8,3,0.00003000
-52,-8,2,0.00002000
-50,-8,5,0.00005000
-48,-8,6,0.00006000
-46,-8,10,0.00010000
-44,-8,10,0.00010000
-42,-8,7,0.00007000
-40,-8,14,0.00014000
-38,-8,8,0.00008000
-36,-8,16,0.00016000
-34,-8,19,0.00019000
-32,-8,24,0.00024000
-30,-8,26,0.00026000
-28,-8,27,0.00027000
-26,-8,36,0.00036000
-24,-8,26,0.00026000
-22,-8,31,0.00031000
-20,-8,38,0.00038000
-18,-8,31,0.00031000
-16,-8,41,0.00041000
-14,-8,41,0.00041000
-12,-8,49,0.00049000
-10,-8,50,0.00050000
-8,-8,61,0.00061000
-6,-8,62,0.00062000
-4,-8,76,0.00076000
-2,-8,59,0.00059000
0,-8,61,0.00061000
2,-8,75,0.00075000
4,-8,65,0.00065000
6,-8,64,0.00064000
8,-8,63,0.00063000
10,-8,46,0.00046000
12,-8,58,0.00058000
14,-8,55,0.00055000
16,-8,41,0.00041000
18,-8,53,0.00053000
20,-8,42,0.00042000
22,-8,39,0.00039000
24,-8,29,0.00029000
26,-8,20,0.00020000
28,-8,24,0.00024000
30,-8,18,0.00018000
32,-8,21,0.00021000
34,-8,15,0.00015000
36,-8,13,0.00013000
38,-8,18,0.00018000
40,-8,10,0.00010000
42,-8,12,0.00012000
44,-8,10,0.00010000
46,-8,9,0.00009000
48,-8,5,0.00005000
50,-8,5,0.00005000
52,-8,1,0.00001000
54,-8,3,0.00003000
56,-8,4,0.00004000
58,-8,3,0.00003000
60,-8,2,0.00002000
62,-8,3,0.00003000
64,-8,2,0.00002000
68,-8,1,0.00001000
70,-8,1,0.00001000
72,-8,1,0.00001000
76,-8,1,0.00001000
-67,-7,1,0.00001000
-63,-7,2,0.00002000
-61,-7,3,0.00003000
-59,-7,1,0.00001000
-57,-7,2,0.00002000
-55,-7,3,0.00003000
-53,-7,3,0.00003000
-51,-7,4,0.00004000
-49,-7,3,0.00003000
-47,-7,4,0.00004000
-45,-7,4,0.00004000
-43,-7,8,0.00008000
-41,-7,7,0.00007000
-39,-7,9,0.00009000
-37,-7,17,0.00017000
-35,-7,19,0.00019000
-33,-7,19,0.00019000
-31,-7,20,0.00020000
-29,-7,29,0.00029000
-27,-7,34,0.00034000
-25,-7,30,0.00030000
-23,-7,31,0.00031000
-21,-7,43,0.00043000
-19,-7,38,0.00038000
-17,-7,53,0.00053000
-15,-7,53,0.00053000
-13,-7,54,0.00054000
-11,-7,49,0.00049000
-9,-7,57,0.00057000
-7,-7,51,0.00051000
-5,-7,47,0.00047000
-3,-7,70,0.00070000
-1,-7,63,0.00063000
1,-7,64,0.00064000
3,-7,55,0.00055000
5,-7,62,0.00062000
7,-7,52,0.00052000
9,-7,54,0.00054000
11,-7,38,0.00038000
13,-7,62,0.00062000
15,-7,47,0.00047000
17,-7,48,0.00048000
19,-7,43,0.00043000
21,-7,41,0.00041000
23,-7,33,0.00033000
25,-7,28,0.00028000
27,-7,29,0.00029000
29,-7,28,0.00028000
31,-7,30,0.00030000
33,-7,15,0.00015000
35,-7,26,0.00026000
37,-7,13,0.00013000
39,-7,18,0.00018000
41,-7,9,0.00009000
43,-7,13,0.00013000
45,-7,6,0.00006000
47,-7,9,0.00009000
49,-7,9,0.00009000
51,-7,3,0.00003000
53,-7,4,0.00004000
59,-7,3,0.00003000
61,-7,4,0.00004000
63,-7,2,0.00002000
67,-7,1,0.00001000
-80,-6,1,0.00001000
-70,-6,1,0.00001000
-68,-6,1,0.00001000
-62,-6,1,0.00001000
-54,-6,2,0.00002000
-52,-6,7,0.00007000
-50,-6,8,0.00008000
-48,-6,9,0.00009000
-46,-6,8,0.00008000
-44,-6,4,0.00004000
-42,-6,13,0.00013000
-40,-6,14,0.00014000
-38,-6,16,0.00016000
-36,-6,17,0.00017000
-34,-6,21,0.00021000
-32,-6,22,0.00022000
-30,-6,29,0.00029000
-28,-6,33,0.00033000
-26,-6,29,0.00029000
-24,-6,31,0.00031000
-22,-6,32,0.00032000
-20,-6,42,0.00042000
-18,-6,45,0.00045000
-16,-6,61,0.00061000
-14,-6,54,0.00054000
-12,-6,55,0.00055000
-10,-6,67,0.00067000
-8,-6,57,0.00057000
-6,-6,60,0.00060000
-4,-6,60,0.00060000
-2,-6,50,0.00050000
0,-6,63,0.00063000
2,-6,58,0.00058000
4,-6,62,0.00062000
6,-6,69,0.00069000
8,-6,44,0.00044000
10,-6,51,0.00051000
12,-6,56,0.00056000
14,-6,53,0.00053000
16,-6,54,0.00054000
18,-6,36,0.00036000
20,-6,48,0.00048000
22,-6,45,0.00045000
24,-6,35,0.00035000
26,-6,22,0.00022000
28,-6,42,0.00042000
30,-6,22,0.00022000
32,-6,31,0.00031000
34,-6,15,0.00015000
36,-6,24,0.00024000
38,-6,14,0.00014000
40,-6,8,0.00008000
42,-6,16,0.00016000
44,-6,4,0.00004000
46,-6,8,0.00008000
48,-6,6,0.00006000
50,-6,4,0.00004000
52,-6,6,0.00006000
54,-6,4,0.00004000
56,-6,3,0.00003000
58,-6,1,0.00001000
62,-6,3,0.00003000
64,-6,1,0.00001000
76,-6,1,0.00001000
80,-6,1,0.00001000
-73,-5,2,0.00002000
-71,-5,1,0.00001000
-65,-5,1,0.00001000
-61,-5,1,0.00001000
-57,-5,2,0.00002000
-53,-5,4,0.00004000
-51,-5,1,0.00001000
-49,-5,2,0.00002000
-47,-5,7,0.00007000
-45,-5,15,0.00015000
-43,-5,14,0.00014000
-41,-5,11,0.00011000
-39,-5,14,0.00014000
-37,-5,14,0.00014000
-35,-5,19,0.00019000
-33,-5,23,0.00023000
-31,-5,26,0.00026000
-29,-5,23,0.00023000
-27,-5,25,0.00025000
-25,-5,26,0.00026000
-23,-5,32,0.00032000
-21,-5,39,0.00039000
-19,-5,42,0.00042000
-17,-5,57,0.00057000
-15,-5,56,0.00056000
-13,-5,45,0.00045000
-11,-5,56,0.00056000
-9,-5,53,0.00053000
-7,-5,53,0.00053000
-5,-5,57,0.00057000
-3,-5,59,0.00059000
-1,-5,66,0.00066000
1,-5,61,0.00061000
3,-5,70,0.00070000
5,-5,59,0.00059000
7,-5,62,0.00062000
9,-5,49,0.00049000
11,-5,55,0.00055000
13,-5,56,0.00056000
15,-5,48,0.00048000
17,-5,47,0.00047000
19,-5,46,0.00046000
21,-5,29,0.00029000
23,-5,37,0.00037000
25,-5,31,0.00031000
27,-5,20,0.00020000
29,-5,34,0.00034000
31,-5,21,0.00021000
33,-5,16,0.00016000
35,-5,16,0.00016000
37,-5,13,0.00013000
39,-5,17,0.00017000
41,-5,16,0.00016000
43,-5,10,0.00010000
45,-5,8,0.00008000
47,-5,10,0.00010000
49,-5,7,0.00007000
51,-5,4,0.00004000
53,-5,4,0.00004000
55,-5,4,0.00004000
57,-5,2,0.00002000
59,-5,5,0.00005000
61,-5,2,0.00002000
63,-5,3,0.00003000
65,-5,2,0.00002000
67,-5,1,0.00001000
-90,-4,1,0.00001000
-80,-4,1,0.00001000
-70,-4,3,0.00003000
-68,-4,1,0.00001000
-66,-4,2,0.00002000
-62,-4,2,0.00002000
-58,-4,2,0.00002000
-56,-4,5,0.00005000
-54,-4,6,0.00006000
-52,-4,8,0.00008000
-50,-4,4,0.00004000
-48,-4,2,0.00002000
-46,-4,14,0.00014000
-44,-4,8,0.00008000
-42,-4,9,0.00009000
-40,-4,11,0.00011000
-38,-4,17,0.00017000
-36,-4,18,0.00018000
-34,-4,21,0.00021000
-32,-4,21,0.00021000
-30,-4,25,0.00025000
-28,-4,27,0.00027000
-26,-4,29,0.00029000
-24,-4,31,0.00031000
-22,-4,50,0.00050000
-20,-4,50,0.00050000
-18,-4,47,0.00047000
-16,-4,45,0.00045000
-14,-4,41,0.00041000
-12,-4,43,0.00043000
-10,-4,43,0.00043000
-8,-4,63,0.00063000
-6,-4,63,0.00063000
-4,-4,52,0.00052000
-2,-4,70,0.00070000
0,-4,56,0.00056000
2,-4,57,0.00057000
4,-4,69,0.00069000
6,-4,61,0.00061000
8,-4,55,0.00055000
10,-4,64,0.00064000
12,-4,37,0.00037000
14,-4,42,0.00042000
16,-4,58,0.00058000
18,-4,44,0.00044000
20,-4,40,0.00040000
22,-4,32,0.00032000
24,-4,38,0.00038000
26,-4,28,0.00028000
28,-4,32,0.00032000
30,-4,27,0.00027000
32,-4,19,0.00019000
34,-4,22,0.00022000
36,-4,18,0.00018000
38,-4,7,0.00007000
40,-4,12,0.00012000
42,-4,10,0.00010000
44,-4,15,0.00015000
46,-4,9,0.00009000
48,-4,8,0.00008000
50,-4,6,0.00006000
52,-4,2,0.00002000
54,-4,1,0.00001000
56,-4,2,0.00002000
58,-4,5,0.00005000
62,-4,2,0.00002000
64,-4,2,0.00002000
66,-4,1,0.00001000
70,-4,1,0.00001000
78,-4,1,0.00001000
-69,-3,1,0.00001000
-67,-3,1,0.00001000
-61,-3,3,0.00003000
-59,-3,2,0.00002000
-57,-3,2,0.00002000
-55,-3,5,0.00005000
-51,-3,3,0.00003000
-49,-3,6,0.00006000
-47,-3,9,0.00009000
-45,-3,7,0.00007000
-43,-3,12,0.00012000
-41,-3,9,0.00009000
-39,-3,12,0.00012000
-37,-3,13,0.00013000
-35,-3,25,0.00025000
-33,-3,21,0.00021000
-31,-3,28,0.00028000
-29,-3,33,0.00033000
-27,-3,35,0.00035000
-25,-3,30,0.00030000
-23,-3,30,0.00030000
-21,-3,37,0.00037000
-19,-3,48,0.00048000
-17,-3,30,0.00030000
-15,-3,45,0.00045000
-13,-3,43,0.00043000
-11,-3,46,0.00046000
-9,-3,50,0.00050000
-7,-3,42,0.00042000
-5,-3,52,0.00052000
-3,-3,76,0.00076000
-1,-3,45,0.00045000
1,-3,70,0.00070000
3,-3,66,0.00066000
5,-3,86,0.00086000
7,-3,58,0.00058000
9,-3,57,0.00057000
11,-3,47,0.00047000
13,-3,55,0.00055000
15,-3,64,0.00064000
17,-3,64,0.00064000
19,-3,33,0.00033000
21,-3,45,0.00045000
23,-3,36,0.00036000
25,-3,34,0.00034000
27,-3,29,0.00029000
29,-3,34,0.00034000
31,-3,23,0.00023000
33,-3,25,0.00025000
35,-3,12,0.00012000
37,-3,18,0.00018000
39,-3,16,0.00016000
41,-3,6,0.00006000
43,-3,6,0.00006000
45,-3,5,0.00005000
47,-3,7,0.00007000
49,-3,6,0.00006000
51,-3,3,0.00003000
53,-3,1,0.00001000
55,-3,6,0.00006000
57,-3,2,0.00002000
61,-3,3,0.00003000
67,-3,2,0.00002000
-64,-2,1,0.00001000
-62,-2,2,0.00002000
-60,-2,1,0.00001000
-58,-2,3,0.00003000
-56,-2,2,0.00002000
-52,-2,4,0.00004000
-50,-2,6,0.00006000
-48,-2,3,0.00003000
-46,-2,2,0.00002000
-44,-2,12,0.00012000
-42,-2,8,0.00008000
-40,-2,17,0.00017000
-38,-2,16,0.00016000
-36,-2,12,0.00012000
-34,-2,25,0.00025000
-32,-2,23,0.00023000
-30,-2,28,0.00028000
-28,-2,40,0.00040000
-26,-2,34,0.00034000
-24,-2,37,0.00037000
-22,-2,38,0.00038000
-20,-2,47,0.00047000
-18,-2,44,0.00044000
-16,-2,50,0.00050000
-14,-2,53,0.00053000
-12,-2,48,0.00048000
-10,-2,58,0.00058000
-8,-2,64,0.00064000
-6,-2,69,0.00069000
-4,-2,79,0.00079000
-2,-2,62,0.00062000
0,-2,68,0.00068000
2,-2,65,0.00065000
4,-2,58,0.00058000
6,-2,64,0.00064000
8,-2,60,0.00060000
10,-2,75,0.00075000
12,-2,52,0.00052000
14,-2,48,0.00048000
16,-2,43,0.00043000
18,-2,37,0.00037000
20,-2,39,0.00039000
22,-2,49,0.00049000
24,-2,42,0.00042000
26,-2,26,0.00026000
28,-2,23,0.00023000
30,-2,21,0.00021000
32,-2,25,0.00025000
34,-2,14,0.00014000
36,-2,24,0.00024000
38,-2,18,0.00018000
40,-2,14,0.00014000
42,-2,13,0.00013000
44,-2,11,0.00011000
46,-2,6,0.00006000
48,-2,5,0.00005000
50,-2,8,0.00008000
52,-2,2,0.00002000
54,-2,4,0.00004000
56,-2,1,0.00001000
58,-2,6,0.00006000
62,-2,2,0.00002000
70,-2,1,0.00001000
72,-2,1,0.00001000
84,-2,1,0.00001000
-77,-1,1,0.00001000
-73,-1,1,0.00001000
-69,-1,1,0.00001000
-65,-1,2,0.00002000
-59,-1,3,0.00003000
-57,-1,1,0.00001000
-55,-1,3,0.00003000
-53,-1,6,0.00006000
-51,-1,7,0.00007000
-49,-1,2,0.00002000
-47,-1,4,0.00004000
-45,-1,14,0.00014000
-43,-1,5,0.00005000
-41,-1,11,0.00011000
-39,-1,16,0.00016000
-37,-1,13,0.00013000
-35,-1,20,0.00020000
-33,-1,24,0.00024000
-31,-1,27,0.00027000
-29,-1,30,0.00030000
-27,-1,33,0.00033000
-25,-1,30,0.00030000
-23,-1,42,0.00042000
-21,-1,37,0.00037000
-19,-1,45,0.00045000
-17,-1,47,0.00047000
-15,-1,47,0.00047000
-13,-1,58,0.00058000
-11,-1,48,0.00048000
-9,-1,64,0.00064000
-7,-1,64,0.00064000
-5,-1,51,0.00051000
-3,-1,50,0.00050000
-1,-1,62,0.00062000
1,-1,43,0.00043000
3,-1,64,0.00064000
5,-1,59,0.00059000
7,-1,72,0.00072000
9,-1,66,0.00066000
11,-1,39,0.00039000
13,-1,44,0.00044000
15,-1,52,0.00052000
17,-1,49,0.00049000
19,-1,49,0.00049000
21,-1,35,0.00035000
23,-1,32,0.00032000
25,-1,30,0.00030000
27,-1,34,0.00034000
29,-1,37,0.00037000
31,-1,31,0.00031000
33,-1,16,0.00016000
35,-1,20,0.00020000
37,-1,18,0.00018000
39,-1,11,0.00011000
41,-1,16,0.00016000
43,-1,12,0.00012000
45,-1,5,0.00005000
47,-1,5,0.00005000
49,-1,7,0.00007000
51,-1,3,0.00003000
53,-1,7,0.00007000
55,-1,3,0.00003000
57,-1,3,0.00003000
59,-1,1,0.00001000
61,-1,2,0.00002000
65,-1,1,0.00001000
71,-1,2,0.00002000
-88,0,1,0.00001000
-74,0,1,0.00001000
-70,0,1,0.00001000
-64,0,1,0.00001000
-62,0,2,0.00002000
-60,0,2,0.00002000
-58,0,2,0.00002000
-56,0,2,0.00002000
-52,0,5,0.00005000
-50,0,3,0.00003000
-48,0,5,0.00005000
-46,0,10,0.00010000
-44,0,10,0.00010000
-42,0,15,0.00015000
-40,0,6,0.00006000
-38,0,18,0.00018000
-36,0,15,0.00015000
-34,0,26,0.00026000
-32,0,24,0.00024000
-30,0,27,0.00027000
-28,0,31,0.00031000
-26,0,31,0.00031000
-24,0,33,0.00033000
-22,0,44,0.00044000
-20,0,47,0.00047000
-18,0,45,0.00045000
-16,0,53,0.00053000
-14,0,47,0.00047000
-12,0,50,0.00050000
-10,0,53,0.00053000
-8,0,55,0.00055000
-6,0,74,0.00074000
-4,0,67,0.00067000
-2,0,50,0.00050000
0,0,64,0.00064000
2,0,69,0.00069000
4,0,56,0.00056000
6,0,64,0.00064000
8,0,59,0.00059000
10,0,67,0.00067000
12,0,52,0.00052000
14,0,46,0.00046000
16,0,60,0.00060000
18,0,49,0.00049000
20,0,43,0.00043000
22,0,41,0.00041000
24,0,37,0.00037000
26,0,41,0.00041000
28,0,35,0.00035000
30,0,19,0.00019000
32,0,21,0.00021000
34,0,15,0.00015000
36,0,18,0.00018000
38,0,16,0.00016000
40,0,8,0.00008000
42,0,10,0.00010000
44,0,12,0.00012000
46,0,4,0.00004000
48,0,6,0.00006000
50,0,8,0.00008000
52,0,5,0.00005000
54,0,1,0.00001000
56,0,1,0.00001000
58,0,1,0.00001000
60,0,1,0.00001000
64,0,1,0.00001000
68,0,2,0.00002000
70,0,1,0.00001000
72,0,2,0.00002000
80,0,1,0.00001000
-73,1,1,0.00001000
-69,1,1,0.00001000
-67,1,1,0.00001000
-65,1,1,0.00001000
-63,1,1,0.00001000
-61,1,2,0.00002000
-59,1,1,0.00001000
-57,1,2,0.00002000
-55,1,5,0.00005000
-53,1,4,0.00004000
-51,1,4,0.00004000
-49,1,7,0.00007000
-47,1,6,0.00006000
-45,1,10,0.00010000
-43,1,9,0.00009000
-41,1,11,0.00011000
-39,1,13,0.00013000
-37,1,13,0.00013000
-35,1,15,0.00015000
-33,1,21,0.00021000
-31,1,25,0.00025000
-29,1,28,0.00028000
-27,1,23,0.00023000
-25,1,37,0.00037000
-23,1,45,0.00045000
-21,1,41,0.00041000
-19,1,57,0.00057000
-17,1,47,0.00047000
-15,1,53,0.00053000
-13,1,47,0.00047000
-11,1,74,0.00074000
-9,1,48,0.00048000
-7,1,59,0.00059000
-5,1,82,0.00082000
-3,1,63,0.00063000
-1,1,57,0.00057000
1,1,59,0.00059000
3,1,52,0.00052000
5,1,62,0.00062000
7,1,59,0.00059000
9,1,49,0.00049000
11,1,48,0.00048000
13,1,51,0.00051000
15,1,41,0.00041000
17,1,50,0.00050000
19,1,45,0.00045000
21,1,32,0.00032000
23,1,32,0.00032000
25,1,36,0.00036000
27,1,23,0.00023000
29,1,33,0.00033000
31,1,25,0.00025000
33,1,26,0.00026000
35,1,25,0.00025000
37,1,28,0.00028000
39,1,12,0.00012000
41,1,14,0.00014000
43,1,12,0.00012000
45,1,6,0.00006000
47,1,4,0.00004000
49,1,5,0.00005000
51,1,5,0.00005000
53,1,3,0.00003000
55,1,4,0.00004000
57,1,2,0.00002000
59,1,1,0.00001000
63,1,3,0.00003000
65,1,1,0.00001000
69,1,1,0.00001000
71,1,1,0.00001000
-80,2,1,0.00001000
-68,2,2,0.00002000
-64,2,2,0.00002000
-60,2,5,0.00005000
-58,2,1,0.00001000
-56,2,3,0.00003000
-54,2,4,0.00004000
-52,2,1,0.00001000
-50,2,9,0.00009000
-48,2,5,0.00005000
-46,2,8,0.00008000
-44,2,7,0.00007000
-42,2,7,0.00007000
-40,2,10,0.00010000
-38,2,8,0.00008000
-36,2,17,0.00017000
-34,2,16,0.00016000
-32,2,26,0.00026000
-30,2,24,0.00024000
-28,2,21,0.00021000
-26,2,38,0.00038000
-24,2,36,0.00036000
-22,2,53,0.00053000
-20,2,48,0.00048000
-18,2,47,0.00047000
-16,2,55,0.00055000
-14,2,55,0.00055000
-12,2,54,0.00054000
-10,2,63,0.00063000
-8,2,55,0.00055000
-6,2,62,0.00062000
-4,2,74,0.00074000
-2,2,60,0.00060000
0,2,71,0.00071000
2,2,63,0.00063000
4,2,69,0.00069000
6,2,65,0.00065000
8,2,51,0.00051000
10,2,53,0.00053000
12,2,55,0.00055000
14,2,58,0.00058000
16,2,41,0.00041000
18,2,39,0.00039000
20,2,44,0.00044000
22,2,44,0.00044000
24,2,41,0.00041000
26,2,29,0.00029000
28,2,22,0.00022000
30,2,16,0.00016000
32,2,21,0.00021000
34,2,22,0.00022000
36,2,20,0.00020000
38,2,19,0.00019000
40,2,15,0.00015000
42,2,8,0.00008000
44,2,6,0.00006000
46,2,9,0.00009000
48,2,5,0.00005000
50,2,6,0.00006000
52,2,4,0.00004000
54,2,2,0.00002000
56,2,4,0.00004000
58,2,1,0.00001000
60,2,1,0.00001000
62,2,2,0.00002000
64,2,2,0.00002000
68,2,1,0.00001000
72,2,2,0.00002000
76,2,1,0.00001000
-89,3,1,0.00001000
-75,3,1,0.00001000
-65,3,1,0.00001000
-61,3,2,0.00002000
-57,3,3,0.00003000
-55,3,2,0.00002000
-53,3,2,0.00002000
-51,3,4,0.00004000
-49,3,7,0.00007000
-47,3,6,0.00006000
-45,3,6,0.00006000
-43,3,14,0.00014000
-41,3,19,0.00019000
-39,3,16,0.00016000
-37,3,12,0.00012000
-35,3,23,0.00023000
-33,3,23,0.00023000
-31,3,20,0.00020000
-29,3,27,0.00027000
-27,3,32,0.00032000
-25,3,39,0.00039000
-23,3,26,0.00026000
-21,3,28,0.00028000
-19,3,61,0.00061000
-17,3,39,0.00039000
-15,3,38,0.00038000
-13,3,46,0.00046000
-11,3,49,0.00049000
-9,3,42,0.00042000
-7,3,60,0.00060000
-5,3,70,0.00070000
-3,3,58,0.00058000
-1,3,65,0.00065000
1,3,61,0.00061000
3,3,58,0.00058000
5,3,67,0.00067000
7,3,79,0.00079000
9,3,61,0.00061000
11,3,55,0.00055000
13,3,43,0.00043000
15,3,55,0.00055000
17,3,33,0.00033000
19,3,47,0.00047000
21,3,44,0.00044000
23,3,43,0.00043000
25,3,34,0.00034000
27,3,31,0.00031000
29,3,34,0.00034000
31,3,25,0.00025000
33,3,30,0.00030000
35,3,18,0.00018000
37,3,18,0.00018000
39,3,12,0.00012000
41,3,8,0.00008000
43,3,10,0.00010000
45,3,12,0.00012000
47,3,6,0.00006000
49,3,6,0.00006000
51,3,3,0.00003000
53,3,1,0.00001000
55,3,1,0.00001000
57,3,2,0.00002000
59,3,3,0.00003000
61,3,3,0.00003000
65,3,1,0.00001000
73,3,1,0.00001000
77,3,1,0.00001000
-70,4,1,0.00001000
-66,4,3,0.00003000
-64,4,1,0.00001000
-62,4,2,0.00002000
-58,4,3,0.00003000
-56,4,3,0.00003000
-54,4,3,0.00003000
-52,4,7,0.00007000
-50,4,5,0.00005000
-48,4,9,0.00009000
-46,4,11,0.00011000
-44,4,7,0.00007000
-42,4,9,0.00009000
-40,4,17,0.00017000
-38,4,15,0.00015000
-36,4,18,0.00018000
-34,4,15,0.00015000
-32,4,21,0.00021000
-30,4,23,0.00023000
-28,4,33,0.00033000
-26,4,26,0.00026000
-24,4,35,0.00035000
-22,4,48,0.00048000
-20,4,46,0.00046000
-18,4,50,0.00050000
-16,4,51,0.00051000
-14,4,51,0.00051000
-12,4,55,0.00055000
-10,4,67,0.00067000
-8,4,63,0.00063000
-6,4,50,0.00050000
-4,4,71,0.00071000
-2,4,66,0.00066000
0,4,56,0.00056000
2,4,63,0.00063000
4,4,61,0.00061000
6,4,68,0.00068000
8,4,52,0.00052000
10,4,63,0.00063000
12,4,55,0.00055000
14,4,38,0.00038000
16,4,39,0.00039000
18,4,42,0.00042000
20,4,46,0.00046000
22,4,39,0.00039000
24,4,44,0.00044000
26,4,35,0.00035000
28,4,31,0.00031000
30,4,27,0.00027000
32,4,23,0.00023000
34,4,21,0.00021000
36,4,17,0.00017000
38,4,14,0.00014000
40,4,18,0.00018000
42,4,8,0.00008000
44,4,9,0.00009000
46,4,13,0.00013000
48,4,4,0.00004000
50,4,2,0.00002000
52,4,5,0.00005000
54,4,2,0.00002000
56,4,2,0.00002000
58,4,3,0.00003000
60,4,1,0.00001000
62,4,2,0.00002000
68,4,2,0.00002000
-83,5,1,0.00001000
-73,5,1,0.00001000
-69,5,1,0.00001000
-67,5,2,0.00002000
-65,5,3,0.00003000
-63,5,1,0.00001000
-61,5,2,0.00002000
-57,5,4,0.00004000
-55,5,1,0.00001000
-53,5,7,0.00007000
-51,5,8,0.00008000
-49,5,6,0.00006000
-47,5,6,0.00006000
-45,5,5,0.00005000
-43,5,9,0.00009000
-41,5,9,0.00009000
-39,5,7,0.00007000
-37,5,20,0.00020000
-35,5,19,0.00019000
-33,5,21,0.00021000
-31,5,19,0.00019000
-29,5,35,0.00035000
-27,5,27,0.00027000
-25,5,39,0.00039000
-23,5,42,0.00042000
-21,5,48,0.00048000
-19,5,51,0.00051000
-17,5,51,0.00051000
-15,5,52,0.00052000
-13,5,41,0.00041000
-11,5,57,0.00057000
-9,5,62,0.00062000
-7,5,66,0.00066000
-5,5,50,0.00050000
-3,5,48,0.00048000
-1,5,72,0.00072000
1,5,60,0.00060000
3,5,79,0.00079000
5,5,60,0.00060000
7,5,72,0.00072000
9,5,57,0.00057000
11,5,55,0.00055000
13,5,49,0.00049000
15,5,55,0.00055000
17,5,52,0.00052000
19,5,55,0.00055000
21,5,29,0.00029000
23,5,41,0.00041000
25,5,36,0.00036000
27,5,31,0.00031000
29,5,22,0.00022000
31,5,29,0.00029000
33,5,25,0.00025000
35,5,22,0.00022000
37,5,14,0.00014000
39,5,14,0.00014000
41,5,14,0.00014000
43,5,12,0.00012000
45,5,6,0.00006000
47,5,7,0.00007000
49,5,2,0.00002000
51,5,4,0.00004000
53,5,3,0.00003000
55,5,2,0.00002000
57,5,2,0.00002000
59,5,5,0.00005000
61,5,3,0.00003000
65,5,2,0.00002000
67,5,2,0.00002000
69,5,2,0.00002000
-64,6,2,0.00002000
-62,6,1,0.00001000
-60,6,1,0.00001000
-58,6,2,0.00002000
-56,6,5,0.00005000
-54,6,4,0.00004000
-52,6,3,0.00003000
-50,6,5,0.00005000
-48,6,9,0.00009000
-46,6,11,0.00011000
-44,6,10,0.00010000
-42,6,16,0.00016000
-40,6,6,0.00006000
-38,6,15,0.00015000
-36,6,9,0.00009000
-34,6,29,0.00029000
-32,6,24,0.00024000
-30,6,24,0.00024000
-28,6,29,0.00029000
-26,6,23,0.00023000
-24,6,32,0.00032000
-22,6,37,0.00037000
-20,6,40,0.00040000
-18,6,44,0.00044000
-16,6,49,0.00049000
-14,6,54,0.00054000
-12,6,43,0.00043000
-10,6,50,0.00050000
-8,6,49,0.00049000
-6,6,60,0.00060000
-4,6,58,0.00058000
-2,6,56,0.00056000
0,6,66,0.00066000
2,6,74,0.00074000
4,6,63,0.00063000
6,6,60,0.00060000
8,6,56,0.00056000
10,6,53,0.00053000
12,6,56,0.00056000
14,6,48,0.00048000
16,6,45,0.00045000
18,6,53,0.00053000
20,6,50,0.00050000
22,6,29,0.00029000
24,6,44,0.00044000
26,6,27,0.00027000
28,6,33,0.00033000
30,6,30,0.00030000
32,6,19,0.00019000
34,6,13,0.00013000
36,6,19,0.00019000
38,6,13,0.00013000
40,6,14,0.00014000
42,6,11,0.00011000
44,6,9,0.00009000
46,6,9,0.00009000
48,6,6,0.00006000
50,6,6,0.00006000
52,6,5,0.00005000
54,6,5,0.00005000
56,6,5,0.00005000
58,6,2,0.00002000
60,6,5,0.00005000
62,6,2,0.00002000
64,6,1,0.00001000
72,6,1,0.00001000
78,6,2,0.00002000
-81,7,1,0.00001000
-77,7,2,0.00002000
-63,7,1,0.00001000
-61,7,2,0.00002000
-59,7,4,0.00004000
-57,7,1,0.00001000
-55,7,4,0.00004000
-53,7,6,0.00006000
-51,7,3,0.00003000
-49,7,5,0.00005000
-47,7,10,0.00010000
-45,7,5,0.00005000
-43,7,16,0.00016000
-41,7,6,0.00006000
-39,7,14,0.00014000
-37,7,16,0.00016000
-35,7,19,0.00019000
-33,7,19,0.00019000
-31,7,24,0.00024000
-29,7,20,0.00020000
-27,7,26,0.00026000
-25,7,29,0.00029000
-23,7,29,0.00029000
-21,7,42,0.00042000
-19,7,42,0.00042000
-17,7,32,0.00032000
-15,7,48,0.00048000
-13,7,44,0.00044000
-11,7,57,0.00057000
-9,7,53,0.00053000
-7,7,53,0.00053000
-5,7,59,0.00059000
-3,7,39,0.00039000
-1,7,53,0.00053000
1,7,56,0.00056000
3,7,42,0.00042000
5,7,49,0.00049000
7,7,70,0.00070000
9,7,50,0.00050000
11,7,41,0.00041000
13,7,48,0.00048000
15,7,34,0.00034000
17,7,41,0.00041000
19,7,46,0.00046000
21,7,26,0.00026000
23,7,35,0.00035000
25,7,30,0.00030000
27,7,26,0.00026000
29,7,22,0.00022000
31,7,19,0.00019000
33,7,15,0.00015000
35,7,11,0.00011000
37,7,18,0.00018000
39,7,7,0.00007000
41,7,10,0.00010000
43,7,8,0.00008000
45,7,13,0.00013000
47,7,8,0.00008000
49,7,6,0.00006000
51,7,8,0.00008000
53,7,1,0.00001000
59,7,1,0.00001000
61,7,1,0.00001000
87,7,1,0.00001000
-74,8,1,0.00001000
-72,8,1,0.00001000
-70,8,1,0.00001000
-68,8,1,0.00001000
-66,8,1,0.00001000
-64,8,1,0.00001000
-62,8,1,0.00001000
-60,8,2,0.00002000
-58,8,4,0.00004000
-56,8,2,0.00002000
-54,8,2,0.00002000
-52,8,5,0.00005000
-50,8,5,0.00005000
-48,8,6,0.00006000
-46,8,8,0.00008000
-44,8,13,0.00013000
-42,8,10,0.00010000
-40,8,9,0.00009000
-38,8,9,0.00009000
-36,8,14,0.00014000
-34,8,17,0.00017000
-32,8,26,0.00026000
-30,8,31,0.00031000
-28,8,21,0.00021000
-26,8,30,0.00030000
-24,8,29,0.00029000
-22,8,54,0.00054000
-20,8,31,0.00031000
-18,8,39,0.00039000
-16,8,59,0.00059000
-14,8,45,0.00045000
-12,8,58,0.00058000
-10,8,44,0.00044000
-8,8,49,0.00049000
-6,8,64,0.00064000
-4,8,67,0.00067000
-2,8,58,0.00058000
0,8,67,0.00067000
2,8,63,0.00063000
4,8,44,0.00044000
6,8,57,0.00057000
8,8,50,0.00050000
10,8,50,0.00050000
12,8,56,0.00056000
14,8,51,0.00051000
16,8,47,0.00047000
18,8,42,0.00042000
20,8,48,0.00048000
22,8,38,0.00038000
24,8,35,0.00035000
26,8,38,0.00038000
28,8,20,0.00020000
30,8,23,0.00023000
32,8,28,0.00028000
34,8,20,0.00020000
36,8,18,0.00018000
38,8,16,0.00016000
40,8,14,0.00014000
42,8,6,0.00006000
44,8,9,0.00009000
46,8,9,0.00009000
48,8,4,0.00004000
50,8,4,0.00004000
52,8,5,0.00005000
54,8,6,0.00006000
56,8,6,0.00006000
58,8,3,0.00003000
60,8,2,0.00002000
62,8,2,0.00002000
64,8,2,0.00002000
66,8,1,0.00001000
68,8,1,0.00001000
76,8,1,0.00001000
-75,9,1,0.00001000
-71,9,2,0.00002000
-69,9,1,0.00001000
-65,9,2,0.00002000
-63,9,1,0.00001000
-59,9,4,0.00004000
-57,9,4,0.00004000
-55,9,1,0.00001000
-53,9,2,0.00002000
-51,9,5,0.00005000
-49,9,6,0.00006000
-47,9,1,0.00001000
-45,9,7,0.00007000
-43,9,8,0.00008000
-41,9,14,0.00014000
-39,9,11,0.00011000
-37,9,14,0.00014000
-35,9,16,0.00016000
-33,9,23,0.00023000
-31,9,25,0.00025000
-29,9,31,0.00031000
-27,9,30,0.00030000
-25,9,38,0.00038000
-23,9,41,0.00041000
-21,9,29,0.00029000
-19,9,41,0.00041000
-17,9,35,0.00035000
-15,9,41,0.00041000
-13,9,65,0.00065000
-11,9,58,0.00058000
-9,9,48,0.00048000
-7,9,60,0.00060000
-5,9,56,0.00056000
-3,9,57,0.00057000
-1,9,62,0.00062000
1,9,58,0.00058000
3,9,57,0.00057000
5,9,63,0.00063000
7,9,58,0.00058000
9,9,55,0.00055000
11,9,39,0.00039000
13,9,39,0.00039000
15,9,46,0.00046000
17,9,45,0.00045000
19,9,51,0.00051000
21,9,37,0.00037000
23,9,34,0.00034000
25,9,34,0.00034000
27,9,40,0.00040000
29,9,34,0.00034000
31,9,21,0.00021000
33,9,27,0.00027000
35,9,18,0.00018000
37,9,15,0.00015000
39,9,17,0.00017000
41,9,12,0.00012000
43,9,6,0.00006000
45,9,12,0.00012000
47,9,2,0.00002000
49,9,4,0.00004000
51,9,2,0.00002000
53,9,1,0.00001000
55,9,1,0.00001000
57,9,3,0.00003000
59,9,1,0.00001000
61,9,2,0.00002000
65,9,1,0.00001000
77,9,1,0.00001000
81,9,1,0.00001000
-64,10,2,0.00002000
-60,10,2,0.00002000
-58,10,1,0.00001000
-56,10,2,0.00002000
-54,10,4,0.00004000
-52,10,2,0.00002000
-50,10,4,0.00004000
-48,10,5,0.00005000
-46,10,4,0.00004000
-44,10,15,0.00015000
-42,10,10,0.00010000
-40,10,9,0.00009000
-38,10,15,0.00015000
-36,10,14,0.00014000
-34,10,15,0.00015000
-32,10,21,0.00021000
-30,10,16,0.00016000
-28,10,19,0.00019000
-26,10,27,0.00027000
-24,10,24,0.00024000
-22,10,40,0.00040000
-20,10,42,0.00042000
-18,10,38,0.00038000
-16,10,47,0.00047000
-14,10,47,0.00047000
-12,10,48,0.00048000
-10,10,50,0.00050000
-8,10,39,0.00039000
-6,10,49,0.00049000
-4,10,60,0.00060000
-2,10,60,0.00060000
0,10,66,0.00066000
2,10,63,0.00063000
4,10,65,0.00065000
6,10,51,0.00051000
8,10,48,0.00048000
10,10,41,0.00041000
12,10,48,0.00048000
14,10,45,0.00045000
16,10,34,0.00034000
18,10,43,0.00043000
20,10,40,0.00040000
22,10,37,0.00037000
24,10,33,0.00033000
26,10,26,0.00026000
28,10,27,0.00027000
30,10,28,0.00028000
32,10,22,0.00022000
34,10,18,0.00018000
36,10,15,0.00015000
38,10,11,0.00011000
40,10,8,0.00008000
42,10,16,0.00016000
44,10,11,0.00011000
46,10,8,0.00008000
48,10,7,0.00007000
50,10,4,0.00004000
52,10,8,0.00008000
54,10,4,0.00004000
56,10,2,0.00002000
60,10,1,0.00001000
62,10,2,0.00002000
76,10,1,0.00001000
80,10,1,0.00001000
-75,11,1,0.00001000
-63,11,1,0.00001000
-61,11,1,0.00001000
-59,11,1,0.00001000
-57,11,2,0.00002000
-53,11,7,0.00007000
-51,11,3,0.00003000
-49,11,7,0.00007000
-47,11,6,0.00006000
-45,11,6,0.00006000
-43,11,6,0.00006000
-41,11,13,0.00013000
-39,11,11,0.00011000
-37,11,11,0.00011000
-35,11,15,0.00015000
-33,11,21,0.00021000
-31,11,22,0.00022000
-29,11,18,0.00018000
-27,11,25,0.00025000
-25,11,36,0.00036000
-23,11,43,0.00043000
-21,11,44,0.00044000
-19,11,44,0.00044000
-17,11,40,0.00040000
-15,11,48,0.00048000
-13,11,34,0.00034000
-11,11,54,0.00054000
-9,11,53,0.00053000
-7,11,55,0.00055000
-5,11,59,0.00059000
-3,11,62,0.00062000
-1,11,54,0.00054000
1,11,60,0.00060000
3,11,65,0.00065000
5,11,61,0.00061000
7,11,49,0.00049000
9,11,59,0.00059000
11,11,59,0.00059000
13,11,48,0.00048000
15,11,51,0.00051000
17,11,43,0.00043000
19,11,38,0.00038000
21,11,44,0.00044000
23,11,39,0.00039000
25,11,23,0.00023000
27,11,34,0.00034000
29,11,31,0.00031000
31,11,24,0.00024000
33,11,13,0.00013000
35,11,19,0.00019000
37,11,16,0.00016000
39,11,14,0.00014000
41,11,12,0.00012000
43,11,12,0.00012000
45,11,7,0.00007000
47,11,10,0.00010000
49,11,4,0.00004000
51,11,1,0.00001000
53,11,8,0.00008000
55,11,2,0.00002000
57,11,2,0.00002000
59,11,3,0.00003000
61,11,1,0.00001000
63,11,1,0.00001000
67,11,1,0.00001000
69,11,1,0.00001000
-62,12,1,0.00001000
-60,12,2,0.00002000
-58,12,2,0.00002000
-56,12,4,0.00004000
-54,12,3,0.00003000
-52,12,5,0.00005000
-50,12,7,0.00007000
-48,12,4,0.00004000
-46,12,8,0.00008000
-44,12,4,0.00004000
-42,12,6,0.00006000
-40,12,10,0.00010000
-38,12,9,0.00009000
-36,12,16,0.00016000
-34,12,25,0.00025000
-32,12,18,0.00018000
-30,12,15,0.00015000
-28,12,21,0.00021000
-26,12,34,0.00034000
-24,12,27,0.00027000
-22,12,36,0.00036000
-20,12,32,0.00032000
-18,12,41,0.00041000
-16,12,36,0.00036000
-14,12,45,0.00045000
-12,12,44,0.00044000
-10,12,53,0.00053000
-8,12,45,0.00045000
-6,12,64,0.00064000
-4,12,53,0.00053000
-2,12,46,0.00046000
0,12,41,0.00041000
2,12,50,0.00050000
4,12,48,0.00048000
6,12,68,0.00068000
8,12,54,0.00054000
10,12,43,0.00043000
12,12,41,0.00041000
14,12,43,0.00043000
16,12,40,0.00040000
18,12,42,0.00042000
20,12,40,0.00040000
22,12,36,0.00036000
24,12,25,0.00025000
26,12,28,0.00028000
28,12,34,0.00034000
30,12,17,0.00017000
32,12,22,0.00022000
34,12,14,0.00014000
36,12,16,0.00016000
38,12,13,0.00013000
40,12,14,0.00014000
42,12,11,0.00011000
44,12,6,0.00006000
46,12,7,0.00007000
48,12,5,0.00005000
50,12,3,0.00003000
52,12,1,0.00001000
54,12,4,0.00004000
56,12,4,0.00004000
58,12,5,0.00005000
60,12,1,0.00001000
64,12,1,0.00001000
68,12,1,0.00001000
72,12,1,0.00001000
74,12,1,0.00001000
-79,13,1,0.00001000
-77,13,1,0.00001000
-71,13,1,0.00001000
-67,13,1,0.00001000
-65,13,3,0.00003000
-61,13,1,0.00001000
-59,13,2,0.00002000
-55,13,3,0.00003000
-53,13,3,0.00003000
-51,13,5,0.00005000
-49,13,7,0.00007000
-47,13,4,0.00004000
-45,13,8,0.00008000
-43,13,9,0.00009000
-41,13,10,0.00010000
-39,13,7,0.00007000
-37,13,13,0.00013000
-35,13,10,0.00010000
-33,13,15,0.00015000
-31,13,17,0.00017000
-29,13,10,0.00010000
-27,13,26,0.00026000
-25,13,19,0.00019000
-23,13,36,0.00036000
-21,13,38,0.00038000
-19,13,28,0.00028000
-17,13,33,0.00033000
-15,13,31,0.00031000
-13,13,42,0.00042000
-11,13,53,0.00053000
-9,13,57,0.00057000
-7,13,49,0.00049000
-5,13,48,0.00048000
-3,13,44,0.00044000
-1,13,51,0.00051000
1,13,62,0.00062000
3,13,52,0.00052000
5,13,60,0.00060000
7,13,49,0.00049000
9,13,45,0.00045000
11,13,47,0.00047000
13,13,49,0.00049000
15,13,32,0.00032000
17,13,45,0.00045000
19,13,41,0.00041000
21,13,28,0.00028000
23,13,38,0.00038000
25,13,28,0.00028000
27,13,18,0.00018000
29,13,23,0.00023000
31,13,27,0.00027000
33,13,19,0.00019000
35,13,20,0.00020000
37,13,17,0.00017000
39,13,11,0.00011000
41,13,11,0.00011000
43,13,8,0.00008000
45,13,7,0.00007000
47,13,8,0.00008000
49,13,10,0.00010000
51,13,3,0.00003000
53,13,3,0.00003000
55,13,1,0.00001000
57,13,2,0.00002000
59,13,2,0.00002000
63,13,3,0.00003000
65,13,3,0.00003000
69,13,1,0.00001000
-90,14,1,0.00001000
-70,14,1,0.00001000
-66,14,1,0.00001000
-64,14,1,0.00001000
-60,14,3,0.00003000
-58,14,6,0.00006000
-56,14,1,0.00001000
-54,14,3,0.00003000
-52,14,4,0.00004000
-50,14,7,0.00007000
-48,14,4,0.00004000
-46,14,3,0.00003000
-44,14,4,0.00004000
-42,14,7,0.00007000
-40,14,9,0.00009000
-38,14,10,0.00010000
-36,14,22,0.00022000
-34,14,17,0.00017000
-32,14,18,0.00018000
-30,14,26,0.00026000
-28,14,26,0.00026000
-26,14,36,0.00036000
-24,14,33,0.00033000
-22,14,39,0.00039000
-20,14,28,0.00028000
-18,14,37,0.00037000
-16,14,53,0.00053000
-14,14,47,0.00047000
-12,14,40,0.00040000
-10,14,39,0.00039000
-8,14,61,0.00061000
-6,14,55,0.00055000
-4,14,47,0.00047000
-2,14,67,0.00067000
0,14,37,0.00037000
2,14,48,0.00048000
4,14,39,0.00039000
6,14,58,0.00058000
8,14,55,0.00055000
10,14,47,0.00047000
12,14,51,0.00051000
14,14,47,0.00047000
16,14,51,0.00051000
18,14,33,0.00033000
20,14,30,0.00030000
22,14,45,0.00045000
24,14,31,0.00031000
26,14,29,0.00029000
28,14,27,0.00027000
30,14,16,0.00016000
32,14,21,0.00021000
34,14,10,0.00010000
36,14,23,0.00023000
38,14,12,0.00012000
40,14,8,0.00008000
42,14,16,0.00016000
44,14,8,0.00008000
46,14,8,0.00008000
48,14,6,0.00006000
50,14,7,0.00007000
52,14,4,0.00004000
56,14,1,0.00001000
58,14,7,0.00007000
60,14,1,0.00001000
62,14,1,0.00001000
68,14,1,0.00001000
70,14,1,0.00001000
-77,15,1,0.00001000
-73,15,1,0.00001000
-69,15,1,0.00001000
-67,15,1,0.00001000
-65,15,1,0.00001000
-63,15,1,0.00001000
-59,15,1,0.00001000
-57,15,5,0.00005000
-55,15,3,0.00003000
-53,15,3,0.00003000
-51,15,7,0.00007000
-49,15,3,0.00003000
-47,15,7,0.00007000
-45,15,7,0.00007000
-43,15,11,0.00011000
-41,15,10,0.00010000
-39,15,12,0.00012000
-37,15,10,0.00010000
-35,15,16,0.00016000
-33,15,14,0.00014000
-31,15,19,0.00019000
-29,15,24,0.00024000
-27,15,23,0.00023000
-25,15,26,0.00026000
-23,15,29,0.00029000
-21,15,45,0.00045000
-19,15,37,0.00037000
-17,15,47,0.00047000
-15,15,38,0.00038000
-13,15,47,0.00047000
-11,15,42,0.00042000
-9,15,45,0.00045000
-7,15,56,0.00056000
-5,15,50,0.00050000
-3,15,43,0.00043000
-1,15,46,0.00046000
1,15,44,0.00044000
3,15,48,0.00048000
5,15,53,0.00053000
7,15,53,0.00053000
9,15,50,0.00050000
11,15,39,0.00039000
13,15,44,0.00044000
15,15,49,0.00049000
17,15,37,0.00037000
19,15,29,0.00029000
21,15,32,0.00032000
23,15,43,0.00043000
25,15,20,0.00020000
27,15,18,0.00018000
29,15,22,0.00022000
31,15,19,0.00019000
33,15,15,0.00015000
35,15,10,0.00010000
37,15,14,0.00014000
39,15,12,0.00012000
41,15,14,0.00014000
43,15,15,0.00015000
45,15,6,0.00006000
47,15,8,0.00008000
49,15,4,0.00004000
51,15,2,0.00002000
53,15,3,0.00003000
57,15,4,0.00004000
59,15,2,0.00002000
63,15,1,0.00001000
65,15,1,0.00001000
77,15,1,0.00001000
-78,16,1,0.00001000
-68,16,1,0.00001000
-64,16,2,0.00002000
-62,16,1,0.00001000
-58,16,1,0.00001000
-56,16,1,0.00001000
-54,16,5,0.00005000
-52,16,3,0.00003000
-50,16,6,0.00006000
-48,16,2,0.00002000
-46,16,7,0.00007000
-44,16,10,0.00010000
-42,16,6,0.00006000
-40,16,10,0.00010000
-38,16,15,0.00015000
-36,16,21,0.00021000
-34,16,15,0.00015000
-32,16,14,0.00014000
-30,16,17,0.00017000
-28,16,22,0.00022000
-26,16,27,0.00027000
-24,16,29,0.00029000
-22,16,28,0.00028000
-20,16,22,0.00022000
-18,16,36,0.00036000
-16,16,34,0.00034000
-14,16,41,0.00041000
-12,16,39,0.00039000
-10,16,44,0.00044000
-8,16,55,0.00055000
-6,16,42,0.00042000
-4,16,53,0.00053000
-2,16,46,0.00046000
0,16,42,0.00042000
2,16,46,0.00046000
4,16,32,0.00032000
6,16,44,0.00044000
8,16,38,0.00038000
10,16,50,0.00050000
12,16,38,0.00038000
14,16,46,0.00046000
16,16,28,0.00028000
18,16,23,0.00023000
20,16,42,0.00042000
22,16,34,0.00034000
24,16,40,0.00040000
26,16,22,0.00022000
28,16,23,0.00023000
30,16,19,0.00019000
32,16,22,0.00022000
34,16,30,0.00030000
36,16,10,0.00010000
38,16,20,0.00020000
40,16,11,0.00011000
42,16,7,0.00007000
44,16,1,0.00001000
46,16,4,0.00004000
48,16,9,0.00009000
50,16,4,0.00004000
52,16,1,0.00001000
54,16,1,0.00001000
56,16,2,0.00002000
58,16,1,0.00001000
60,16,2,0.00002000
62,16,2,0.00002000
-75,17,1,0.00001000
-71,17,1,0.00001000
-63,17,1,0.00001000
-59,17,1,0.00001000
-57,17,1,0.00001000
-55,17,4,0.00004000
-53,17,1,0.00001000
-51,17,1,0.00001000
-49,17,3,0.00003000
-47,17,2,0.00002000
-45,17,3,0.00003000
-43,17,11,0.00011000
-41,17,7,0.00007000
-39,17,18,0.00018000
-37,17,12,0.00012000
-35,17,19,0.00019000
-33,17,18,0.00018000
-31,17,15,0.00015000
-29,17,20,0.00020000
-27,17,16,0.00016000
-25,17,20,0.00020000
-23,17,26,0.00026000
-21,17,24,0.00024000
-19,17,45,0.00045000
-17,17,43,0.00043000
-15,17,32,0.00032000
-13,17,39,0.00039000
-11,17,42,0.00042000
-9,17,45,0.00045000
-7,17,57,0.00057000
-5,17,36,0.00036000
-3,17,49,0.00049000
-1,17,52,0.00052000
1,17,40,0.00040000
3,17,49,0.00049000
5,17,42,0.00042000
7,17,62,0.00062000
9,17,38,0.00038000
11,17,44,0.00044000
13,17,47,0.00047000
15,17,41,0.00041000
17,17,36,0.00036000
19,17,30,0.00030000
21,17,28,0.00028000
23,17,34,0.00034000
25,17,28,0.00028000
27,17,27,0.00027000
29,17,25,0.00025000
31,17,17,0.00017000
33,17,17,0.00017000
35,17,16,0.00016000
37,17,14,0.00014000
39,17,13,0.00013000
41,17,8,0.00008000
43,17,8,0.00008000
45,17,6,0.00006000
47,17,7,0.00007000
49,17,2,0.00002000
51,17,6,0.00006000
53,17,3,0.00003000
55,17,2,0.00002000
57,17,3,0.00003000
61,17,1,0.00001000
63,17,1,0.00001000
65,17,1,0.00001000
67,17,1,0.00001000
73,17,1,0.00001000
-80,18,1,0.00001000
-68,18,1,0.00001000
-62,18,1,0.00001000
-60,18,2,0.00002000
-56,18,5,0.00005000
-54,18,3,0.00003000
-52,18,4,0.00004000
-50,18,7,0.00007000
-48,18,6,0.00006000
-46,18,4,0.00004000
-44,18,6,0.00006000
-42,18,3,0.00003000
-40,18,8,0.00008000
-38,18,9,0.00009000
-36,18,17,0.00017000
-34,18,12,0.00012000
-32,18,15,0.00015000
-30,18,16,0.00016000
-28,18,19,0.00019000
-26,18,16,0.00016000
-24,18,25,0.00025000
-22,18,23,0.00023000
-20,18,29,0.00029000
-18,18,26,0.00026000
-16,18,34,0.00034000
-14,18,32,0.00032000
-12,18,37,0.00037000
-10,18,40,0.00040000
-8,18,48,0.00048000
-6,18,49,0.00049000
-4,18,44,0.00044000
-2,18,44,0.00044000
0,18,37,0.00037000
2,18,41,0.00041000
4,18,36,0.00036000
6,18,44,0.00044000
8,18,40,0.00040000
10,18,35,0.00035000
12,18,42,0.00042000
14,18,38,0.00038000
16,18,41,0.00041000
18,18,31,0.00031000
20,18,34,0.00034000
22,18,32,0.00032000
24,18,27,0.00027000
26,18,31,0.00031000
28,18,29,0.00029000
30,18,19,0.00019000
32,18,14,0.00014000
34,18,17,0.00017000
36,18,10,0.00010000
38,18,8,0.00008000
40,18,9,0.00009000
42,18,8,0.00008000
44,18,3,0.00003000
46,18,5,0.00005000
48,18,3,0.00003000
50,18,2,0.00002000
52,18,2,0.00002000
56,18,2,0.00002000
58,18,3,0.00003000
60,18,2,0.00002000
62,18,2,0.00002000
64,18,1,0.00001000
66,18,3,0.00003000
72,18,1,0.00001000
-73,19,1,0.00001000
-71,19,1,0.00001000
-63,19,1,0.00001000
-61,19,1,0.00001000
-55,19,1,0.00001000
-53,19,3,0.00003000
-51,19,4,0.00004000
-49,19,2,0.00002000
-47,19,7,0.00007000
-45,19,6,0.00006000
-43,19,7,0.00007000
-41,19,7,0.00007000
-39,19,11,0.00011000
-37,19,7,0.00007000
-35,19,8,0.00008000
-33,19,19,0.00019000
-31,19,15,0.00015000
-29,19,27,0.00027000
-27,19,18,0.00018000
-25,19,25,0.00025000
-23,19,23,0.00023000
-21,19,23,0.00023000
-19,19,32,0.00032000
-17,19,34,0.00034000
-15,19,37,0.00037000
-13,19,50,0.00050000
-11,19,47,0.00047000
-9,19,34,0.00034000
-7,19,40,0.00040000
-5,19,37,0.00037000
-3,19,44,0.00044000
-1,19,47,0.00047000
1,19,49,0.00049000
3,19,48,0.00048000
5,19,40,0.00040000
7,19,45,0.00045000
9,19,41,0.00041000
11,19,45,0.00045000
13,19,40,0.00040000
15,19,35,0.00035000
17,19,27,0.00027000
19,19,31,0.00031000
21,19,18,0.00018000
23,19,21,0.00021000
25,19,28,0.00028000
27,19,17,0.00017000
29,19,20,0.00020000
31,19,21,0.00021000
33,19,15,0.00015000
35,19,14,0.00014000
37,19,8,0.00008000
39,19,13,0.00013000
41,19,6,0.00006000
43,19,15,0.00015000
45,19,6,0.00006000
47,19,4,0.00004000
49,19,4,0.00004000
51,19,7,0.00007000
53,19,6,0.00006000
55,19,2,0.00002000
57,19,2,0.00002000
59,19,3,0.00003000
61,19,1,0.00001000
63,19,4,0.00004000
75,19,1,0.00001000
-64,20,2,0.00002000
-60,20,2,0.00002000
-56,20,3,0.00003000
-54,20,2,0.00002000
-52,20,3,0.00003000
-50,20,2,0.00002000
-48,20,4,0.00004000
-46,20,7,0.00007000
-44,20,5,0.00005000
-42,20,12,0.00012000
-40,20,8,0.00008000
-38,20,14,0.00014000
-36,20,17,0.00017000
-34,20,10,0.00010000
-32,20,12,0.00012000
-30,20,19,0.00019000
-28,20,26,0.00026000
-26,20,22,0.00022000
-24,20,30,0.00030000
-22,20,23,0.00023000
-20,20,25,0.00025000
-18,20,39,0.00039000
-16,20,39,0.00039000
-14,20,31,0.00031000
-12,20,36,0.00036000
-10,20,31,0.00031000
-8,20,30,0.00030000
-6,20,37,0.00037000
-4,20,51,0.00051000
-2,20,28,0.00028000
0,20,47,0.00047000
2,20,36,0.00036000
4,20,50,0.00050000
6,20,41,0.00041000
8,20,46,0.00046000
10,20,38,0.00038000
12,20,33,0.00033000
14,20,41,0.00041000
16,20,30,0.00030000
18,20,26,0.00026000
20,20,33,0.00033000
22,20,23,0.00023000
24,20,17,0.00017000
26,20,22,0.00022000
28,20,22,0.00022000
30,20,18,0.00018000
32,20,16,0.00016000
34,20,7,0.00007000
36,20,12,0.00012000
38,20,15,0.00015000
40,20,6,0.00006000
42,20,9,0.00009000
44,20,8,0.00008000
46,20,6,0.00006000
48,20,1,0.00001000
50,20,5,0.00005000
52,20,5,0.00005000
54,20,2,0.00002000
58,20,1,0.00001000
72,20,1,0.00001000
-65,21,1,0.00001000
-63,21,2,0.00002000
-61,21,3,0.00003000
-57,21,2,0.00002000
-55,21,5,0.00005000
-53,21,3,0.00003000
-51,21,3,0.00003000
-49,21,4,0.00004000
-47,21,2,0.00002000
-45,21,6,0.00006000
-43,21,3,0.00003000
-41,21,3,0.00003000
-39,21,6,0.00006000
-37,21,8,0.00008000
-35,21,20,0.00020000
-33,21,19,0.00019000
-31,21,14,0.00014000
-29,21,19,0.00019000
-27,21,21,0.00021000
-25,21,15,0.00015000
-23,21,21,0.00021000
-21,21,32,0.00032000
-19,21,30,0.00030000
-17,21,41,0.00041000
-15,21,34,0.00034000
-13,21,35,0.00035000
-11,21,44,0.00044000
-9,21,34,0.00034000
-7,21,42,0.00042000
-5,21,29,0.00029000
-3,21,51,0.00051000
-1,21,43,0.00043000
1,21,34,0.00034000
3,21,44,0.00044000
5,21,33,0.00033000
7,21,44,0.00044000
9,21,44,0.00044000
11,21,43,0.00043000
13,21,27,0.00027000
15,21,34,0.00034000
17,21,38,0.00038000
19,21,32,0.00032000
21,21,36,0.00036000
23,21,21,0.00021000
25,21,22,0.00022000
27,21,19,0.00019000
29,21,17,0.00017000
31,21,17,0.00017000
33,21,14,0.00014000
35,21,13,0.00013000
37,21,6,0.00006000
39,21,14,0.00014000
41,21,8,0.00008000
43,21,7,0.00007000
45,21,4,0.00004000
47,21,4,0.00004000
49,21,6,0.00006000
51,21,1,0.00001000
55,21,2,0.00002000
59,21,1,0.00001000
61,21,1,0.00001000
63,21,1,0.00001000
65,21,2,0.00002000
69,21,1,0.00001000
75,21,1,0.00001000
-72,22,1,0.00001000
-66,22,1,0.00001000
-62,22,2,0.00002000
-58,22,2,0.00002000
-56,22,1,0.00001000
-54,22,3,0.00003000
-52,22,2,0.00002000
-50,22,5,0.00005000
-48,22,2,0.00002000
-46,22,2,0.00002000
-44,22,7,0.00007000
-42,22,9,0.00009000
-40,22,10,0.00010000
-38,22,10,0.00010000
-36,22,12,0.00012000
-34,22,14,0.00014000
-32,22,12,0.00012000
-30,22,20,0.00020000
-28,22,17,0.00017000
-26,22,19,0.00019000
-24,22,23,0.00023000
-22,22,24,0.00024000
-20,22,24,0.00024000
-18,22,30,0.00030000
-16,22,23,0.00023000
-14,22,28,0.00028000
-12,22,26,0.00026000
-10,22,32,0.00032000
-8,22,41,0.00041000
-6,22,32,0.00032000
-4,22,41,0.00041000
-2,22,36,0.00036000
0,22,49,0.00049000
2,22,39,0.00039000
4,22,37,0.00037000
6,22,49,0.00049000
8,22,37,0.00037000
10,22,30,0.00030000
12,22,34,0.00034000
14,22,27,0.00027000
16,22,24,0.00024000
18,22,19,0.00019000
20,22,14,0.00014000
22,22,22,0.00022000
24,22,23,0.00023000
26,22,19,0.00019000
28,22,16,0.00016000
30,22,13,0.00013000
32,22,12,0.00012000
34,22,12,0.00012000
36,22,8,0.00008000
38,22,9,0.00009000
40,22,11,0.00011000
42,22,8,0.00008000
44,22,2,0.00002000
46,22,6,0.00006000
48,22,9,0.00009000
50,22,3,0.00003000
52,22,7,0.00007000
54,22,3,0.00003000
56,22,3,0.00003000
62,22,1,0.00001000
64,22,2,0.00002000
68,22,2,0.00002000
-73,23,1,0.00001000
-69,23,1,0.00001000
-67,23,2,0.00002000
-63,23,2,0.00002000
-61,23,1,0.00001000
-55,23,3,0.00003000
-53,23,3,0.00003000
-51,23,5,0.00005000
-49,23,1,0.00001000
-47,23,3,0.00003000
-45,23,2,0.00002000
-43,23,10,0.00010000
-41,23,6,0.00006000
-39,23,7,0.00007000
-37,23,6,0.00006000
-35,23,5,0.00005000
-33,23,9,0.00009000
-31,23,15,0.00015000
-29,23,17,0.00017000
-27,23,18,0.00018000
-25,23,24,0.00024000
-23,23,21,0.00021000
-21,23,21,0.00021000
-19,23,25,0.00025000
-17,23,24,0.00024000
-15,23,21,0.00021000
-13,23,22,0.00022000
-11,23,40,0.00040000
-9,23,30,0.00030000
-7,23,39,0.00039000
-5,23,31,0.00031000
-3,23,30,0.00030000
-1,23,35,0.00035000
1,23,45,0.00045000
3,23,39,0.00039000
5,23,40,0.00040000
7,23,39,0.00039000
9,23,39,0.00039000
11,23,37,0.00037000
13,23,26,0.00026000
15,23,33,0.00033000
17,23,23,0.00023000
19,23,22,0.00022000
21,23,35,0.00035000
23,23,19,0.00019000
25,23,20,0.00020000
27,23,20,0.00020000
29,23,13,0.00013000
31,23,16,0.00016000
33,23,12,0.00012000
35,23,12,0.00012000
37,23,17,0.00017000
39,23,6,0.00006000
41,23,6,0.00006000
43,23,6,0.00006000
45,23,5,0.00005000
47,23,4,0.00004000
49,23,8,0.00008000
51,23,4,0.00004000
55,23,1,0.00001000
57,23,2,0.00002000
59,23,1,0.00001000
61,23,1,0.00001000
63,23,2,0.00002000
67,23,2,0.00002000
79,23,1,0.00001000
-72,24,1,0.00001000
-68,24,1,0.00001000
-64,24,1,0.00001000
-62,24,1,0.00001000
-60,24,3,0.00003000
-56,24,2,0.00002000
-54,24,1,0.00001000
-52,24,2,0.00002000
-50,24,5,0.00005000
-48,24,3,0.00003000
-46,24,5,0.00005000
-44,24,1,0.00001000
-42,24,6,0.00006000
-40,24,7,0.00007000
-38,24,11,0.00011000
-36,24,12,0.00012000
-34,24,7,0.00007000
-32,24,15,0.00015000
-30,24,14,0.00014000
-28,24,17,0.00017000
-26,24,16,0.00016000
-24,24,19,0.00019000
-22,24,25,0.00025000
-20,24,15,0.00015000
-18,24,31,0.00031000
-16,24,26,0.00026000
-14,24,29,0.00029000
-12,24,35,0.00035000
-10,24,44,0.00044000
-8,24,44,0.00044000
-6,24,49,0.00049000
-4,24,31,0.00031000
-2,24,26,0.00026000
0,24,41,0.00041000
2,24,41,0.00041000
4,24,38,0.00038000
6,24,29,0.00029000
8,24,42,0.00042000
10,24,28,0.00028000
12,24,37,0.00037000
14,24,32,0.00032000
16,24,28,0.00028000
18,24,21,0.00021000
20,24,16,0.00016000
22,24,23,0.00023000
24,24,24,0.00024000
26,24,18,0.00018000
28,24,15,0.00015000
30,24,13,0.00013000
32,24,21,0.00021000
34,24,13,0.00013000
36,24,11,0.00011000
38,24,7,0.00007000
40,24,9,0.00009000
42,24,10,0.00010000
44,24,5,0.00005000
46,24,3,0.00003000
48,24,2,0.00002000
50,24,3,0.00003000
52,24,1,0.00001000
56,24,1,0.00001000
58,24,4,0.00004000
-71,25,1,0.00001000
-67,25,1,0.00001000
-65,25,1,0.00001000
-61,25,1,0.00001000
-59,25,1,0.00001000
-57,25,1,0.00001000
-55,25,1,0.00001000
-53,25,4,0.00004000
-51,25,2,0.00002000
-49,25,3,0.00003000
-47,25,3,0.00003000
-45,25,7,0.00007000
-43,25,5,0.00005000
-41,25,8,0.00008000
-39,25,7,0.00007000
-37,25,7,0.00007000
-35,25,17,0.00017000
-33,25,15,0.00015000
-31,25,9,0.00009000
-29,25,11,0.00011000
-27,25,16,0.00016000
-25,25,19,0.00019000
-23,25,26,0.00026000
-21,25,22,0.00022000
-19,25,26,0.00026000
-17,25,19,0.00019000
-15,25,30,0.00030000
-13,25,22,0.00022000
-11,25,23,0.00023000
-9,25,40,0.00040000
-7,25,27,0.00027000
-5,25,35,0.00035000
-3,25,25,0.00025000
-1,25,32,0.00032000
1,25,31,0.00031000
3,25,37,0.00037000
5,25,28,0.00028000
7,25,27,0.00027000
9,25,35,0.00035000
11,25,35,0.00035000
13,25,28,0.00028000
15,25,35,0.00035000
17,25,27,0.00027000
19,25,20,0.00020000
21,25,16,0.00016000
23,25,22,0.00022000
25,25,18,0.00018000
27,25,24,0.00024000
29,25,19,0.00019000
31,25,10,0.00010000
33,25,12,0.00012000
35,25,8,0.00008000
37,25,10,0.00010000
39,25,8,0.00008000
41,25,5,0.00005000
43,25,4,0.00004000
45,25,6,0.00006000
47,25,4,0.00004000
49,25,3,0.00003000
51,25,1,0.00001000
53,25,2,0.00002000
55,25,1,0.00001000
57,25,1,0.00001000
59,25,2,0.00002000
61,25,1,0.00001000
73,25,2,0.00002000
79,25,2,0.00002000
-80,26,1,0.00001000
-76,26,1,0.00001000
-56,26,1,0.00001000
-54,26,3,0.00003000
-52,26,4,0.00004000
-50,26,3,0.00003000
-48,26,1,0.00001000
-46,26,1,0.00001000
-44,26,9,0.00009000
-42,26,5,0.00005000
-40,26,8,0.00008000
-38,26,6,0.00006000
-36,26,12,0.00012000
-34,26,12,0.00012000
-32,26,12,0.00012000
-30,26,10,0.00010000
-28,26,16,0.00016000
-26,26,18,0.00018000
-24,26,15,0.00015000
-22,26,21,0.00021000
-20,26,17,0.00017000
-18,26,22,0.00022000
-16,26,29,0.00029000
-14,26,28,0.00028000
-12,26,20,0.00020000
-10,26,25,0.00025000
-8,26,32,0.00032000
-6,26,36,0.00036000
-4,26,40,0.00040000
-2,26,29,0.00029000
0,26,33,0.00033000
2,26,29,0.00029000
4,26,33,0.00033000
6,26,41,0.00041000
8,26,40,0.00040000
10,26,28,0.00028000
12,26,32,0.00032000
14,26,34,0.00034000
16,26,25,0.00025000
18,26,27,0.00027000
20,26,29,0.00029000
22,26,17,0.00017000
24,26,24,0.00024000
26,26,17,0.00017000
28,26,10,0.00010000
30,26,22,0.00022000
32,26,14,0.00014000
34,26,11,0.00011000
36,26,8,0.00008000
38,26,11,0.00011000
40,26,7,0.00007000
42,26,7,0.00007000
44,26,4,0.00004000
46,26,4,0.00004000
48,26,2,0.00002000
50,26,2,0.00002000
54,26,1,0.00001000
56,26,2,0.00002000
62,26,2,0.00002000
-81,27,1,0.00001000
-69,27,1,0.00001000
-63,27,1,0.00001000
-61,27,1,0.00001000
-59,27,1,0.00001000
-57,27,3,0.00003000
-55,27,1,0.00001000
-53,27,1,0.00001000
-51,27,2,0.00002000
-49,27,4,0.00004000
-47,27,6,0.00006000
-45,27,1,0.00001000
-43,27,5,0.00005000
-41,27,5,0.00005000
-39,27,6,0.00006000
-37,27,7,0.00007000
-35,27,9,0.00009000
-33,27,8,0.00008000
-31,27,13,0.00013000
-29,27,10,0.00010000
-27,27,15,0.00015000
-25,27,20,0.00020000
-23,27,14,0.00014000
-21,27,24,0.00024000
-19,27,26,0.00026000
-17,27,23,0.00023000
-15,27,24,0.00024000
-13,27,16,0.00016000
-11,27,24,0.00024000
-9,27,29,0.00029000
-7,27,33,0.00033000
-5,27,28,0.00028000
-3,27,28,0.00028000
-1,27,25,0.00025000
1,27,30,0.00030000
3,27,27,0.00027000
5,27,27,0.00027000
7,27,33,0.00033000
9,27,28,0.00028000
11,27,22,0.00022000
13,27,22,0.00022000
15,27,21,0.00021000
17,27,28,0.00028000
19,27,19,0.00019000
21,27,14,0.00014000
23,27,14,0.00014000
25,27,14,0.00014000
27,27,13,0.00013000
29,27,15,0.00015000
31,27,7,0.00007000
33,27,14,0.00014000
35,27,10,0.00010000
37,27,8,0.00008000
39,27,6,0.00006000
41,27,5,0.00005000
43,27,4,0.00004000
45,27,6,0.00006000
47,27,2,0.00002000
49,27,2,0.00002000
51,27,1,0.00001000
55,27,4,0.00004000
57,27,2,0.00002000
59,27,1,0.00001000
61,27,1,0.00001000
87,27,1,0.00001000
-80,28,1,0.00001000
-66,28,2,0.00002000
-64,28,2,0.00002000
-62,28,1,0.00001000
-60,28,4,0.00004000
-56,28,2,0.00002000
-54,28,1,0.00001000
-52,28,1,0.00001000
-50,28,2,0.00002000
-48,28,2,0.00002000
-46,28,3,0.00003000
-44,28,4,0.00004000
-42,28,7,0.00007000
-40,28,5,0.00005000
-38,28,8,0.00008000
-36,28,9,0.00009000
-34,28,9,0.00009000
-32,28,7,0.00007000
-30,28,14,0.00014000
-28,28,13,0.00013000
-26,28,18,0.00018000
-24,28,14,0.00014000
-22,28,25,0.00025000
-20,28,14,0.00014000
-18,28,22,0.00022000
-16,28,20,0.00020000
-14,28,19,0.00019000
-12,28,35,0.00035000
-10,28,24,0.00024000
-8,28,28,0.00028000
-6,28,28,0.00028000
-4,28,32,0.00032000
-2,28,29,0.00029000
0,28,28,0.00028000
2,28,33,0.00033000
4,28,40,0.00040000
6,28,30,0.00030000
8,28,19,0.00019000
10,28,26,0.00026000
12,28,24,0.00024000
14,28,28,0.00028000
16,28,33,0.00033000
18,28,19,0.00019000
20,28,21,0.00021000
22,28,19,0.00019000
24,28,17,0.00017000
26,28,14,0.00014000
28,28,14,0.00014000
30,28,8,0.00008000
32,28,9,0.00009000
34,28,10,0.00010000
36,28,9,0.00009000
38,28,7,0.00007000
40,28,9,0.00009000
42,28,6,0.00006000
44,28,1,0.00001000
46,28,4,0.00004000
48,28,2,0.00002000
50,28,2,0.00002000
52,28,1,0.00001000
54,28,1,0.00001000
56,28,3,0.00003000
58,28,1,0.00001000
60,28,1,0.00001000
-79,29,1,0.00001000
-71,29,1,0.00001000
-65,29,1,0.00001000
-63,29,1,0.00001000
-57,29,1,0.00001000
-55,29,1,0.00001000
-53,29,1,0.00001000
-51,29,3,0.00003000
-49,29,1,0.00001000
-47,29,3,0.00003000
-45,29,2,0.00002000
-43,29,3,0.00003000
-41,29,1,0.00001000
-39,29,2,0.00002000
-37,29,9,0.00009000
-35,29,6,0.00006000
-33,29,14,0.00014000
-31,29,10,0.00010000
-29,29,11,0.00011000
-27,29,10,0.00010000
-25,29,13,0.00013000
-23,29,24,0.00024000
-21,29,18,0.00018000
-19,29,16,0.00016000
-17,29,17,0.00017000
-15,29,28,0.00028000
-13,29,18,0.00018000
-11,29,23,0.00023000
-9,29,26,0.00026000
-7,29,29,0.00029000
-5,29,26,0.00026000
-3,29,33,0.00033000
-1,29,28,0.00028000
1,29,30,0.00030000
3,29,24,0.00024000
5,29,33,0.00033000
7,29,36,0.00036000
9,29,26,0.00026000
11,29,24,0.00024000
13,29,22,0.00022000
15,29,26,0.00026000
17,29,17,0.00017000
19,29,10,0.00010000
21,29,21,0.00021000
23,29,12,0.00012000
25,29,17,0.00017000
27,29,11,0.00011000
29,29,18,0.00018000
31,29,4,0.00004000
33,29,5,0.00005000
35,29,8,0.00008000
37,29,9,0.00009000
39,29,3,0.00003000
41,29,4,0.00004000
43,29,5,0.00005000
45,29,4,0.00004000
47,29,1,0.00001000
51,29,2,0.00002000
53,29,2,0.00002000
55,29,1,0.00001000
57,29,1,0.00001000
59,29,2,0.00002000
61,29,2,0.00002000
77,29,1,0.00001000
-76,30,1,0.00001000
-72,30,1,0.00001000
-70,30,1,0.00001000
-64,30,1,0.00001000
-58,30,2,0.00002000
-54,30,3,0.00003000
-52,30,1,0.00001000
-48,30,3,0.00003000
-46,30,4,0.00004000
-44,30,2,0.00002000
-42,30,4,0.00004000
-40,30,7,0.00007000
-38,30,5,0.00005000
-36,30,8,0.00008000
-34,30,4,0.00004000
-32,30,9,0.00009000
-30,30,8,0.00008000
-28,30,8,0.00008000
-26,30,18,0.00018000
-24,30,14,0.00014000
-22,30,19,0.00019000
-20,30,16,0.00016000
-18,30,20,0.00020000
-16,30,26,0.00026000
-14,30,13,0.00013000
-12,30,29,0.00029000
-10,30,21,0.00021000
-8,30,33,0.00033000
-6,30,23,0.00023000
-4,30,25,0.00025000
-2,30,21,0.00021000
0,30,35,0.00035000
2,30,26,0.00026000
4,30,19,0.00019000
6,30,27,0.00027000
8,30,28,0.00028000
10,30,21,0.00021000
12,30,17,0.00017000
14,30,16,0.00016000
16,30,24,0.00024000
18,30,17,0.00017000
20,30,18,0.00018000
22,30,14,0.00014000
24,30,16,0.00016000
26,30,14,0.00014000
28,30,4,0.00004000
30,30,15,0.00015000
32,30,5,0.00005000
34,30,7,0.00007000
36,30,2,0.00002000
38,30,12,0.00012000
40,30,2,0.00002000
42,30,3,0.00003000
44,30,3,0.00003000
46,30,4,0.00004000
48,30,2,0.00002000
50,30,3,0.00003000
52,30,3,0.00003000
54,30,1,0.00001000
58,30,1,0.00001000
60,30,1,0.00001000
76,30,1,0.00001000
-67,31,1,0.00001000
-63,31,1,0.00001000
-61,31,1,0.00001000
-57,31,1,0.00001000
-53,31,3,0.00003000
-49,31,4,0.00004000
-47,31,3,0.00003000
-45,31,2,0.00002000
-43,31,2,0.00002000
-41,31,6,0.00006000
-39,31,4,0.00004000
-37,31,7,0.00007000
-35,31,11,0.00011000
-33,31,4,0.00004000
-31,31,10,0.00010000
-29,31,8,0.00008000
-27,31,12,0.00012000
-25,31,11,0.00011000
-23,31,17,0.00017000
-21,31,15,0.00015000
-19,31,11,0.00011000
-17,31,14,0.00014000
-15,31,22,0.00022000
-13,31,18,0.00018000
-11,31,31,0.00031000
-9,31,20,0.00020000
-7,31,24,0.00024000
-5,31,18,0.00018000
-3,31,25,0.00025000
-1,31,21,0.00021000
1,31,22,0.00022000
3,31,25,0.00025000
5,31,30,0.00030000
7,31,21,0.00021000
9,31,25,0.00025000
11,31,24,0.00024000
13,31,27,0.00027000
15,31,12,0.00012000
17,31,22,0.00022000
19,31,14,0.00014000
21,31,17,0.00017000
23,31,20,0.00020000
25,31,15,0.00015000
27,31,9,0.00009000
29,31,9,0.00009000
31,31,14,0.00014000
33,31,14,0.00014000
35,31,11,0.00011000
37,31,5,0.00005000
39,31,3,0.00003000
41,31,5,0.00005000
43,31,3,0.00003000
45,31,2,0.00002000
47,31,4,0.00004000
49,31,2,0.00002000
51,31,2,0.00002000
53,31,3,0.00003000
55,31,1,0.00001000
59,31,1,0.00001000
61,31,1,0.00001000
-60,32,1,0.00001000
-54,32,1,0.00001000
-52,32,1,0.00001000
-50,32,5,0.00005000
-48,32,3,0.00003000
-46,32,2,0.00002000
-44,32,3,0.00003000
-42,32,2,0.00002000
-40,32,6,0.00006000
-38,32,6,0.00006000
-36,32,5,0.00005000
-34,32,5,0.00005000
-32,32,8,0.00008000
-30,32,8,0.00008000
-28,32,19,0.00019000
-26,32,27,0.00027000
-24,32,14,0.00014000
-22,32,16,0.00016000
-20,32,17,0.00017000
-18,32,22,0.00022000
-16,32,25,0.00025000
-14,32,17,0.00017000
-12,32,20,0.00020000
-10,32,23,0.00023000
-8,32,24,0.00024000
-6,32,23,0.00023000
-4,32,22,0.00022000
-2,32,18,0.00018000
0,32,16,0.00016000
2,32,24,0.00024000
4,32,21,0.00021000
6,32,18,0.00018000
8,32,19,0.00019000
10,32,22,0.00022000
12,32,26,0.00026000
14,32,12,0.00012000
16,32,23,0.00023000
18,32,20,0.00020000
20,32,14,0.00014000
22,32,13,0.00013000
24,32,10,0.00010000
26,32,12,0.00012000
28,32,14,0.00014000
30,32,10,0.00010000
32,32,14,0.00014000
34,32,4,0.00004000
36,32,3,0.00003000
38,32,5,0.00005000
40,32,7,0.00007000
42,32,1,0.00001000
44,32,6,0.00006000
46,32,1,0.00001000
48,32,3,0.00003000
50,32,3,0.00003000
52,32,1,0.00001000
54,32,2,0.00002000
58,32,1,0.00001000
60,32,1,0.00001000
62,32,1,0.00001000
-81,33,1,0.00001000
-67,33,1,0.00001000
-59,33,1,0.00001000
-53,33,1,0.00001000
-51,33,1,0.00001000
-47,33,3,0.00003000
-45,33,7,0.00007000
-43,33,3,0.00003000
-41,33,2,0.00002000
-39,33,2,0.00002000
-37,33,6,0.00006000
-35,33,4,0.00004000
-33,33,6,0.00006000
-31,33,10,0.00010000
-29,33,6,0.00006000
-27,33,5,0.00005000
-25,33,16,0.00016000
-23,33,20,0.00020000
-21,33,22,0.00022000
-19,33,17,0.00017000
-17,33,13,0.00013000
-15,33,22,0.00022000
-13,33,21,0.00021000
-11,33,12,0.00012000
-9,33,17,0.00017000
-7,33,22,0.00022000
-5,33,18,0.00018000
-3,33,17,0.00017000
-1,33,20,0.00020000
1,33,29,0.00029000
3,33,26,0.00026000
5,33,23,0.00023000
7,33,14,0.00014000
9,33,14,0.00014000
11,33,12,0.00012000
13,33,23,0.00023000
15,33,12,0.00012000
17,33,18,0.00018000
19,33,26,0.00026000
21,33,9,0.00009000
23,33,11,0.00011000
25,33,7,0.00007000
27,33,10,0.00010000
29,33,8,0.00008000
31,33,5,0.00005000
33,33,3,0.00003000
35,33,6,0.00006000
37,33,3,0.00003000
39,33,4,0.00004000
41,33,4,0.00004000
43,33,3,0.00003000
45,33,6,0.00006000
47,33,3,0.00003000
49,33,1,0.00001000
53,33,2,0.00002000
65,33,1,0.00001000
67,33,1,0.00001000
73,33,1,0.00001000
79,33,1,0.00001000
-70,34,1,0.00001000
-58,34,1,0.00001000
-54,34,1,0.00001000
-50,34,1,0.00001000
-48,34,1,0.00001000
-46,34,5,0.00005000
-44,34,1,0.00001000
-42,34,5,0.00005000
-40,34,5,0.00005000
-38,34,11,0.00011000
-36,34,5,0.00005000
-34,34,4,0.00004000
-32,34,7,0.00007000
-30,34,6,0.00006000
-28,34,7,0.00007000
-26,34,8,0.00008000
-24,34,13,0.00013000
-22,34,8,0.00008000
-20,34,13,0.00013000
-18,34,17,0.00017000
-16,34,16,0.00016000
-14,34,13,0.00013000
-12,34,14,0.00014000
-10,34,17,0.00017000
-8,34,22,0.00022000
-6,34,29,0.00029000
-4,34,26,0.00026000
-2,34,22,0.00022000
0,34,16,0.00016000
2,34,19,0.00019000
4,34,13,0.00013000
6,34,25,0.00025000
8,34,23,0.00023000
10,34,23,0.00023000
12,34,26,0.00026000
14,34,12,0.00012000
16,34,13,0.00013000
18,34,12,0.00012000
20,34,8,0.00008000
22,34,12,0.00012000
24,34,11,0.00011000
26,34,10,0.00010000
28,34,7,0.00007000
30,34,11,0.00011000
32,34,6,0.00006000
34,34,3,0.00003000
36,34,9,0.00009000
38,34,5,0.00005000
40,34,5,0.00005000
42,34,1,0.00001000
44,34,6,0.00006000
52,34,1,0.00001000
64,34,1,0.00001000
72,34,1,0.00001000
-61,35,3,0.00003000
-59,35,1,0.00001000
-55,35,1,0.00001000
-53,35,2,0.00002000
-51,35,2,0.00002000
-49,35,1,0.00001000
-47,35,4,0.00004000
-45,35,3,0.00003000
-43,35,7,0.00007000
-41,35,4,0.00004000
-39,35,2,0.00002000
-37,35,2,0.00002000
-35,35,2,0.00002000
-33,35,3,0.00003000
-31,35,7,0.00007000
-29,35,4,0.00004000
-27,35,7,0.00007000
-25,35,8,0.00008000
-23,35,12,0.00012000
-21,35,12,0.00012000
-19,35,12,0.00012000
-17,35,17,0.00017000
-15,35,9,0.00009000
-13,35,16,0.00016000
-11,35,13,0.00013000
-9,35,19,0.00019000
-7,35,15,0.00015000
-5,35,19,0.00019000
-3,35,15,0.00015000
-1,35,15,0.00015000
1,35,17,0.00017000
3,35,15,0.00015000
5,35,17,0.00017000
7,35,10,0.00010000
9,35,21,0.00021000
11,35,22,0.00022000
13,35,15,0.00015000
15,35,22,0.00022000
17,35,12,0.00012000
19,35,13,0.00013000
21,35,12,0.00012000
23,35,15,0.00015000
25,35,4,0.00004000
27,35,8,0.00008000
29,35,8,0.00008000
31,35,4,0.00004000
33,35,7,0.00007000
35,35,8,0.00008000
37,35,7,0.00007000
39,35,5,0.00005000
41,35,1,0.00001000
43,35,2,0.00002000
45,35,2,0.00002000
47,35,2,0.00002000
49,35,2,0.00002000
57,35,1,0.00001000
59,35,2,0.00002000
65,35,1,0.00001000
67,35,1,0.00001000
-98,36,1,0.00001000
-64,36,1,0.00001000
-62,36,1,0.00001000
-56,36,1,0.00001000
-52,36,4,0.00004000
-50,36,1,0.00001000
-46,36,2,0.00002000
-44,36,4,0.00004000
-42,36,3,0.00003000
-40,36,5,0.00005000
-38,36,8,0.00008000
-36,36,2,0.00002000
-34,36,10,0.00010000
-32,36,9,0.00009000
-30,36,4,0.00004000
-28,36,3,0.00003000
-26,36,10,0.00010000
-24,36,7,0.00007000
-22,36,9,0.00009000
-20,36,12,0.00012000
-18,36,13,0.00013000
-16,36,11,0.00011000
-14,36,15,0.00015000
-12,36,18,0.00018000
-10,36,9,0.00009000
-8,36,12,0.00012000
-6,36,10,0.00010000
-4,36,13,0.00013000
-2,36,18,0.00018000
0,36,10,0.00010000
2,36,23,0.00023000
4,36,12,0.00012000
6,36,13,0.00013000
8,36,15,0.00015000
10,36,18,0.00018000
12,36,11,0.00011000
14,36,15,0.00015000
16,36,9,0.00009000
18,36,13,0.00013000
20,36,9,0.00009000
22,36,13,0.00013000
24,36,4,0.00004000
26,36,5,0.00005000
28,36,8,0.00008000
30,36,8,0.00008000
32,36,1,0.00001000
34,36,2,0.00002000
36,36,5,0.00005000
38,36,4,0.00004000
40,36,1,0.00001000
42,36,2,0.00002000
44,36,5,0.00005000
46,36,3,0.00003000
50,36,3,0.00003000
54,36,1,0.00001000
56,36,1,0.00001000
68,36,1,0.00001000
-55,37,1,0.00001000
-53,37,1,0.00001000
-51,37,2,0.00002000
-49,37,1,0.00001000
-47,37,2,0.00002000
-45,37,2,0.00002000
-43,37,3,0.00003000
-39,37,3,0.00003000
-37,37,7,0.00007000
-35,37,4,0.00004000
-33,37,6,0.00006000
-31,37,3,0.00003000
-29,37,6,0.00006000
-27,37,10,0.00010000
-25,37,7,0.00007000
-23,37,6,0.00006000
-21,37,7,0.00007000
-19,37,7,0.00007000
-17,37,13,0.00013000
-15,37,16,0.00016000
-13,37,14,0.00014000
-11,37,15,0.00015000
-9,37,8,0.00008000
-7,37,14,0.00014000
-5,37,13,0.00013000
-3,37,15,0.00015000
-1,37,11,0.00011000
1,37,16,0.00016000
3,37,23,0.00023000
5,37,13,0.00013000
7,37,8,0.00008000
9,37,22,0.00022000
11,37,11,0.00011000
13,37,14,0.00014000
15,37,10,0.00010000
17,37,8,0.00008000
19,37,6,0.00006000
21,37,13,0.00013000
23,37,6,0.00006000
25,37,4,0.00004000
27,37,8,0.00008000
29,37,5,0.00005000
31,37,7,0.00007000
33,37,5,0.00005000
35,37,6,0.00006000
37,37,5,0.00005000
39,37,4,0.00004000
41,37,1,0.00001000
43,37,4,0.00004000
45,37,4,0.00004000
47,37,1,0.00001000
49,37,1,0.00001000
51,37,2,0.00002000
57,37,1,0.00001000
59,37,1,0.00001000
61,37,1,0.00001000
63,37,1,0.00001000
71,37,1,0.00001000
-66,38,2,0.00002000
-62,38,2,0.00002000
-54,38,1,0.00001000
-50,38,2,0.00002000
-48,38,2,0.00002000
-44,38,4,0.00004000
-42,38,2,0.00002000
-40,38,4,0.00004000
-38,38,1,0.00001000
-36,38,5,0.00005000
-34,38,4,0.00004000
-32,38,4,0.00004000
-30,38,2,0.00002000
-28,38,10,0.00010000
-26,38,6,0.00006000
-24,38,8,0.00008000
-22,38,5,0.00005000
-20,38,14,0.00014000
-18,38,10,0.00010000
-16,38,9,0.00009000
-14,38,16,0.00016000
-12,38,9,0.00009000
-10,38,18,0.00018000
-8,38,11,0.00011000
-6,38,11,0.00011000
-4,38,15,0.00015000
-2,38,12,0.00012000
0,38,9,0.00009000
2,38,11,0.00011000
4,38,17,0.00017000
6,38,11,0.00011000
8,38,13,0.00013000
10,38,11,0.00011000
12,38,9,0.00009000
14,38,14,0.00014000
16,38,7,0.00007000
18,38,15,0.00015000
20,38,3,0.00003000
22,38,8,0.00008000
24,38,9,0.00009000
26,38,8,0.00008000
28,38,11,0.00011000
30,38,7,0.00007000
32,38,6,0.00006000
34,38,5,0.00005000
36,38,4,0.00004000
38,38,3,0.00003000
40,38,3,0.00003000
42,38,8,0.00008000
44,38,2,0.00002000
46,38,1,0.00001000
48,38,3,0.00003000
54,38,2,0.00002000
58,38,1,0.00001000
72,38,1,0.00001000
-57,39,1,0.00001000
-53,39,1,0.00001000
-51,39,2,0.00002000
-49,39,2,0.00002000
-47,39,1,0.00001000
-45,39,1,0.00001000
-43,39,2,0.00002000
-41,39,1,0.00001000
-39,39,2,0.00002000
-37,39,3,0.00003000
-35,39,3,0.00003000
-33,39,6,0.00006000
-31,39,6,0.00006000
-29,39,7,0.00007000
-27,39,3,0.00003000
-25,39,10,0.00010000
-23,39,8,0.00008000
-21,39,9,0.00009000
-19,39,10,0.00010000
-17,39,14,0.00014000
-15,39,5,0.00005000
-13,39,15,0.00015000
-11,39,13,0.00013000
-9,39,12,0.00012000
-7,39,16,0.00016000
-5,39,9,0.00009000
-3,39,11,0.00011000
-1,39,14,0.00014000
1,39,20,0.00020000
3,39,14,0.00014000
5,39,10,0.00010000
7,39,10,0.00010000
9,39,9,0.00009000
11,39,10,0.00010000
13,39,15,0.00015000
15,39,7,0.00007000
17,39,11,0.00011000
19,39,7,0.00007000
21,39,3,0.00003000
23,39,10,0.00010000
25,39,4,0.00004000
27,39,8,0.00008000
29,39,6,0.00006000
31,39,4,0.00004000
33,39,6,0.00006000
35,39,6,0.00006000
37,39,2,0.00002000
39,39,1,0.00001000
41,39,5,0.00005000
43,39,2,0.00002000
45,39,2,0.00002000
47,39,3,0.00003000
49,39,2,0.00002000
51,39,2,0.00002000
-74,40,1,0.00001000
-58,40,2,0.00002000
-54,40,1,0.00001000
-50,40,1,0.00001000
-46,40,3,0.00003000
-44,40,3,0.00003000
-42,40,1,0.00001000
-40,40,3,0.00003000
-38,40,2,0.00002000
-36,40,4,0.00004000
-34,40,3,0.00003000
-32,40,4,0.00004000
-30,40,4,0.00004000
-28,40,5,0.00005000
-26,40,6,0.00006000
-24,40,9,0.00009000
-22,40,9,0.00009000
-20,40,7,0.00007000
-18,40,11,0.00011000
-16,40,10,0.00010000
-14,40,16,0.00016000
-12,40,7,0.00007000
-10,40,4,0.00004000
-8,40,15,0.00015000
-6,40,16,0.00016000
-4,40,11,0.00011000
-2,40,15,0.00015000
0,40,14,0.00014000
2,40,16,0.00016000
4,40,11,0.00011000
6,40,13,0.00013000
8,40,9,0.00009000
10,40,19,0.00019000
12,40,12,0.00012000
14,40,8,0.00008000
16,40,14,0.00014000
18,40,9,0.00009000
20,40,7,0.00007000
22,40,6,0.00006000
24,40,6,0.00006000
26,40,7,0.00007000
28,40,4,0.00004000
30,40,6,0.00006000
32,40,2,0.00002000
34,40,8,0.00008000
36,40,3,0.00003000
38,40,1,0.00001000
40,40,3,0.00003000
42,40,1,0.00001000
46,40,3,0.00003000
48,40,2,0.00002000
50,40,1,0.00001000
54,40,1,0.00001000
60,40,1,0.00001000
-65,41,1,0.00001000
-55,41,1,0.00001000
-51,41,1,0.00001000
-49,41,1,0.00001000
-47,41,3,0.00003000
-39,41,2,0.00002000
-37,41,2,0.00002000
-35,41,2,0.00002000
-33,41,3,0.00003000
-31,41,6,0.00006000
-29,41,4,0.00004000
-27,41,10,0.00010000
-25,41,2,0.00002000
-23,41,8,0.00008000
-21,41,8,0.00008000
-19,41,9,0.00009000
-17,41,7,0.00007000
-15,41,4,0.00004000
-13,41,8,0.00008000
-11,41,5,0.00005000
-9,41,7,0.00007000
-7,41,8,0.00008000
-5,41,10,0.00010000
-3,41,11,0.00011000
-1,41,10,0.00010000
1,41,10,0.00010000
3,41,9,0.00009000
5,41,11,0.00011000
7,41,17,0.00017000
9,41,8,0.00008000
11,41,14,0.00014000
13,41,11,0.00011000
15,41,8,0.00008000
17,41,9,0.00009000
19,41,9,0.00009000
21,41,7,0.00007000
23,41,10,0.00010000
25,41,2,0.00002000
27,41,12,0.00012000
29,41,4,0.00004000
31,41,4,0.00004000
33,41,7,0.00007000
35,41,6,0.00006000
37,41,7,0.00007000
39,41,2,0.00002000
41,41,2,0.00002000
43,41,1,0.00001000
45,41,3,0.00003000
47,41,2,0.00002000
51,41,2,0.00002000
71,41,2,0.00002000
-58,42,1,0.00001000
-54,42,1,0.00001000
-52,42,1,0.00001000
-50,42,1,0.00001000
-48,42,1,0.00001000
-46,42,1,0.00001000
-44,42,1,0.00001000
-40,42,6,0.00006000
-38,42,3,0.00003000
-36,42,3,0.00003000
-34,42,3,0.00003000
-32,42,2,0.00002000
-30,42,3,0.00003000
-28,42,5,0.00005000
-26,42,5,0.00005000
-24,42,8,0.00008000
-22,42,6,0.00006000
-20,42,9,0.00009000
-18,42,7,0.00007000
-16,42,7,0.00007000
-14,42,7,0.00007000
-12,42,7,0.00007000
-10,42,16,0.00016000
-8,42,7,0.00007000
-6,42,10,0.00010000
-4,42,8,0.00008000
-2,42,11,0.00011000
0,42,12,0.00012000
2,42,8,0.00008000
4,42,16,0.00016000
6,42,9,0.00009000
8,42,12,0.00012000
10,42,11,0.00011000
12,42,11,0.00011000
14,42,11,0.00011000
16,42,8,0.00008000
18,42,12,0.00012000
20,42,5,0.00005000
22,42,4,0.00004000
24,42,8,0.00008000
26,42,3,0.00003000
28,42,3,0.00003000
30,42,8,0.00008000
32,42,3,0.00003000
34,42,3,0.00003000
36,42,3,0.00003000
38,42,4,0.00004000
40,42,1,0.00001000
42,42,2,0.00002000
44,42,2,0.00002000
46,42,2,0.00002000
48,42,2,0.00002000
72,42,1,0.00001000
-69,43,1,0.00001000
-65,43,1,0.00001000
-59,43,1,0.00001000
-57,43,2,0.00002000
-55,43,1,0.00001000
-51,43,1,0.00001000
-49,43,1,0.00001000
-47,43,2,0.00002000
-43,43,1,0.00001000
-41,43,1,0.00001000
-39,43,4,0.00004000
-37,43,3,0.00003000
-35,43,1,0.00001000
-33,43,3,0.00003000
-31,43,2,0.00002000
-29,43,2,0.00002000
-27,43,5,0.00005000
-25,43,5,0.00005000
-23,43,6,0.00006000
-21,43,9,0.00009000
-19,43,3,0.00003000
-17,43,8,0.00008000
-15,43,11,0.00011000
-13,43,10,0.00010000
-11,43,11,0.00011000
-9,43,10,0.00010000
-7,43,9,0.00009000
-5,43,13,0.00013000
-3,43,7,0.00007000
-1,43,10,0.00010000
1,43,10,0.00010000
3,43,8,0.00008000
5,43,6,0.00006000
7,43,6,0.00006000
9,43,14,0.00014000
11,43,6,0.00006000
13,43,6,0.00006000
15,43,6,0.00006000
17,43,7,0.00007000
19,43,8,0.00008000
21,43,4,0.00004000
23,43,3,0.00003000
25,43,2,0.00002000
27,43,3,0.00003000
29,43,3,0.00003000
31,43,2,0.00002000
33,43,2,0.00002000
35,43,3,0.00003000
37,43,3,0.00003000
41,43,2,0.00002000
43,43,1,0.00001000
45,43,2,0.00002000
47,43,4,0.00004000
55,43,1,0.00001000
59,43,1,0.00001000
63,43,1,0.00001000
-76,44,1,0.00001000
-64,44,1,0.00001000
-58,44,1,0.00001000
-56,44,1,0.00001000
-50,44,1,0.00001000
-48,44,2,0.00002000
-46,44,2,0.00002000
-42,44,1,0.00001000
-40,44,2,0.00002000
-38,44,2,0.00002000
-36,44,3,0.00003000
-34,44,3,0.00003000
-32,44,1,0.00001000
-30,44,2,0.00002000
-28,44,5,0.00005000
-26,44,3,0.00003000
-24,44,1,0.00001000
-22,44,2,0.00002000
-20,44,6,0.00006000
-18,44,9,0.00009000
-16,44,5,0.00005000
-14,44,8,0.00008000
-12,44,5,0.00005000
-10,44,7,0.00007000
-8,44,11,0.00011000
-6,44,4,0.00004000
-4,44,8,0.00008000
-2,44,14,0.00014000
0,44,12,0.00012000
2,44,5,0.00005000
4,44,14,0.00014000
6,44,5,0.00005000
8,44,3,0.00003000
10,44,8,0.00008000
12,44,8,0.00008000
14,44,13,0.00013000
16,44,6,0.00006000
18,44,8,0.00008000
20,44,6,0.00006000
22,44,3,0.00003000
24,44,7,0.00007000
26,44,1,0.00001000
28,44,4,0.00004000
30,44,4,0.00004000
32,44,4,0.00004000
34,44,3,0.00003000
36,44,3,0.00003000
38,44,3,0.00003000
40,44,2,0.00002000
42,44,2,0.00002000
44,44,3,0.00003000
46,44,1,0.00001000
48,44,2,0.00002000
50,44,1,0.00001000
52,44,3,0.00003000
54,44,3,0.00003000
-61,45,1,0.00001000
-59,45,2,0.00002000
-57,45,1,0.00001000
-43,45,1,0.00001000
-41,45,4,0.00004000
-37,45,3,0.00003000
-35,45,2,0.00002000
-33,45,1,0.00001000
-31,45,1,0.00001000
-29,45,7,0.00007000
-27,45,2,0.00002000
-25,45,7,0.00007000
-23,45,5,0.00005000
-21,45,5,0.00005000
-19,45,10,0.00010000
-17,45,7,0.00007000
-15,45,10,0.00010000
-13,45,7,0.00007000
-11,45,8,0.00008000
-9,45,9,0.00009000
-7,45,4,0.00004000
-5,45,13,0.00013000
-3,45,5,0.00005000
-1,45,8,0.00008000
1,45,8,0.00008000
3,45,5,0.00005000
5,45,9,0.00009000
7,45,3,0.00003000
9,45,15,0.00015000
11,45,6,0.00006000
13,45,8,0.00008000
15,45,5,0.00005000
17,45,4,0.00004000
19,45,8,0.00008000
21,45,5,0.00005000
23,45,8,0.00008000
25,45,4,0.00004000
27,45,2,0.00002000
29,45,3,0.00003000
31,45,3,0.00003000
33,45,1,0.00001000
35,45,2,0.00002000
37,45,1,0.00001000
39,45,2,0.00002000
41,45,4,0.00004000
43,45,1,0.00001000
45,45,1,0.00001000
47,45,2,0.00002000
49,45,1,0.00001000
51,45,1,0.00001000
59,45,2,0.00002000
61,45,1,0.00001000
63,45,1,0.00001000
-54,46,1,0.00001000
-52,46,2,0.00002000
-50,46,2,0.00002000
-44,46,2,0.00002000
-42,46,1,0.00001000
-40,46,1,0.00001000
-38,46,3,0.00003000
-36,46,2,0.00002000
-34,46,1,0.00001000
-30,46,1,0.00001000
-28,46,5,0.00005000
-26,46,4,0.00004000
-24,46,5,0.00005000
-22,46,2,0.00002000
-20,46,7,0.00007000
-18,46,8,0.00008000
-16,46,5,0.00005000
-14,46,12,0.00012000
-12,46,5,0.00005000
-10,46,10,0.00010000
-8,46,8,0.00008000
-6,46,4,0.00004000
-4,46,9,0.00009000
-2,46,12,0.00012000
0,46,5,0.00005000
2,46,7,0.00007000
4,46,5,0.00005000
6,46,4,0.00004000
8,46,8,0.00008000
10,46,6,0.00006000
12,46,11,0.00011000
14,46,6,0.00006000
16,46,5,0.00005000
18,46,7,0.00007000
20,46,8,0.00008000
22,46,7,0.00007000
24,46,1,0.00001000
26,46,4,0.00004000
28,46,4,0.00004000
30,46,2,0.00002000
32,46,1,0.00001000
36,46,3,0.00003000
38,46,4,0.00004000
40,46,3,0.00003000
42,46,4,0.00004000
44,46,2,0.00002000
46,46,2,0.00002000
48,46,1,0.00001000
54,46,1,0.00001000
58,46,1,0.00001000
-57,47,1,0.00001000
-51,47,1,0.00001000
-43,47,1,0.00001000
-41,47,1,0.00001000
-39,47,2,0.00002000
-37,47,1,0.00001000
-35,47,2,0.00002000
-33,47,4,0.00004000
-31,47,1,0.00001000
-27,47,4,0.00004000
-25,47,4,0.00004000
-23,47,2,0.00002000
-21,47,3,0.00003000
-19,47,4,0.00004000
-17,47,4,0.00004000
-15,47,7,0.00007000
-13,47,10,0.00010000
-11,47,5,0.00005000
-9,47,9,0.00009000
-7,47,8,0.00008000
-5,47,8,0.00008000
-3,47,2,0.00002000
-1,47,5,0.00005000
1,47,8,0.00008000
3,47,2,0.00002000
5,47,10,0.00010000
7,47,7,0.00007000
9,47,6,0.00006000
11,47,5,0.00005000
13,47,4,0.00004000
15,47,7,0.00007000
17,47,8,0.00008000
19,47,3,0.00003000
21,47,2,0.00002000
23,47,10,0.00010000
25,47,2,0.00002000
27,47,5,0.00005000
29,47,6,0.00006000
31,47,1,0.00001000
33,47,4,0.00004000
35,47,1,0.00001000
37,47,2,0.00002000
39,47,2,0.00002000
41,47,2,0.00002000
47,47,2,0.00002000
51,47,1,0.00001000
73,47,2,0.00002000
-60,48,1,0.00001000
-50,48,2,0.00002000
-46,48,1,0.00001000
-42,48,1,0.00001000
-38,48,1,0.00001000
-36,48,1,0.00001000
-34,48,3,0.00003000
-28,48,1,0.00001000
-26,48,4,0.00004000
-24,48,1,0.00001000
-22,48,6,0.00006000
-20,48,8,0.00008000
-18,48,6,0.00006000
-16,48,4,0.00004000
-14,48,4,0.00004000
-12,48,9,0.00009000
-10,48,7,0.00007000
-8,48,4,0.00004000
-6,48,3,0.00003000
-4,48,6,0.00006000
-2,48,2,0.00002000
0,48,8,0.00008000
2,48,10,0.00010000
4,48,4,0.00004000
6,48,9,0.00009000
8,48,6,0.00006000
10,48,4,0.00004000
12,48,5,0.00005000
14,48,3,0.00003000
16,48,5,0.00005000
18,48,4,0.00004000
20,48,11,0.00011000
22,48,3,0.00003000
24,48,3,0.00003000
26,48,7,0.00007000
28,48,3,0.00003000
30,48,6,0.00006000
32,48,2,0.00002000
34,48,2,0.00002000
36,48,2,0.00002000
40,48,3,0.00003000
42,48,2,0.00002000
44,48,1,0.00001000
46,48,3,0.00003000
48,48,2,0.00002000
58,48,1,0.00001000
62,48,1,0.00001000
-61,49,1,0.00001000
-57,49,1,0.00001000
-53,49,2,0.00002000
-51,49,1,0.00001000
-43,49,1,0.00001000
-41,49,1,0.00001000
-39,49,1,0.00001000
-37,49,3,0.00003000
-35,49,1,0.00001000
-33,49,6,0.00006000
-31,49,2,0.00002000
-29,49,3,0.00003000
-27,49,4,0.00004000
-25,49,4,0.00004000
-23,49,3,0.00003000
-21,49,4,0.00004000
-19,49,7,0.00007000
-17,49,8,0.00008000
-15,49,3,0.00003000
-13,49,7,0.00007000
-11,49,5,0.00005000
-9,49,4,0.00004000
-7,49,7,0.00007000
-5,49,3,0.00003000
-3,49,8,0.00008000
-1,49,6,0.00006000
1,49,3,0.00003000
3,49,5,0.00005000
5,49,9,0.00009000
7,49,6,0.00006000
9,49,3,0.00003000
11,49,2,0.00002000
13,49,4,0.00004000
15,49,7,0.00007000
17,49,7,0.00007000
19,49,3,0.00003000
21,49,3,0.00003000
23,49,5,0.00005000
25,49,4,0.00004000
27,49,1,0.00001000
29,49,1,0.00001000
31,49,1,0.00001000
33,49,2,0.00002000
35,49,1,0.00001000
37,49,1,0.00001000
41,49,1,0.00001000
43,49,2,0.00002000
45,49,1,0.00001000
47,49,1,0.00001000
49,49,1,0.00001000
51,49,2,0.00002000
-46,50,1,0.00001000
-42,50,1,0.00001000
-38,50,3,0.00003000
-32,50,1,0.00001000
-30,50,2,0.00002000
-28,50,1,0.00001000
-26,50,3,0.00003000
-24,50,2,0.00002000
-22,50,2,0.00002000
-20,50,3,0.00003000
-18,50,3,0.00003000
-16,50,4,0.00004000
-14,50,3,0.00003000
-12,50,7,0.00007000
-10,50,5,0.00005000
-8,50,6,0.00006000
-6,50,5,0.00005000
-4,50,5,0.00005000
-2,50,4,0.00004000
0,50,3,0.00003000
2,50,2,0.00002000
4,50,4,0.00004000
6,50,3,0.00003000
8,50,3,0.00003000
10,50,2,0.00002000
12,50,5,0.00005000
16,50,6,0.00006000
18,50,3,0.00003000
20,50,2,0.00002000
22,50,5,0.00005000
24,50,5,0.00005000
30,50,1,0.00001000
32,50,2,0.00002000
34,50,1,0.00001000
36,50,2,0.00002000
38,50,1,0.00001000
42,50,2,0.00002000
46,50,1,0.00001000
48,50,1,0.00001000
52,50,1,0.00001000
-61,51,1,0.00001000
-55,51,1,0.00001000
-43,51,1,0.00001000
-41,51,2,0.00002000
-39,51,1,0.00001000
-37,51,1,0.00001000
-35,51,1,0.00001000
-33,51,5,0.00005000
-31,51,2,0.00002000
-29,51,3,0.00003000
-27,51,1,0.00001000
-25,51,4,0.00004000
-23,51,7,0.00007000
-21,51,5,0.00005000
-19,51,3,0.00003000
-15,51,6,0.00006000
-13,51,4,0.00004000
-11,51,3,0.00003000
-9,51,4,0.00004000
-7,51,7,0.00007000
-5,51,3,0.00003000
-3,51,2,0.00002000
-1,51,2,0.00002000
1,51,7,0.00007000
3,51,7,0.00007000
5,51,4,0.00004000
7,51,8,0.00008000
9,51,2,0.00002000
11,51,2,0.00002000
13,51,2,0.00002000
15,51,7,0.00007000
17,51,5,0.00005000
19,51,4,0.00004000
21,51,3,0.00003000
23,51,6,0.00006000
25,51,3,0.00003000
27,51,2,0.00002000
29,51,2,0.00002000
31,51,2,0.00002000
35,51,1,0.00001000
39,51,1,0.00001000
43,51,1,0.00001000
45,51,1,0.00001000
49,51,1,0.00001000
57,51,1,0.00001000
-58,52,1,0.00001000
-56,52,1,0.00001000
-40,52,2,0.00002000
-36,52,2,0.00002000
-34,52,3,0.00003000
-32,52,1,0.00001000
-30,52,1,0.00001000
-28,52,4,0.00004000
-26,52,2,0.00002000
-24,52,3,0.00003000
-22,52,3,0.00003000
-20,52,3,0.00003000
-18,52,2,0.00002000
-16,52,3,0.00003000
-14,52,3,0.00003000
-12,52,2,0.00002000
-10,52,2,0.00002000
-8,52,8,0.00008000
-6,52,2,0.00002000
-4,52,7,0.00007000
0,52,5,0.00005000
2,52,3,0.00003000
4,52,4,0.00004000
6,52,2,0.00002000
8,52,2,0.00002000
10,52,4,0.00004000
12,52,4,0.00004000
14,52,1,0.00001000
16,52,2,0.00002000
18,52,3,0.00003000
20,52,1,0.00001000
22,52,2,0.00002000
24,52,2,0.00002000
26,52,2,0.00002000
28,52,1,0.00001000
30,52,2,0.00002000
32,52,3,0.00003000
34,52,1,0.00001000
38,52,1,0.00001000
40,52,4,0.00004000
42,52,1,0.00001000
50,52,1,0.00001000
52,52,1,0.00001000
60,52,1,0.00001000
-77,53,1,0.00001000
-57,53,1,0.00001000
-53,53,1,0.00001000
-49,53,1,0.00001000
-45,53,1,0.00001000
-43,53,1,0.00001000
-39,53,1,0.00001000
-35,53,1,0.00001000
-31,53,2,0.00002000
-21,53,2,0.00002000
-19,53,3,0.00003000
-17,53,5,0.00005000
-15,53,4,0.00004000
-13,53,3,0.00003000
-11,53,5,0.00005000
-7,53,5,0.00005000
-5,53,5,0.00005000
-3,53,6,0.00006000
-1,53,3,0.00003000
1,53,1,0.00001000
3,53,4,0.00004000
5,53,4,0.00004000
7,53,1,0.00001000
9,53,4,0.00004000
11,53,4,0.00004000
13,53,2,0.00002000
15,53,3,0.00003000
17,53,4,0.00004000
19,53,1,0.00001000
21,53,2,0.00002000
23,53,6,0.00006000
25,53,3,0.00003000
27,53,3,0.00003000
29,53,2,0.00002000
31,53,1,0.00001000
33,53,3,0.00003000
35,53,1,0.00001000
37,53,3,0.00003000
39,53,1,0.00001000
45,53,1,0.00001000
47,53,1,0.00001000
53,53,1,0.00001000
57,53,1,0.00001000
-42,54,2,0.00002000
-40,54,1,0.00001000
-38,54,1,0.00001000
-34,54,1,0.00001000
-30,54,1,0.00001000
-26,54,4,0.00004000
-24,54,1,0.00001000
-20,54,1,0.00001000
-18,54,4,0.00004000
-16,54,3,0.00003000
-14,54,2,0.00002000
-12,54,1,0.00001000
-10,54,4,0.00004000
-8,54,1,0.00001000
-6,54,3,0.00003000
-4,54,2,0.00002000
-2,54,4,0.00004000
0,54,4,0.00004000
2,54,5,0.00005000
4,54,5,0.00005000
6,54,3,0.00003000
8,54,2,0.00002000
10,54,4,0.00004000
12,54,1,0.00001000
14,54,3,0.00003000
16,54,3,0.00003000
18,54,3,0.00003000
20,54,2,0.00002000
22,54,1,0.00001000
24,54,1,0.00001000
26,54,5,0.00005000
28,54,2,0.00002000
30,54,1,0.00001000
34,54,3,0.00003000
36,54,2,0.00002000
38,54,1,0.00001000
40,54,2,0.00002000
54,54,1,0.00001000
62,54,1,0.00001000
-59,55,1,0.00001000
-55,55,1,0.00001000
-43,55,1,0.00001000
-39,55,1,0.00001000
-33,55,1,0.00001000
-29,55,1,0.00001000
-27,55,2,0.00002000
-21,55,1,0.00001000
-19,55,2,0.00002000
-17,55,4,0.00004000
-15,55,1,0.00001000
-13,55,5,0.00005000
-11,55,1,0.00001000
-9,55,3,0.00003000
-7,55,3,0.00003000
-5,55,4,0.00004000
-3,55,4,0.00004000
1,55,2,0.00002000
3,55,4,0.00004000
5,55,1,0.00001000
7,55,4,0.00004000
9,55,3,0.00003000
11,55,1,0.00001000
13,55,5,0.00005000
15,55,3,0.00003000
17,55,1,0.00001000
19,55,3,0.00003000
21,55,3,0.00003000
23,55,2,0.00002000
25,55,1,0.00001000
27,55,3,0.00003000
29,55,1,0.00001000
31,55,2,0.00002000
33,55,2,0.00002000
35,55,2,0.00002000
41,55,2,0.00002000
45,55,1,0.00001000
49,55,1,0.00001000
-54,56,1,0.00001000
-48,56,1,0.00001000
-36,56,1,0.00001000
-34,56,1,0.00001000
-32,56,1,0.00001000
-24,56,1,0.00001000
-20,56,5,0.00005000
-18,56,2,0.00002000
-16,56,2,0.00002000
-14,56,1,0.00001000
-12,56,3,0.00003000
-10,56,1,0.00001000
-8,56,2,0.00002000
-6,56,3,0.00003000
-4,56,2,0.00002000
-2,56,1,0.00001000
2,56,2,0.00002000
4,56,3,0.00003000
6,56,1,0.00001000
8,56,1,0.00001000
10,56,2,0.00002000
12,56,2,0.00002000
14,56,3,0.00003000
16,56,2,0.00002000
18,56,4,0.00004000
20,56,2,0.00002000
22,56,2,0.00002000
24,56,3,0.00003000
26,56,2,0.00002000
28,56,1,0.00001000
30,56,1,0.00001000
32,56,1,0.00001000
36,56,2,0.00002000
38,56,2,0.00002000
44,56,1,0.00001000
50,56,1,0.00001000
-51,57,1,0.00001000
-49,57,1,0.00001000
-45,57,1,0.00001000
-43,57,1,0.00001000
-39,57,2,0.00002000
-37,57,1,0.00001000
-35,57,1,0.00001000
-33,57,1,0.00001000
-29,57,1,0.00001000
-27,57,1,0.00001000
-21,57,1,0.00001000
-17,57,1,0.00001000
-15,57,1,0.00001000
-13,57,3,0.00003000
-11,57,1,0.00001000
-9,57,1,0.00001000
-7,57,3,0.00003000
-5,57,2,0.00002000
-3,57,1,0.00001000
-1,57,3,0.00003000
1,57,3,0.00003000
3,57,4,0.00004000
7,57,2,0.00002000
9,57,2,0.00002000
13,57,2,0.00002000
15,57,1,0.00001000
17,57,2,0.00002000
21,57,2,0.00002000
23,57,2,0.00002000
25,57,2,0.00002000
29,57,1,0.00001000
33,57,1,0.00001000
37,57,1,0.00001000
39,57,1,0.00001000
41,57,1,0.00001000
43,57,1,0.00001000
45,57,1,0.00001000
47,57,1,0.00001000
55,57,1,0.00001000
-42,58,1,0.00001000
-40,58,1,0.00001000
-36,58,1,0.00001000
-32,58,1,0.00001000
-30,58,1,0.00001000
-28,58,2,0.00002000
-26,58,2,0.00002000
-22,58,2,0.00002000
-20,58,1,0.00001000
-18,58,2,0.00002000
-16,58,1,0.00001000
-14,58,2,0.00002000
-12,58,2,0.00002000
-10,58,4,0.00004000
-8,58,4,0.00004000
-6,58,3,0.00003000
-4,58,1,0.00001000
-2,58,1,0.00001000
0,58,2,0.00002000
2,58,7,0.00007000
4,58,2,0.00002000
6,58,1,0.00001000
8,58,2,0.00002000
10,58,1,0.00001000
12,58,2,0.00002000
14,58,1,0.00001000
16,58,1,0.00001000
20,58,2,0.00002000
22,58,2,0.00002000
24,58,1,0.00001000
28,58,1,0.00001000
34,58,2,0.00002000
44,58,1,0.00001000
48,58,1,0.00001000
-33,59,2,0.00002000
-29,59,1,0.00001000
-25,59,2,0.00002000
-21,59,3,0.00003000
-19,59,2,0.00002000
-17,59,1,0.00001000
-13,59,3,0.00003000
-7,59,2,0.00002000
-3,59,3,0.00003000
-1,59,2,0.00002000
1,59,2,0.00002000
3,59,3,0.00003000
5,59,4,0.00004000
7,59,1,0.00001000
9,59,3,0.00003000
11,59,2,0.00002000
13,59,1,0.00001000
15,59,2,0.00002000
17,59,2,0.00002000
19,59,1,0.00001000
23,59,3,0.00003000
25,59,1,0.00001000
27,59,1,0.00001000
33,59,2,0.00002000
37,59,1,0.00001000
41,59,1,0.00001000
49,59,1,0.00001000
-48,60,1,0.00001000
-44,60,1,0.00001000
-32,60,1,0.00001000
-26,60,1,0.00001000
-24,60,1,0.00001000
-22,60,2,0.00002000
-18,60,1,0.00001000
-16,60,1,0.00001000
-14,60,1,0.00001000
-12,60,3,0.00003000
-10,60,2,0.00002000
-8,60,1,0.00001000
-6,60,2,0.00002000
-4,60,1,0.00001000
-2,60,2,0.00002000
0,60,3,0.00003000
2,60,1,0.00001000
8,60,2,0.00002000
10,60,1,0.00001000
12,60,1,0.00001000
14,60,2,0.00002000
18,60,1,0.00001000
20,60,1,0.00001000
22,60,2,0.00002000
24,60,1,0.00001000
26,60,1,0.00001000
28,60,3,0.00003000
30,60,2,0.00002000
32,60,1,0.00001000
38,60,2,0.00002000
42,60,1,0.00001000
44,60,1,0.00001000
-37,61,1,0.00001000
-35,61,2,0.00002000
-33,61,2,0.00002000
-31,61,2,0.00002000
-27,61,1,0.00001000
-23,61,1,0.00001000
-21,61,1,0.00001000
-17,61,1,0.00001000
-15,61,3,0.00003000
-13,61,1,0.00001000
-11,61,1,0.00001000
-9,61,2,0.00002000
-7,61,2,0.00002000
-5,61,1,0.00001000
-3,61,2,0.00002000
-1,61,2,0.00002000
1,61,2,0.00002000
3,61,2,0.00002000
5,61,3,0.00003000
9,61,4,0.00004000
11,61,1,0.00001000
15,61,1,0.00001000
19,61,3,0.00003000
21,61,1,0.00001000
23,61,1,0.00001000
27,61,2,0.00002000
31,61,1,0.00001000
33,61,1,0.00001000
35,61,2,0.00002000
41,61,1,0.00001000
59,61,1,0.00001000
-56,62,1,0.00001000
-34,62,1,0.00001000
-30,62,1,0.00001000
-28,62,1,0.00001000
-24,62,2,0.00002000
-18,62,3,0.00003000
-14,62,3,0.00003000
-12,62,2,0.00002000
-10,62,1,0.00001000
-6,62,3,0.00003000
-4,62,1,0.00001000
-2,62,2,0.00002000
0,62,3,0.00003000
4,62,1,0.00001000
6,62,1,0.00001000
8,62,1,0.00001000
10,62,2,0.00002000
12,62,1,0.00001000
14,62,2,0.00002000
16,62,3,0.00003000
18,62,2,0.00002000
22,62,1,0.00001000
24,62,2,0.00002000
26,62,4,0.00004000
32,62,1,0.00001000
40,62,1,0.00001000
44,62,2,0.00002000
52,62,1,0.00001000
-39,63,1,0.00001000
-35,63,1,0.00001000
-25,63,2,0.00002000
-21,63,1,0.00001000
-15,63,4,0.00004000
-13,63,2,0.00002000
-11,63,1,0.00001000
-9,63,3,0.00003000
-5,63,1,0.00001000
-1,63,1,0.00001000
1,63,1,0.00001000
5,63,2,0.00002000
7,63,2,0.00002000
9,63,2,0.00002000
11,63,1,0.00001000
13,63,1,0.00001000
15,63,1,0.00001000
17,63,1,0.00001000
21,63,1,0.00001000
23,63,1,0.00001000
-38,64,1,0.00001000
-32,64,1,0.00001000
-22,64,1,0.00001000
-20,64,1,0.00001000
-12,64,1,0.00001000
-10,64,1,0.00001000
0,64,1,0.00001000
2,64,1,0.00001000
4,64,2,0.00002000
6,64,2,0.00002000
8,64,3,0.00003000
10,64,2,0.00002000
12,64,1,0.00001000
14,64,1,0.00001000
18,64,1,0.00001000
20,64,2,0.00002000
24,64,1,0.00001000
28,64,1,0.00001000
40,64,1,0.00001000
42,64,1,0.00001000
44,64,1,0.00001000
48,64,1,0.00001000
-27,65,1,0.00001000
-15,65,1,0.00001000
-13,65,2,0.00002000
-7,65,1,0.00001000
-3,65,3,0.00003000
1,65,1,0.00001000
3,65,1,0.00001000
7,65,2,0.00002000
13,65,1,0.00001000
19,65,1,0.00001000
21,65,1,0.00001000
23,65,2,0.00002000
47,65,1,0.00001000
-34,66,1,0.00001000
-28,66,1,0.00001000
-26,66,1,0.00001000
-24,66,1,0.00001000
-22,66,1,0.00001000
-18,66,1,0.00001000
-16,66,1,0.00001000
-12,66,1,0.00001000
-8,66,4,0.00004000
0,66,1,0.00001000
4,66,1,0.00001000
6,66,2,0.00002000
8,66,1,0.00001000
10,66,1,0.00001000
12,66,1,0.00001000
20,66,2,0.00002000
22,66,1,0.00001000
24,66,1,0.00001000
26,66,2,0.00002000
30,66,3,0.00003000
32,66,1,0.00001000
34,66,1,0.00001000
56,66,1,0.00001000
-31,67,1,0.00001000
-29,67,2,0.00002000
-25,67,2,0.00002000
-15,67,1,0.00001000
-13,67,1,0.00001000
-11,67,1,0.00001000
-3,67,1,0.00001000
-1,67,1,0.00001000
3,67,3,0.00003000
5,67,2,0.00002000
9,67,1,0.00001000
11,67,2,0.00002000
17,67,2,0.00002000
25,67,1,0.00001000
27,67,1,0.00001000
29,67,1,0.00001000
35,67,1,0.00001000
-24,68,2,0.00002000
-20,68,3,0.00003000
-18,68,1,0.00001000
-10,68,1,0.00001000
-4,68,1,0.00001000
0,68,2,0.00002000
2,68,1,0.00001000
20,68,1,0.00001000
22,68,1,0.00001000
26,68,1,0.00001000
-35,69,1,0.00001000
-31,69,1,0.00001000
-29,69,1,0.00001000
-25,69,1,0.00001000
-19,69,1,0.00001000
-15,69,1,0.00001000
-9,69,2,0.00002000
-7,69,1,0.00001000
-3,69,1,0.00001000
-1,69,2,0.00002000
7,69,2,0.00002000
13,69,2,0.00002000
15,69,1,0.00001000
25,69,1,0.00001000
27,69,1,0.00001000
31,69,1,0.00001000
39,69,1,0.00001000
41,69,1,0.00001000
-34,70,1,0.00001000
-32,70,2,0.00002000
-20,70,1,0.00001000
-12,70,1,0.00001000
-6,70,2,0.00002000
-4,70,1,0.00001000
-2,70,3,0.00003000
4,70,1,0.00001000
10,70,1,0.00001000
16,70,1,0.00001000
20,70,1,0.00001000
28,70,1,0.00001000
-13,71,1,0.00001000
-3,71,1,0.00001000
-1,71,1,0.00001000
13,71,2,0.00002000
19,71,1,0.00001000
25,71,1,0.00001000
-44,72,1,0.00001000
-24,72,1,0.00001000
-18,72,1,0.00001000
-8,72,1,0.00001000
-4,72,1,0.00001000
-2,72,1,0.00001000
2,72,1,0.00001000
6,72,3,0.00003000
12,72,1,0.00001000
20,72,1,0.00001000
30,72,1,0.00001000
36,72,1,0.00001000
-47,73,1,0.00001000
-35,73,1,0.00001000
-17,73,1,0.00001000
-15,73,1,0.00001000
7,73,1,0.00001000
9,73,1,0.00001000
11,73,2,0.00002000
17,73,1,0.00001000
-20,74,2,0.00002000
-16,74,1,0.00001000
4,74,1,0.00001000
6,74,1,0.00001000
22,74,1,0.00001000
-63,75,1,0.00001000
-61,75,1,0.00001000
-45,75,1,0.00001000
-35,75,1,0.00001000
-29,75,1,0.00001000
-19,75,1,0.00001000
-9,75,1,0.00001000
5,75,2,0.00002000
11,75,1,0.00001000
15,75,1,0.00001000
-24,76,1,0.00001000
-20,76,1,0.00001000
-12,76,1,0.00001000
-6,76,1,0.00001000
0,76,1,0.00001000
14,76,2,0.00002000
26,76,1,0.00001000
-7,77,1,0.00001000
-1,77,1,0.00001000
9,77,1,0.00001000
29,77,1,0.00001000
59,77,1,0.00001000
6,78,1,0.00001000
22,78,1,0.00001000
26,78,1,0.00001000
-27,79,1,0.00001000
15,79,1,0.00001000
19,79,1,0.00001000
27,79,1,0.00001000
-20,80,1,0.00001000
-13,81,1,0.00001000
-5,81,1,0.00001000
13,81,1,0.00001000
37,81,1,0.00001000
-22,82,1,0.00001000
6,82,1,0.00001000
16,82,1,0.00001000
30,82,1,0.00001000
2,84,2,0.00002000
-24,86,1,0.00001000
8,86,1,0.00001000
10,86,1,0.00001000
-15,87,1,0.00001000
-11,87,1,0.00001000
-7,87,1,0.00001000
-26,92,1,0.00001000
-8,92,1,0.00001000
-60,94,1,0.00001000
22,94,1,0.00001000
