x,y,distancia
-30,22,37.202150
26,6,26.683328
1,-5,5.099020
28,16,32.249031
-19,23,29.832868
-12,-8,14.422205
7,-45,45.541190
38,-4,38.209946
-18,-24,30.000000
29,15,32.649655
-12,24,26.832816
23,13,26.419690
1,-1,1.414214
-24,-22,32.557641
-18,-14,22.803509
17,-25,30.232433
-35,1,35.014283
4,-30,30.265492
22,28,35.608988
1,33,33.015148
16,-6,17.088007
-31,-7,31.780497
19,17,25.495098
-12,-2,12.165525
22,-4,22.360680
17,5,17.720045
21,-21,29.698485
-1,-39,39.012818
-12,-4,12.649111
19,31,36.359318
-39,13,41.109610
-32,8,32.984845
1,-5,5.099020
-61,19,63.890531
-4,-6,7.211103
22,-4,22.360680
-18,-12,21.633308
30,54,61.773781
-5,-21,21.587033
-23,-9,24.698178
-33,45,55.803226
51,-21,55.154329
-10,40,41.231056
-18,-2,18.110770
20,-10,22.360680
-25,-15,29.154759
7,5,8.602325
-16,-8,17.888544
5,-3,5.830952
-44,30,53.254108
-16,10,18.867962
22,-34,40.496913
-32,10,33.526109
-22,10,24.166092
-7,17,18.384776
5,73,73.171033
17,-21,27.018512
-11,17,20.248457
-12,10,15.620499
-29,45,53.535035
23,17,28.600699
15,-13,19.849433
-26,-10,27.856777
8,-8,11.313708
4,12,12.649111
-35,29,45.453273
4,32,32.249031
6,14,15.231546
26,10,27.856777
-22,6,22.803509
4,0,4.000000
-23,-39,45.276926
17,19,25.495098
4,16,16.492423
1,-21,21.023796
-20,-14,24.413111
-32,-32,45.254834
-3,1,3.162278
34,-32,46.690470
-2,-6,6.324555
10,6,11.661904
-24,-18,30.000000
-25,-5,25.495098
-2,14,14.142136
-8,20,21.540659
30,-24,38.418745
3,13,13.341664
46,0,46.000000
-31,37,48.270074
-26,-20,32.802439
-36,-26,44.407207
18,-14,22.803509
55,15,57.008771
13,-71,72.180330
4,8,8.944272
-23,-33,40.224371
4,-26,26.305893
-21,-13,24.698178
7,-13,14.764823
-36,-6,36.496575
1,-39,39.012818
21,15,25.806976
4,-30,30.265492
9,13,15.811388
-10,28,29.732137
-50,48,69.310894
30,-8,31.048349
-24,54,59.093147
17,15,22.671568
-33,-45,55.803226
-4,-46,46.173586
-10,-34,35.440090
-9,23,24.698178
23,23,32.526912
8,-2,8.246211
-20,30,36.055513
14,52,53.851648
-13,15,19.849433
9,27,28.460499
4,24,24.331050
-25,29,38.288379
-3,3,4.242641
-21,-37,42.544095
-35,43,55.443665
11,-53,54.129474
14,16,21.260292
-26,-16,30.528675
-2,22,22.090722
-8,-16,17.888544
19,-19,26.870058
-6,30,30.594117
-12,-20,23.323808
22,0,22.000000
0,0,0.000000
39,-19,43.382024
5,-7,8.602325
-22,4,22.360680
11,15,18.601075
35,11,36.687873
-35,-21,40.816663
2,14,14.142136
-5,-7,8.602325
30,-10,31.622777
4,4,5.656854
-26,-10,27.856777
-3,13,13.341664
14,42,44.271887
36,26,44.407207
30,-14,33.105891
16,32,35.777088
-19,17,25.495098
32,24,40.000000
2,26,26.076810
19,-9,21.023796
53,3,53.084838
49,13,50.695167
-42,-30,51.613952
56,-34,65.513357
26,-10,27.856777
5,27,27.459060
-2,-6,6.324555
7,-33,33.734256
-37,-11,38.600518
-5,19,19.646883
-13,15,19.849433
-26,-12,28.635642
10,-10,14.142136
4,-6,7.211103
-25,-7,25.961510
7,-9,11.401754
-5,41,41.303753
1,-11,11.045361
-22,38,43.908997
-13,1,13.038405
-9,3,9.486833
-29,17,33.615473
-9,17,19.235384
-14,14,19.798990
-2,-18,18.110770
-43,-49,65.192024
23,13,26.419690
19,-17,25.495098
11,11,15.556349
-19,-31,36.359318
-15,23,27.459060
24,4,24.331050
20,-2,20.099751
24,18,30.000000
-28,-46,53.851648
-32,-20,37.735925
4,22,22.360680
-10,18,20.591260
35,25,43.011626
-14,-2,14.142136
-18,24,30.000000
43,-29,51.865210
-10,6,11.661904
-24,-14,27.784888
4,22,22.360680
-5,-41,41.303753
-8,-6,10.000000
-4,32,32.249031
17,7,18.384776
11,33,34.785054
-9,-45,45.891176
-6,-22,22.803509
14,10,17.204651
-1,31,31.016125
9,13,15.811388
-4,-30,30.265492
24,18,30.000000
-2,0,2.000000
-20,2,20.099751
-32,66,73.348483
-19,39,43.382024
1,-27,27.018512
13,-17,21.400935
-3,45,45.099889
5,9,10.295630
2,4,4.472136
-12,16,20.000000
11,11,15.556349
40,14,42.379240
19,-15,24.207437
-15,3,15.297059
-6,36,36.496575
9,13,15.811388
-9,-9,12.727922
-5,-43,43.289722
10,2,10.198039
-19,25,31.400637
14,6,15.231546
5,-11,12.083046
-4,0,4.000000
-9,15,17.492856
2,-12,12.165525
-28,12,30.463092
-11,17,20.248457
-15,-9,17.492856
18,10,20.591260
17,19,25.495098
6,-6,8.485281
27,-13,29.966648
-13,5,13.928388
3,27,27.166155
14,26,29.529646
24,-4,24.331050
-11,21,23.706539
8,-4,8.944272
1,-25,25.019992
14,10,17.204651
7,5,8.602325
-32,-4,32.249031
1,-1,1.414214
-38,26,46.043458
-14,-6,15.231546
11,-19,21.954498
-9,-1,9.055385
11,15,18.601075
-18,-20,26.907248
38,-14,40.496913
6,30,30.594117
12,8,14.422205
-10,50,50.990195
-41,29,50.219518
3,37,37.121422
21,-21,29.698485
-2,6,6.324555
-6,-38,38.470768
14,-6,15.231546
-48,12,49.477268
-20,4,20.396078
-17,1,17.029386
-21,3,21.213203
1,-3,3.162278
7,-13,14.764823
-24,-4,24.331050
10,22,24.166092
-7,1,7.071068
33,55,64.140471
24,-18,30.000000
-52,50,72.138755
30,-22,37.202150
-20,24,31.240999
-29,27,39.623226
22,-16,27.202941
-21,31,37.443290
-12,-18,21.633308
-48,2,48.041649
17,37,40.718546
-17,-9,19.235384
-29,-27,39.623226
-22,-6,22.803509
26,-4,26.305893
21,9,22.847319
10,-14,17.204651
-3,-23,23.194827
-30,10,31.622777
-24,-20,31.240999
-11,-15,18.601075
-5,13,13.928388
20,-6,20.880613
31,3,31.144823
-11,19,21.954498
5,25,25.495098
-8,18,19.697716
-4,-10,10.770330
-11,3,11.401754
1,25,25.019992
-21,-7,22.135944
14,26,29.529646
-16,-40,43.081318
-17,13,21.400935
-17,31,35.355339
13,25,28.178006
9,5,10.295630
-33,11,34.785054
8,0,8.000000
-18,-8,19.697716
2,10,10.198039
-28,-14,31.304952
9,-15,17.492856
-4,-20,20.396078
-36,-8,36.878178
0,10,10.000000
-7,1,7.071068
-63,41,75.166482
-6,-24,24.738634
0,-36,36.000000
11,23,25.495098
-24,4,24.331050
-25,37,44.654227
-20,-10,22.360680
-12,20,23.323808
-6,8,10.000000
18,8,19.697716
-16,48,50.596443
27,-7,27.892651
-21,-31,37.443290
-22,0,22.000000
-25,39,46.324939
6,-14,15.231546
-11,7,13.038405
-6,26,26.683328
39,-55,67.424031
6,-8,10.000000
12,20,23.323808
32,34,46.690470
-48,-6,48.373546
-19,-5,19.646883
-1,27,27.018512
30,-22,37.202150
-13,-27,29.966648
0,-6,6.000000
-29,-17,33.615473
-6,26,26.683328
-14,8,16.124515
8,50,50.635956
12,16,20.000000
-53,19,56.302753
37,11,38.600518
-48,18,51.264022
31,-39,49.819675
-12,6,13.416408
19,17,25.495098
-24,10,26.000000
-8,-32,32.984845
2,-8,8.246211
23,-15,27.459060
-2,22,22.090722
25,-31,39.824616
-8,16,17.888544
-44,36,56.850682
-58,-18,60.728906
13,7,14.764823
1,-1,1.414214
-4,-16,16.492423
-43,-19,47.010637
36,-30,46.861498
-33,-5,33.376639
-2,30,30.066593
32,4,32.249031
3,7,7.615773
-12,-8,14.422205
16,-18,24.083189
-22,-6,22.803509
-4,-4,5.656854
25,-7,25.961510
36,-10,37.363083
-31,51,59.682493
5,-9,10.295630
13,23,26.419690
-12,-4,12.649111
-4,10,10.770330
-12,2,12.165525
-29,3,29.154759
20,26,32.802439
-8,16,17.888544
1,-9,9.055385
-41,-1,41.012193
9,-37,38.078866
-26,44,51.107729
-15,-23,27.459060
-1,-15,15.033296
-5,-11,12.083046
9,3,9.486833
12,-6,13.416408
-21,15,25.806976
5,-7,8.602325
-7,9,11.401754
-17,7,18.384776
-5,-13,13.928388
5,3,5.830952
-8,50,50.635956
-28,-8,29.120440
-31,-27,41.109610
41,27,49.091751
-4,-48,48.166378
40,-2,40.049969
-23,-5,23.537205
24,14,27.784888
16,18,24.083189
-11,17,20.248457
27,-31,41.109610
-31,-15,34.438351
30,-42,51.613952
34,12,36.055513
7,13,14.764823
34,42,54.037024
-28,-26,38.209946
-13,-1,13.038405
4,-18,18.439089
-9,53,53.758720
-8,14,16.124515
-26,30,39.698866
7,-23,24.041631
-3,-13,13.341664
-22,18,28.425341
13,5,13.928388
-17,-15,22.671568
9,-3,9.486833
-3,-25,25.179357
1,-11,11.045361
6,-2,6.324555
20,4,20.396078
-16,8,17.888544
12,36,37.947332
-18,-24,30.000000
18,32,36.715120
45,-11,46.324939
16,-22,27.202941
11,27,29.154759
-44,-24,50.119856
6,28,28.635642
3,11,11.401754
30,8,31.048349
-16,20,25.612497
-13,25,28.178006
-16,2,16.124515
-17,-1,17.029386
11,-3,11.401754
-9,-25,26.570661
-26,-22,34.058773
-5,-9,10.295630
25,15,29.154759
-21,-7,22.135944
8,-10,12.806248
3,-3,4.242641
50,-32,59.363288
-9,3,9.486833
24,-2,24.083189
12,-2,12.165525
53,5,53.235327
17,-45,48.104054
19,-39,43.382024
-15,-23,27.459060
20,-10,22.360680
29,-11,31.016125
6,-14,15.231546
-16,-30,34.000000
-26,-12,28.635642
67,63,91.967386
23,31,38.600518
-12,4,12.649111
-2,-8,8.246211
-26,10,27.856777
-18,18,25.455844
-4,26,26.305893
17,7,18.384776
11,3,11.401754
-1,-1,1.414214
12,34,36.055513
-6,-42,42.426407
30,6,30.594117
-26,-38,46.043458
15,17,22.671568
31,15,34.438351
-8,-28,29.120440
-33,-3,33.136083
-18,50,53.141321
0,10,10.000000
20,-22,29.732137
41,-25,48.020829
9,15,17.492856
-14,-30,33.105891
-6,46,46.389654
13,5,13.928388
36,2,36.055513
-5,11,12.083046
15,-7,16.552945
11,-49,50.219518
18,-36,40.249224
7,-19,20.248457
8,10,12.806248
-7,-3,7.615773
-2,-12,12.165525
-28,-8,29.120440
-11,39,40.521599
12,-28,30.463092
5,9,10.295630
40,18,43.863424
18,-16,24.083189
-6,-2,6.324555
-17,-11,20.248457
29,11,31.016125
21,1,21.023796
35,57,66.887966
-16,24,28.844410
10,-6,11.661904
-16,-24,28.844410
57,-23,61.465437
6,-54,54.332311
40,-16,43.081318
-16,-18,24.083189
32,30,43.863424
-30,-2,30.066593
28,-10,29.732137
-23,5,23.537205
-1,-13,13.038405
25,-45,51.478151
25,-17,30.232433
3,21,21.213203
-11,-5,12.083046
-63,3,63.071388
27,-33,42.638011
13,41,43.011626
-13,-1,13.038405
-12,38,39.849718
9,-21,22.847319
-4,16,16.492423
-14,-18,22.803509
17,19,25.495098
-38,-10,39.293765
28,-2,28.071338
-1,-19,19.026298
-42,0,42.000000
-2,-28,28.071338
3,13,13.341664
24,-12,26.832816
-2,30,30.066593
9,21,22.847319
40,28,48.826222
20,-16,25.612497
-19,-11,21.954498
-2,6,6.324555
14,12,18.439089
6,-16,17.088007
21,15,25.806976
-17,3,17.262677
18,-8,19.697716
-29,17,33.615473
1,-13,13.038405
10,28,29.732137
-28,8,29.120440
-10,-24,26.000000
8,2,8.246211
27,-7,27.892651
1,-1,1.414214
16,-38,41.231056
-10,6,11.661904
-17,-1,17.029386
13,3,13.341664
-16,38,41.231056
-9,-17,19.235384
-6,-22,22.803509
4,22,22.360680
1,-19,19.026298
42,-16,44.944410
-17,-31,35.355339
17,11,20.248457
-26,-12,28.635642
32,40,51.224994
-22,-6,22.803509
-22,-32,38.832976
23,5,23.537205
37,29,47.010637
-1,23,23.021729
10,16,18.867962
15,-9,17.492856
12,8,14.422205
-2,-6,6.324555
-5,-15,15.811388
-31,-43,53.009433
2,-8,8.246211
-10,12,15.620499
-17,3,17.262677
1,15,15.033296
7,25,25.961510
16,12,20.000000
-15,-27,30.886890
2,-28,28.071338
10,48,49.030603
18,10,20.591260
-19,-57,60.083276
-6,18,18.973666
13,7,14.764823
-4,24,24.331050
-20,6,20.880613
-15,-5,15.811388
-4,-4,5.656854
28,36,45.607017
3,-33,33.136083
-55,1,55.009090
-15,35,38.078866
-40,-16,43.081318
-38,-32,49.678969
47,25,53.235327
1,11,11.045361
-13,15,19.849433
-4,26,26.305893
9,9,12.727922
11,3,11.401754
-32,-4,32.249031
20,12,23.323808
10,-30,31.622777
-7,-17,18.384776
-10,16,18.867962
3,-45,45.099889
29,1,29.017236
-2,-36,36.055513
5,-41,41.303753
1,21,21.023796
-21,-27,34.205263
24,-36,43.266615
43,-17,46.238512
-7,-37,37.656341
15,7,16.552945
20,4,20.396078
4,18,18.439089
-18,38,42.047592
35,-23,41.880783
-34,6,34.525353
-3,-7,7.615773
-28,-16,32.249031
-16,0,16.000000
17,1,17.029386
-37,31,48.270074
45,-13,46.840154
-13,-29,31.780497
27,17,31.906112
26,24,35.383612
25,19,31.400637
-7,5,8.602325
28,10,29.732137
3,21,21.213203
43,-17,46.238512
20,20,28.284271
31,21,37.443290
28,-38,47.201695
20,16,25.612497
34,2,34.058773
3,-13,13.341664
-18,8,19.697716
21,17,27.018512
9,-9,12.727922
-9,-1,9.055385
-6,-32,32.557641
-7,29,29.832868
15,-7,16.552945
16,-4,16.492423
-8,6,10.000000
-3,5,5.830952
-15,5,15.811388
-8,-8,11.313708
17,-39,42.544095
-39,-3,39.115214
54,24,59.093147
59,-15,60.876925
-17,27,31.906112
18,-16,24.083189
16,10,18.867962
12,-8,14.422205
34,-26,42.801869
25,1,25.019992
36,30,46.861498
-22,18,28.425341
-14,36,38.626416
-39,-3,39.115214
7,15,16.552945
36,26,44.407207
27,7,27.892651
31,39,49.819675
-19,7,20.248457
20,-32,37.735925
54,-10,54.918121
30,-2,30.066593
-4,-24,24.331050
26,-36,44.407207
7,-21,22.135944
-29,17,33.615473
1,21,21.023796
2,-4,4.472136
-11,29,31.016125
39,31,49.819675
-15,-9,17.492856
0,30,30.000000
-9,-7,11.401754
18,6,18.973666
25,-37,44.654227
-20,-14,24.413111
19,-3,19.235384
27,3,27.166155
0,18,18.000000
-45,23,50.537115
-58,0,58.000000
3,-1,3.162278
8,14,16.124515
-23,29,37.013511
-16,26,30.528675
-11,29,31.016125
-20,26,32.802439
-8,-16,17.888544
1,15,15.033296
27,-53,59.481089
-32,-20,37.735925
15,-23,27.459060
-34,-42,54.037024
-7,-25,25.961510
-10,10,14.142136
16,-18,24.083189
9,-13,15.811388
14,14,19.798990
9,-1,9.055385
26,-6,26.683328
-12,54,55.317267
15,-41,43.657760
-36,-40,53.814496
-18,18,25.455844
-6,58,58.309519
6,12,13.416408
-11,1,11.045361
17,-13,21.400935
1,33,33.015148
-14,-20,24.413111
6,54,54.332311
17,-13,21.400935
9,-41,41.976184
2,-24,24.083189
13,5,13.928388
37,-17,40.718546
-10,-10,14.142136
-8,24,25.298221
12,34,36.055513
15,15,21.213203
42,30,51.613952
-42,-8,42.755117
-19,-25,31.400637
-4,2,4.472136
-12,6,13.416408
5,-9,10.295630
9,-7,11.401754
7,9,11.401754
26,-2,26.076810
7,19,20.248457
-16,-2,16.124515
29,49,56.938563
-13,13,18.384776
2,-4,4.472136
-8,10,12.806248
0,8,8.000000
20,-46,50.159745
17,23,28.600699
38,8,38.832976
-5,7,8.602325
-11,3,11.401754
-27,33,42.638011
-30,-16,34.000000
15,13,19.849433
-3,-21,21.213203
-2,-26,26.076810
-47,29,55.226805
-27,51,57.706152
9,-15,17.492856
-41,17,44.384682
-8,26,27.202941
25,13,28.178006
22,0,22.000000
35,-9,36.138622
-1,29,29.017236
-22,36,42.190046
-43,-29,51.865210
-18,-22,28.425341
19,5,19.646883
8,34,34.928498
3,5,5.830952
-17,-5,17.720045
32,14,34.928498
28,6,28.635642
9,11,14.212670
-12,8,14.422205
14,-30,33.105891
-14,-14,19.798990
-34,-22,40.496913
22,0,22.000000
34,68,76.026311
-35,-15,38.078866
-31,37,48.270074
-31,15,34.438351
-7,33,33.734256
33,-9,34.205263
30,0,30.000000
31,23,38.600518
34,-20,39.446166
-23,19,29.832868
-16,2,16.124515
14,32,34.928498
9,-13,15.811388
-14,-8,16.124515
-23,23,32.526912
-9,29,30.364453
12,36,37.947332
-12,2,12.165525
-14,-36,38.626416
37,7,37.656341
1,-7,7.071068
20,2,20.099751
13,11,17.029386
7,23,24.041631
-7,-21,22.135944
-52,40,65.604878
16,-12,20.000000
-34,16,37.576588
26,28,38.209946
7,1,7.071068
41,9,41.976184
6,12,13.416408
17,13,21.400935
-11,-15,18.601075
-44,14,46.173586
2,-16,16.124515
14,-42,44.271887
-80,18,82.000000
8,-14,16.124515
16,34,37.576588
-2,28,28.071338
22,28,35.608988
-23,-7,24.041631
6,-2,6.324555
19,33,38.078866
5,47,47.265209
-42,16,44.944410
-11,47,48.270074
7,-5,8.602325
-1,-15,15.033296
26,-6,26.683328
7,25,25.961510
7,-3,7.615773
20,2,20.099751
0,-4,4.000000
12,-16,20.000000
-11,13,17.029386
2,-8,8.246211
-5,-19,19.646883
-24,-28,36.878178
-6,-10,11.661904
5,-3,5.830952
25,-5,25.495098
10,-50,50.990195
-5,-17,17.720045
11,-17,20.248457
13,-1,13.038405
-19,15,24.207437
13,17,21.400935
47,3,47.095647
-34,-26,42.801869
10,0,10.000000
10,0,10.000000
-24,20,31.240999
10,24,26.000000
-27,35,44.204072
-14,-36,38.626416
4,-22,22.360680
6,-12,13.416408
31,-21,37.443290
-28,-36,45.607017
-9,-9,12.727922
-6,14,15.231546
-24,-12,26.832816
4,-10,10.770330
-33,25,41.400483
-25,-13,28.178006
53,53,74.953319
-40,36,53.814496
66,10,66.753277
3,-9,9.486833
-15,-15,21.213203
-49,57,75.166482
32,-24,40.000000
-3,-9,9.486833
27,-7,27.892651
-34,-64,72.470684
-3,-43,43.104524
32,-12,34.176015
-5,19,19.646883
-5,-9,10.295630
10,-28,29.732137
8,28,29.120440
-32,-26,41.231056
32,20,37.735925
33,13,35.468296
-5,-1,5.099020
-24,-18,30.000000
-10,0,10.000000
-28,-32,42.520583
34,20,39.446166
-5,7,8.602325
39,19,43.382024
-27,15,30.886890
-42,-14,44.271887
-30,10,31.622777
-2,22,22.090722
-8,-8,11.313708
17,-33,37.121422
6,-24,24.738634
1,39,39.012818
0,-12,12.000000
51,1,51.009803
-23,29,37.013511
23,3,23.194827
3,23,23.194827
9,-25,26.570661
-24,10,26.000000
-22,-24,32.557641
-28,-22,35.608988
-11,-9,14.212670
-4,8,8.944272
17,7,18.384776
-15,-3,15.297059
-4,-14,14.560220
-7,-17,18.384776
-7,-13,14.764823
-13,3,13.341664
40,-14,42.379240
15,-13,19.849433
-3,-33,33.136083
9,21,22.847319
29,27,39.623226
23,25,33.970576
-4,16,16.492423
-29,35,45.453273
0,-12,12.000000
-22,48,52.801515
9,15,17.492856
-46,-24,51.884487
8,16,17.888544
-19,43,47.010637
-11,-5,12.083046
-8,4,8.944272
1,19,19.026298
-57,-9,57.706152
22,-18,28.425341
62,18,64.560050
4,-10,10.770330
-5,-9,10.295630
19,29,34.669872
-16,-24,28.844410
-12,12,16.970563
-23,3,23.194827
26,16,30.528675
-2,-8,8.246211
-27,45,52.478567
21,-45,49.658836
21,-29,35.805028
51,13,52.630789
-9,7,11.401754
12,42,43.680659
37,-3,37.121422
-3,25,25.179357
-14,38,40.496913
4,6,7.211103
19,11,21.954498
-12,-16,20.000000
9,-9,12.727922
13,27,29.966648
8,16,17.888544
-30,-2,30.066593
7,43,43.566042
18,8,19.697716
43,25,49.739320
-21,5,21.587033
4,-2,4.472136
-30,10,31.622777
-11,25,27.313001
-18,-18,25.455844
4,-24,24.331050
-22,32,38.832976
12,-30,32.310989
4,24,24.331050
-14,30,33.105891
-12,-38,39.849718
-8,6,10.000000
-31,-7,31.780497
16,-20,25.612497
27,-3,27.166155
21,-31,37.443290
-28,-8,29.120440
-6,40,40.447497
-13,-1,13.038405
-15,15,21.213203
-19,45,48.846699
-3,-31,31.144823
14,6,15.231546
-3,-7,7.615773
6,-8,10.000000
17,25,30.232433
10,-22,24.166092
-32,24,40.000000
17,-9,19.235384
21,49,53.310412
10,2,10.198039
17,-7,18.384776
8,14,16.124515
-25,11,27.313001
44,34,55.605755
52,6,52.345009
-24,-10,26.000000
-9,3,9.486833
25,7,25.961510
0,10,10.000000
-2,14,14.142136
17,-27,31.906112
2,14,14.142136
6,2,6.324555
-80,22,82.969874
7,-15,16.552945
-9,13,15.811388
24,22,32.557641
20,6,20.880613
37,-5,37.336309
10,-4,10.770330
2,-54,54.037024
4,-16,16.492423
-59,1,59.008474
31,19,36.359318
11,21,23.706539
-12,-14,18.439089
6,34,34.525353
7,-17,18.384776
-6,24,24.738634
34,-14,36.769553
4,-26,26.305893
8,-8,11.313708
-6,14,15.231546
13,25,28.178006
-40,-4,40.199502
42,-6,42.426407
16,-20,25.612497
-20,6,20.880613
-13,-21,24.698178
39,9,40.024992
55,-3,55.081757
24,2,24.083189
-18,4,18.439089
-12,-40,41.761226
20,-20,28.284271
45,25,51.478151
-2,6,6.324555
-11,15,18.601075
-15,-23,27.459060
-67,13,68.249542
48,-20,52.000000
10,-12,15.620499
32,14,34.928498
11,11,15.556349
5,-43,43.289722
36,26,44.407207
7,-3,7.615773
1,-7,7.071068
19,11,21.954498
2,-40,40.049969
29,17,33.615473
15,-37,39.924930
19,15,24.207437
6,-6,8.485281
-17,-17,24.041631
-16,-14,21.260292
23,1,23.021729
-22,20,29.732137
-3,25,25.179357
-4,-14,14.560220
23,-19,29.832868
22,-12,25.059928
-6,16,17.088007
20,-16,25.612497
-33,-17,37.121422
1,19,19.026298
-4,-10,10.770330
-7,27,27.892651
10,14,17.204651
-2,6,6.324555
-12,-38,39.849718
49,33,59.076222
-20,6,20.880613
3,-27,27.166155
34,8,34.928498
-5,-25,25.495098
29,1,29.017236
-26,32,41.231056
23,-33,40.224371
-12,-8,14.422205
39,-5,39.319207
-23,-13,26.419690
-20,-18,26.907248
-17,15,22.671568
17,19,25.495098
-11,25,27.313001
0,-4,4.000000
-42,2,42.047592
6,42,42.426407
18,-12,21.633308
-12,-14,18.439089
22,10,24.166092
20,-10,22.360680
18,14,22.803509
0,6,6.000000
6,-14,15.231546
-15,13,19.849433
-24,20,31.240999
26,-28,38.209946
2,30,30.066593
19,-7,20.248457
18,0,18.000000
-5,31,31.400637
12,-10,15.620499
-15,-3,15.297059
-18,-28,33.286634
15,7,16.552945
8,30,31.048349
-26,26,36.769553
37,-3,37.121422
-13,25,28.178006
29,57,63.953108
23,3,23.194827
2,36,36.055513
16,40,43.081318
-3,7,7.615773
1,-61,61.008196
-25,7,25.961510
11,13,17.029386
9,33,34.205263
-21,-25,32.649655
4,-8,8.944272
-2,12,12.165525
17,43,46.238512
-3,21,21.213203
5,-23,23.537205
6,-24,24.738634
-52,-18,55.027266
-21,37,42.544095
22,4,22.360680
51,41,65.436993
5,-23,23.537205
8,-38,38.832976
-58,22,62.032250
29,7,29.832868
40,-22,45.650849
-34,-30,45.343136
19,-27,33.015148
2,18,18.110770
-21,29,35.805028
-18,6,18.973666
-25,-19,31.400637
29,19,34.669872
-9,-5,10.295630
-43,5,43.289722
-33,-37,49.578221
-32,-18,36.715120
-3,-9,9.486833
-10,0,10.000000
-14,6,15.231546
26,-14,29.529646
-3,-21,21.213203
-9,7,11.401754
6,-10,11.661904
26,-12,28.635642
-30,-24,38.418745
-4,6,7.211103
8,-4,8.944272
12,8,14.422205
56,24,60.926185
1,-5,5.099020
-29,25,38.288379
-23,-1,23.021729
3,-3,4.242641
15,-5,15.811388
-13,11,17.029386
18,-38,42.047592
85,57,102.342562
-9,-31,32.280025
-9,37,38.078866
12,-4,12.649111
-1,51,51.009803
8,6,10.000000
-39,-11,40.521599
-6,-16,17.088007
-24,-8,25.298221
18,4,18.439089
-15,-55,57.008771
-25,-37,44.654227
1,11,11.045361
-25,3,25.179357
42,26,49.396356
-21,23,31.144823
-8,-14,16.124515
25,-25,35.355339
-36,20,41.182521
-2,-6,6.324555
-18,16,24.083189
-15,-1,15.033296
-3,-43,43.104524
-42,-16,44.944410
-20,-2,20.099751
35,-15,38.078866
-12,-14,18.439089
7,7,9.899495
-14,6,15.231546
32,-4,32.249031
-16,14,21.260292
-56,6,56.320511
-13,15,19.849433
-15,-45,47.434165
6,0,6.000000
4,64,64.124878
-3,25,25.179357
-16,28,32.249031
-6,16,17.088007
7,13,14.764823
26,0,26.000000
25,31,39.824616
5,13,13.928388
46,2,46.043458
19,-5,19.646883
28,-16,32.249031
8,-6,10.000000
30,0,30.000000
30,26,39.698866
-3,-11,11.401754
4,10,10.770330
15,33,36.249138
23,-11,25.495098
26,24,35.383612
18,36,40.249224
7,-21,22.135944
-9,-23,24.698178
6,20,20.880613
16,16,22.627417
-2,-18,18.110770
13,51,52.630789
6,-14,15.231546
-49,-5,49.254441
-60,16,62.096699
25,29,38.288379
20,-30,36.055513
1,-1,1.414214
34,-30,45.343136
1,-59,59.008474
-1,3,3.162278
-23,13,26.419690
-27,9,28.460499
11,15,18.601075
22,40,45.650849
-53,9,53.758720
9,-1,9.055385
-44,-24,50.119856
18,-16,24.083189
-10,18,20.591260
-17,-15,22.671568
14,0,14.000000
11,7,13.038405
12,-14,18.439089
-6,8,10.000000
-5,-1,5.099020
-5,-5,7.071068
12,-14,18.439089
-8,-10,12.806248
7,-21,22.135944
13,33,35.468296
-7,-7,9.899495
-28,-6,28.635642
-43,-11,44.384682
-36,-36,50.911688
26,-24,35.383612
23,9,24.698178
-48,20,52.000000
11,-3,11.401754
-20,-2,20.099751
5,39,39.319207
-10,8,12.806248
-30,14,33.105891
8,4,8.944272
21,-33,39.115214
17,-1,17.029386
-45,1,45.011110
1,15,15.033296
29,23,37.013511
21,7,22.135944
14,24,27.784888
8,-46,46.690470
15,15,21.213203
8,22,23.409400
-17,-27,31.906112
6,6,8.485281
23,11,25.495098
-7,27,27.892651
20,-6,20.880613
-4,-14,14.560220
-45,11,46.324939
-13,-31,33.615473
-13,5,13.928388
19,-23,29.832868
-11,-9,14.212670
1,-43,43.011626
3,-33,33.136083
-1,29,29.017236
5,33,33.376639
24,26,35.383612
44,-14,46.173586
20,-4,20.396078
-18,6,18.973666
-3,-9,9.486833
-43,9,43.931765
13,-5,13.928388
0,-40,40.000000
4,12,12.649111
-12,16,20.000000
5,11,12.083046
12,-4,12.649111
25,3,25.179357
-13,-1,13.038405
24,12,26.832816
-34,-4,34.234486
4,-2,4.472136
-36,2,36.055513
5,9,10.295630
7,-33,33.734256
18,-32,36.715120
7,29,29.832868
34,-14,36.769553
-27,-9,28.460499
-3,13,13.341664
0,10,10.000000
9,-29,30.364453
13,-31,33.615473
-14,34,36.769553
14,-32,34.928498
-14,18,22.803509
-15,13,19.849433
-36,-6,36.496575
2,-48,48.041649
47,15,49.335586
-14,-2,14.142136
32,38,49.678969
-14,-2,14.142136
11,-15,18.601075
2,-16,16.124515
-26,12,28.635642
29,41,50.219518
29,7,29.832868
11,-37,38.600518
18,22,28.425341
-44,-12,45.607017
-12,-2,12.165525
45,-21,49.658836
-5,-11,12.083046
-6,28,28.635642
28,46,53.851648
21,-77,79.812280
12,-18,21.633308
0,10,10.000000
-20,10,22.360680
-9,3,9.486833
6,-8,10.000000
6,-26,26.683328
21,-25,32.649655
-1,-13,13.038405
15,-13,19.849433
-1,15,15.033296
-5,-1,5.099020
-15,-47,49.335586
1,-33,33.015148
-36,-20,41.182521
-20,2,20.099751
7,-7,9.899495
-13,-19,23.021729
-38,-4,38.209946
50,10,50.990195
37,53,64.637450
-9,33,34.205263
-12,-10,15.620499
16,6,17.088007
23,3,23.194827
16,4,16.492423
-43,5,43.289722
7,-7,9.899495
-4,-4,5.656854
-49,11,50.219518
-9,9,12.727922
27,11,29.154759
-29,23,37.013511
-1,-1,1.414214
3,31,31.144823
3,-5,5.830952
-20,12,23.323808
-10,4,10.770330
12,-6,13.416408
-14,-6,15.231546
56,-26,61.741396
-17,15,22.671568
15,9,17.492856
9,-17,19.235384
-2,-14,14.142136
19,27,33.015148
-35,-5,35.355339
7,15,16.552945
-25,-33,41.400483
-3,-11,11.401754
-19,-1,19.026298
-22,22,31.112698
69,9,69.584481
16,-14,21.260292
9,-15,17.492856
13,9,15.811388
-10,-18,20.591260
1,21,21.023796
15,13,19.849433
8,4,8.944272
-35,19,39.824616
-7,7,9.899495
-10,-26,27.856777
-13,21,24.698178
-54,-16,56.320511
-46,4,46.173586
-2,-20,20.099751
-20,8,21.540659
0,20,20.000000
11,-39,40.521599
-4,-28,28.284271
-30,2,30.066593
-9,-5,10.295630
-29,-1,29.017236
11,27,29.154759
6,-10,11.661904
1,-7,7.071068
-15,1,15.033296
6,6,8.485281
12,-46,47.539457
8,22,23.409400
-2,-12,12.165525
11,-49,50.219518
-60,-4,60.133186
23,-5,23.537205
-18,8,19.697716
-25,-3,25.179357
15,5,15.811388
-12,-14,18.439089
39,51,64.202804
-27,-13,29.966648
3,19,19.235384
21,5,21.587033
-17,1,17.029386
15,17,22.671568
20,-18,26.907248
-9,-29,30.364453
16,-24,28.844410
-9,-9,12.727922
20,-28,34.409301
17,-9,19.235384
18,12,21.633308
4,-34,34.234486
-31,41,51.400389
10,4,10.770330
14,14,19.798990
-13,-19,23.021729
-8,-12,14.422205
42,30,51.613952
39,-7,39.623226
18,18,25.455844
-3,-31,31.144823
-2,-32,32.062439
7,-35,35.693137
19,-17,25.495098
-38,-10,39.293765
26,14,29.529646
23,-21,31.144823
7,37,37.656341
16,-4,16.492423
43,-5,43.289722
5,-9,10.295630
45,27,52.478567
29,17,33.615473
-4,-30,30.265492
15,1,15.033296
42,-30,51.613952
14,28,31.304952
14,18,22.803509
12,-2,12.165525
-38,-10,39.293765
-9,3,9.486833
17,13,21.400935
30,-14,33.105891
47,23,52.325902
35,3,35.128336
7,-23,24.041631
-1,1,1.414214
12,-2,12.165525
73,-15,74.525164
-28,-10,29.732137
-28,10,29.732137
-40,-2,40.049969
-10,28,29.732137
14,34,36.769553
-9,25,26.570661
-6,12,13.416408
-7,43,43.566042
-7,-1,7.071068
23,-65,68.949257
13,-33,35.468296
17,-31,35.355339
10,-32,33.526109
21,5,21.587033
5,-5,7.071068
-19,-1,19.026298
6,-32,32.557641
-65,-75,99.247166
-5,-7,8.602325
41,-7,41.593269
-4,-6,7.211103
1,31,31.016125
27,3,27.166155
-8,0,8.000000
28,-16,32.249031
31,23,38.600518
-13,13,18.384776
14,-20,24.413111
5,-9,10.295630
8,24,25.298221
4,12,12.649111
17,-77,78.854296
-25,-25,35.355339
-14,6,15.231546
5,-3,5.830952
-22,10,24.166092
-17,29,33.615473
12,14,18.439089
39,19,43.382024
-3,-37,37.121422
7,25,25.961510
38,26,46.043458
-39,-37,53.758720
-15,5,15.811388
-6,18,18.973666
22,-36,42.190046
14,-22,26.076810
19,21,28.319605
36,-16,39.395431
-2,-8,8.246211
17,1,17.029386
-39,-5,39.319207
-12,10,15.620499
-27,9,28.460499
-20,26,32.802439
-3,27,27.166155
26,-18,31.622777
-31,-39,49.819675
3,25,25.179357
-14,-36,38.626416
13,-15,19.849433
59,-13,60.415230
-9,9,12.727922
23,-15,27.459060
45,19,48.846699
-30,58,65.299311
-35,29,45.453273
8,40,40.792156
-20,-22,29.732137
-41,23,47.010637
30,16,34.000000
-31,-13,33.615473
-28,6,28.635642
-13,-7,14.764823
-32,44,54.405882
12,-4,12.649111
7,11,13.038405
2,2,2.828427
-34,-36,49.517674
19,9,21.023796
31,19,36.359318
13,-19,23.021729
-36,8,36.878178
4,-6,7.211103
-10,0,10.000000
0,-8,8.000000
-17,-7,18.384776
-32,46,56.035703
5,5,7.071068
-22,-16,27.202941
12,26,28.635642
19,3,19.235384
16,24,28.844410
29,59,65.741920
10,28,29.732137
12,-12,16.970563
-15,11,18.601075
7,-27,27.892651
-11,-5,12.083046
-17,-7,18.384776
10,-4,10.770330
-8,30,31.048349
6,22,22.803509
-2,10,10.198039
20,28,34.409301
-9,-15,17.492856
-27,27,38.183766
-40,-34,52.497619
38,-12,39.849718
15,-7,16.552945
-25,13,28.178006
23,7,24.041631
1,35,35.014283
24,40,46.647615
15,-13,19.849433
-15,1,15.033296
-21,-29,35.805028
6,4,7.211103
9,1,9.055385
-14,20,24.413111
-45,-11,46.324939
7,11,13.038405
19,5,19.646883
-2,20,20.099751
10,-18,20.591260
6,-30,30.594117
33,5,33.376639
-6,-26,26.683328
-17,-7,18.384776
13,5,13.928388
-23,21,31.144823
9,11,14.212670
-31,-35,46.754679
-7,13,14.764823
-1,-15,15.033296
1,-29,29.017236
-4,-4,5.656854
2,-36,36.055513
0,-2,2.000000
13,9,15.811388
-34,-48,58.821765
13,-11,17.029386
-11,-35,36.687873
-32,18,36.715120
-23,35,41.880783
-8,-8,11.313708
2,32,32.062439
4,18,18.439089
-24,-14,27.784888
12,-22,25.059928
-9,-17,19.235384
-9,29,30.364453
6,-14,15.231546
27,13,29.966648
-27,25,36.796739
7,-11,13.038405
-37,-1,37.013511
6,26,26.683328
50,-38,62.801274
-9,9,12.727922
13,-11,17.029386
7,-9,11.401754
-34,-6,34.525353
-10,44,45.122057
-34,30,45.343136
9,39,40.024992
27,-1,27.018512
-27,7,27.892651
4,-12,12.649111
5,21,21.587033
30,-2,30.066593
20,22,29.732137
-20,40,44.721360
-6,-12,13.416408
2,16,16.124515
17,35,38.910153
4,2,4.472136
19,-17,25.495098
-7,-27,27.892651
15,29,32.649655
-2,20,20.099751
19,-31,36.359318
15,-21,25.806976
-43,-25,49.739320
-10,-8,12.806248
-9,29,30.364453
0,18,18.000000
-10,-2,10.198039
5,11,12.083046
-13,3,13.341664
68,-14,69.426220
-32,36,48.166378
7,-19,20.248457
40,-24,46.647615
-17,-31,35.355339
28,4,28.284271
37,1,37.013511
11,-1,11.045361
10,8,12.806248
-43,3,43.104524
-17,-11,20.248457
22,-28,35.608988
13,-3,13.341664
16,-4,16.492423
34,8,34.928498
7,1,7.071068
-32,-2,32.062439
37,-21,42.544095
-25,3,25.179357
22,-22,31.112698
4,2,4.472136
-22,16,27.202941
-4,12,12.649111
16,4,16.492423
-28,-14,31.304952
31,-23,38.600518
-45,-7,45.541190
5,9,10.295630
-11,17,20.248457
14,26,29.529646
10,6,11.661904
-12,-12,16.970563
-35,13,37.336309
-16,-2,16.124515
21,17,27.018512
-7,-7,9.899495
13,-27,29.966648
31,5,31.400637
-48,-10,49.030603
-20,14,24.413111
6,6,8.485281
-4,14,14.560220
34,-34,48.083261
-20,-8,21.540659
25,5,25.495098
-45,-7,45.541190
15,-9,17.492856
-15,23,27.459060
-20,8,21.540659
25,-3,25.179357
1,19,19.026298
-55,-23,59.615434
-16,-56,58.240879
8,2,8.246211
-24,18,30.000000
-17,-51,53.758720
25,-25,35.355339
-33,15,36.249138
12,36,37.947332
8,10,12.806248
4,-40,40.199502
-14,12,18.439089
18,-22,28.425341
-15,3,15.297059
7,-21,22.135944
-38,32,49.678969
25,-1,25.019992
21,-5,21.587033
39,-17,42.544095
0,-20,20.000000
1,35,35.014283
11,-1,11.045361
4,30,30.265492
-22,0,22.000000
11,-31,32.893768
15,-9,17.492856
-12,-20,23.323808
-16,-26,30.528675
21,15,25.806976
-46,-4,46.173586
26,0,26.000000
-17,-15,22.671568
4,20,20.396078
35,37,50.931326
0,40,40.000000
3,-11,11.401754
2,-14,14.142136
-3,-43,43.104524
28,26,38.209946
-11,5,12.083046
-14,2,14.142136
-7,31,31.780497
9,-23,24.698178
-30,4,30.265492
-8,-18,19.697716
-1,19,19.026298
-23,19,29.832868
-11,25,27.313001
10,12,15.620499
59,3,59.076222
9,47,47.853944
17,-43,46.238512
-27,-11,29.154759
-26,12,28.635642
-7,-51,51.478151
19,-9,21.023796
31,-13,33.615473
28,-44,52.153619
5,-45,45.276926
16,6,17.088007
-34,-22,40.496913
6,-22,22.803509
41,-27,49.091751
0,-36,36.000000
18,-6,18.973666
1,-29,29.017236
-13,-21,24.698178
-4,-2,4.472136
-3,-11,11.401754
-11,21,23.706539
8,30,31.048349
0,12,12.000000
-26,8,27.202941
-21,-41,46.065171
-20,16,25.612497
14,-54,55.785303
-30,-10,31.622777
-14,10,17.204651
-23,-9,24.698178
-37,-33,49.578221
14,12,18.439089
5,23,23.537205
20,34,39.446166
-12,-38,39.849718
6,24,24.738634
-12,12,16.970563
-20,-24,31.240999
-18,14,22.803509
-20,16,25.612497
0,-12,12.000000
9,-11,14.212670
-7,-5,8.602325
4,10,10.770330
10,20,22.360680
-41,-13,43.011626
41,11,42.449971
-19,-17,25.495098
-18,8,19.697716
-1,5,5.099020
-22,2,22.090722
21,-1,21.023796
6,6,8.485281
17,-3,17.262677
33,27,42.638011
37,-7,37.656341
0,-36,36.000000
-19,-39,43.382024
-33,-9,34.205263
-20,0,20.000000
2,-24,24.083189
6,-4,7.211103
-32,28,42.520583
-2,12,12.165525
-23,23,32.526912
-7,-47,47.518417
3,-11,11.401754
12,-40,41.761226
-14,30,33.105891
30,-4,30.265492
-1,-7,7.071068
-12,18,21.633308
25,1,25.019992
20,8,21.540659
19,-1,19.026298
17,41,44.384682
-33,-77,83.773504
23,-9,24.698178
10,-18,20.591260
-5,-7,8.602325
47,-21,51.478151
-4,8,8.944272
12,26,28.635642
11,13,17.029386
-9,15,17.492856
15,-31,34.438351
-9,23,24.698178
20,-6,20.880613
0,8,8.000000
10,-18,20.591260
-9,21,22.847319
6,8,10.000000
10,16,18.867962
-53,33,62.433965
53,5,53.235327
21,35,40.816663
7,-17,18.384776
13,5,13.928388
-4,-4,5.656854
4,34,34.234486
-5,11,12.083046
-45,19,48.846699
35,-65,73.824115
-15,5,15.811388
57,-33,65.863495
14,16,21.260292
-35,-19,39.824616
-30,-8,31.048349
17,3,17.262677
-9,-11,14.212670
24,18,30.000000
-8,-30,31.048349
-25,-7,25.961510
-24,36,43.266615
-24,0,24.000000
3,-17,17.262677
3,1,3.162278
-23,-15,27.459060
-3,5,5.830952
33,-49,59.076222
10,-10,14.142136
-14,22,26.076810
39,-1,39.012818
-17,11,20.248457
19,33,38.078866
3,-19,19.235384
5,-17,17.720045
8,-32,32.984845
12,-22,25.059928
-5,27,27.459060
13,7,14.764823
28,-20,34.409301
15,7,16.552945
12,-4,12.649111
-2,30,30.066593
8,6,10.000000
11,-5,12.083046
17,-21,27.018512
-1,-17,17.029386
42,8,42.755117
22,10,24.166092
16,2,16.124515
45,5,45.276926
-10,6,11.661904
-9,13,15.811388
-12,14,18.439089
-19,25,31.400637
19,21,28.319605
0,2,2.000000
16,22,27.202941
-38,-24,44.944410
33,9,34.205263
-2,-14,14.142136
-14,12,18.439089
17,13,21.400935
6,-14,15.231546
23,13,26.419690
-20,-24,31.240999
-43,9,43.931765
-20,-48,52.000000
-16,-72,73.756356
22,-38,43.908997
-45,21,49.658836
-4,10,10.770330
-33,-7,33.734256
14,14,19.798990
26,10,27.856777
-36,16,39.395431
-19,-9,21.023796
41,-7,41.593269
-11,3,11.401754
7,7,9.899495
-28,12,30.463092
23,-7,24.041631
10,30,31.622777
32,6,32.557641
0,8,8.000000
34,24,41.617304
-5,-39,39.319207
24,32,40.000000
-1,-17,17.029386
43,23,48.764741
10,0,10.000000
-2,-20,20.099751
19,-21,28.319605
15,43,45.541190
-7,5,8.602325
19,-21,28.319605
36,-20,41.182521
20,16,25.612497
-18,36,40.249224
6,28,28.635642
-7,-19,20.248457
-42,-16,44.944410
8,-16,17.888544
-18,-20,26.907248
-23,5,23.537205
6,-38,38.470768
11,-23,25.495098
43,-11,44.384682
4,-32,32.249031
-23,-13,26.419690
-19,-7,20.248457
-8,44,44.721360
-21,11,23.706539
15,1,15.033296
-31,15,34.438351
29,-45,53.535035
34,4,34.234486
45,-25,51.478151
-8,-38,38.832976
20,6,20.880613
16,-10,18.867962
-8,0,8.000000
-7,-7,9.899495
-1,-1,1.414214
17,-25,30.232433
-21,13,24.698178
-1,25,25.019992
-6,30,30.594117
6,10,11.661904
7,9,11.401754
-37,-35,50.931326
11,-7,13.038405
-2,-22,22.090722
-12,16,20.000000
10,-8,12.806248
14,10,17.204651
-12,-8,14.422205
-12,-8,14.422205
20,24,31.240999
-17,13,21.400935
29,-1,29.017236
30,-52,60.033324
-52,-44,68.117545
16,20,25.612497
-1,29,29.017236
5,3,5.830952
86,18,87.863531
12,-16,20.000000
-38,-2,38.052595
-19,25,31.400637
-6,-14,15.231546
2,-8,8.246211
-5,25,25.495098
-28,-24,36.878178
-4,-30,30.265492
52,56,76.419893
-36,-42,55.317267
15,17,22.671568
-3,-31,31.144823
-5,41,41.303753
30,-16,34.000000
23,-31,38.600518
-15,37,39.924930
-27,-1,27.018512
19,13,23.021729
-17,-15,22.671568
5,17,17.720045
22,-8,23.409400
18,-20,26.907248
21,51,55.154329
-23,31,38.600518
17,-51,53.758720
16,10,18.867962
-33,-11,34.785054
-4,-26,26.305893
12,-2,12.165525
30,4,30.265492
19,5,19.646883
2,-4,4.472136
-9,1,9.055385
-14,-6,15.231546
-29,33,43.931765
-24,4,24.331050
-22,24,32.557641
-29,13,31.780497
2,4,4.472136
-15,-19,24.207437
2,-16,16.124515
-43,-19,47.010637
-46,10,47.074409
-47,-13,48.764741
6,-6,8.485281
-16,8,17.888544
-4,-14,14.560220
-14,2,14.142136
-4,12,12.649111
-2,22,22.090722
4,-24,24.331050
26,20,32.802439
-6,-20,20.880613
19,1,19.026298
-10,-4,10.770330
63,-7,63.387696
-42,-18,45.694639
-20,-18,26.907248
20,-46,50.159745
8,-14,16.124515
28,12,30.463092
-8,30,31.048349
20,-10,22.360680
45,-15,47.434165
-18,18,25.455844
5,-5,7.071068
6,6,8.485281
-18,-32,36.715120
-24,0,24.000000
11,15,18.601075
9,47,47.853944
17,-11,20.248457
24,22,32.557641
-18,8,19.697716
16,-24,28.844410
-23,29,37.013511
-5,9,10.295630
22,8,23.409400
6,2,6.324555
-30,26,39.698866
9,9,12.727922
4,-24,24.331050
21,27,34.205263
-14,-6,15.231546
-3,37,37.121422
-1,-23,23.021729
-13,7,14.764823
-7,5,8.602325
-27,-57,63.071388
-23,-29,37.013511
20,6,20.880613
28,-22,35.608988
-10,-6,11.661904
1,-5,5.099020
10,-36,37.363083
-16,-14,21.260292
-1,-13,13.038405
6,-6,8.485281
-9,27,28.460499
22,26,34.058773
-28,4,28.284271
18,-30,34.985711
38,-14,40.496913
-20,14,24.413111
33,-3,33.136083
-42,30,51.613952
-8,-18,19.697716
-17,1,17.029386
-8,26,27.202941
12,18,21.633308
-7,3,7.615773
-7,15,16.552945
-31,29,42.449971
0,-24,24.000000
15,9,17.492856
5,49,49.254441
13,33,35.468296
-25,1,25.019992
-6,-8,10.000000
-2,2,2.828427
24,0,24.000000
-45,-13,46.840154
-2,-16,16.124515
29,-19,34.669872
-2,18,18.110770
16,-10,18.867962
20,-48,52.000000
5,13,13.928388
5,-33,33.376639
23,27,35.468296
-26,-8,27.202941
42,0,42.000000
1,35,35.014283
-3,-31,31.144823
-33,1,33.015148
-12,-24,26.832816
-11,29,31.016125
56,-8,56.568542
-14,-22,26.076810
-1,9,9.055385
7,9,11.401754
16,-2,16.124515
3,-21,21.213203
22,-16,27.202941
-41,-41,57.982756
-25,5,25.495098
-6,40,40.447497
-22,30,37.202150
-11,-11,15.556349
-50,4,50.159745
22,16,27.202941
-24,-14,27.784888
-35,5,35.355339
-29,-33,43.931765
-24,16,28.844410
-14,-2,14.142136
-22,-34,40.496913
8,0,8.000000
-27,-57,63.071388
43,3,43.104524
23,-1,23.021729
13,-3,13.341664
1,25,25.019992
-25,23,33.970576
48,-6,48.373546
9,-11,14.212670
15,-29,32.649655
2,28,28.071338
-2,-10,10.198039
-11,-5,12.083046
-37,43,56.727418
-12,8,14.422205
3,-1,3.162278
56,-18,58.821765
4,-44,44.181444
-24,20,31.240999
-21,1,21.023796
-9,-45,45.891176
39,-17,42.544095
-17,-7,18.384776
-2,-18,18.110770
6,22,22.803509
-28,-26,38.209946
4,4,5.656854
-33,19,38.078866
1,5,5.099020
3,75,75.059976
6,6,8.485281
36,22,42.190046
-32,8,32.984845
-18,26,31.622777
7,9,11.401754
-9,-21,22.847319
1,15,15.033296
-36,22,42.190046
13,-53,54.571055
-18,22,28.425341
-4,-26,26.305893
-55,-15,57.008771
-12,34,36.055513
-14,-18,22.803509
37,19,41.593269
-19,-21,28.319605
2,6,6.324555
-36,-10,37.363083
-3,7,7.615773
-32,-2,32.062439
-12,-12,16.970563
-11,-15,18.601075
-38,36,52.345009
16,14,21.260292
-8,20,21.540659
-4,-16,16.492423
25,33,41.400483
-23,1,23.021729
-30,-8,31.048349
7,9,11.401754
-40,0,40.000000
-2,-8,8.246211
33,15,36.249138
-18,-6,18.973666
-16,24,28.844410
4,16,16.492423
-8,-8,11.313708
-19,1,19.026298
-1,39,39.012818
-24,-16,28.844410
4,-4,5.656854
12,-6,13.416408
-24,18,30.000000
-79,29,84.154620
-12,4,12.649111
-17,-7,18.384776
23,-25,33.970576
19,-5,19.646883
24,-12,26.832816
17,19,25.495098
-22,-4,22.360680
17,3,17.262677
-3,29,29.154759
7,15,16.552945
10,-14,17.204651
-9,27,28.460499
-21,41,46.065171
-19,-23,29.832868
-5,13,13.928388
-14,-20,24.413111
9,57,57.706152
-6,-18,18.973666
6,20,20.880613
-3,-17,17.262677
24,38,44.944410
10,-16,18.867962
-20,4,20.396078
-12,38,39.849718
-8,-4,8.944272
9,39,40.024992
54,28,60.827625
14,-12,18.439089
-3,7,7.615773
15,-33,36.249138
-32,26,41.231056
-4,22,22.360680
-8,30,31.048349
-20,22,29.732137
-26,-6,26.683328
-7,15,16.552945
7,21,22.135944
19,35,39.824616
3,-15,15.297059
-42,30,51.613952
-14,-16,21.260292
-16,6,17.088007
2,-26,26.076810
20,8,21.540659
-1,27,27.018512
1,-25,25.019992
-61,-23,65.192024
-10,30,31.622777
-5,-5,7.071068
-20,-10,22.360680
-3,-1,3.162278
13,-5,13.928388
-3,43,43.104524
24,32,40.000000
-6,36,36.496575
16,-22,27.202941
-19,23,29.832868
47,-13,48.764741
5,-9,10.295630
31,15,34.438351
1,-15,15.033296
4,50,50.159745
6,-4,7.211103
-17,7,18.384776
20,-14,24.413111
4,-16,16.492423
19,11,21.954498
-1,-9,9.055385
2,8,8.246211
-10,-10,14.142136
-13,47,48.764741
-17,1,17.029386
44,-18,47.539457
-18,14,22.803509
25,-17,30.232433
12,24,26.832816
-14,22,26.076810
-13,-33,35.468296
-15,29,32.649655
2,42,42.047592
-25,37,44.654227
-21,-1,21.023796
10,28,29.732137
10,10,14.142136
24,-14,27.784888
15,-27,30.886890
16,-12,20.000000
-12,-16,20.000000
-30,0,30.000000
-10,20,22.360680
-65,5,65.192024
-19,-3,19.235384
22,26,34.058773
-1,-1,1.414214
-23,-19,29.832868
17,7,18.384776
-29,-9,30.364453
14,-2,14.142136
-1,-1,1.414214
19,17,25.495098
38,2,38.052595
16,20,25.612497
-14,20,24.413111
-14,-24,27.784888
30,30,42.426407
6,0,6.000000
1,31,31.016125
8,-10,12.806248
-15,-1,15.033296
35,-47,58.600341
-21,27,34.205263
0,-26,26.000000
-31,69,75.643903
11,5,12.083046
2,12,12.165525
31,-9,32.280025
-21,43,47.853944
18,-26,31.622777
32,-26,41.231056
6,-16,17.088007
35,27,44.204072
-20,38,42.941821
36,12,37.947332
8,-34,34.928498
72,-2,72.027772
13,5,13.928388
-2,14,14.142136
6,20,20.880613
40,6,40.447497
-26,-30,39.698866
25,9,26.570661
11,-19,21.954498
-11,23,25.495098
-10,20,22.360680
3,9,9.486833
46,-8,46.690470
-32,28,42.520583
-18,-26,31.622777
-45,3,45.099889
9,27,28.460499
31,-37,48.270074
-10,-12,15.620499
-13,15,19.849433
40,-68,78.892332
-32,-34,46.690470
10,16,18.867962
-25,19,31.400637
-17,-19,25.495098
-21,-5,21.587033
-30,14,33.105891
3,-15,15.297059
-1,-9,9.055385
4,26,26.305893
-9,-1,9.055385
23,-15,27.459060
54,-10,54.918121
-1,-5,5.099020
35,-23,41.880783
-5,-21,21.587033
24,-16,28.844410
8,-8,11.313708
4,26,26.305893
50,-6,50.358713
-8,16,17.888544
19,7,20.248457
-36,-12,37.947332
-6,20,20.880613
-6,-2,6.324555
14,-20,24.413111
11,-7,13.038405
-43,-35,55.443665
-28,22,35.608988
1,-15,15.033296
-19,11,21.954498
23,-13,26.419690
-1,5,5.099020
51,5,51.244512
-4,-18,18.439089
-1,-45,45.011110
38,-16,41.231056
15,19,24.207437
-6,-16,17.088007
-23,15,27.459060
-28,-24,36.878178
0,6,6.000000
-39,29,48.600412
-19,-7,20.248457
2,-10,10.198039
-26,20,32.802439
16,4,16.492423
18,4,18.439089
-20,0,20.000000
-20,-8,21.540659
-29,17,33.615473
-20,0,20.000000
7,-35,35.693137
0,-4,4.000000
-5,21,21.587033
-2,-20,20.099751
-6,-16,17.088007
-4,-52,52.153619
4,-20,20.396078
-3,3,4.242641
-16,-32,35.777088
18,30,34.985711
-18,38,42.047592
-49,13,50.695167
4,-14,14.560220
3,47,47.095647
-62,-22,65.787537
13,21,24.698178
13,33,35.468296
6,-2,6.324555
-6,-2,6.324555
11,-21,23.706539
-13,-13,18.384776
-20,-12,23.323808
-35,-77,84.581322
-2,-14,14.142136
23,15,27.459060
-23,1,23.021729
8,2,8.246211
-4,-28,28.284271
-12,-60,61.188234
20,24,31.240999
22,4,22.360680
-24,2,24.083189
17,3,17.262677
0,12,12.000000
34,-40,52.497619
12,-22,25.059928
-1,-29,29.017236
-1,3,3.162278
53,-17,55.659680
15,-39,41.785165
-19,33,38.078866
-42,4,42.190046
12,8,14.422205
-6,44,44.407207
-9,-17,19.235384
-37,39,53.758720
0,-2,2.000000
-50,28,57.306195
-24,-6,24.738634
-62,-28,68.029405
-14,-4,14.560220
10,-36,37.363083
-6,-6,8.485281
14,2,14.142136
-41,43,59.413803
9,-37,38.078866
-23,-21,31.144823
44,40,59.464275
-3,-27,27.166155
39,25,46.324939
6,32,32.557641
-32,0,32.000000
12,-4,12.649111
12,-14,18.439089
-14,-32,34.928498
8,-6,10.000000
-4,-10,10.770330
-23,-31,38.600518
21,15,25.806976
-26,16,30.528675
12,-10,15.620499
-2,-14,14.142136
-18,-10,20.591260
9,25,26.570661
-26,6,26.683328
17,33,37.121422
-9,5,10.295630
8,2,8.246211
-32,18,36.715120
38,-20,42.941821
-41,-39,56.586217
-21,-1,21.023796
-19,-3,19.235384
-50,0,50.000000
-30,-8,31.048349
-3,-9,9.486833
10,-12,15.620499
2,8,8.246211
-22,-6,22.803509
4,-24,24.331050
34,-6,34.525353
3,-17,17.262677
26,-12,28.635642
-13,-29,31.780497
26,-38,46.043458
7,-5,8.602325
36,18,40.249224
10,-10,14.142136
-11,-23,25.495098
15,41,43.657760
-3,-21,21.213203
12,-8,14.422205
-12,14,18.439089
10,-6,11.661904
-3,-25,25.179357
-27,-33,42.638011
5,17,17.720045
31,25,39.824616
-47,9,47.853944
-10,-22,24.166092
-3,3,4.242641
4,-10,10.770330
12,20,23.323808
3,-3,4.242641
-20,-32,37.735925
32,-24,40.000000
-25,37,44.654227
15,-11,18.601075
5,9,10.295630
4,-18,18.439089
-27,25,36.796739
-2,22,22.090722
25,5,25.495098
-6,-6,8.485281
-37,7,37.656341
-19,-31,36.359318
6,-26,26.683328
21,-1,21.023796
-28,20,34.409301
26,8,27.202941
38,-22,43.908997
-20,-16,25.612497
13,-15,19.849433
-12,16,20.000000
41,-13,43.011626
27,-3,27.166155
-9,-1,9.055385
15,5,15.811388
1,7,7.071068
34,-30,45.343136
-45,-3,45.099889
-21,11,23.706539
19,11,21.954498
24,14,27.784888
14,2,14.142136
-11,53,54.129474
31,33,45.276926
42,-34,54.037024
-14,-4,14.560220
13,-11,17.029386
36,4,36.221541
39,-7,39.623226
-22,-22,31.112698
16,-22,27.202941
-10,-44,45.122057
5,-29,29.427878
37,19,41.593269
-11,-19,21.954498
7,15,16.552945
16,32,35.777088
3,3,4.242641
42,0,42.000000
10,10,14.142136
-8,38,38.832976
-33,-11,34.785054
34,-28,44.045431
22,0,22.000000
-2,16,16.124515
4,18,18.439089
-5,31,31.400637
-12,20,23.323808
-14,-8,16.124515
-5,21,21.587033
13,9,15.811388
-18,-12,21.633308
-30,-6,30.594117
31,27,41.109610
31,13,33.615473
21,-31,37.443290
-19,3,19.235384
-15,-9,17.492856
-18,2,18.110770
0,-22,22.000000
-71,25,75.272837
-12,4,12.649111
40,16,43.081318
-42,-24,48.373546
-16,12,20.000000
17,-9,19.235384
-8,46,46.690470
-2,-24,24.083189
1,-7,7.071068
-31,-1,31.016125
-42,40,58.000000
-14,14,19.798990
5,-41,41.303753
-11,-15,18.601075
20,14,24.413111
5,7,8.602325
34,-8,34.928498
-22,-20,29.732137
10,8,12.806248
-18,-14,22.803509
24,32,40.000000
7,15,16.552945
-8,-12,14.422205
-11,7,13.038405
-19,-21,28.319605
-39,7,39.623226
-37,5,37.336309
30,2,30.066593
22,-48,52.801515
3,-7,7.615773
-11,-11,15.556349
-12,-24,26.832816
18,26,31.622777
-33,-9,34.205263
-49,-9,49.819675
-15,19,24.207437
-21,-11,23.706539
49,-11,50.219518
-27,41,49.091751
5,-35,35.355339
7,13,14.764823
16,-22,27.202941
-25,-45,51.478151
-22,6,22.803509
-21,-19,28.319605
-3,-25,25.179357
1,-25,25.019992
41,-23,47.010637
-29,19,34.669872
-37,-27,45.803930
-39,9,40.024992
-16,-30,34.000000
-29,33,43.931765
-45,27,52.478567
15,-15,21.213203
-31,3,31.144823
-28,-32,42.520583
-4,10,10.770330
-5,29,29.427878
33,-19,38.078866
-7,-5,8.602325
17,-39,42.544095
-11,1,11.045361
17,-15,22.671568
12,-26,28.635642
4,18,18.439089
-9,-9,12.727922
-47,-21,51.478151
-16,-2,16.124515
2,-44,44.045431
1,-11,11.045361
-8,38,38.832976
10,22,24.166092
43,9,43.931765
12,10,15.620499
8,0,8.000000
14,-38,40.496913
-1,31,31.016125
51,-19,54.424259
10,8,12.806248
-28,14,31.304952
1,7,7.071068
-17,-7,18.384776
-3,21,21.213203
-41,-29,50.219518
21,5,21.587033
2,-2,2.828427
32,14,34.928498
0,-24,24.000000
15,23,27.459060
-6,34,34.525353
35,13,37.336309
12,-12,16.970563
17,-31,35.355339
-8,-18,19.697716
27,13,29.966648
-33,27,42.638011
-26,8,27.202941
43,15,45.541190
-11,45,46.324939
11,-21,23.706539
5,13,13.928388
-39,27,47.434165
3,-21,21.213203
6,-4,7.211103
-11,-49,50.219518
-1,-17,17.029386
50,0,50.000000
15,-13,19.849433
11,21,23.706539
-19,-11,21.954498
-21,9,22.847319
-7,7,9.899495
32,-10,33.526109
-21,-15,25.806976
25,-13,28.178006
-11,15,18.601075
-14,52,53.851648
12,-18,21.633308
16,4,16.492423
3,21,21.213203
23,-19,29.832868
47,1,47.010637
-16,32,35.777088
16,-22,27.202941
8,4,8.944272
-5,-11,12.083046
5,-15,15.811388
47,-39,61.073726
-8,-2,8.246211
23,-11,25.495098
4,-20,20.396078
-1,11,11.045361
10,10,14.142136
3,3,4.242641
-17,-19,25.495098
-27,-21,34.205263
3,-49,49.091751
18,50,53.141321
-14,28,31.304952
3,-5,5.830952
32,10,33.526109
-29,23,37.013511
-25,11,27.313001
4,26,26.305893
6,22,22.803509
-37,17,40.718546
-4,-32,32.249031
8,18,19.697716
-16,-10,18.867962
-17,43,46.238512
-2,-6,6.324555
-5,-21,21.587033
0,-8,8.000000
-8,-18,19.697716
-21,7,22.135944
-15,-7,16.552945
21,27,34.205263
3,-7,7.615773
15,15,21.213203
4,-16,16.492423
10,46,47.074409
3,-3,4.242641
7,-9,11.401754
10,-18,20.591260
8,-10,12.806248
-14,-30,33.105891
-31,9,32.280025
3,-31,31.144823
38,10,39.293765
19,9,21.023796
35,7,35.693137
31,-15,34.438351
-45,-13,46.840154
-8,6,10.000000
-18,-50,53.141321
-38,-12,39.849718
45,21,49.658836
-3,-11,11.401754
9,11,14.212670
40,2,40.049969
10,-4,10.770330
35,27,44.204072
-10,-24,26.000000
-15,-31,34.438351
-5,17,17.720045
4,0,4.000000
0,-22,22.000000
-17,27,31.906112
-5,11,12.083046
-34,48,58.821765
-33,-9,34.205263
-30,58,65.299311
-50,-8,50.635956
-22,-8,23.409400
28,12,30.463092
-4,2,4.472136
17,1,17.029386
-28,34,44.045431
-19,-25,31.400637
15,15,21.213203
-26,-10,27.856777
18,-6,18.973666
-27,-9,28.460499
-14,24,27.784888
-17,19,25.495098
11,31,32.893768
5,-17,17.720045
-9,5,10.295630
-1,21,21.023796
-12,-44,45.607017
-4,-32,32.249031
-14,18,22.803509
-8,26,27.202941
12,-30,32.310989
29,-23,37.013511
44,0,44.000000
-1,25,25.019992
53,39,65.802736
-33,51,60.745370
29,11,31.016125
-60,20,63.245553
1,9,9.055385
24,28,36.878178
-23,-5,23.537205
12,10,15.620499
11,-27,29.154759
-17,31,35.355339
-18,-26,31.622777
-9,-49,49.819675
-31,13,33.615473
20,-8,21.540659
-14,46,48.083261
-18,20,26.907248
-21,5,21.587033
-31,39,49.819675
11,-5,12.083046
5,-35,35.355339
-32,40,51.224994
22,-12,25.059928
10,-22,24.166092
8,-10,12.806248
-4,-26,26.305893
11,-19,21.954498
36,22,42.190046
0,-38,38.000000
-1,-15,15.033296
-16,-12,20.000000
-41,31,51.400389
6,10,11.661904
27,-11,29.154759
6,64,64.280635
20,-12,23.323808
-8,-10,12.806248
-20,26,32.802439
-17,19,25.495098
-18,0,18.000000
-19,-13,23.021729
37,11,38.600518
-2,48,48.041649
15,15,21.213203
8,12,14.422205
-15,-19,24.207437
38,4,38.209946
-18,-6,18.973666
-2,-2,2.828427
25,-1,25.019992
-13,-11,17.029386
22,6,22.803509
-17,-19,25.495098
-29,19,34.669872
-5,-13,13.928388
35,-11,36.687873
34,-36,49.517674
-20,18,26.907248
35,-25,43.011626
27,29,39.623226
22,-30,37.202150
35,27,44.204072
-11,23,25.495098
-17,-33,37.121422
-38,36,52.345009
12,36,37.947332
0,0,0.000000
-26,10,27.856777
2,-32,32.062439
35,15,38.078866
-18,36,40.249224
-17,-23,28.600699
10,-40,41.231056
-13,41,43.011626
-27,31,41.109610
43,-11,44.384682
-25,-5,25.495098
-19,-17,25.495098
24,-10,26.000000
-3,-3,4.242641
-9,-15,17.492856
24,0,24.000000
2,20,20.099751
2,2,2.828427
-11,-15,18.601075
8,44,44.721360
7,-9,11.401754
-7,-15,16.552945
-18,32,36.715120
44,6,44.407207
-36,-14,38.626416
-43,57,71.400280
-17,-9,19.235384
23,-5,23.537205
-17,3,17.262677
10,24,26.000000
-14,-12,18.439089
17,11,20.248457
18,28,33.286634
-9,-11,14.212670
-17,3,17.262677
-15,-9,17.492856
-8,-30,31.048349
-31,-15,34.438351
39,7,39.623226
26,22,34.058773
11,1,11.045361
-18,30,34.985711
1,11,11.045361
-11,7,13.038405
-10,30,31.622777
-19,11,21.954498
-1,21,21.023796
-8,6,10.000000
-11,15,18.601075
12,14,18.439089
24,-6,24.738634
-12,26,28.635642
12,-50,51.419841
-45,3,45.099889
-16,-2,16.124515
22,12,25.059928
8,-46,46.690470
9,33,34.205263
-5,-43,43.289722
0,6,6.000000
19,23,29.832868
-46,36,58.412327
13,-3,13.341664
-11,31,32.893768
-4,-16,16.492423
-30,-4,30.265492
-19,33,38.078866
22,4,22.360680
9,-13,15.811388
48,18,51.264022
5,-5,7.071068
22,-38,43.908997
23,-71,74.632433
-15,-25,29.154759
-18,26,31.622777
35,19,39.824616
-44,6,44.407207
-17,-39,42.544095
-4,42,42.190046
1,29,29.017236
36,-8,36.878178
15,9,17.492856
10,32,33.526109
67,15,68.658576
-40,-10,41.231056
-15,17,22.671568
53,-33,62.433965
50,-54,73.593478
-1,9,9.055385
-20,-4,20.396078
-9,7,11.401754
20,-14,24.413111
-51,27,57.706152
9,7,11.401754
6,-8,10.000000
36,-6,36.496575
17,37,40.718546
-39,-33,51.088159
72,2,72.027772
-36,6,36.496575
8,22,23.409400
-11,27,29.154759
56,22,60.166436
-4,22,22.360680
7,25,25.961510
-17,-11,20.248457
8,-8,11.313708
4,-18,18.439089
-21,-11,23.706539
-1,35,35.014283
7,-31,31.780497
-16,32,35.777088
15,17,22.671568
-49,1,49.010203
20,-4,20.396078
-9,3,9.486833
-30,10,31.622777
-17,-7,18.384776
-1,27,27.018512
-11,-9,14.212670
-11,-3,11.401754
-11,31,32.893768
-19,-37,41.593269
-34,-24,41.617304
-6,20,20.880613
45,7,45.541190
-25,9,26.570661
-10,0,10.000000
26,40,47.707442
16,-54,56.320511
24,-10,26.000000
24,6,24.738634
25,-1,25.019992
34,20,39.446166
2,-12,12.165525
-40,10,41.231056
-21,-21,29.698485
-1,-3,3.162278
-27,31,41.109610
16,-22,27.202941
-30,4,30.265492
-26,-12,28.635642
-50,-30,58.309519
8,4,8.944272
35,11,36.687873
7,19,20.248457
23,-17,28.600699
29,15,32.649655
50,0,50.000000
42,-34,54.037024
-13,-19,23.021729
-15,-7,16.552945
14,2,14.142136
-2,0,2.000000
-36,-24,43.266615
-6,-50,50.358713
34,-10,35.440090
25,3,25.179357
4,6,7.211103
16,-12,20.000000
-3,9,9.486833
-21,9,22.847319
52,12,53.366656
22,-10,24.166092
15,-45,47.434165
4,12,12.649111
-51,1,51.009803
-28,8,29.120440
6,-8,10.000000
-50,0,50.000000
11,-17,20.248457
7,13,14.764823
-4,14,14.560220
-30,22,37.202150
-16,10,18.867962
-4,22,22.360680
26,10,27.856777
6,-24,24.738634
-26,24,35.383612
-20,-30,36.055513
-29,17,33.615473
-5,-17,17.720045
-7,-7,9.899495
11,-11,15.556349
-8,12,14.422205
18,-24,30.000000
-27,-13,29.966648
21,57,60.745370
-18,-18,25.455844
6,26,26.683328
-32,10,33.526109
2,-14,14.142136
-26,-38,46.043458
-7,13,14.764823
17,-19,25.495098
4,-24,24.331050
56,0,56.000000
12,-50,51.419841
-1,33,33.015148
-9,7,11.401754
-43,-41,59.413803
-19,5,19.646883
-10,-6,11.661904
-20,6,20.880613
-9,-11,14.212670
-48,4,48.166378
28,-32,42.520583
-15,-7,16.552945
14,2,14.142136
28,-2,28.071338
16,0,16.000000
7,11,13.038405
2,-18,18.110770
-9,-21,22.847319
-12,10,15.620499
25,-3,25.179357
-21,-1,21.023796
-14,-46,48.083261
-16,14,21.260292
18,2,18.110770
-6,24,24.738634
4,4,5.656854
-10,-26,27.856777
-28,-34,44.045431
-17,-27,31.906112
-11,17,20.248457
-12,-10,15.620499
-5,-41,41.303753
-23,31,38.600518
12,26,28.635642
44,-18,47.539457
-48,0,48.000000
-13,-45,46.840154
24,-10,26.000000
-1,37,37.013511
-9,-23,24.698178
-6,-34,34.525353
43,21,47.853944
45,-19,48.846699
1,-5,5.099020
64,-4,64.124878
24,-18,30.000000
-41,63,75.166482
18,-2,18.110770
21,9,22.847319
-16,-2,16.124515
-15,-3,15.297059
8,32,32.984845
-27,21,34.205263
-32,14,34.928498
-15,-15,21.213203
1,13,13.038405
-6,-6,8.485281
5,-5,7.071068
7,-43,43.566042
-12,-16,20.000000
32,-20,37.735925
-25,13,28.178006
-9,-9,12.727922
23,33,40.224371
-26,34,42.801869
15,3,15.297059
-32,22,38.832976
22,12,25.059928
16,14,21.260292
-13,-7,14.764823
45,31,54.644304
-16,-6,17.088007
26,70,74.672619
17,-5,17.720045
-20,-18,26.907248
23,13,26.419690
18,-4,18.439089
37,-11,38.600518
1,-15,15.033296
26,20,32.802439
-16,20,25.612497
-12,16,20.000000
-26,-14,29.529646
-4,6,7.211103
-15,-3,15.297059
35,-13,37.336309
41,-23,47.010637
-21,-7,22.135944
31,23,38.600518
-18,38,42.047592
-1,-9,9.055385
-10,22,24.166092
-16,-24,28.844410
7,-7,9.899495
-8,16,17.888544
-3,-7,7.615773
-31,35,46.754679
0,-12,12.000000
4,30,30.265492
-16,10,18.867962
-23,-3,23.194827
-31,11,32.893768
22,20,29.732137
4,-18,18.439089
6,-14,15.231546
2,-6,6.324555
38,-30,48.414874
-4,16,16.492423
1,-3,3.162278
-2,10,10.198039
13,19,23.021729
-9,19,21.023796
4,18,18.439089
22,-8,23.409400
23,-63,67.067131
-18,-16,24.083189
-6,-40,40.447497
-7,-21,22.135944
8,-30,31.048349
-21,-37,42.544095
11,7,13.038405
19,17,25.495098
25,-15,29.154759
-21,-29,35.805028
-31,15,34.438351
2,-10,10.198039
10,-16,18.867962
-27,27,38.183766
29,-5,29.427878
18,22,28.425341
-32,10,33.526109
9,-13,15.811388
2,0,2.000000
5,21,21.587033
21,-23,31.144823
-8,-18,19.697716
53,15,55.081757
-25,33,41.400483
1,37,37.013511
-20,32,37.735925
6,10,11.661904
11,-15,18.601075
18,50,53.141321
16,-28,32.249031
-28,14,31.304952
27,-13,29.966648
-16,-34,37.576588
39,57,69.065187
-20,18,26.907248
6,40,40.447497
13,31,33.615473
-41,-31,51.400389
10,6,11.661904
7,-1,7.071068
-5,-23,23.537205
15,-23,27.459060
23,-27,35.468296
-34,0,34.000000
14,-18,22.803509
-23,-25,33.970576
13,-23,26.419690
7,33,33.734256
-17,-23,28.600699
-47,1,47.010637
-18,-22,28.425341
15,13,19.849433
27,1,27.018512
14,-16,21.260292
8,-18,19.697716
0,32,32.000000
-25,3,25.179357
-25,-25,35.355339
-38,30,48.414874
-40,0,40.000000
1,-5,5.099020
-16,42,44.944410
-3,21,21.213203
-11,31,32.893768
-16,-6,17.088007
38,-12,39.849718
7,27,27.892651
-49,-1,49.010203
-7,-5,8.602325
11,-3,11.401754
14,4,14.560220
17,23,28.600699
12,32,34.176015
-19,-27,33.015148
24,20,31.240999
-25,-13,28.178006
35,9,36.138622
18,-22,28.425341
-16,50,52.497619
2,18,18.110770
2,0,2.000000
-1,-29,29.017236
37,-61,71.344236
-18,14,22.803509
8,48,48.662100
-19,-51,54.424259
-28,-18,33.286634
18,-12,21.633308
-8,16,17.888544
-17,29,33.615473
-6,-28,28.635642
8,-34,34.928498
-45,17,48.104054
7,-23,24.041631
-38,-52,64.404969
-36,-8,36.878178
-2,-18,18.110770
-16,-4,16.492423
6,0,6.000000
9,-1,9.055385
-19,7,20.248457
-3,-11,11.401754
-9,1,9.055385
22,-26,34.058773
-15,21,25.806976
20,-20,28.284271
-7,9,11.401754
-43,19,47.010637
-20,4,20.396078
-4,6,7.211103
8,4,8.944272
12,6,13.416408
5,-23,23.537205
-8,-34,34.928498
-49,3,49.091751
48,12,49.477268
25,9,26.570661
-34,18,38.470768
-22,12,25.059928
43,-37,56.727418
18,48,51.264022
-15,-3,15.297059
-9,45,45.891176
-22,10,24.166092
-37,-39,53.758720
-30,-6,30.594117
17,9,19.235384
-25,-11,27.313001
0,24,24.000000
-30,24,38.418745
-14,-8,16.124515
9,-9,12.727922
27,13,29.966648
-28,-12,30.463092
12,10,15.620499
-8,14,16.124515
-19,-5,19.646883
11,-23,25.495098
6,34,34.525353
9,1,9.055385
-6,6,8.485281
-6,8,10.000000
29,-15,32.649655
0,-20,20.000000
41,13,43.011626
-9,-3,9.486833
11,-27,29.154759
29,1,29.017236
20,-4,20.396078
-10,0,10.000000
3,-9,9.486833
3,-29,29.154759
-8,0,8.000000
1,-5,5.099020
10,-16,18.867962
7,-23,24.041631
4,4,5.656854
-14,0,14.000000
-8,14,16.124515
26,50,56.356011
-64,16,65.969690
28,-4,28.284271
-29,1,29.017236
4,8,8.944272
13,45,46.840154
-3,47,47.095647
-17,3,17.262677
1,-15,15.033296
-3,-11,11.401754
8,-8,11.313708
7,-9,11.401754
-38,30,48.414874
3,29,29.154759
16,-4,16.492423
4,8,8.944272
-18,-22,28.425341
-19,-11,21.954498
42,-8,42.755117
39,-23,45.276926
24,20,31.240999
-9,3,9.486833
-6,40,40.447497
-28,-6,28.635642
-11,7,13.038405
-5,-3,5.830952
13,-25,28.178006
-3,29,29.154759
-11,43,44.384682
-23,-5,23.537205
-9,9,12.727922
-32,30,43.863424
-1,3,3.162278
23,-53,57.775427
5,5,7.071068
19,-13,23.021729
-15,3,15.297059
1,5,5.099020
-25,-9,26.570661
-15,19,24.207437
11,-7,13.038405
-28,16,32.249031
-32,44,54.405882
27,-5,27.459060
-17,-43,46.238512
26,26,36.769553
14,32,34.928498
7,-27,27.892651
-19,-49,52.554733
2,-2,2.828427
33,-1,33.015148
-15,-15,21.213203
-3,-51,51.088159
43,-21,47.853944
1,-21,21.023796
2,24,24.083189
-39,-9,40.024992
-23,-1,23.021729
-16,12,20.000000
15,-27,30.886890
-13,11,17.029386
-16,4,16.492423
-34,14,36.769553
1,-3,3.162278
-36,20,41.182521
13,3,13.341664
-7,9,11.401754
13,-3,13.341664
-25,1,25.019992
5,13,13.928388
12,2,12.165525
11,-13,17.029386
-24,-4,24.331050
25,5,25.495098
14,-8,16.124515
30,36,46.861498
-32,-38,49.678969
23,29,37.013511
-5,-17,17.720045
-19,-23,29.832868
11,-1,11.045361
30,0,30.000000
38,-20,42.941821
39,-9,40.024992
-25,19,31.400637
1,71,71.007042
-12,6,13.416408
29,21,35.805028
1,13,13.038405
-24,-18,30.000000
0,0,0.000000
11,-19,21.954498
-16,-34,37.576588
-8,28,29.120440
20,20,28.284271
9,29,30.364453
13,-9,15.811388
-18,-38,42.047592
-22,-4,22.360680
-10,34,35.440090
-11,49,50.219518
14,60,61.611687
20,-8,21.540659
-10,-4,10.770330
24,-40,46.647615
33,25,41.400483
21,-5,21.587033
3,-11,11.401754
-16,14,21.260292
0,-8,8.000000
-3,33,33.136083
7,7,9.899495
-22,-26,34.058773
27,-27,38.183766
43,31,53.009433
-13,-3,13.341664
7,21,22.135944
-29,-15,32.649655
-13,-15,19.849433
37,1,37.013511
25,9,26.570661
1,5,5.099020
2,42,42.047592
-5,13,13.928388
22,-6,22.803509
0,48,48.000000
-30,-2,30.066593
-61,11,61.983869
11,9,14.212670
-54,30,61.773781
14,4,14.560220
-5,-31,31.400637
6,0,6.000000
-3,7,7.615773
-20,-26,32.802439
11,-53,54.129474
-28,24,36.878178
-30,-8,31.048349
-12,18,21.633308
34,26,42.801869
37,17,40.718546
7,-11,13.038405
-13,-39,41.109610
-4,14,14.560220
2,26,26.076810
3,-5,5.830952
21,-23,31.144823
6,6,8.485281
16,-26,30.528675
18,18,25.455844
22,-6,22.803509
-23,-7,24.041631
-15,15,21.213203
11,-9,14.212670
-49,-7,49.497475
54,-2,54.037024
19,-15,24.207437
12,4,12.649111
39,-29,48.600412
-20,0,20.000000
-22,20,29.732137
-34,0,34.000000
-59,31,66.648331
30,-24,38.418745
-4,-32,32.249031
36,44,56.850682
-5,7,8.602325
10,-48,49.030603
21,7,22.135944
4,6,7.211103
19,-25,31.400637
24,-60,64.621978
31,7,31.780497
4,-16,16.492423
5,-13,13.928388
-13,3,13.341664
10,28,29.732137
-21,-9,22.847319
-5,25,25.495098
21,11,23.706539
-12,50,51.419841
-40,2,40.049969
3,-31,31.144823
-35,5,35.355339
-26,30,39.698866
-24,14,27.784888
-34,-20,39.446166
-17,-43,46.238512
-1,-3,3.162278
-17,-35,38.910153
-24,12,26.832816
9,25,26.570661
-18,-44,47.539457
10,-8,12.806248
15,9,17.492856
26,-28,38.209946
31,-17,35.355339
-11,-39,40.521599
-8,4,8.944272
-34,0,34.000000
-35,39,52.402290
-34,-36,49.517674
-59,-11,60.016664
27,-33,42.638011
2,-6,6.324555
29,-7,29.832868
-15,1,15.033296
-27,-25,36.796739
9,27,28.460499
7,-19,20.248457
-21,-23,31.144823
-24,-18,30.000000
29,-17,33.615473
-36,-28,45.607017
10,-14,17.204651
-25,19,31.400637
5,-5,7.071068
-4,6,7.211103
17,9,19.235384
13,-19,23.021729
39,-9,40.024992
10,24,26.000000
-29,9,30.364453
-14,30,33.105891
10,20,22.360680
33,15,36.249138
-27,59,64.884513
-19,1,19.026298
17,39,42.544095
-12,-16,20.000000
-15,-7,16.552945
35,-1,35.014283
24,-4,24.331050
-33,9,34.205263
-15,-41,43.657760
19,33,38.078866
-36,-12,37.947332
-26,26,36.769553
24,-34,41.617304
6,-10,11.661904
20,-44,48.332184
-20,18,26.907248
-30,10,31.622777
-20,12,23.323808
17,-21,27.018512
-5,7,8.602325
23,35,41.880783
-6,2,6.324555
-13,1,13.038405
-11,1,11.045361
-10,34,35.440090
-22,-18,28.425341
11,-35,36.687873
23,-9,24.698178
10,-18,20.591260
-6,-20,20.880613
16,6,17.088007
42,-8,42.755117
-8,20,21.540659
20,0,20.000000
13,-25,28.178006
15,-35,38.078866
22,6,22.803509
-20,-10,22.360680
8,-38,38.832976
-14,10,17.204651
-12,26,28.635642
25,-1,25.019992
-4,2,4.472136
29,-27,39.623226
-21,21,29.698485
4,8,8.944272
-4,20,20.396078
40,-16,43.081318
-48,28,55.569776
0,2,2.000000
4,18,18.439089
-22,-20,29.732137
14,2,14.142136
64,38,74.431176
22,-14,26.076810
10,-8,12.806248
-13,11,17.029386
-2,8,8.246211
4,20,20.396078
7,-41,41.593269
-51,-1,51.009803
-5,-7,8.602325
-8,0,8.000000
-23,-13,26.419690
-18,-10,20.591260
44,26,51.107729
16,12,20.000000
-22,28,35.608988
-26,16,30.528675
-55,-35,65.192024
56,-38,67.675697
31,1,31.016125
25,-23,33.970576
-1,23,23.021729
13,-13,18.384776
22,-4,22.360680
-10,-12,15.620499
3,37,37.121422
-38,-22,43.908997
4,-14,14.560220
-4,46,46.173586
14,34,36.769553
8,16,17.888544
-42,28,50.477718
-14,-38,40.496913
56,-8,56.568542
13,9,15.811388
25,-21,32.649655
-17,-23,28.600699
20,44,48.332184
-3,37,37.121422
18,8,19.697716
24,2,24.083189
30,8,31.048349
1,-17,17.029386
20,-10,22.360680
11,-5,12.083046
-2,-14,14.142136
7,59,59.413803
-5,11,12.083046
40,16,43.081318
-19,15,24.207437
7,-13,14.764823
29,21,35.805028
21,15,25.806976
-29,-3,29.154759
36,-6,36.496575
-23,-1,23.021729
-1,1,1.414214
-19,35,39.824616
30,-28,41.036569
-4,36,36.221541
10,22,24.166092
20,-22,29.732137
-1,-17,17.029386
7,-15,16.552945
25,21,32.649655
-38,12,39.849718
-45,15,47.434165
42,-20,46.518813
15,-17,22.671568
-6,-16,17.088007
40,12,41.761226
-54,-10,54.918121
-8,4,8.944272
-56,-24,60.926185
14,-22,26.076810
2,-6,6.324555
1,33,33.015148
-18,6,18.973666
24,12,26.832816
15,39,41.785165
18,38,42.047592
-19,3,19.235384
25,11,27.313001
-35,-3,35.128336
-9,-17,19.235384
-16,6,17.088007
-21,-9,22.847319
-22,12,25.059928
11,-21,23.706539
10,36,37.363083
12,-22,25.059928
-37,-9,38.078866
4,36,36.221541
-16,-6,17.088007
9,7,11.401754
33,-27,42.638011
-25,-37,44.654227
-43,-1,43.011626
4,-2,4.472136
14,-20,24.413111
-29,19,34.669872
25,-3,25.179357
-37,-3,37.121422
-4,-30,30.265492
2,10,10.198039
-29,-25,38.288379
12,14,18.439089
-25,11,27.313001
-40,-26,47.707442
18,-34,38.470768
-9,-19,21.023796
6,32,32.557641
34,14,36.769553
20,12,23.323808
0,6,6.000000
-18,12,21.633308
10,26,27.856777
9,21,22.847319
-7,-19,20.248457
-16,26,30.528675
-13,1,13.038405
35,15,38.078866
-28,36,45.607017
-2,-42,42.047592
5,-7,8.602325
13,-39,41.109610
41,-11,42.449971
31,-19,36.359318
12,-6,13.416408
41,23,47.010637
79,-9,79.511006
-22,-18,28.425341
-8,-12,14.422205
0,-30,30.000000
7,-29,29.832868
8,-44,44.721360
18,22,28.425341
34,-4,34.234486
-18,-16,24.083189
-9,-5,10.295630
2,-10,10.198039
-3,13,13.341664
10,-22,24.166092
50,-30,58.309519
13,-1,13.038405
29,-13,31.780497
-43,-31,53.009433
3,11,11.401754
-42,38,56.639209
-25,13,28.178006
-7,9,11.401754
8,-18,19.697716
-23,11,25.495098
31,-11,32.893768
-9,-31,32.280025
-26,-6,26.683328
-39,-53,65.802736
-29,-7,29.832868
25,-7,25.961510
-15,17,22.671568
-14,2,14.142136
-38,-44,58.137767
-6,-26,26.683328
-10,-14,17.204651
41,-3,41.109610
25,-31,39.824616
-44,2,44.045431
7,23,24.041631
-19,15,24.207437
-17,-29,33.615473
13,19,23.021729
11,-27,29.154759
21,-15,25.806976
8,8,11.313708
13,23,26.419690
-26,46,52.839379
7,-11,13.038405
-42,20,46.518813
34,-12,36.055513
9,-9,12.727922
-50,6,50.358713
-13,-9,15.811388
30,-2,30.066593
-5,-3,5.830952
19,17,25.495098
-5,59,59.211485
7,49,49.497475
-3,-33,33.136083
0,-10,10.000000
-12,72,72.993150
12,-14,18.439089
21,3,21.213203
20,-20,28.284271
-19,13,23.021729
-43,-27,50.774009
27,-17,31.906112
4,8,8.944272
-14,10,17.204651
-12,20,23.323808
30,-14,33.105891
25,41,48.020829
4,-22,22.360680
17,49,51.865210
-19,-31,36.359318
-14,24,27.784888
-26,-6,26.683328
23,63,67.067131
-19,1,19.026298
26,-2,26.076810
-26,16,30.528675
33,9,34.205263
-1,13,13.038405
3,3,4.242641
-22,-4,22.360680
36,-16,39.395431
-49,-23,54.129474
55,23,59.615434
-8,64,64.498062
-7,7,9.899495
-36,6,36.496575
22,-6,22.803509
0,-8,8.000000
-12,24,26.832816
-5,-31,31.400637
4,-8,8.944272
7,-21,22.135944
3,-17,17.262677
-4,-34,34.234486
51,-31,59.682493
-19,-23,29.832868
11,5,12.083046
-26,-22,34.058773
30,-32,43.863424
-4,2,4.472136
-2,-8,8.246211
-4,14,14.560220
-26,-18,31.622777
10,-22,24.166092
-23,35,41.880783
-5,-7,8.602325
23,1,23.021729
-23,23,32.526912
23,5,23.537205
-26,20,32.802439
22,10,24.166092
-7,-11,13.038405
32,8,32.984845
5,-25,25.495098
-31,-7,31.780497
-7,5,8.602325
-1,15,15.033296
-2,4,4.472136
-15,7,16.552945
25,11,27.313001
38,-2,38.052595
29,11,31.016125
15,1,15.033296
-41,13,43.011626
-30,-2,30.066593
-33,9,34.205263
42,-2,42.047592
10,20,22.360680
17,-27,31.906112
-6,-4,7.211103
-30,48,56.603887
-15,-11,18.601075
11,-19,21.954498
-2,12,12.165525
-6,0,6.000000
25,-7,25.961510
-29,15,32.649655
10,16,18.867962
22,2,22.090722
7,13,14.764823
-20,-24,31.240999
23,11,25.495098
9,-13,15.811388
0,-2,2.000000
2,-34,34.058773
17,-71,73.006849
30,38,48.414874
37,-19,41.593269
-6,-22,22.803509
2,4,4.472136
62,38,72.718636
18,-22,28.425341
-6,-2,6.324555
-11,15,18.601075
8,-10,12.806248
-16,8,17.888544
15,27,30.886890
25,-45,51.478151
-26,28,38.209946
10,10,14.142136
-5,13,13.928388
-42,-20,46.518813
12,-22,25.059928
11,-15,18.601075
1,-9,9.055385
-32,-28,42.520583
-7,65,65.375837
-33,15,36.249138
-17,43,46.238512
-15,-5,15.811388
-22,-20,29.732137
30,-12,32.310989
-12,16,20.000000
-14,8,16.124515
2,6,6.324555
-16,14,21.260292
37,-3,37.121422
4,-6,7.211103
28,30,41.036569
26,-32,41.231056
23,19,29.832868
-30,2,30.066593
-18,2,18.110770
-7,-1,7.071068
-3,-5,5.830952
39,17,42.544095
-7,7,9.899495
21,-37,42.544095
-9,-3,9.486833
-6,-24,24.738634
-37,-29,47.010637
-17,27,31.906112
-29,13,31.780497
-2,-36,36.055513
15,11,18.601075
-13,19,23.021729
-37,-11,38.600518
-5,3,5.830952
10,-30,31.622777
-37,15,39.924930
-7,13,14.764823
-12,16,20.000000
10,4,10.770330
14,-10,17.204651
11,-7,13.038405
38,28,47.201695
-6,-22,22.803509
3,17,17.262677
-4,-8,8.944272
-13,-29,31.780497
-9,-15,17.492856
-4,-8,8.944272
5,-9,10.295630
3,-3,4.242641
-11,-9,14.212670
15,11,18.601075
33,5,33.376639
-8,32,32.984845
6,2,6.324555
21,3,21.213203
4,-36,36.221541
-17,61,63.324561
31,-7,31.780497
42,-20,46.518813
37,9,38.078866
-23,3,23.194827
-2,-24,24.083189
19,-27,33.015148
-1,33,33.015148
-39,-27,47.434165
14,-18,22.803509
10,0,10.000000
4,-22,22.360680
-17,23,28.600699
10,-14,17.204651
11,-9,14.212670
29,23,37.013511
-17,27,31.906112
35,-31,46.754679
-27,47,54.203321
11,-25,27.313001
8,18,19.697716
-23,3,23.194827
32,2,32.062439
33,31,45.276926
12,-8,14.422205
24,40,46.647615
-8,-22,23.409400
-24,-24,33.941125
4,-38,38.209946
41,-31,51.400389
46,28,53.851648
-27,-1,27.018512
-15,5,15.811388
22,-16,27.202941
22,34,40.496913
13,11,17.029386
39,33,51.088159
4,-48,48.166378
-6,-18,18.973666
-7,-1,7.071068
35,-17,38.910153
-18,-6,18.973666
-8,12,14.422205
4,4,5.656854
-24,-12,26.832816
-22,34,40.496913
-11,-7,13.038405
24,22,32.557641
-30,-32,43.863424
-5,11,12.083046
-21,-29,35.805028
-18,-10,20.591260
-9,25,26.570661
1,-13,13.038405
0,4,4.000000
-15,3,15.297059
40,8,40.792156
-19,3,19.235384
8,2,8.246211
-7,-11,13.038405
9,15,17.492856
-24,-10,26.000000
0,10,10.000000
-6,-2,6.324555
-14,10,17.204651
30,-10,31.622777
-4,12,12.649111
-12,8,14.422205
-17,37,40.718546
3,-7,7.615773
-2,-28,28.071338
-1,-39,39.012818
1,-17,17.029386
-29,-19,34.669872
20,-40,44.721360
-8,10,12.806248
15,25,29.154759
4,-16,16.492423
-10,16,18.867962
-30,-32,43.863424
-20,-6,20.880613
-20,-44,48.332184
42,0,42.000000
13,3,13.341664
0,-16,16.000000
-7,29,29.832868
11,1,11.045361
-15,25,29.154759
0,4,4.000000
-34,6,34.525353
7,-25,25.961510
-43,-37,56.727418
18,22,28.425341
12,24,26.832816
20,14,24.413111
-9,31,32.280025
23,-15,27.459060
-23,-1,23.021729
-22,-46,50.990195
13,-19,23.021729
16,-6,17.088007
2,-16,16.124515
-2,-14,14.142136
-14,14,19.798990
-11,19,21.954498
-3,-9,9.486833
12,14,18.439089
12,-28,30.463092
-16,-20,25.612497
-3,25,25.179357
-3,-15,15.297059
-26,16,30.528675
-12,-12,16.970563
21,1,21.023796
-9,3,9.486833
29,43,51.865210
-27,25,36.796739
-20,-8,21.540659
6,10,11.661904
-4,-10,10.770330
16,0,16.000000
-43,7,43.566042
-37,-1,37.013511
26,6,26.683328
0,24,24.000000
-18,-8,19.697716
3,-17,17.262677
24,12,26.832816
36,28,45.607017
6,-6,8.485281
59,25,64.078077
-41,-1,41.012193
-16,-4,16.492423
1,5,5.099020
8,6,10.000000
-29,29,41.012193
-3,-27,27.166155
21,11,23.706539
-10,-24,26.000000
-8,8,11.313708
-24,40,46.647615
23,-5,23.537205
-4,-28,28.284271
19,-27,33.015148
12,30,32.310989
13,1,13.038405
4,-2,4.472136
23,-3,23.194827
-2,10,10.198039
-32,4,32.249031
8,38,38.832976
15,15,21.213203
4,-14,14.560220
-14,12,18.439089
-16,-20,25.612497
25,-27,36.796739
27,11,29.154759
30,22,37.202150
21,-11,23.706539
13,3,13.341664
21,-29,35.805028
13,11,17.029386
16,-8,17.888544
-44,36,56.850682
37,9,38.078866
4,28,28.284271
4,-10,10.770330
2,-14,14.142136
21,23,31.144823
-50,-16,52.497619
-6,22,22.803509
-5,7,8.602325
11,9,14.212670
-10,22,24.166092
-12,-16,20.000000
-1,3,3.162278
33,29,43.931765
-39,15,41.785165
11,-3,11.401754
-32,22,38.832976
12,-30,32.310989
41,5,41.303753
-2,-6,6.324555
14,-10,17.204651
-15,-39,41.785165
-20,12,23.323808
-22,24,32.557641
-18,10,20.591260
24,0,24.000000
12,2,12.165525
7,29,29.832868
12,18,21.633308
43,5,43.289722
0,28,28.000000
10,-22,24.166092
-17,11,20.248457
-7,17,18.384776
-38,-14,40.496913
7,-19,20.248457
28,-14,31.304952
1,1,1.414214
30,2,30.066593
9,-1,9.055385
-31,-33,45.276926
-16,8,17.888544
-14,34,36.769553
10,-8,12.806248
2,28,28.071338
-6,-20,20.880613
-30,-20,36.055513
-17,-17,24.041631
-22,2,22.090722
-28,-18,33.286634
11,-29,31.016125
-38,-32,49.678969
-22,10,24.166092
-53,-7,53.460266
-9,29,30.364453
23,19,29.832868
26,0,26.000000
5,-25,25.495098
-6,24,24.738634
22,-8,23.409400
-12,-44,45.607017
14,-10,17.204651
28,-6,28.635642
13,7,14.764823
12,10,15.620499
13,-9,15.811388
-8,10,12.806248
2,-20,20.099751
30,20,36.055513
15,-15,21.213203
4,-42,42.190046
45,9,45.891176
-17,-23,28.600699
11,9,14.212670
-9,-5,10.295630
44,22,49.193496
-10,6,11.661904
-18,0,18.000000
-5,-5,7.071068
7,-29,29.832868
7,17,18.384776
35,-1,35.014283
16,4,16.492423
-24,-20,31.240999
-4,14,14.560220
-5,-53,53.235327
12,8,14.422205
-16,-8,17.888544
5,1,5.099020
-5,-23,23.537205
28,14,31.304952
17,-27,31.906112
-18,24,30.000000
9,-17,19.235384
17,-9,19.235384
-9,-43,43.931765
-39,-29,48.600412
-31,-5,31.400637
25,-3,25.179357
2,6,6.324555
-27,-1,27.018512
-8,-8,11.313708
-17,17,24.041631
-5,11,12.083046
-5,27,27.459060
-16,44,46.818800
-1,7,7.071068
-9,-31,32.280025
14,-28,31.304952
-10,8,12.806248
-24,-20,31.240999
3,-11,11.401754
6,4,7.211103
-32,6,32.557641
-8,42,42.755117
43,13,44.922155
-7,21,22.135944
7,13,14.764823
1,15,15.033296
25,17,30.232433
2,-32,32.062439
4,52,52.153619
-15,1,15.033296
47,-7,47.518417
-32,-8,32.984845
-4,-6,7.211103
-7,-15,16.552945
3,7,7.615773
-17,-15,22.671568
-18,2,18.110770
22,-14,26.076810
-14,-22,26.076810
-44,-10,45.122057
-14,-4,14.560220
-29,1,29.017236
38,-10,39.293765
-9,17,19.235384
-19,13,23.021729
5,33,33.376639
17,-1,17.029386
0,10,10.000000
-17,-11,20.248457
13,-7,14.764823
13,11,17.029386
11,17,20.248457
-11,15,18.601075
6,26,26.683328
14,12,18.439089
-21,-7,22.135944
-19,-21,28.319605
13,-21,24.698178
-9,33,34.205263
-16,26,30.528675
22,18,28.425341
-13,1,13.038405
-30,-56,63.529521
-13,-11,17.029386
10,18,20.591260
14,16,21.260292
36,-2,36.055513
10,8,12.806248
-6,-58,58.309519
-11,15,18.601075
-42,-4,42.190046
-6,-18,18.973666
21,-39,44.294469
12,12,16.970563
-3,-27,27.166155
-3,-7,7.615773
25,-15,29.154759
22,-22,31.112698
-33,1,33.015148
17,-23,28.600699
-25,11,27.313001
29,-19,34.669872
44,-30,53.254108
34,44,55.605755
-39,-17,42.544095
0,-28,28.000000
4,52,52.153619
-12,18,21.633308
31,41,51.400389
-66,0,66.000000
-26,24,35.383612
-24,30,38.418745
-5,-23,23.537205
-20,20,28.284271
11,-5,12.083046
14,4,14.560220
10,-4,10.770330
5,7,8.602325
-5,39,39.319207
37,-11,38.600518
-30,32,43.863424
7,21,22.135944
-12,-4,12.649111
-16,-14,21.260292
-5,-11,12.083046
-19,-5,19.646883
11,17,20.248457
16,38,41.231056
7,-39,39.623226
-20,-26,32.802439
-25,-5,25.495098
-2,28,28.071338
25,29,38.288379
-14,0,14.000000
41,-29,50.219518
-2,12,12.165525
25,5,25.495098
-29,-17,33.615473
11,-47,48.270074
19,17,25.495098
6,10,11.661904
29,11,31.016125
-26,-28,38.209946
-55,-27,61.269895
5,-23,23.537205
-29,-3,29.154759
5,21,21.587033
9,7,11.401754
12,30,32.310989
-7,-5,8.602325
-13,-1,13.038405
35,11,36.687873
-5,-1,5.099020
-16,-34,37.576588
-32,-32,45.254834
4,-10,10.770330
-2,-20,20.099751
1,-7,7.071068
-27,15,30.886890
5,-17,17.720045
5,-5,7.071068
-15,3,15.297059
7,21,22.135944
-19,21,28.319605
-14,18,22.803509
0,-8,8.000000
34,4,34.234486
-22,26,34.058773
31,-19,36.359318
-3,43,43.104524
9,-11,14.212670
22,-38,43.908997
9,5,10.295630
-20,-12,23.323808
6,16,17.088007
-11,-27,29.154759
12,14,18.439089
54,-36,64.899923
37,5,37.336309
-15,-37,39.924930
21,-11,23.706539
5,-5,7.071068
5,-5,7.071068
-28,6,28.635642
-15,3,15.297059
-19,1,19.026298
16,38,41.231056
-14,-22,26.076810
-12,-22,25.059928
22,10,24.166092
-20,0,20.000000
7,23,24.041631
6,-2,6.324555
-19,9,21.023796
-18,14,22.803509
-13,-5,13.928388
-17,21,27.018512
14,16,21.260292
-27,-21,34.205263
-9,-1,9.055385
36,-4,36.221541
-8,16,17.888544
16,2,16.124515
-20,-6,20.880613
-32,8,32.984845
32,-16,35.777088
-36,2,36.055513
-5,17,17.720045
-13,23,26.419690
-39,-23,45.276926
-51,21,55.154329
18,12,21.633308
10,-36,37.363083
-20,8,21.540659
32,-14,34.928498
-8,-6,10.000000
15,37,39.924930
3,27,27.166155
4,-46,46.173586
-7,-21,22.135944
-53,-7,53.460266
-12,16,20.000000
1,-11,11.045361
-49,17,51.865210
-2,-14,14.142136
-19,-15,24.207437
-4,-34,34.234486
-17,-9,19.235384
-8,-40,40.792156
3,-19,19.235384
-2,2,2.828427
-17,-41,44.384682
15,-31,34.438351
4,0,4.000000
10,-18,20.591260
18,2,18.110770
-25,-27,36.796739
5,-25,25.495098
42,-50,65.299311
4,8,8.944272
10,24,26.000000
-17,5,17.720045
-5,21,21.587033
-24,18,30.000000
0,30,30.000000
3,11,11.401754
-21,-5,21.587033
35,21,40.816663
23,-11,25.495098
-32,-6,32.557641
6,-24,24.738634
-26,-26,36.769553
-9,-5,10.295630
-10,26,27.856777
3,19,19.235384
-18,-22,28.425341
46,16,48.703183
34,-50,60.464866
20,-36,41.182521
18,-8,19.697716
37,17,40.718546
-1,13,13.038405
12,-10,15.620499
-5,23,23.537205
-30,-22,37.202150
-12,4,12.649111
-17,17,24.041631
-31,3,31.144823
-24,16,28.844410
-27,11,29.154759
20,42,46.518813
18,22,28.425341
33,-17,37.121422
-23,35,41.880783
7,-13,14.764823
8,-2,8.246211
46,-60,75.604233
-4,-2,4.472136
24,-18,30.000000
9,-17,19.235384
1,-15,15.033296
-21,9,22.847319
8,38,38.832976
2,-10,10.198039
-3,33,33.136083
-26,-22,34.058773
7,39,39.623226
11,-19,21.954498
-7,-23,24.041631
-16,0,16.000000
14,10,17.204651
5,-9,10.295630
20,-18,26.907248
-21,13,24.698178
0,4,4.000000
28,-18,33.286634
19,7,20.248457
-12,12,16.970563
8,34,34.928498
-25,27,36.796739
-4,2,4.472136
-14,14,19.798990
11,-7,13.038405
41,9,41.976184
-15,1,15.033296
-11,33,34.785054
-47,-17,49.979996
7,-5,8.602325
25,33,41.400483
-9,-15,17.492856
-49,3,49.091751
7,-7,9.899495
-28,20,34.409301
-10,-50,50.990195
27,-1,27.018512
-6,-6,8.485281
11,-21,23.706539
5,-15,15.811388
-36,4,36.221541
-24,-16,28.844410
20,-2,20.099751
-14,-16,21.260292
1,13,13.038405
26,36,44.407207
-10,0,10.000000
4,-16,16.492423
-25,33,41.400483
45,19,48.846699
-18,-6,18.973666
-20,20,28.284271
-7,17,18.384776
-3,-19,19.235384
-24,-14,27.784888
3,7,7.615773
-32,12,34.176015
16,-2,16.124515
17,-3,17.262677
17,-33,37.121422
-49,-27,55.946403
-18,-16,24.083189
4,40,40.199502
12,16,20.000000
9,5,10.295630
-2,-42,42.047592
16,-16,22.627417
7,19,20.248457
-2,-38,38.052595
-26,18,31.622777
-11,55,56.089215
-10,26,27.856777
-33,-21,39.115214
-20,-2,20.099751
19,9,21.023796
-18,-28,33.286634
-9,-43,43.931765
34,12,36.055513
-6,12,13.416408
38,46,59.665736
18,-42,45.694639
2,46,46.043458
26,28,38.209946
-22,48,52.801515
-19,21,28.319605
-19,-33,38.078866
-4,6,7.211103
-22,-30,37.202150
17,1,17.029386
-8,16,17.888544
27,-41,49.091751
14,4,14.560220
-23,-9,24.698178
-31,-1,31.016125
-9,23,24.698178
23,27,35.468296
-8,0,8.000000
16,24,28.844410
-10,8,12.806248
-10,-34,35.440090
-11,53,54.129474
-5,-3,5.830952
-2,48,48.041649
6,24,24.738634
6,-36,36.496575
32,18,36.715120
-34,-10,35.440090
14,-2,14.142136
20,6,20.880613
37,-17,40.718546
-3,1,3.162278
6,-34,34.525353
-7,29,29.832868
-33,15,36.249138
-7,15,16.552945
9,21,22.847319
6,12,13.416408
7,7,9.899495
8,-24,25.298221
-19,7,20.248457
33,-3,33.136083
5,-13,13.928388
23,15,27.459060
-27,-7,27.892651
39,-11,40.521599
0,2,2.000000
13,-7,14.764823
5,7,8.602325
-32,28,42.520583
18,38,42.047592
16,14,21.260292
0,-32,32.000000
-40,22,45.650849
-43,1,43.011626
11,-37,38.600518
0,-18,18.000000
-4,0,4.000000
-47,-21,51.478151
9,59,59.682493
-21,3,21.213203
-5,7,8.602325
34,-14,36.769553
32,40,51.224994
10,-40,41.231056
-13,-11,17.029386
-11,51,52.172790
-11,3,11.401754
30,18,34.985711
-15,13,19.849433
-32,40,51.224994
6,-4,7.211103
20,-8,21.540659
-53,-39,65.802736
-30,68,74.323617
-18,6,18.973666
-19,-15,24.207437
6,14,15.231546
0,36,36.000000
-37,15,39.924930
3,-47,47.095647
-5,51,51.244512
-5,-27,27.459060
-9,11,14.212670
-5,-27,27.459060
-8,-8,11.313708
-44,-20,48.332184
43,-1,43.011626
-9,41,41.976184
16,6,17.088007
18,-18,25.455844
10,-10,14.142136
0,0,0.000000
-16,20,25.612497
25,19,31.400637
-24,-6,24.738634
2,-30,30.066593
-1,23,23.021729
31,7,31.780497
46,0,46.000000
30,24,38.418745
5,43,43.289722
-5,-5,7.071068
5,-3,5.830952
-6,14,15.231546
1,-27,27.018512
-16,-4,16.492423
33,3,33.136083
9,7,11.401754
15,7,16.552945
5,-43,43.289722
28,22,35.608988
-10,0,10.000000
36,8,36.878178
-13,39,41.109610
-23,21,31.144823
21,17,27.018512
21,-17,27.018512
-32,-24,40.000000
28,-18,33.286634
7,-35,35.693137
-7,21,22.135944
25,13,28.178006
-17,3,17.262677
26,-6,26.683328
5,-31,31.400637
-17,-37,40.718546
14,-12,18.439089
21,-21,29.698485
1,19,19.026298
-2,-32,32.062439
5,23,23.537205
38,18,42.047592
-24,10,26.000000
34,-16,37.576588
-50,-4,50.159745
-13,-7,14.764823
-9,15,17.492856
13,-21,24.698178
-17,-19,25.495098
43,21,47.853944
5,13,13.928388
11,23,25.495098
15,-29,32.649655
29,1,29.017236
36,18,40.249224
-34,-14,36.769553
-40,46,60.959003
-1,11,11.045361
-10,-20,22.360680
8,-4,8.944272
18,32,36.715120
-32,-24,40.000000
10,46,47.074409
-9,17,19.235384
1,1,1.414214
-46,44,63.655322
-20,24,31.240999
-3,-1,3.162278
18,8,19.697716
22,34,40.496913
-4,-44,44.181444
-8,2,8.246211
-17,-11,20.248457
11,7,13.038405
18,-28,33.286634
-9,-29,30.364453
-18,-36,40.249224
-22,22,31.112698
-9,41,41.976184
18,4,18.439089
-5,19,19.646883
-8,4,8.944272
23,-3,23.194827
-1,13,13.038405
32,20,37.735925
43,53,68.249542
-20,8,21.540659
-27,19,33.015148
-32,-4,32.249031
7,-11,13.038405
-17,-1,17.029386
-3,-3,4.242641
-23,33,40.224371
-3,19,19.235384
-43,-27,50.774009
-28,4,28.284271
-22,-18,28.425341
-12,-12,16.970563
35,31,46.754679
-12,26,28.635642
5,-39,39.319207
4,-18,18.439089
14,-16,21.260292
-27,-1,27.018512
-9,-17,19.235384
31,-3,31.144823
42,-26,49.396356
24,-22,32.557641
-39,-27,47.434165
30,10,31.622777
-14,44,46.173586
4,0,4.000000
-13,-5,13.928388
0,-16,16.000000
-18,-52,55.027266
-5,-7,8.602325
19,-23,29.832868
39,5,39.319207
-4,-2,4.472136
-11,-5,12.083046
-64,40,75.471849
45,23,50.537115
15,41,43.657760
16,-18,24.083189
13,13,18.384776
15,-33,36.249138
-18,4,18.439089
9,-1,9.055385
5,13,13.928388
-37,7,37.656341
10,-6,11.661904
48,-18,51.264022
-6,10,11.661904
-30,2,30.066593
-18,-12,21.633308
-10,4,10.770330
-16,-24,28.844410
-8,14,16.124515
-49,-7,49.497475
-23,-15,27.459060
-3,19,19.235384
-38,-8,38.832976
10,-10,14.142136
-44,-20,48.332184
-29,9,30.364453
-9,-9,12.727922
-20,14,24.413111
16,4,16.492423
3,-3,4.242641
18,-12,21.633308
-3,-13,13.341664
6,8,10.000000
-9,47,47.853944
59,-3,59.076222
-20,-4,20.396078
-16,-4,16.492423
-22,10,24.166092
19,-31,36.359318
2,-8,8.246211
7,-31,31.780497
9,-23,24.698178
-26,6,26.683328
2,-12,12.165525
-8,-6,10.000000
-2,-6,6.324555
7,-1,7.071068
-19,-27,33.015148
-19,-33,38.078866
-2,44,44.045431
25,1,25.019992
2,-26,26.076810
-22,-34,40.496913
3,-25,25.179357
-20,-6,20.880613
-25,7,25.961510
-10,12,15.620499
4,-10,10.770330
-8,-14,16.124515
-17,-35,38.910153
-23,-5,23.537205
-7,5,8.602325
-49,9,49.819675
-10,-14,17.204651
-36,20,41.182521
33,7,33.734256
11,9,14.212670
-16,-4,16.492423
-4,10,10.770330
-29,25,38.288379
3,13,13.341664
-14,-20,24.413111
19,37,41.593269
0,60,60.000000
-15,-59,60.876925
-21,-5,21.587033
-6,-18,18.973666
10,-44,45.122057
14,28,31.304952
11,-13,17.029386
9,29,30.364453
32,12,34.176015
-8,0,8.000000
-9,-9,12.727922
29,11,31.016125
6,-16,17.088007
-28,30,41.036569
-45,-41,60.876925
8,-8,11.313708
-6,16,17.088007
15,19,24.207437
20,2,20.099751
7,-13,14.764823
11,-7,13.038405
15,27,30.886890
-7,-25,25.961510
11,1,11.045361
-45,21,49.658836
-12,18,21.633308
-11,-19,21.954498
29,-7,29.832868
-7,-9,11.401754
29,11,31.016125
5,-11,12.083046
-35,-13,37.336309
0,10,10.000000
43,13,44.922155
-32,-32,45.254834
-11,3,11.401754
-22,16,27.202941
6,-6,8.485281
14,-20,24.413111
6,-22,22.803509
-52,2,52.038447
-35,-25,43.011626
-16,14,21.260292
14,-12,18.439089
49,11,50.219518
-44,30,53.254108
24,-26,35.383612
-8,-2,8.246211
21,25,32.649655
-5,43,43.289722
32,-8,32.984845
-46,12,47.539457
4,-32,32.249031
3,-13,13.341664
-25,-13,28.178006
-33,-13,35.468296
17,-31,35.355339
-30,-14,33.105891
24,34,41.617304
-11,-37,38.600518
29,19,34.669872
-3,39,39.115214
-6,-12,13.416408
15,-35,38.078866
-12,4,12.649111
11,53,54.129474
28,30,41.036569
-28,14,31.304952
-2,-22,22.090722
4,-18,18.439089
13,7,14.764823
1,19,19.026298
-1,-1,1.414214
61,-29,67.542579
40,16,43.081318
11,15,18.601075
15,3,15.297059
-39,-7,39.623226
50,52,72.138755
26,60,65.391131
17,23,28.600699
13,-5,13.928388
-14,-8,16.124515
-26,4,26.305893
27,-5,27.459060
-20,-16,25.612497
-5,-3,5.830952
-13,7,14.764823
27,9,28.460499
-8,-28,29.120440
27,-21,34.205263
-1,-17,17.029386
27,-5,27.459060
25,1,25.019992
0,-50,50.000000
2,20,20.099751
-14,8,16.124515
0,24,24.000000
19,-5,19.646883
65,63,90.520716
2,10,10.198039
-34,10,35.440090
-7,9,11.401754
-33,13,35.468296
9,7,11.401754
24,-10,26.000000
2,-4,4.472136
-20,-6,20.880613
64,20,67.052218
-26,-20,32.802439
-10,-36,37.363083
15,-15,21.213203
-33,-49,59.076222
-3,11,11.401754
28,-18,33.286634
-5,-43,43.289722
7,-5,8.602325
51,-5,51.244512
25,-9,26.570661
-5,-19,19.646883
17,-11,20.248457
3,9,9.486833
-38,16,41.231056
-1,-1,1.414214
-1,-3,3.162278
59,43,73.006849
0,6,6.000000
-17,19,25.495098
-51,-5,51.244512
-50,2,50.039984
12,-2,12.165525
26,32,41.231056
18,0,18.000000
-11,-31,32.893768
20,50,53.851648
-13,-3,13.341664
7,21,22.135944
-10,-14,17.204651
7,5,8.602325
14,-2,14.142136
-2,4,4.472136
56,-44,71.217975
16,-26,30.528675
-24,20,31.240999
-14,0,14.000000
-38,-34,50.990195
59,9,59.682493
18,-10,20.591260
-14,14,19.798990
-22,0,22.000000
10,-22,24.166092
-1,-1,1.414214
-2,2,2.828427
9,-37,38.078866
28,-22,35.608988
-2,-8,8.246211
8,-8,11.313708
-26,0,26.000000
34,-32,46.690470
34,4,34.234486
-19,-19,26.870058
-23,43,48.764741
-43,-15,45.541190
-2,0,2.000000
-42,26,49.396356
-3,-1,3.162278
17,9,19.235384
0,-6,6.000000
-27,9,28.460499
8,36,36.878178
10,14,17.204651
16,-24,28.844410
15,-37,39.924930
-18,6,18.973666
20,-6,20.880613
47,23,52.325902
-8,14,16.124515
5,7,8.602325
-32,10,33.526109
10,-24,26.000000
26,22,34.058773
-4,14,14.560220
-13,19,23.021729
74,-24,77.794601
18,-14,22.803509
-7,3,7.615773
-1,-47,47.010637
-17,-39,42.544095
2,-36,36.055513
11,-1,11.045361
15,3,15.297059
13,31,33.615473
33,13,35.468296
-36,10,37.363083
-18,0,18.000000
7,5,8.602325
-5,-23,23.537205
-14,40,42.379240
1,-9,9.055385
3,5,5.830952
-14,14,19.798990
70,-10,70.710678
48,4,48.166378
34,36,49.517674
1,-5,5.099020
-10,0,10.000000
-19,-11,21.954498
10,26,27.856777
-38,20,42.941821
31,-5,31.400637
-11,-19,21.954498
-35,15,38.078866
3,-35,35.128336
10,10,14.142136
7,-39,39.623226
-25,-1,25.019992
-7,11,13.038405
-12,-4,12.649111
14,-10,17.204651
-14,30,33.105891
-15,3,15.297059
18,12,21.633308
9,-37,38.078866
-9,11,14.212670
-4,-12,12.649111
-15,-1,15.033296
37,-3,37.121422
13,5,13.928388
19,35,39.824616
-20,-20,28.284271
35,-43,55.443665
24,-28,36.878178
-46,-4,46.173586
-14,4,14.560220
-13,-55,56.515485
16,-8,17.888544
50,-22,54.626001
45,5,45.276926
0,-4,4.000000
27,11,29.154759
-11,-41,42.449971
-31,5,31.400637
-8,10,12.806248
4,26,26.305893
-34,-16,37.576588
-15,-3,15.297059
-9,-7,11.401754
21,19,28.319605
-7,1,7.071068
22,24,32.557641
5,9,10.295630
12,8,14.422205
39,-45,59.548300
-3,17,17.262677
-2,4,4.472136
-12,-26,28.635642
-24,-18,30.000000
-7,29,29.832868
12,-10,15.620499
40,-8,40.792156
39,-35,52.402290
4,44,44.181444
-25,-1,25.019992
34,-14,36.769553
4,4,5.656854
1,27,27.018512
29,-5,29.427878
23,1,23.021729
9,-27,28.460499
-8,-22,23.409400
-13,-15,19.849433
4,20,20.396078
33,-17,37.121422
-13,-1,13.038405
-13,-17,21.400935
16,56,58.240879
51,23,55.946403
-11,-19,21.954498
5,9,10.295630
13,13,18.384776
7,25,25.961510
12,32,34.176015
-14,-24,27.784888
10,16,18.867962
-7,29,29.832868
9,-3,9.486833
-27,13,29.966648
12,10,15.620499
14,6,15.231546
-26,6,26.683328
43,-9,43.931765
-19,-25,31.400637
10,6,11.661904
13,-25,28.178006
-18,44,47.539457
-31,23,38.600518
-6,-2,6.324555
-10,-14,17.204651
-4,-12,12.649111
-53,-1,53.009433
0,-10,10.000000
0,-24,24.000000
8,30,31.048349
1,-1,1.414214
-18,-6,18.973666
-5,-13,13.928388
37,29,47.010637
10,22,24.166092
-6,-14,15.231546
-39,-41,56.586217
25,5,25.495098
-27,-1,27.018512
2,-34,34.058773
0,26,26.000000
13,3,13.341664
-34,10,35.440090
-18,-8,19.697716
-9,1,9.055385
5,3,5.830952
-29,-7,29.832868
32,-20,37.735925
-12,2,12.165525
3,7,7.615773
28,-34,44.045431
-9,-27,28.460499
-19,-53,56.302753
-28,2,28.071338
-10,26,27.856777
39,17,42.544095
-8,42,42.755117
67,-17,69.123079
9,-17,19.235384
6,-34,34.525353
-10,0,10.000000
-21,1,21.023796
-33,27,42.638011
-3,35,35.128336
-14,2,14.142136
-10,0,10.000000
16,10,18.867962
36,14,38.626416
-28,-34,44.045431
32,14,34.928498
17,1,17.029386
-18,-2,18.110770
-49,-3,49.091751
4,-6,7.211103
19,17,25.495098
7,1,7.071068
-41,39,56.586217
23,35,41.880783
-24,8,25.298221
-19,-25,31.400637
-21,11,23.706539
-7,17,18.384776
-13,3,13.341664
20,-20,28.284271
-18,28,33.286634
-2,-26,26.076810
7,-23,24.041631
-17,21,27.018512
26,-56,61.741396
-23,33,40.224371
-4,18,18.439089
-4,6,7.211103
-18,10,20.591260
-39,-33,51.088159
-25,9,26.570661
-17,-23,28.600699
-15,-13,19.849433
-5,7,8.602325
23,-1,23.021729
35,19,39.824616
9,-3,9.486833
-10,14,17.204651
-3,13,13.341664
-13,35,37.336309
11,55,56.089215
43,-7,43.566042
-39,-29,48.600412
3,-7,7.615773
-12,6,13.416408
-13,17,21.400935
42,-2,42.047592
-7,-23,24.041631
18,-46,49.396356
34,-6,34.525353
14,-28,31.304952
-40,-12,41.761226
41,7,41.593269
-1,13,13.038405
-37,-39,53.758720
-15,-67,68.658576
-12,0,12.000000
-26,-22,34.058773
-22,-12,25.059928
19,23,29.832868
-36,8,36.878178
7,33,33.734256
-3,19,19.235384
3,7,7.615773
-6,14,15.231546
15,-19,24.207437
17,-53,55.659680
17,7,18.384776
-3,-25,25.179357
59,-23,63.324561
7,19,20.248457
5,3,5.830952
-2,-34,34.058773
25,25,35.355339
-8,-52,52.611786
-7,-3,7.615773
20,-16,25.612497
23,-49,54.129474
-46,-66,80.448741
5,19,19.646883
5,9,10.295630
-40,-10,41.231056
9,-9,12.727922
5,-17,17.720045
-4,8,8.944272
-12,-6,13.416408
41,-7,41.593269
14,24,27.784888
-25,-13,28.178006
-5,-3,5.830952
-29,-35,45.453273
12,12,16.970563
-5,9,10.295630
2,26,26.076810
-10,-18,20.591260
22,-16,27.202941
31,37,48.270074
-33,-11,34.785054
20,24,31.240999
-32,-14,34.928498
15,27,30.886890
43,-13,44.922155
-8,4,8.944272
13,33,35.468296
16,16,22.627417
2,6,6.324555
8,-4,8.944272
7,37,37.656341
-36,-40,53.814496
13,27,29.966648
46,46,65.053824
22,-10,24.166092
-14,-18,22.803509
21,17,27.018512
-36,6,36.496575
64,10,64.776539
35,-3,35.128336
70,14,71.386273
-21,-23,31.144823
17,-5,17.720045
-23,15,27.459060
-15,13,19.849433
19,-15,24.207437
9,-21,22.847319
-2,-8,8.246211
-11,-43,44.384682
-19,-33,38.078866
-33,-13,35.468296
0,6,6.000000
1,15,15.033296
-32,22,38.832976
52,-24,57.271284
-44,20,48.332184
17,-5,17.720045
-34,-28,44.045431
6,-2,6.324555
5,-25,25.495098
18,-46,49.396356
23,21,31.144823
34,18,38.470768
20,34,39.446166
29,23,37.013511
14,-30,33.105891
49,-31,57.982756
-29,11,31.016125
24,-38,44.944410
-11,-31,32.893768
-16,4,16.492423
-4,8,8.944272
-32,8,32.984845
48,8,48.662100
13,13,18.384776
3,17,17.262677
-14,-16,21.260292
-3,-31,31.144823
-1,1,1.414214
20,-28,34.409301
-1,-33,33.015148
-7,23,24.041631
37,-15,39.924930
16,2,16.124515
-11,21,23.706539
15,19,24.207437
-9,-3,9.486833
2,-2,2.828427
-14,0,14.000000
-9,61,61.660360
-28,-2,28.071338
16,-28,32.249031
-41,-29,50.219518
-7,-17,18.384776
29,-53,60.415230
-2,-14,14.142136
-12,32,34.176015
66,-42,78.230429
-7,15,16.552945
20,10,22.360680
20,6,20.880613
-19,-45,48.846699
26,-10,27.856777
5,25,25.495098
19,13,23.021729
17,-21,27.018512
22,18,28.425341
0,14,14.000000
38,-16,41.231056
36,-16,39.395431
-20,-50,53.851648
31,-33,45.276926
19,-5,19.646883
-37,49,61.400326
8,42,42.755117
-4,14,14.560220
-5,31,31.400637
0,-28,28.000000
-1,11,11.045361
-21,9,22.847319
19,-21,28.319605
23,-5,23.537205
9,23,24.698178
-10,10,14.142136
-24,0,24.000000
-27,45,52.478567
5,-11,12.083046
10,30,31.622777
-14,-18,22.803509
7,11,13.038405
-4,-44,44.181444
9,-5,10.295630
0,-12,12.000000
-24,-8,25.298221
-24,-16,28.844410
-23,-3,23.194827
53,27,59.481089
-22,16,27.202941
-2,-2,2.828427
5,3,5.830952
-5,19,19.646883
20,-28,34.409301
10,-32,33.526109
8,6,10.000000
-9,-17,19.235384
32,2,32.062439
12,16,20.000000
-31,1,31.016125
-39,5,39.319207
2,-4,4.472136
-4,-8,8.944272
-36,2,36.055513
33,29,43.931765
29,5,29.427878
-37,-1,37.013511
-19,47,50.695167
12,30,32.310989
-7,7,9.899495
4,-6,7.211103
45,-31,54.644304
-17,11,20.248457
-21,-25,32.649655
-13,17,21.400935
-1,-13,13.038405
11,19,21.954498
-5,9,10.295630
6,-10,11.661904
20,42,46.518813
11,9,14.212670
23,15,27.459060
-3,-29,29.154759
-23,19,29.832868
5,-7,8.602325
-13,-3,13.341664
-29,-19,34.669872
-7,-25,25.961510
-52,-26,58.137767
-13,-17,21.400935
46,22,50.990195
5,-3,5.830952
28,32,42.520583
61,-1,61.008196
-4,28,28.284271
16,-10,18.867962
9,-23,24.698178
11,-3,11.401754
11,29,31.016125
14,-22,26.076810
-2,22,22.090722
-26,-14,29.529646
-9,33,34.205263
7,-15,16.552945
16,6,17.088007
-16,6,17.088007
-54,-2,54.037024
-19,-17,25.495098
24,4,24.331050
6,10,11.661904
-40,-8,40.792156
-4,-12,12.649111
29,-11,31.016125
-10,0,10.000000
13,-15,19.849433
2,0,2.000000
-23,-13,26.419690
5,-19,19.646883
-11,11,15.556349
11,41,42.449971
-10,22,24.166092
9,-25,26.570661
15,-17,22.671568
-16,16,22.627417
-17,29,33.615473
-29,1,29.017236
28,10,29.732137
-14,6,15.231546
-10,-8,12.806248
-12,-18,21.633308
-6,-28,28.635642
8,6,10.000000
0,-20,20.000000
-16,2,16.124515
10,-4,10.770330
30,24,38.418745
-6,-10,11.661904
39,35,52.402290
7,19,20.248457
10,-38,39.293765
-25,15,29.154759
-32,6,32.557641
-4,0,4.000000
9,-15,17.492856
-17,-5,17.720045
-7,19,20.248457
-3,-17,17.262677
8,20,21.540659
-20,-6,20.880613
-12,22,25.059928
-9,-59,59.682493
-25,-13,28.178006
0,22,22.000000
36,24,43.266615
26,-24,35.383612
4,22,22.360680
13,19,23.021729
1,-11,11.045361
6,-14,15.231546
-14,-8,16.124515
-5,1,5.099020
-4,24,24.331050
-9,35,36.138622
-9,27,28.460499
19,-23,29.832868
9,1,9.055385
-1,1,1.414214
-18,0,18.000000
4,18,18.439089
-23,-33,40.224371
34,4,34.234486
-14,10,17.204651
-10,-26,27.856777
-9,37,38.078866
-33,21,39.115214
-18,-18,25.455844
2,-8,8.246211
-31,-1,31.016125
-37,-9,38.078866
6,0,6.000000
9,27,28.460499
20,-16,25.612497
-38,-24,44.944410
-16,12,20.000000
-2,-26,26.076810
26,16,30.528675
-40,-2,40.049969
9,-5,10.295630
-9,-1,9.055385
19,49,52.554733
12,16,20.000000
-19,35,39.824616
37,-1,37.013511
-17,-31,35.355339
10,16,18.867962
-1,-47,47.010637
19,15,24.207437
-8,18,19.697716
19,-3,19.235384
-21,-3,21.213203
-36,20,41.182521
48,-20,52.000000
-3,-17,17.262677
63,-13,64.327288
-5,5,7.071068
26,-8,27.202941
-11,5,12.083046
-11,1,11.045361
-17,23,28.600699
-7,-3,7.615773
30,-16,34.000000
-34,-22,40.496913
4,-4,5.656854
-5,-3,5.830952
-23,17,28.600699
-20,26,32.802439
-6,12,13.416408
33,5,33.376639
-22,-36,42.190046
-9,1,9.055385
-31,-39,49.819675
26,0,26.000000
-15,19,24.207437
-13,9,15.811388
39,-9,40.024992
1,3,3.162278
-20,-30,36.055513
4,6,7.211103
-19,3,19.235384
-17,-7,18.384776
45,-5,45.276926
23,-3,23.194827
-16,-16,22.627417
3,29,29.154759
-8,-50,50.635956
-21,-25,32.649655
10,-20,22.360680
6,-14,15.231546
2,40,40.049969
1,17,17.029386
0,-6,6.000000
6,30,30.594117
2,-18,18.110770
11,25,27.313001
34,38,50.990195
5,11,12.083046
-32,14,34.928498
15,-13,19.849433
-18,10,20.591260
40,-38,55.172457
-20,-40,44.721360
12,-26,28.635642
5,-21,21.587033
-13,-49,50.695167
6,-24,24.738634
18,-10,20.591260
-32,6,32.557641
-18,-22,28.425341
-13,-3,13.341664
32,-50,59.363288
-33,19,38.078866
1,21,21.023796
-42,40,58.000000
-7,3,7.615773
0,6,6.000000
18,-22,28.425341
11,-7,13.038405
-59,17,61.400326
-23,-3,23.194827
-15,-15,21.213203
50,0,50.000000
-3,-3,4.242641
-4,14,14.560220
26,56,61.741396
11,19,21.954498
-27,21,34.205263
7,1,7.071068
-9,-7,11.401754
-2,12,12.165525
12,8,14.422205
12,-26,28.635642
-4,-16,16.492423
-2,-4,4.472136
22,10,24.166092
-21,-29,35.805028
-1,23,23.021729
8,16,17.888544
-30,16,34.000000
0,-22,22.000000
6,10,11.661904
55,-63,83.630138
-16,-2,16.124515
19,3,19.235384
-10,-22,24.166092
-8,20,21.540659
15,19,24.207437
4,36,36.221541
-18,-8,19.697716
-37,15,39.924930
-21,3,21.213203
-1,19,19.026298
-1,-33,33.015148
13,-35,37.336309
-11,5,12.083046
-29,37,47.010637
-77,25,80.956779
-13,-27,29.966648
-25,35,43.011626
-4,-20,20.396078
7,17,18.384776
-37,-53,64.637450
-4,22,22.360680
-11,-27,29.154759
38,28,47.201695
11,7,13.038405
29,-1,29.017236
7,-7,9.899495
19,3,19.235384
39,13,41.109610
-24,4,24.331050
-15,-3,15.297059
22,-10,24.166092
-22,4,22.360680
-6,4,7.211103
-36,-4,36.221541
-7,1,7.071068
17,-7,18.384776
-27,5,27.459060
29,1,29.017236
22,14,26.076810
-33,1,33.015148
7,15,16.552945
4,-24,24.331050
31,17,35.355339
25,-43,49.739320
-2,-6,6.324555
-30,-4,30.265492
-30,26,39.698866
8,-28,29.120440
12,-2,12.165525
22,-24,32.557641
3,9,9.486833
29,-7,29.832868
-17,7,18.384776
-16,18,24.083189
15,5,15.811388
-3,-41,41.109610
-19,-3,19.235384
18,-12,21.633308
-7,51,51.478151
5,-29,29.427878
5,29,29.427878
15,5,15.811388
11,15,18.601075
-15,1,15.033296
53,-5,53.235327
0,4,4.000000
-25,-17,30.232433
-37,27,45.803930
-31,-65,72.013888
-5,9,10.295630
-27,-17,31.906112
-13,5,13.928388
19,13,23.021729
-23,-23,32.526912
13,-27,29.966648
-27,3,27.166155
28,-20,34.409301
-13,23,26.419690
-27,-1,27.018512
11,-27,29.154759
11,33,34.785054
33,7,33.734256
16,8,17.888544
8,-4,8.944272
36,-18,40.249224
-6,0,6.000000
-24,-6,24.738634
-38,10,39.293765
-17,5,17.720045
3,-23,23.194827
-10,14,17.204651
40,-28,48.826222
-8,28,29.120440
-16,14,21.260292
-1,9,9.055385
9,9,12.727922
-7,17,18.384776
32,4,32.249031
-10,-22,24.166092
8,-22,23.409400
2,-30,30.066593
25,-17,30.232433
9,21,22.847319
9,-31,32.280025
18,10,20.591260
39,25,46.324939
26,18,31.622777
32,-6,32.557641
-19,-27,33.015148
-5,1,5.099020
53,21,57.008771
-36,-10,37.363083
-3,1,3.162278
-14,20,24.413111
31,41,51.400389
21,-17,27.018512
44,14,46.173586
3,27,27.166155
-22,-22,31.112698
2,-16,16.124515
-13,-9,15.811388
39,-3,39.115214
17,1,17.029386
-7,3,7.615773
17,-7,18.384776
-9,-5,10.295630
31,-19,36.359318
21,53,57.008771
-5,15,15.811388
-30,24,38.418745
-24,-20,31.240999
-8,48,48.662100
5,-7,8.602325
0,6,6.000000
25,-43,49.739320
-16,24,28.844410
2,-30,30.066593
-6,12,13.416408
-3,11,11.401754
41,-1,41.012193
-40,-10,41.231056
-2,38,38.052595
23,-3,23.194827
-8,-12,14.422205
-9,-1,9.055385
-11,-51,52.172790
-10,32,33.526109
1,-27,27.018512
21,21,29.698485
5,-17,17.720045
23,9,24.698178
13,15,19.849433
-36,26,44.407207
-20,22,29.732137
4,-14,14.560220
22,-24,32.557641
11,3,11.401754
-1,-11,11.045361
-16,22,27.202941
-12,-28,30.463092
31,-5,31.400637
-55,19,58.189346
4,4,5.656854
-7,-5,8.602325
21,-35,40.816663
-12,28,30.463092
0,-16,16.000000
-14,-2,14.142136
-3,-21,21.213203
-12,-34,36.055513
4,-34,34.234486
16,14,21.260292
32,-14,34.928498
-7,15,16.552945
-28,8,29.120440
-36,-46,58.412327
4,-14,14.560220
28,-8,29.120440
29,9,30.364453
31,-47,56.302753
15,11,18.601075
-5,13,13.928388
-4,2,4.472136
8,-20,21.540659
3,-29,29.154759
21,5,21.587033
-34,-22,40.496913
19,-13,23.021729
-31,-9,32.280025
53,-15,55.081757
42,-10,43.174066
38,-34,50.990195
-14,18,22.803509
-18,2,18.110770
27,1,27.018512
7,-15,16.552945
-14,-46,48.083261
4,-6,7.211103
12,12,16.970563
-41,-23,47.010637
28,-36,45.607017
-15,3,15.297059
-5,-37,37.336309
-9,-11,14.212670
37,-3,37.121422
48,16,50.596443
48,-24,53.665631
-20,-22,29.732137
-9,1,9.055385
25,-43,49.739320
7,17,18.384776
3,13,13.341664
54,20,57.584720
10,24,26.000000
1,-17,17.029386
-24,12,26.832816
45,9,45.891176
0,14,14.000000
-39,47,61.073726
3,-31,31.144823
24,10,26.000000
-46,-50,67.941151
5,21,21.587033
3,9,9.486833
17,-29,33.615473
-26,8,27.202941
-27,55,61.269895
39,-5,39.319207
-1,-13,13.038405
13,-23,26.419690
3,21,21.213203
13,-41,43.011626
1,35,35.014283
-6,0,6.000000
-8,-32,32.984845
37,-37,52.325902
35,-21,40.816663
25,-5,25.495098
-11,33,34.785054
-24,20,31.240999
18,-12,21.633308
32,10,33.526109
30,10,31.622777
-13,9,15.811388
-2,-34,34.058773
-21,-15,25.806976
9,-33,34.205263
20,-38,42.941821
6,-24,24.738634
38,66,76.157731
-24,-54,59.093147
2,-4,4.472136
-4,14,14.560220
1,43,43.011626
-41,-23,47.010637
25,17,30.232433
-10,-20,22.360680
-12,14,18.439089
49,1,49.010203
20,18,26.907248
6,22,22.803509
28,30,41.036569
-6,38,38.470768
-22,-14,26.076810
13,31,33.615473
18,2,18.110770
3,21,21.213203
-15,-3,15.297059
-29,-25,38.288379
-2,8,8.246211
-19,-17,25.495098
7,-3,7.615773
-4,-8,8.944272
40,22,45.650849
-8,8,11.313708
-20,42,46.518813
-34,-12,36.055513
-8,0,8.000000
61,19,63.890531
-1,-33,33.015148
-25,9,26.570661
-7,23,24.041631
3,7,7.615773
8,-10,12.806248
23,57,61.465437
-5,27,27.459060
11,25,27.313001
5,-33,33.376639
4,30,30.265492
18,-2,18.110770
11,-29,31.016125
-6,4,7.211103
-25,-15,29.154759
-40,44,59.464275
-5,17,17.720045
-27,29,39.623226
2,-32,32.062439
-12,-44,45.607017
30,0,30.000000
13,-19,23.021729
32,-8,32.984845
25,-23,33.970576
31,17,35.355339
14,-8,16.124515
32,-4,32.249031
-4,-2,4.472136
30,-22,37.202150
18,-22,28.425341
2,-4,4.472136
18,-18,25.455844
-13,-21,24.698178
30,-22,37.202150
-52,-36,63.245553
0,-12,12.000000
-15,3,15.297059
-11,-33,34.785054
-13,17,21.400935
-25,11,27.313001
14,30,33.105891
-30,-14,33.105891
-26,-20,32.802439
-4,-8,8.944272
-17,5,17.720045
15,27,30.886890
-13,25,28.178006
-9,-7,11.401754
11,-5,12.083046
11,-27,29.154759
17,27,31.906112
20,-4,20.396078
8,-2,8.246211
23,7,24.041631
-5,-19,19.646883
19,-45,48.846699
-15,-13,19.849433
27,-5,27.459060
-11,3,11.401754
-29,-21,35.805028
-4,14,14.560220
11,-5,12.083046
-16,-20,25.612497
-27,-5,27.459060
1,17,17.029386
3,-33,33.136083
-33,19,38.078866
-13,5,13.928388
-17,19,25.495098
1,-49,49.010203
-21,-9,22.847319
10,0,10.000000
-19,-29,34.669872
0,16,16.000000
0,-14,14.000000
-15,19,24.207437
18,14,22.803509
22,-12,25.059928
-20,10,22.360680
32,14,34.928498
-25,-41,48.020829
-28,30,41.036569
-8,14,16.124515
35,9,36.138622
-5,-49,49.254441
-28,6,28.635642
8,40,40.792156
-8,-34,34.928498
-13,-3,13.341664
34,-50,60.464866
28,-4,28.284271
-2,6,6.324555
24,28,36.878178
-16,-4,16.492423
-30,12,32.310989
-10,0,10.000000
4,-24,24.331050
-2,-42,42.047592
-20,-18,26.907248
30,2,30.066593
31,-3,31.144823
-19,-5,19.646883
-54,-32,62.769419
1,15,15.033296
-34,28,44.045431
8,2,8.246211
-40,-16,43.081318
17,-43,46.238512
-43,7,43.566042
-3,3,4.242641
-13,49,50.695167
0,-18,18.000000
-11,21,23.706539
-17,-25,30.232433
2,-2,2.828427
-15,5,15.811388
-22,36,42.190046
-22,6,22.803509
18,30,34.985711
15,-9,17.492856
12,4,12.649111
4,-44,44.181444
-40,6,40.447497
1,-15,15.033296
12,56,57.271284
63,-23,67.067131
34,-2,34.058773
6,-24,24.738634
-19,9,21.023796
-11,-23,25.495098
-39,15,41.785165
-17,-5,17.720045
12,12,16.970563
-3,-17,17.262677
14,-38,40.496913
23,-11,25.495098
5,-21,21.587033
18,-20,26.907248
5,-25,25.495098
61,29,67.542579
-12,16,20.000000
14,-18,22.803509
34,6,34.525353
33,-9,34.205263
-3,-27,27.166155
12,36,37.947332
-43,-27,50.774009
23,-9,24.698178
16,12,20.000000
-43,1,43.011626
3,-9,9.486833
-25,3,25.179357
-3,-17,17.262677
-59,-29,65.741920
-46,-20,50.159745
0,38,38.000000
7,-27,27.892651
13,-39,41.109610
-41,-29,50.219518
26,36,44.407207
-12,-4,12.649111
2,8,8.246211
-23,-11,25.495098
-11,-31,32.893768
-25,19,31.400637
24,-6,24.738634
22,10,24.166092
19,-7,20.248457
17,-11,20.248457
-8,38,38.832976
3,27,27.166155
-4,-2,4.472136
42,38,56.639209
-14,18,22.803509
23,9,24.698178
-2,0,2.000000
28,62,68.029405
37,1,37.013511
26,18,31.622777
-13,17,21.400935
22,-14,26.076810
-26,4,26.305893
21,-33,39.115214
5,-7,8.602325
-1,-9,9.055385
-8,-32,32.984845
2,22,22.090722
2,-24,24.083189
-17,1,17.029386
21,-5,21.587033
6,22,22.803509
9,-13,15.811388
-1,27,27.018512
-25,13,28.178006
3,-23,23.194827
14,10,17.204651
20,-8,21.540659
-23,9,24.698178
-21,33,39.115214
15,21,25.806976
11,-15,18.601075
-9,-25,26.570661
13,-15,19.849433
-7,23,24.041631
-31,-17,35.355339
-6,26,26.683328
28,10,29.732137
26,-26,36.769553
3,19,19.235384
11,61,61.983869
-12,16,20.000000
21,-3,21.213203
0,-14,14.000000
14,4,14.560220
33,-23,40.224371
6,14,15.231546
-2,14,14.142136
-19,-29,34.669872
14,-52,53.851648
19,-49,52.554733
8,4,8.944272
32,-2,32.062439
-16,0,16.000000
1,7,7.071068
-16,4,16.492423
2,46,46.043458
2,20,20.099751
3,-9,9.486833
-44,-28,52.153619
13,-35,37.336309
-2,66,66.030296
-4,-18,18.439089
19,-3,19.235384
-35,3,35.128336
49,-15,51.244512
9,-5,10.295630
26,-24,35.383612
-9,-3,9.486833
-30,-26,39.698866
9,-15,17.492856
22,18,28.425341
33,25,41.400483
-28,20,34.409301
11,-27,29.154759
16,-16,22.627417
-15,27,30.886890
1,-19,19.026298
29,-9,30.364453
17,-3,17.262677
49,3,49.091751
-7,13,14.764823
26,12,28.635642
-20,2,20.099751
-22,14,26.076810
-9,19,21.023796
-38,26,46.043458
-3,-7,7.615773
-8,-8,11.313708
24,-4,24.331050
40,-44,59.464275
-32,-16,35.777088
0,8,8.000000
18,-6,18.973666
22,26,34.058773
18,-44,47.539457
9,-29,30.364453
12,-28,30.463092
18,30,34.985711
24,-16,28.844410
52,16,54.405882
10,24,26.000000
2,0,2.000000
24,-38,44.944410
3,-15,15.297059
20,30,36.055513
8,-4,8.944272
-12,38,39.849718
13,-9,15.811388
6,-18,18.973666
3,1,3.162278
11,-11,15.556349
23,-19,29.832868
-3,29,29.154759
-23,1,23.021729
12,42,43.680659
-31,23,38.600518
33,-1,33.015148
-38,-12,39.849718
13,-5,13.928388
25,-7,25.961510
-17,-7,18.384776
-23,5,23.537205
5,5,7.071068
-2,-26,26.076810
-34,-54,63.812225
7,-1,7.071068
-23,13,26.419690
-20,6,20.880613
36,-26,44.407207
-27,15,30.886890
25,-9,26.570661
-3,-3,4.242641
25,7,25.961510
-21,-15,25.806976
-7,-17,18.384776
35,3,35.128336
-26,-40,47.707442
13,23,26.419690
-8,8,11.313708
-6,-40,40.447497
-71,-3,71.063352
-14,26,29.529646
-44,12,45.607017
31,-59,66.648331
42,-14,44.271887
21,19,28.319605
17,9,19.235384
7,9,11.401754
-28,36,45.607017
28,4,28.284271
17,-23,28.600699
12,-26,28.635642
-4,28,28.284271
-6,8,10.000000
18,2,18.110770
-4,-16,16.492423
6,-16,17.088007
21,15,25.806976
-28,18,33.286634
-2,-26,26.076810
32,-46,56.035703
-44,-4,44.181444
15,5,15.811388
-11,-21,23.706539
-22,40,45.650849
-30,20,36.055513
-27,7,27.892651
4,-12,12.649111
1,-21,21.023796
-19,-1,19.026298
28,-12,30.463092
-32,-2,32.062439
0,16,16.000000
32,44,54.405882
-3,37,37.121422
-8,-16,17.888544
-13,-15,19.849433
13,7,14.764823
26,2,26.076810
24,-62,66.483081
32,20,37.735925
-6,-6,8.485281
-61,3,61.073726
8,40,40.792156
4,30,30.265492
32,34,46.690470
1,11,11.045361
-4,36,36.221541
-5,-7,8.602325
13,-35,37.336309
-21,1,21.023796
-16,30,34.000000
36,-36,50.911688
-8,-2,8.246211
5,-25,25.495098
1,-9,9.055385
20,14,24.413111
-19,3,19.235384
25,-27,36.796739
23,11,25.495098
-3,-7,7.615773
6,24,24.738634
14,12,18.439089
-31,-3,31.144823
-1,-25,25.019992
-12,18,21.633308
-9,15,17.492856
18,14,22.803509
-5,17,17.720045
-9,-19,21.023796
3,-13,13.341664
-7,-13,14.764823
18,2,18.110770
30,10,31.622777
-25,-9,26.570661
43,5,43.289722
10,18,20.591260
26,26,36.769553
25,-39,46.324939
-16,48,50.596443
5,-7,8.602325
7,23,24.041631
-18,-62,64.560050
-15,7,16.552945
-14,6,15.231546
24,10,26.000000
0,22,22.000000
-14,-34,36.769553
-29,11,31.016125
50,-16,52.497619
7,39,39.623226
19,-15,24.207437
-8,-10,12.806248
12,-12,16.970563
26,-2,26.076810
18,8,19.697716
26,-12,28.635642
33,-11,34.785054
12,18,21.633308
-39,-11,40.521599
-3,1,3.162278
41,1,41.012193
13,7,14.764823
34,-10,35.440090
-31,29,42.449971
-18,16,24.083189
-13,7,14.764823
21,17,27.018512
-2,-8,8.246211
25,19,31.400637
39,-11,40.521599
22,8,23.409400
-13,15,19.849433
13,15,19.849433
36,6,36.496575
-36,10,37.363083
0,4,4.000000
-59,-13,60.415230
17,23,28.600699
8,-12,14.422205
10,10,14.142136
-6,32,32.557641
-3,-21,21.213203
27,7,27.892651
2,-12,12.165525
17,-9,19.235384
-16,14,21.260292
-6,-8,10.000000
3,-7,7.615773
-46,8,46.690470
-18,0,18.000000
51,3,51.088159
15,-19,24.207437
7,-43,43.566042
9,-11,14.212670
12,14,18.439089
-17,33,37.121422
12,4,12.649111
14,44,46.173586
-15,-7,16.552945
10,24,26.000000
-5,33,33.376639
-9,-21,22.847319
-50,8,50.635956
-3,-27,27.166155
-14,-20,24.413111
10,2,10.198039
31,-3,31.144823
-2,20,20.099751
0,18,18.000000
4,8,8.944272
-33,-71,78.294317
-29,5,29.427878
-20,-10,22.360680
-19,1,19.026298
-5,-33,33.376639
-1,-17,17.029386
-22,32,38.832976
-33,5,33.376639
19,-23,29.832868
29,41,50.219518
-38,8,38.832976
-26,10,27.856777
9,-13,15.811388
17,-17,24.041631
22,16,27.202941
-34,-20,39.446166
-27,5,27.459060
6,-12,13.416408
-29,17,33.615473
-8,-18,19.697716
-18,20,26.907248
5,-11,12.083046
-55,13,56.515485
26,16,30.528675
13,9,15.811388
-11,21,23.706539
3,-13,13.341664
-39,-7,39.623226
28,-42,50.477718
15,17,22.671568
25,23,33.970576
11,35,36.687873
-16,-20,25.612497
-6,-18,18.973666
12,18,21.633308
4,-18,18.439089
-11,-29,31.016125
-27,9,28.460499
-5,15,15.811388
0,20,20.000000
-10,4,10.770330
-10,16,18.867962
-24,-10,26.000000
4,12,12.649111
8,-18,19.697716
18,10,20.591260
-21,17,27.018512
18,-28,33.286634
-12,26,28.635642
7,-21,22.135944
-20,-10,22.360680
8,-24,25.298221
47,-3,47.095647
-2,-6,6.324555
6,24,24.738634
-39,7,39.623226
5,-1,5.099020
6,-10,11.661904
23,-5,23.537205
-5,-33,33.376639
-8,-38,38.832976
-12,-22,25.059928
-33,-27,42.638011
17,-19,25.495098
13,-9,15.811388
-9,29,30.364453
6,40,40.447497
9,17,19.235384
-23,27,35.468296
8,-12,14.422205
49,-1,49.010203
-23,-45,50.537115
-4,20,20.396078
20,-24,31.240999
-16,14,21.260292
43,19,47.010637
22,56,60.166436
-7,3,7.615773
-27,31,41.109610
13,-21,24.698178
31,21,37.443290
0,-22,22.000000
-8,-10,12.806248
37,-29,47.010637
28,-14,31.304952
20,-32,37.735925
-10,26,27.856777
-6,8,10.000000
-36,58,68.264193
-35,-21,40.816663
-25,19,31.400637
24,38,44.944410
34,16,37.576588
-15,-33,36.249138
-1,23,23.021729
11,15,18.601075
-21,39,44.294469
21,-31,37.443290
-4,-20,20.396078
-2,22,22.090722
-72,-6,72.249567
18,-30,34.985711
15,-37,39.924930
25,13,28.178006
-21,5,21.587033
4,42,42.190046
41,-11,42.449971
12,20,23.323808
-19,15,24.207437
-12,-30,32.310989
-24,-8,25.298221
11,-25,27.313001
17,-13,21.400935
-18,-8,19.697716
14,-54,55.785303
-3,-23,23.194827
-4,12,12.649111
11,25,27.313001
-32,-8,32.984845
-5,-15,15.811388
3,7,7.615773
27,23,35.468296
7,-3,7.615773
14,14,19.798990
24,24,33.941125
32,30,43.863424
33,-3,33.136083
-31,23,38.600518
22,40,45.650849
-45,5,45.276926
-30,46,54.918121
-5,-1,5.099020
15,-19,24.207437
-4,36,36.221541
1,31,31.016125
-12,6,13.416408
-8,38,38.832976
2,52,52.038447
-34,44,55.605755
7,-13,14.764823
-17,-9,19.235384
19,-1,19.026298
18,-6,18.973666
15,-15,21.213203
-31,27,41.109610
-7,29,29.832868
4,-16,16.492423
25,-17,30.232433
2,-48,48.041649
2,-30,30.066593
0,-16,16.000000
30,14,33.105891
6,-6,8.485281
-10,-26,27.856777
21,-23,31.144823
39,1,39.012818
4,-12,12.649111
-10,26,27.856777
-8,4,8.944272
-14,-16,21.260292
-7,-31,31.780497
-31,13,33.615473
-9,39,40.024992
-30,10,31.622777
50,14,51.923020
0,22,22.000000
5,37,37.336309
4,-12,12.649111
23,-1,23.021729
12,-14,18.439089
5,-3,5.830952
-31,19,36.359318
5,15,15.811388
26,-30,39.698866
-14,4,14.560220
-32,18,36.715120
10,4,10.770330
-38,-14,40.496913
7,25,25.961510
5,7,8.602325
5,3,5.830952
18,-10,20.591260
-18,-32,36.715120
10,-2,10.198039
63,23,67.067131
-18,-12,21.633308
-29,1,29.017236
15,19,24.207437
-44,26,51.107729
-28,-34,44.045431
-23,1,23.021729
-26,28,38.209946
32,-28,42.520583
44,20,48.332184
21,11,23.706539
1,-29,29.017236
-2,-48,48.041649
37,5,37.336309
50,2,50.039984
38,6,38.470768
4,-10,10.770330
3,-19,19.235384
-8,14,16.124515
-5,23,23.537205
19,-15,24.207437
-13,-45,46.840154
20,6,20.880613
-19,23,29.832868
15,19,24.207437
-46,34,57.201399
17,-31,35.355339
-23,-27,35.468296
-10,18,20.591260
-26,18,31.622777
16,2,16.124515
34,-8,34.928498
30,-22,37.202150
-3,-11,11.401754
14,-38,40.496913
15,33,36.249138
30,-6,30.594117
-12,-8,14.422205
-4,10,10.770330
-8,44,44.721360
-14,20,24.413111
27,-13,29.966648
-6,-14,15.231546
-31,-45,54.644304
19,27,33.015148
-35,-51,61.854668
-28,-26,38.209946
26,44,51.107729
-6,-22,22.803509
1,-17,17.029386
-10,-26,27.856777
-11,1,11.045361
17,27,31.906112
15,19,24.207437
0,-4,4.000000
16,26,30.528675
-16,-12,20.000000
6,-42,42.426407
-2,-12,12.165525
49,31,57.982756
-15,19,24.207437
23,-11,25.495098
-47,21,51.478151
12,28,30.463092
-29,5,29.427878
-3,-5,5.830952
-7,-13,14.764823
14,14,19.798990
-2,14,14.142136
17,11,20.248457
-27,-19,33.015148
-1,11,11.045361
11,15,18.601075
-13,5,13.928388
-7,-5,8.602325
-2,-10,10.198039
-20,44,48.332184
55,33,64.140471
30,-34,45.343136
8,26,27.202941
13,23,26.419690
-16,6,17.088007
7,-21,22.135944
0,18,18.000000
1,7,7.071068
-18,4,18.439089
-17,9,19.235384
-13,29,31.780497
17,25,30.232433
10,14,17.204651
-24,-66,70.228199
3,31,31.144823
3,-7,7.615773
-14,-12,18.439089
-7,-1,7.071068
21,19,28.319605
-15,27,30.886890
6,-34,34.525353
-59,3,59.076222
10,2,10.198039
-1,-11,11.045361
35,11,36.687873
-9,1,9.055385
21,23,31.144823
6,16,17.088007
-5,-25,25.495098
24,-34,41.617304
-7,39,39.623226
-17,-35,38.910153
-32,30,43.863424
-1,-5,5.099020
22,-18,28.425341
-13,-23,26.419690
-15,39,41.785165
16,-16,22.627417
-33,9,34.205263
12,-16,20.000000
12,-44,45.607017
22,-18,28.425341
-26,-4,26.305893
3,-3,4.242641
33,19,38.078866
-14,-4,14.560220
-15,-17,22.671568
22,-2,22.090722
38,-30,48.414874
20,-56,59.464275
-32,8,32.984845
16,18,24.083189
6,12,13.416408
-12,22,25.059928
10,-16,18.867962
-18,-6,18.973666
1,11,11.045361
-30,-16,34.000000
10,-14,17.204651
-4,24,24.331050
-22,38,43.908997
23,-11,25.495098
11,-7,13.038405
9,-25,26.570661
24,-26,35.383612
29,-7,29.832868
13,13,18.384776
-22,-48,52.801515
-19,-51,54.424259
15,-5,15.811388
-30,-10,31.622777
-29,7,29.832868
-13,59,60.415230
-2,16,16.124515
19,47,50.695167
-17,23,28.600699
38,-4,38.209946
-38,-4,38.209946
3,-49,49.091751
-48,14,50.000000
-7,-1,7.071068
-13,-9,15.811388
7,-5,8.602325
7,-31,31.780497
5,9,10.295630
-9,-5,10.295630
1,-21,21.023796
22,10,24.166092
36,42,55.317267
-29,9,30.364453
5,25,25.495098
33,13,35.468296
6,-14,15.231546
3,-23,23.194827
-26,34,42.801869
-10,26,27.856777
13,-1,13.038405
-38,18,42.047592
41,-13,43.011626
-3,19,19.235384
12,-14,18.439089
-43,-25,49.739320
-41,5,41.303753
39,15,41.785165
5,-23,23.537205
10,-28,29.732137
18,-16,24.083189
22,6,22.803509
23,-47,52.325902
-20,-20,28.284271
-11,3,11.401754
24,-20,31.240999
-5,-1,5.099020
1,-13,13.038405
-8,30,31.048349
8,48,48.662100
-15,13,19.849433
31,17,35.355339
-33,27,42.638011
15,11,18.601075
20,2,20.099751
-3,11,11.401754
-40,-52,65.604878
-43,13,44.922155
31,25,39.824616
2,58,58.034473
28,10,29.732137
12,10,15.620499
-1,13,13.038405
-4,20,20.396078
9,31,32.280025
-7,51,51.478151
14,30,33.105891
6,-10,11.661904
-38,-12,39.849718
16,-14,21.260292
3,-13,13.341664
12,-48,49.477268
-1,-25,25.019992
7,-9,11.401754
-3,35,35.128336
-22,-2,22.090722
-45,7,45.541190
-42,18,45.694639
14,30,33.105891
-22,10,24.166092
36,22,42.190046
-12,2,12.165525
20,24,31.240999
-35,27,44.204072
-26,-4,26.305893
36,-26,44.407207
2,-6,6.324555
-21,-21,29.698485
-24,-2,24.083189
16,-8,17.888544
-30,-40,50.000000
18,-8,19.697716
-11,-29,31.016125
-10,26,27.856777
-23,29,37.013511
12,26,28.635642
11,25,27.313001
-13,17,21.400935
24,0,24.000000
12,8,14.422205
-25,-11,27.313001
-29,31,42.449971
14,22,26.076810
41,-9,41.976184
23,11,25.495098
-22,20,29.732137
9,-9,12.727922
0,56,56.000000
3,-17,17.262677
70,28,75.392307
66,-18,68.410526
12,14,18.439089
-33,-33,46.669048
-9,-21,22.847319
34,-14,36.769553
3,-3,4.242641
-15,-1,15.033296
10,-30,31.622777
0,-14,14.000000
20,20,28.284271
42,10,43.174066
-22,34,40.496913
-8,0,8.000000
21,1,21.023796
5,25,25.495098
7,-3,7.615773
3,-5,5.830952
6,22,22.803509
15,-19,24.207437
4,16,16.492423
-5,1,5.099020
5,-9,10.295630
-44,-38,58.137767
-46,2,46.043458
32,36,48.166378
-16,-6,17.088007
33,-17,37.121422
11,-11,15.556349
18,-2,18.110770
-7,-21,22.135944
-10,-20,22.360680
3,-51,51.088159
4,-44,44.181444
-10,-50,50.990195
-23,11,25.495098
8,18,19.697716
31,-9,32.280025
9,5,10.295630
9,1,9.055385
-30,8,31.048349
-23,-15,27.459060
-12,-6,13.416408
-28,6,28.635642
-3,-17,17.262677
-4,30,30.265492
-23,-9,24.698178
-8,14,16.124515
14,-8,16.124515
17,-3,17.262677
-7,-23,24.041631
2,-54,54.037024
-26,12,28.635642
-17,39,42.544095
-60,6,60.299254
-39,-5,39.319207
14,0,14.000000
26,-24,35.383612
8,20,21.540659
-16,8,17.888544
-15,-21,25.806976
3,7,7.615773
33,-57,65.863495
-5,7,8.602325
37,23,43.566042
6,14,15.231546
3,3,4.242641
-5,19,19.646883
21,7,22.135944
-2,-32,32.062439
21,53,57.008771
19,3,19.235384
13,-5,13.928388
21,35,40.816663
40,-2,40.049969
-16,46,48.703183
-45,43,62.241465
-19,-17,25.495098
22,-8,23.409400
1,23,23.021729
-9,1,9.055385
-18,34,38.470768
3,-29,29.154759
-22,8,23.409400
1,55,55.009090
8,-8,11.313708
15,-19,24.207437
-24,-8,25.298221
3,25,25.179357
18,-20,26.907248
-3,27,27.166155
14,-18,22.803509
-38,14,40.496913
-22,32,38.832976
-11,21,23.706539
-29,3,29.154759
31,13,33.615473
5,-15,15.811388
49,-9,49.819675
-1,-9,9.055385
32,-8,32.984845
16,22,27.202941
-19,-25,31.400637
-22,-12,25.059928
32,2,32.062439
18,4,18.439089
-23,9,24.698178
23,-21,31.144823
22,26,34.058773
-4,18,18.439089
24,10,26.000000
2,16,16.124515
-20,-10,22.360680
-8,-12,14.422205
17,7,18.384776
-13,13,18.384776
-14,12,18.439089
-34,-8,34.928498
11,9,14.212670
-2,16,16.124515
-2,-22,22.090722
-7,-5,8.602325
-16,-6,17.088007
26,-50,56.356011
39,9,40.024992
-3,35,35.128336
-12,-10,15.620499
5,-1,5.099020
42,36,55.317267
21,-13,24.698178
-45,33,55.803226
25,3,25.179357
-21,29,35.805028
20,-24,31.240999
27,-3,27.166155
36,12,37.947332
-5,-1,5.099020
-29,19,34.669872
15,11,18.601075
2,16,16.124515
-33,3,33.136083
17,19,25.495098
-31,-25,39.824616
-27,13,29.966648
3,-33,33.136083
-21,-19,28.319605
-19,-23,29.832868
-12,-52,53.366656
5,-1,5.099020
-6,-18,18.973666
16,-14,21.260292
19,17,25.495098
-27,-13,29.966648
-32,-30,43.863424
9,19,21.023796
-10,-20,22.360680
-9,11,14.212670
-15,13,19.849433
2,16,16.124515
-6,26,26.683328
-1,-51,51.009803
-28,8,29.120440
7,-27,27.892651
-48,34,58.821765
22,-2,22.090722
-3,19,19.235384
-31,17,35.355339
20,6,20.880613
1,29,29.017236
22,-8,23.409400
9,31,32.280025
-11,5,12.083046
5,5,7.071068
-8,2,8.246211
-10,-32,33.526109
-51,21,55.154329
0,34,34.000000
-7,1,7.071068
-22,12,25.059928
10,42,43.174066
34,-8,34.928498
-8,-40,40.792156
-28,-16,32.249031
2,-10,10.198039
-27,-9,28.460499
-3,-29,29.154759
6,30,30.594117
3,-11,11.401754
-12,-18,21.633308
-17,-9,19.235384
8,-16,17.888544
40,12,41.761226
-23,13,26.419690
-27,-13,29.966648
-18,-6,18.973666
17,5,17.720045
16,28,32.249031
19,27,33.015148
14,-4,14.560220
4,8,8.944272
-15,-3,15.297059
42,-12,43.680659
-6,-2,6.324555
-9,11,14.212670
15,-21,25.806976
-3,-19,19.235384
-6,16,17.088007
-37,9,38.078866
-3,-7,7.615773
1,-11,11.045361
16,20,25.612497
8,0,8.000000
-7,-39,39.623226
38,-8,38.832976
-53,-9,53.758720
15,3,15.297059
4,-18,18.439089
-13,5,13.928388
30,-12,32.310989
-6,4,7.211103
-22,-12,25.059928
24,26,35.383612
-26,-6,26.683328
-27,-15,30.886890
-38,22,43.908997
33,19,38.078866
-30,8,31.048349
59,-1,59.008474
5,33,33.376639
0,-18,18.000000
-16,-8,17.888544
-7,37,37.656341
29,-13,31.780497
21,25,32.649655
-11,23,25.495098
-37,-1,37.013511
31,-7,31.780497
-3,-5,5.830952
-41,-1,41.012193
-26,4,26.305893
37,21,42.544095
-34,-24,41.617304
2,-18,18.110770
34,10,35.440090
-27,29,39.623226
20,-2,20.099751
0,0,0.000000
-11,-27,29.154759
4,-16,16.492423
-8,-2,8.246211
-3,37,37.121422
-33,-7,33.734256
-19,9,21.023796
-19,-17,25.495098
-13,-27,29.966648
-42,12,43.680659
-18,-36,40.249224
18,30,34.985711
3,5,5.830952
-15,-9,17.492856
-32,0,32.000000
-6,-8,10.000000
37,3,37.121422
-3,1,3.162278
-20,16,25.612497
-3,-39,39.115214
27,-31,41.109610
5,-1,5.099020
16,-8,17.888544
-13,43,44.922155
-22,-12,25.059928
-2,6,6.324555
10,0,10.000000
30,8,31.048349
14,-10,17.204651
9,-31,32.280025
-6,-8,10.000000
21,3,21.213203
38,6,38.470768
-4,6,7.211103
-11,-21,23.706539
17,-9,19.235384
27,27,38.183766
-12,10,15.620499
22,6,22.803509
5,5,7.071068
0,-62,62.000000
19,-13,23.021729
-8,-18,19.697716
-4,-30,30.265492
11,1,11.045361
22,-8,23.409400
29,-3,29.154759
-11,29,31.016125
16,-10,18.867962
-14,-16,21.260292
-4,-4,5.656854
25,-5,25.495098
-32,-14,34.928498
16,22,27.202941
-7,19,20.248457
-19,9,21.023796
34,6,34.525353
48,4,48.166378
-1,43,43.011626
4,-8,8.944272
-2,6,6.324555
-8,-18,19.697716
-5,3,5.830952
-23,7,24.041631
25,-11,27.313001
23,-1,23.021729
-34,-6,34.525353
5,27,27.459060
-8,-36,36.878178
-36,-20,41.182521
-17,15,22.671568
1,-15,15.033296
-17,5,17.720045
8,-16,17.888544
52,-24,57.271284
-19,15,24.207437
-13,19,23.021729
13,-21,24.698178
29,-29,41.012193
18,26,31.622777
-17,59,61.400326
-22,4,22.360680
-16,10,18.867962
33,23,40.224371
-19,35,39.824616
12,-12,16.970563
-59,-19,61.983869
-8,-38,38.832976
11,-13,17.029386
-13,19,23.021729
16,-20,25.612497
-5,-9,10.295630
-19,11,21.954498
-9,-15,17.492856
40,10,41.231056
53,-7,53.460266
48,-22,52.801515
6,-24,24.738634
32,-16,35.777088
-12,-30,32.310989
-8,-4,8.944272
-2,-18,18.110770
-11,-13,17.029386
23,-31,38.600518
24,-14,27.784888
-20,2,20.099751
38,24,44.944410
-25,41,48.020829
28,-2,28.071338
2,-4,4.472136
-31,31,43.840620
-3,-9,9.486833
38,24,44.944410
-39,-5,39.319207
-42,2,42.047592
11,-25,27.313001
28,-4,28.284271
-21,29,35.805028
-46,-12,47.539457
7,19,20.248457
4,10,10.770330
36,-6,36.496575
-42,-2,42.047592
-30,24,38.418745
-16,-12,20.000000
29,-27,39.623226
1,17,17.029386
53,-3,53.084838
-2,-22,22.090722
-22,12,25.059928
24,30,38.418745
-23,-7,24.041631
-13,-15,19.849433
13,-39,41.109610
4,-26,26.305893
29,3,29.154759
5,-29,29.427878
10,-4,10.770330
23,5,23.537205
-7,-11,13.038405
17,3,17.262677
-1,7,7.071068
8,-16,17.888544
-21,-5,21.587033
-24,-12,26.832816
10,4,10.770330
-24,-28,36.878178
50,2,50.039984
11,-9,14.212670
4,4,5.656854
41,-7,41.593269
5,-27,27.459060
-29,9,30.364453
-7,5,8.602325
12,10,15.620499
-9,-13,15.811388
-51,1,51.009803
-3,-3,4.242641
-30,-20,36.055513
-27,-13,29.966648
4,-24,24.331050
50,2,50.039984
4,-38,38.209946
5,7,8.602325
-13,-3,13.341664
20,-12,23.323808
9,11,14.212670
-7,25,25.961510
-26,12,28.635642
30,10,31.622777
-11,-5,12.083046
42,22,47.413078
0,14,14.000000
-29,7,29.832868
30,-42,51.613952
-2,-2,2.828427
31,-39,49.819675
-15,29,32.649655
-28,34,44.045431
24,24,33.941125
-15,-15,21.213203
17,-51,53.758720
-14,-12,18.439089
32,-8,32.984845
-33,7,33.734256
28,24,36.878178
34,-20,39.446166
0,-6,6.000000
1,27,27.018512
16,-4,16.492423
16,-24,28.844410
-12,14,18.439089
-38,10,39.293765
9,-5,10.295630
-13,-21,24.698178
40,-8,40.792156
-13,-35,37.336309
8,-12,14.422205
22,-4,22.360680
8,20,21.540659
4,6,7.211103
24,0,24.000000
10,12,15.620499
-8,2,8.246211
5,27,27.459060
-8,-20,21.540659
-23,-1,23.021729
-3,-21,21.213203
-3,-3,4.242641
4,26,26.305893
-8,8,11.313708
31,-17,35.355339
-22,-18,28.425341
36,-14,38.626416
11,9,14.212670
18,2,18.110770
13,-3,13.341664
-3,-3,4.242641
-6,36,36.496575
17,1,17.029386
27,-25,36.796739
3,41,41.109610
-22,12,25.059928
12,-38,39.849718
7,-31,31.780497
22,12,25.059928
12,16,20.000000
14,4,14.560220
-53,-25,58.600341
-8,46,46.690470
-10,-4,10.770330
-36,-12,37.947332
33,11,34.785054
-12,-22,25.059928
25,-13,28.178006
-11,3,11.401754
-7,1,7.071068
-5,-37,37.336309
-12,6,13.416408
42,28,50.477718
24,-18,30.000000
49,-11,50.219518
11,-11,15.556349
-22,-22,31.112698
-10,8,12.806248
11,-3,11.401754
-5,31,31.400637
1,3,3.162278
-29,-15,32.649655
1,-27,27.018512
14,-10,17.204651
18,-6,18.973666
13,-1,13.038405
30,-8,31.048349
10,0,10.000000
-6,44,44.407207
22,28,35.608988
-29,23,37.013511
-37,-39,53.758720
10,32,33.526109
-2,16,16.124515
-7,-17,18.384776
-13,17,21.400935
25,67,71.512237
-16,-48,50.596443
-6,10,11.661904
7,-5,8.602325
-5,-15,15.811388
1,1,1.414214
0,-2,2.000000
32,-2,32.062439
-17,-21,27.018512
-16,-28,32.249031
32,-2,32.062439
19,-7,20.248457
37,-11,38.600518
29,-17,33.615473
-9,-33,34.205263
-17,35,38.910153
11,-15,18.601075
23,-9,24.698178
20,-8,21.540659
20,38,42.941821
-19,29,34.669872
23,9,24.698178
-5,-41,41.303753
-1,-13,13.038405
6,-18,18.973666
19,31,36.359318
10,2,10.198039
12,28,30.463092
-5,-3,5.830952
3,-1,3.162278
-11,-21,23.706539
-9,-7,11.401754
-2,-38,38.052595
-11,27,29.154759
15,15,21.213203
9,-11,14.212670
-26,-16,30.528675
-29,57,63.953108
13,-9,15.811388
15,47,49.335586
-3,3,4.242641
-9,23,24.698178
-3,5,5.830952
-11,25,27.313001
3,-35,35.128336
6,-46,46.389654
-6,-16,17.088007
-8,-26,27.202941
8,-18,19.697716
0,-18,18.000000
13,-5,13.928388
4,-2,4.472136
-11,-35,36.687873
-18,10,20.591260
7,-11,13.038405
-52,-28,59.059292
-30,10,31.622777
-2,-4,4.472136
10,6,11.661904
46,6,46.389654
-13,-1,13.038405
19,-17,25.495098
10,-6,11.661904
3,1,3.162278
-20,-4,20.396078
8,-12,14.422205
-14,-38,40.496913
-9,-29,30.364453
2,-44,44.045431
-5,-1,5.099020
28,-26,38.209946
30,38,48.414874
21,15,25.806976
9,-13,15.811388
12,10,15.620499
34,-4,34.234486
-6,20,20.880613
35,9,36.138622
-39,23,45.276926
31,9,32.280025
-2,54,54.037024
-8,-2,8.246211
-27,-29,39.623226
26,6,26.683328
11,9,14.212670
9,21,22.847319
-32,-28,42.520583
-4,-8,8.944272
-13,-9,15.811388
-27,5,27.459060
-20,14,24.413111
37,-25,44.654227
-23,-43,48.764741
-26,-30,39.698866
-17,65,67.186308
22,-8,23.409400
0,-10,10.000000
-15,9,17.492856
5,-23,23.537205
-20,0,20.000000
38,-24,44.944410
21,17,27.018512
-24,-18,30.000000
-12,-4,12.649111
45,1,45.011110
0,12,12.000000
-28,-20,34.409301
10,-12,15.620499
34,32,46.690470
-38,38,53.740115
34,-10,35.440090
-12,-2,12.165525
0,12,12.000000
7,-39,39.623226
-19,19,26.870058
-32,8,32.984845
14,56,57.723479
21,21,29.698485
38,0,38.000000
11,23,25.495098
4,-16,16.492423
11,-29,31.016125
20,-10,22.360680
8,-24,25.298221
15,-15,21.213203
9,7,11.401754
5,-17,17.720045
4,24,24.331050
30,-18,34.985711
27,-45,52.478567
24,-6,24.738634
-1,-5,5.099020
-1,3,3.162278
-9,49,49.819675
-18,22,28.425341
10,-42,43.174066
37,-15,39.924930
-5,-37,37.336309
25,-23,33.970576
3,-35,35.128336
-4,12,12.649111
12,18,21.633308
-1,-7,7.071068
4,8,8.944272
31,-23,38.600518
-12,-16,20.000000
-28,2,28.071338
-11,-21,23.706539
-18,42,45.694639
25,-25,35.355339
-6,-16,17.088007
-28,-8,29.120440
3,7,7.615773
23,-21,31.144823
-23,-15,27.459060
-25,-3,25.179357
-18,-20,26.907248
25,33,41.400483
-3,25,25.179357
27,19,33.015148
-64,28,69.856997
21,-35,40.816663
0,-28,28.000000
-2,-20,20.099751
-21,-25,32.649655
-10,-14,17.204651
-7,7,9.899495
1,33,33.015148
5,13,13.928388
-7,-15,16.552945
18,-10,20.591260
-20,-6,20.880613
3,-3,4.242641
-3,7,7.615773
7,11,13.038405
-50,-38,62.801274
-42,-10,43.174066
-3,-23,23.194827
-22,0,22.000000
25,19,31.400637
-20,16,25.612497
-15,-37,39.924930
2,6,6.324555
-2,-14,14.142136
-13,-11,17.029386
-51,11,52.172790
20,-8,21.540659
9,-27,28.460499
2,-32,32.062439
1,-15,15.033296
-6,-16,17.088007
25,1,25.019992
5,-1,5.099020
-52,-50,72.138755
-5,25,25.495098
-20,-12,23.323808
-18,-6,18.973666
-8,28,29.120440
-8,-20,21.540659
12,-16,20.000000
-36,16,39.395431
-16,-12,20.000000
-33,27,42.638011
17,-21,27.018512
23,3,23.194827
-9,1,9.055385
-3,-19,19.235384
-10,-40,41.231056
-2,20,20.099751
10,8,12.806248
5,-1,5.099020
38,-10,39.293765
16,10,18.867962
-24,-8,25.298221
23,9,24.698178
23,1,23.021729
46,32,56.035703
-55,17,57.567352
5,7,8.602325
-11,19,21.954498
-30,8,31.048349
26,0,26.000000
-8,30,31.048349
0,-2,2.000000
46,-42,62.289646
15,-11,18.601075
7,3,7.615773
-15,-5,15.811388
-12,30,32.310989
-12,-8,14.422205
-18,10,20.591260
4,-30,30.265492
-11,-3,11.401754
2,-54,54.037024
40,4,40.199502
24,-16,28.844410
16,8,17.888544
-6,-18,18.973666
-6,-22,22.803509
19,5,19.646883
-15,-37,39.924930
6,-6,8.485281
-33,-9,34.205263
6,-2,6.324555
-11,17,20.248457
16,-38,41.231056
-4,18,18.439089
25,-7,25.961510
5,7,8.602325
-56,34,65.513357
-28,28,39.597980
-18,10,20.591260
-22,0,22.000000
-10,2,10.198039
18,-8,19.697716
11,-25,27.313001
-32,-18,36.715120
-6,-24,24.738634
9,1,9.055385
-36,30,46.861498
-1,21,21.023796
-20,-8,21.540659
-27,41,49.091751
34,-18,38.470768
-6,38,38.470768
3,9,9.486833
-15,-31,34.438351
5,-21,21.587033
-27,-11,29.154759
21,29,35.805028
-44,-22,49.193496
-7,15,16.552945
-41,-61,73.498299
-8,32,32.984845
23,-35,41.880783
-38,8,38.832976
1,19,19.026298
17,-3,17.262677
-2,28,28.071338
-25,-19,31.400637
-3,-15,15.297059
19,-1,19.026298
-8,56,56.568542
-13,5,13.928388
36,8,36.878178
47,13,48.764741
73,-17,74.953319
-1,77,77.006493
-25,9,26.570661
-2,-30,30.066593
-16,34,37.576588
-51,-37,63.007936
38,0,38.000000
11,11,15.556349
-21,17,27.018512
8,-8,11.313708
-25,41,48.020829
-14,-14,19.798990
38,18,42.047592
-5,-29,29.427878
-23,9,24.698178
-21,5,21.587033
31,-47,56.302753
-13,57,58.463664
0,18,18.000000
-25,7,25.961510
5,3,5.830952
-10,30,31.622777
-3,9,9.486833
8,-10,12.806248
-11,15,18.601075
-19,-9,21.023796
-4,-14,14.560220
-17,-3,17.262677
-6,30,30.594117
-21,3,21.213203
-13,-21,24.698178
-31,-39,49.819675
-26,-32,41.231056
10,14,17.204651
-15,23,27.459060
7,-33,33.734256
20,-14,24.413111
-6,22,22.803509
2,12,12.165525
1,55,55.009090
9,-15,17.492856
9,-17,19.235384
20,-38,42.941821
-4,-8,8.944272
-44,18,47.539457
21,13,24.698178
8,-26,27.202941
-9,17,19.235384
29,3,29.154759
-33,11,34.785054
-27,7,27.892651
39,-7,39.623226
-24,6,24.738634
4,26,26.305893
24,-12,26.832816
-2,-2,2.828427
1,-35,35.014283
38,-6,38.470768
2,-18,18.110770
17,7,18.384776
13,-5,13.928388
-5,5,7.071068
-18,6,18.973666
22,20,29.732137
-18,10,20.591260
49,-37,61.400326
-43,-13,44.922155
-9,-41,41.976184
2,36,36.055513
3,-17,17.262677
7,25,25.961510
19,-9,21.023796
31,3,31.144823
-24,-2,24.083189
-1,-11,11.045361
40,42,58.000000
27,-11,29.154759
-11,35,36.687873
-28,-24,36.878178
22,26,34.058773
21,-27,34.205263
-17,-13,21.400935
22,-46,50.990195
-24,20,31.240999
-9,21,22.847319
10,-8,12.806248
-42,20,46.518813
15,-23,27.459060
40,-6,40.447497
9,13,15.811388
8,0,8.000000
-4,-10,10.770330
19,1,19.026298
13,-29,31.780497
-29,29,41.012193
47,35,58.600341
-4,8,8.944272
18,-20,26.907248
54,-6,54.332311
-43,13,44.922155
5,37,37.336309
-27,-17,31.906112
1,1,1.414214
18,4,18.439089
-29,-13,31.780497
-18,-16,24.083189
26,-28,38.209946
-14,-40,42.379240
-12,-26,28.635642
13,27,29.966648
-65,-19,67.720012
-17,27,31.906112
0,2,2.000000
4,28,28.284271
12,-12,16.970563
5,3,5.830952
16,-24,28.844410
34,18,38.470768
33,29,43.931765
3,21,21.213203
-10,-30,31.622777
8,28,29.120440
-18,22,28.425341
-35,25,43.011626
20,-16,25.612497
-1,-11,11.045361
-5,21,21.587033
23,-9,24.698178
4,58,58.137767
13,-11,17.029386
-14,-8,16.124515
24,34,41.617304
-3,11,11.401754
26,10,27.856777
-37,21,42.544095
27,25,36.796739
11,5,12.083046
16,6,17.088007
-5,33,33.376639
-16,-14,21.260292
22,-26,34.058773
7,13,14.764823
-11,23,25.495098
22,-10,24.166092
29,-3,29.154759
2,-38,38.052595
26,52,58.137767
17,-7,18.384776
-48,18,51.264022
30,-70,76.157731
-12,16,20.000000
-18,-6,18.973666
-11,-9,14.212670
-12,30,32.310989
-3,25,25.179357
-19,-15,24.207437
-6,-2,6.324555
-19,9,21.023796
-24,-16,28.844410
22,26,34.058773
20,-6,20.880613
-4,12,12.649111
1,-5,5.099020
14,12,18.439089
-9,29,30.364453
14,-8,16.124515
27,31,41.109610
20,6,20.880613
37,11,38.600518
23,-11,25.495098
-11,25,27.313001
26,22,34.058773
13,9,15.811388
2,4,4.472136
-33,35,48.104054
0,32,32.000000
-28,0,28.000000
-30,-26,39.698866
-16,-14,21.260292
6,-18,18.973666
4,24,24.331050
-7,19,20.248457
30,18,34.985711
5,7,8.602325
-6,-4,7.211103
10,0,10.000000
10,-12,15.620499
13,13,18.384776
-9,9,12.727922
17,11,20.248457
-1,1,1.414214
33,9,34.205263
-6,6,8.485281
6,-16,17.088007
-6,0,6.000000
-8,16,17.888544
-18,10,20.591260
-31,-41,51.400389
6,-6,8.485281
-10,-20,22.360680
-10,-8,12.806248
1,-39,39.012818
1,-37,37.013511
2,32,32.062439
-25,35,43.011626
-9,15,17.492856
-24,26,35.383612
2,-40,40.049969
1,35,35.014283
-61,-13,62.369865
-3,-9,9.486833
-31,-7,31.780497
-6,-2,6.324555
-18,-16,24.083189
-9,-21,22.847319
27,29,39.623226
50,22,54.626001
-18,-6,18.973666
1,27,27.018512
-1,-1,1.414214
2,6,6.324555
3,5,5.830952
30,-36,46.861498
26,-32,41.231056
-26,12,28.635642
-77,-15,78.447435
-17,15,22.671568
36,-48,60.000000
-6,20,20.880613
-7,-25,25.961510
-4,-12,12.649111
47,23,52.325902
16,24,28.844410
-7,11,13.038405
37,7,37.656341
13,47,48.764741
-2,-10,10.198039
-3,7,7.615773
42,-26,49.396356
-27,-7,27.892651
-12,-16,20.000000
-28,-34,44.045431
-25,21,32.649655
33,23,40.224371
-7,-21,22.135944
-9,9,12.727922
-29,-11,31.016125
-19,15,24.207437
20,14,24.413111
10,6,11.661904
-9,13,15.811388
17,41,44.384682
46,10,47.074409
-8,26,27.202941
26,24,35.383612
10,-22,24.166092
-4,-24,24.331050
1,13,13.038405
15,9,17.492856
0,22,22.000000
0,0,0.000000
11,15,18.601075
14,-2,14.142136
38,28,47.201695
-8,-18,19.697716
-3,-11,11.401754
16,34,37.576588
8,32,32.984845
39,19,43.382024
0,-62,62.000000
13,3,13.341664
-15,-15,21.213203
29,-7,29.832868
5,-33,33.376639
-8,-22,23.409400
14,-4,14.560220
7,21,22.135944
15,13,19.849433
15,-5,15.811388
22,10,24.166092
26,-40,47.707442
8,-20,21.540659
17,39,42.544095
3,-21,21.213203
-6,-18,18.973666
5,-19,19.646883
-15,-27,30.886890
-17,-13,21.400935
-20,0,20.000000
-4,10,10.770330
-24,-8,25.298221
-5,-11,12.083046
-1,21,21.023796
1,69,69.007246
12,18,21.633308
-42,-2,42.047592
-44,16,46.818800
-12,0,12.000000
-26,-48,54.589376
-1,3,3.162278
-52,-12,53.366656
8,-10,12.806248
1,33,33.015148
9,7,11.401754
23,-13,26.419690
-3,7,7.615773
4,24,24.331050
35,-5,35.355339
-29,47,55.226805
-17,-3,17.262677
-6,-20,20.880613
-34,12,36.055513
14,8,16.124515
-23,-51,55.946403
19,3,19.235384
7,3,7.615773
18,12,21.633308
40,0,40.000000
26,20,32.802439
-1,-21,21.023796
17,1,17.029386
-7,-11,13.038405
-8,18,19.697716
-11,-19,21.954498
67,3,67.067131
-15,-55,57.008771
-8,-22,23.409400
8,0,8.000000
-12,-52,53.366656
-19,27,33.015148
-21,3,21.213203
61,-17,63.324561
44,-30,53.254108
-41,11,42.449971
-4,-22,22.360680
-45,-17,48.104054
-4,36,36.221541
14,-12,18.439089
-47,25,53.235327
18,-22,28.425341
7,-23,24.041631
9,-1,9.055385
-24,24,33.941125
-41,-23,47.010637
-35,11,36.687873
-5,-3,5.830952
-33,-19,38.078866
-6,2,6.324555
31,-5,31.400637
8,2,8.246211
21,1,21.023796
-6,-14,15.231546
-10,0,10.000000
-25,-7,25.961510
-16,22,27.202941
-12,-48,49.477268
8,-48,48.662100
-29,-15,32.649655
12,0,12.000000
5,5,7.071068
31,3,31.144823
9,-33,34.205263
41,25,48.020829
17,5,17.720045
7,19,20.248457
19,25,31.400637
21,17,27.018512
-2,-34,34.058773
6,4,7.211103
-15,-17,22.671568
-12,30,32.310989
17,-37,40.718546
51,-17,53.758720
38,34,50.990195
23,-55,59.615434
32,-6,32.557641
-22,8,23.409400
-16,-6,17.088007
37,39,53.758720
7,-37,37.656341
18,22,28.425341
-29,49,56.938563
23,-21,31.144823
-30,-44,53.254108
38,2,38.052595
-12,58,59.228372
31,5,31.400637
12,14,18.439089
-20,8,21.540659
-22,20,29.732137
-13,-11,17.029386
14,-46,48.083261
11,7,13.038405
10,-8,12.806248
32,10,33.526109
38,14,40.496913
-38,4,38.209946
-1,29,29.017236
16,-18,24.083189
-5,7,8.602325
-24,-38,44.944410
-13,35,37.336309
-11,21,23.706539
-5,13,13.928388
-56,4,56.142675
-12,18,21.633308
2,32,32.062439
33,17,37.121422
30,22,37.202150
-20,40,44.721360
27,27,38.183766
14,-22,26.076810
17,45,48.104054
-19,1,19.026298
-8,-36,36.878178
-1,33,33.015148
31,-1,31.016125
29,13,31.780497
9,63,63.639610
7,33,33.734256
24,14,27.784888
10,14,17.204651
7,13,14.764823
45,11,46.324939
26,42,49.396356
-8,-16,17.888544
20,-18,26.907248
-14,32,34.928498
29,-17,33.615473
4,-8,8.944272
-14,18,22.803509
11,21,23.706539
11,9,14.212670
-11,-31,32.893768
24,-16,28.844410
2,-2,2.828427
-4,-24,24.331050
40,16,43.081318
10,12,15.620499
40,10,41.231056
12,50,51.419841
-14,-38,40.496913
-7,9,11.401754
-21,-15,25.806976
0,2,2.000000
21,3,21.213203
15,-5,15.811388
-34,-6,34.525353
-36,10,37.363083
12,-16,20.000000
2,-12,12.165525
-34,-24,41.617304
-12,-2,12.165525
-28,-16,32.249031
2,36,36.055513
20,0,20.000000
23,1,23.021729
33,25,41.400483
-49,19,52.554733
16,-12,20.000000
13,-35,37.336309
-2,12,12.165525
-14,-26,29.529646
-9,25,26.570661
-5,-29,29.427878
-16,6,17.088007
-25,-39,46.324939
-5,13,13.928388
-39,-1,39.012818
0,-34,34.000000
9,13,15.811388
8,10,12.806248
-14,-32,34.928498
-27,-41,49.091751
9,-27,28.460499
42,-12,43.680659
-32,-30,43.863424
-39,-7,39.623226
8,-8,11.313708
-39,43,58.051701
20,-4,20.396078
52,30,60.033324
1,-5,5.099020
-12,-2,12.165525
28,18,33.286634
37,3,37.121422
12,4,12.649111
-20,28,34.409301
-6,-10,11.661904
9,1,9.055385
1,9,9.055385
-21,-23,31.144823
9,-39,40.024992
31,-43,53.009433
-19,11,21.954498
24,2,24.083189
4,-12,12.649111
-11,-13,17.029386
-45,-29,53.535035
52,36,63.245553
-53,-5,53.235327
10,-6,11.661904
-6,4,7.211103
12,-18,21.633308
-11,-17,20.248457
-11,-7,13.038405
-23,-11,25.495098
2,-14,14.142136
-38,-46,59.665736
13,1,13.038405
0,2,2.000000
26,40,47.707442
-21,33,39.115214
20,12,23.323808
-29,-19,34.669872
7,1,7.071068
-5,43,43.289722
23,13,26.419690
-13,-15,19.849433
30,8,31.048349
26,14,29.529646
18,22,28.425341
0,34,34.000000
-38,8,38.832976
-29,-7,29.832868
14,0,14.000000
-4,-16,16.492423
20,28,34.409301
-37,5,37.336309
30,20,36.055513
13,-3,13.341664
-29,-27,39.623226
1,-9,9.055385
-8,-38,38.832976
-28,-10,29.732137
-8,18,19.697716
22,-14,26.076810
-10,-46,47.074409
2,0,2.000000
40,-10,41.231056
-6,20,20.880613
11,-9,14.212670
-24,6,24.738634
-1,-25,25.019992
-6,2,6.324555
19,-31,36.359318
-15,-7,16.552945
0,24,24.000000
16,22,27.202941
-4,34,34.234486
43,11,44.384682
-16,-18,24.083189
9,5,10.295630
-32,-72,78.790862
15,-11,18.601075
-1,31,31.016125
-25,5,25.495098
-7,17,18.384776
0,4,4.000000
-3,17,17.262677
-10,-20,22.360680
-10,2,10.198039
16,24,28.844410
35,9,36.138622
8,-24,25.298221
10,4,10.770330
6,0,6.000000
20,-22,29.732137
24,-14,27.784888
16,-20,25.612497
-12,28,30.463092
16,-6,17.088007
-24,-4,24.331050
13,-9,15.811388
-16,8,17.888544
1,9,9.055385
10,14,17.204651
-62,-42,74.886581
-35,-25,43.011626
7,7,9.899495
-48,6,48.373546
-24,6,24.738634
31,35,46.754679
-16,2,16.124515
-18,-42,45.694639
-24,60,64.621978
6,-20,20.880613
3,17,17.262677
6,38,38.470768
23,-17,28.600699
38,-20,42.941821
-15,-3,15.297059
-1,-21,21.023796
33,-25,41.400483
0,12,12.000000
6,6,8.485281
-8,-8,11.313708
-6,4,7.211103
-11,-15,18.601075
-25,5,25.495098
7,13,14.764823
-17,5,17.720045
-8,-18,19.697716
-24,18,30.000000
36,-2,36.055513
-5,-1,5.099020
21,-17,27.018512
34,-20,39.446166
-33,-15,36.249138
12,16,20.000000
-19,-29,34.669872
27,3,27.166155
13,-9,15.811388
3,21,21.213203
-2,2,2.828427
64,-2,64.031242
2,4,4.472136
-39,-13,41.109610
-40,24,46.647615
7,-3,7.615773
1,5,5.099020
1,-9,9.055385
-13,21,24.698178
-31,49,57.982756
-8,-24,25.298221
-5,-17,17.720045
-13,-25,28.178006
56,-12,57.271284
-13,-47,48.764741
-35,-21,40.816663
-7,11,13.038405
10,-26,27.856777
1,49,49.010203
-3,-3,4.242641
-3,15,15.297059
-25,-1,25.019992
-33,7,33.734256
-37,23,43.566042
-25,29,38.288379
11,15,18.601075
-19,-49,52.554733
28,-6,28.635642
-23,-25,33.970576
5,45,45.276926
2,24,24.083189
-23,-7,24.041631
7,25,25.961510
-1,-5,5.099020
19,-47,50.695167
22,20,29.732137
9,-17,19.235384
36,0,36.000000
4,2,4.472136
7,25,25.961510
-13,5,13.928388
28,-34,44.045431
32,0,32.000000
26,-18,31.622777
11,-31,32.893768
-1,15,15.033296
-26,-58,63.560994
2,16,16.124515
-11,17,20.248457
-2,22,22.090722
16,42,44.944410
-29,-13,31.780497
-19,31,36.359318
-7,39,39.623226
-10,-30,31.622777
-38,0,38.000000
13,-19,23.021729
20,28,34.409301
21,-9,22.847319
-23,-33,40.224371
-29,-25,38.288379
-2,2,2.828427
13,-9,15.811388
-43,-41,59.413803
8,12,14.422205
-5,7,8.602325
22,6,22.803509
32,12,34.176015
3,-43,43.104524
-13,-13,18.384776
-21,-13,24.698178
0,-2,2.000000
4,20,20.396078
44,-12,45.607017
-20,36,41.182521
-1,-1,1.414214
3,-31,31.144823
-16,-2,16.124515
-19,-3,19.235384
22,2,22.090722
29,37,47.010637
-14,-30,33.105891
-39,23,45.276926
-30,6,30.594117
16,24,28.844410
-1,21,21.023796
-10,-50,50.990195
19,-37,41.593269
11,1,11.045361
31,-13,33.615473
36,-4,36.221541
15,35,38.078866
-13,-31,33.615473
27,19,33.015148
-12,6,13.416408
-7,13,14.764823
16,22,27.202941
-21,13,24.698178
-23,-7,24.041631
-14,12,18.439089
13,-43,44.922155
-16,-26,30.528675
-25,-7,25.961510
11,-17,20.248457
-22,0,22.000000
-3,21,21.213203
26,14,29.529646
-1,15,15.033296
-7,13,14.764823
38,-20,42.941821
-8,2,8.246211
-1,13,13.038405
-18,-28,33.286634
4,10,10.770330
-24,36,43.266615
1,-9,9.055385
-22,4,22.360680
31,5,31.400637
38,32,49.678969
-7,-5,8.602325
-36,-42,55.317267
24,-12,26.832816
19,-11,21.954498
4,-2,4.472136
-8,-24,25.298221
-9,-39,40.024992
-29,3,29.154759
31,-15,34.438351
25,11,27.313001
-6,-14,15.231546
-5,27,27.459060
10,-8,12.806248
-7,-29,29.832868
43,23,48.764741
-47,3,47.095647
12,-6,13.416408
-11,-13,17.029386
-26,32,41.231056
3,-11,11.401754
-13,47,48.764741
-66,-2,66.030296
59,7,59.413803
3,-19,19.235384
-2,-56,56.035703
-1,5,5.099020
-4,28,28.284271
-22,-40,45.650849
-14,50,51.923020
-15,11,18.601075
-3,41,41.109610
7,15,16.552945
18,-56,58.821765
-41,-19,45.188494
-23,23,32.526912
-28,0,28.000000
7,37,37.656341
-6,18,18.973666
9,-21,22.847319
19,-29,34.669872
4,4,5.656854
-18,16,24.083189
-17,-23,28.600699
-2,20,20.099751
-11,1,11.045361
-45,-5,45.276926
-24,-16,28.844410
-41,-21,46.065171
31,-7,31.780497
6,12,13.416408
35,-41,53.907328
10,-2,10.198039
5,-1,5.099020
-14,-2,14.142136
-11,37,38.600518
-16,20,25.612497
19,47,50.695167
-17,15,22.671568
25,25,35.355339
-16,-12,20.000000
24,-14,27.784888
10,-6,11.661904
2,-10,10.198039
-2,-14,14.142136
8,-14,16.124515
-43,-1,43.011626
14,-16,21.260292
-30,-34,45.343136
4,-6,7.211103
-27,-29,39.623226
23,1,23.021729
-3,-45,45.099889
10,-24,26.000000
-25,27,36.796739
26,28,38.209946
-24,18,30.000000
64,-42,76.550637
15,11,18.601075
9,-15,17.492856
63,-29,69.354164
-35,31,46.754679
25,9,26.570661
51,3,51.088159
9,-7,11.401754
19,-13,23.021729
-27,-5,27.459060
1,3,3.162278
-30,28,41.036569
-16,42,44.944410
-24,2,24.083189
-37,-55,66.287254
-30,-2,30.066593
-8,20,21.540659
-7,-31,31.780497
-17,23,28.600699
-46,2,46.043458
24,-6,24.738634
-12,4,12.649111
-18,10,20.591260
-28,-40,48.826222
-37,5,37.336309
14,34,36.769553
5,3,5.830952
10,-26,27.856777
-34,-26,42.801869
11,-29,31.016125
16,-4,16.492423
16,-6,17.088007
-13,-29,31.780497
18,-18,25.455844
31,-15,34.438351
-60,28,66.211781
2,14,14.142136
3,-19,19.235384
-36,-12,37.947332
-2,-2,2.828427
14,-22,26.076810
-5,27,27.459060
-7,-7,9.899495
9,-19,21.023796
-15,21,25.806976
37,29,47.010637
36,-14,38.626416
-8,28,29.120440
-6,12,13.416408
-21,-31,37.443290
-28,-10,29.732137
0,-18,18.000000
-14,-6,15.231546
-10,4,10.770330
26,-6,26.683328
55,-7,55.443665
-57,15,58.940648
9,-29,30.364453
-40,-10,41.231056
5,-27,27.459060
17,-37,40.718546
-6,-24,24.738634
53,5,53.235327
0,12,12.000000
1,-5,5.099020
5,9,10.295630
18,0,18.000000
-44,16,46.818800
-14,-32,34.928498
39,-7,39.623226
-15,-11,18.601075
43,13,44.922155
-6,-42,42.426407
5,-13,13.928388
32,-14,34.928498
-35,-7,35.693137
5,-37,37.336309
-24,12,26.832816
19,-9,21.023796
-28,-14,31.304952
3,-49,49.091751
-24,-18,30.000000
25,51,56.797887
6,-14,15.231546
51,3,51.088159
-13,3,13.341664
-2,12,12.165525
9,27,28.460499
18,48,51.264022
15,-11,18.601075
28,14,31.304952
22,4,22.360680
-12,4,12.649111
17,-7,18.384776
-72,-12,72.993150
1,-3,3.162278
-7,-7,9.899495
-50,-6,50.358713
-44,10,45.122057
-17,-21,27.018512
14,0,14.000000
-35,-35,49.497475
12,-2,12.165525
-24,-4,24.331050
17,23,28.600699
3,-17,17.262677
-17,-17,24.041631
21,-5,21.587033
-12,54,55.317267
31,-21,37.443290
-5,3,5.830952
-15,-49,51.244512
-1,-5,5.099020
8,14,16.124515
-17,-11,20.248457
12,-44,45.607017
-41,-15,43.657760
30,6,30.594117
7,9,11.401754
22,14,26.076810
47,33,57.428216
39,-23,45.276926
23,15,27.459060
13,13,18.384776
-34,28,44.045431
13,-13,18.384776
-1,23,23.021729
9,-39,40.024992
-15,13,19.849433
-44,-8,44.721360
2,6,6.324555
-13,-23,26.419690
-2,-52,52.038447
27,-29,39.623226
-4,-56,56.142675
11,27,29.154759
7,-17,18.384776
0,-46,46.000000
-11,3,11.401754
-12,28,30.463092
-11,19,21.954498
14,-2,14.142136
12,-10,15.620499
3,-3,4.242641
9,-7,11.401754
17,19,25.495098
12,-10,15.620499
11,29,31.016125
-22,24,32.557641
-3,-3,4.242641
-25,23,33.970576
4,-22,22.360680
6,-8,10.000000
11,-1,11.045361
-15,-41,43.657760
-8,18,19.697716
24,20,31.240999
12,-14,18.439089
8,10,12.806248
14,-4,14.560220
17,-19,25.495098
-15,-47,49.335586
9,3,9.486833
-37,-3,37.121422
13,-7,14.764823
20,6,20.880613
-22,6,22.803509
-36,-8,36.878178
31,13,33.615473
4,-26,26.305893
2,-14,14.142136
0,0,0.000000
19,-3,19.235384
-23,9,24.698178
-16,0,16.000000
-61,27,66.708320
52,0,52.000000
2,34,34.058773
-4,-32,32.249031
-9,-25,26.570661
38,38,53.740115
-38,22,43.908997
9,7,11.401754
-45,23,50.537115
28,58,64.404969
12,26,28.635642
9,-11,14.212670
1,-13,13.038405
14,-14,19.798990
24,44,50.119856
1,-29,29.017236
7,-21,22.135944
23,-11,25.495098
-27,-35,44.204072
-47,5,47.265209
15,5,15.811388
-10,-44,45.122057
-50,-18,53.141321
-33,-19,38.078866
-3,15,15.297059
-25,-33,41.400483
30,26,39.698866
-10,-52,52.952809
-17,5,17.720045
-15,15,21.213203
8,-26,27.202941
29,11,31.016125
-9,31,32.280025
0,-14,14.000000
-4,-20,20.396078
-24,-10,26.000000
-10,-14,17.204651
-7,-25,25.961510
-38,-14,40.496913
-4,18,18.439089
8,-12,14.422205
11,25,27.313001
-12,20,23.323808
-4,34,34.234486
16,28,32.249031
-28,40,48.826222
-5,17,17.720045
-34,-12,36.055513
2,2,2.828427
10,16,18.867962
22,-22,31.112698
13,23,26.419690
-19,-35,39.824616
17,11,20.248457
-16,-2,16.124515
-23,-29,37.013511
35,11,36.687873
17,11,20.248457
-9,-31,32.280025
12,40,41.761226
33,-21,39.115214
-11,-31,32.893768
-23,25,33.970576
-75,11,75.802375
-25,35,43.011626
-16,24,28.844410
48,-60,76.837491
-8,-12,14.422205
-26,-14,29.529646
5,3,5.830952
49,21,53.310412
19,23,29.832868
-8,40,40.792156
5,13,13.928388
29,-21,35.805028
-10,-8,12.806248
30,30,42.426407
7,-17,18.384776
-8,-20,21.540659
-2,10,10.198039
36,18,40.249224
12,4,12.649111
-24,-46,51.884487
-1,7,7.071068
-39,41,56.586217
28,14,31.304952
13,-7,14.764823
-16,16,22.627417
13,-25,28.178006
-42,10,43.174066
-2,-36,36.055513
-9,-19,21.023796
21,-5,21.587033
-40,16,43.081318
-16,56,58.240879
12,-6,13.416408
-29,1,29.017236
22,-2,22.090722
43,9,43.931765
-21,-35,40.816663
28,0,28.000000
28,-2,28.071338
55,11,56.089215
46,14,48.083261
47,-9,47.853944
-2,26,26.076810
12,10,15.620499
-7,33,33.734256
36,-28,45.607017
-10,-18,20.591260
9,13,15.811388
-9,39,40.024992
1,-9,9.055385
12,-10,15.620499
31,15,34.438351
8,-4,8.944272
-3,-47,47.095647
-3,-13,13.341664
-13,3,13.341664
-21,23,31.144823
-13,27,29.966648
26,-12,28.635642
34,22,40.496913
20,24,31.240999
-15,-3,15.297059
0,-12,12.000000
6,-2,6.324555
9,21,22.847319
-13,-37,39.217343
-12,-48,49.477268
-19,5,19.646883
-2,10,10.198039
-44,-48,65.115282
3,-23,23.194827
-15,15,21.213203
22,14,26.076810
-11,-47,48.270074
-28,0,28.000000
-31,3,31.144823
-30,-2,30.066593
-4,6,7.211103
14,52,53.851648
12,-4,12.649111
-5,-19,19.646883
6,-70,70.256672
-31,3,31.144823
28,12,30.463092
15,-15,21.213203
-1,-7,7.071068
-25,9,26.570661
27,11,29.154759
-30,-28,41.036569
13,-11,17.029386
15,-17,22.671568
-1,-37,37.013511
-29,-13,31.780497
-18,-2,18.110770
8,-10,12.806248
-5,-3,5.830952
2,-8,8.246211
-21,3,21.213203
-28,-26,38.209946
0,-16,16.000000
-7,3,7.615773
-18,6,18.973666
-26,-26,36.769553
2,12,12.165525
27,3,27.166155
-19,13,23.021729
4,-56,56.142675
-3,-3,4.242641
-11,3,11.401754
4,-2,4.472136
8,8,11.313708
35,-21,40.816663
-4,4,5.656854
40,4,40.199502
17,-1,17.029386
-33,-25,41.400483
-7,3,7.615773
31,7,31.780497
42,-16,44.944410
8,-8,11.313708
-12,12,16.970563
23,37,43.566042
-19,-17,25.495098
-33,-29,43.931765
39,35,52.402290
-32,26,41.231056
0,2,2.000000
-12,14,18.439089
-37,-1,37.013511
-4,-30,30.265492
-17,9,19.235384
21,21,29.698485
-3,-19,19.235384
9,1,9.055385
46,-24,51.884487
-12,0,12.000000
7,17,18.384776
43,5,43.289722
-23,15,27.459060
-16,2,16.124515
2,14,14.142136
12,-18,21.633308
-2,0,2.000000
8,8,11.313708
7,-7,9.899495
21,13,24.698178
-25,15,29.154759
19,-33,38.078866
1,-15,15.033296
-7,27,27.892651
-18,-20,26.907248
27,-15,30.886890
10,2,10.198039
-37,-13,39.217343
-7,-7,9.899495
25,-17,30.232433
-32,-12,34.176015
-19,13,23.021729
-6,-32,32.557641
35,-3,35.128336
-13,3,13.341664
-26,20,32.802439
-13,11,17.029386
-42,-8,42.755117
25,3,25.179357
21,-9,22.847319
-8,6,10.000000
26,-16,30.528675
-14,-12,18.439089
11,29,31.016125
10,-10,14.142136
-35,-9,36.138622
5,-9,10.295630
-24,-2,24.083189
23,-19,29.832868
-3,39,39.115214
-7,49,49.497475
63,21,66.407831
-1,-37,37.013511
2,-10,10.198039
10,2,10.198039
-33,-39,51.088159
5,15,15.811388
17,17,24.041631
1,31,31.016125
-54,40,67.201190
-1,33,33.015148
24,-4,24.331050
32,28,42.520583
21,47,51.478151
22,-8,23.409400
-17,9,19.235384
31,9,32.280025
9,3,9.486833
3,-11,11.401754
1,-7,7.071068
-9,-39,40.024992
12,0,12.000000
31,-7,31.780497
20,10,22.360680
23,-17,28.600699
1,27,27.018512
-5,-9,10.295630
-41,25,48.020829
-46,-36,58.412327
8,-44,44.721360
-19,5,19.646883
18,-46,49.396356
-28,16,32.249031
11,-21,23.706539
15,1,15.033296
-32,20,37.735925
20,4,20.396078
-29,-23,37.013511
11,13,17.029386
13,-9,15.811388
21,-1,21.023796
45,-33,55.803226
-6,-12,13.416408
-34,4,34.234486
-6,-2,6.324555
30,-16,34.000000
-53,3,53.084838
6,-2,6.324555
0,34,34.000000
28,34,44.045431
10,-60,60.827625
4,-28,28.284271
-27,3,27.166155
-57,-7,57.428216
-30,-8,31.048349
-3,-51,51.088159
0,2,2.000000
13,39,41.109610
7,-29,29.832868
3,3,4.242641
-44,-18,47.539457
3,-15,15.297059
-18,-8,19.697716
28,40,48.826222
-2,8,8.246211
-50,14,51.923020
-10,12,15.620499
-1,-11,11.045361
-29,-49,56.938563
1,13,13.038405
-12,-10,15.620499
-26,0,26.000000
-10,4,10.770330
-2,-8,8.246211
9,13,15.811388
-23,-55,59.615434
13,-13,18.384776
14,4,14.560220
-28,28,39.597980
-35,-27,44.204072
-9,-43,43.931765
-7,41,41.593269
0,-16,16.000000
-13,7,14.764823
-52,18,55.027266
3,-25,25.179357
-6,-22,22.803509
-3,-3,4.242641
-23,21,31.144823
-13,-9,15.811388
0,4,4.000000
-39,-21,44.294469
13,25,28.178006
9,-13,15.811388
15,-11,18.601075
13,-7,14.764823
-25,-47,53.235327
5,-25,25.495098
-3,-1,3.162278
25,31,39.824616
17,-13,21.400935
-16,30,34.000000
-23,49,54.129474
51,13,52.630789
-27,-31,41.109610
25,3,25.179357
-28,-38,47.201695
2,2,2.828427
14,-38,40.496913
-7,55,55.443665
-9,-9,12.727922
-45,-17,48.104054
-15,37,39.924930
35,-3,35.128336
-33,-7,33.734256
10,-60,60.827625
33,-7,33.734256
-40,22,45.650849
-25,-5,25.495098
5,-11,12.083046
1,15,15.033296
10,8,12.806248
46,-4,46.173586
1,-17,17.029386
46,-2,46.043458
-2,4,4.472136
31,-25,39.824616
35,21,40.816663
52,12,53.366656
-6,-6,8.485281
22,-12,25.059928
21,-11,23.706539
-30,30,42.426407
-4,4,5.656854
-23,-11,25.495098
-6,-8,10.000000
-20,20,28.284271
-21,33,39.115214
-6,18,18.973666
40,-50,64.031242
-2,-26,26.076810
-67,-5,67.186308
-47,3,47.095647
-1,17,17.029386
-23,-1,23.021729
41,7,41.593269
-12,-16,20.000000
-23,23,32.526912
11,3,11.401754
-11,-27,29.154759
-9,41,41.976184
-15,17,22.671568
-55,-33,64.140471
1,37,37.013511
3,1,3.162278
-10,18,20.591260
-23,35,41.880783
-21,17,27.018512
38,-12,39.849718
-9,-3,9.486833
-11,-15,18.601075
-4,20,20.396078
-4,22,22.360680
15,31,34.438351
-32,-34,46.690470
-39,-19,43.382024
35,21,40.816663
1,29,29.017236
26,-16,30.528675
19,13,23.021729
13,7,14.764823
0,-4,4.000000
-25,-29,38.288379
-21,-9,22.847319
-11,-25,27.313001
-2,-38,38.052595
15,21,25.806976
1,33,33.015148
-5,11,12.083046
-9,5,10.295630
34,-30,45.343136
3,-19,19.235384
-26,12,28.635642
21,-17,27.018512
-16,-10,18.867962
-13,21,24.698178
-6,18,18.973666
-21,-21,29.698485
1,-29,29.017236
-21,35,40.816663
25,-1,25.019992
-6,-8,10.000000
-36,6,36.496575
-15,-1,15.033296
0,-6,6.000000
15,29,32.649655
-9,15,17.492856
-19,-9,21.023796
-2,-6,6.324555
-9,-13,15.811388
41,29,50.219518
-52,8,52.611786
-20,-58,61.351447
2,-12,12.165525
-15,9,17.492856
-31,17,35.355339
-33,-25,41.400483
-9,1,9.055385
28,-4,28.284271
43,11,44.384682
-17,13,21.400935
6,-36,36.496575
-6,-2,6.324555
-12,14,18.439089
-19,9,21.023796
-6,-54,54.332311
24,4,24.331050
3,9,9.486833
11,-1,11.045361
10,-18,20.591260
-4,-26,26.305893
-21,-23,31.144823
-4,30,30.265492
0,18,18.000000
-2,-4,4.472136
-37,-23,43.566042
32,22,38.832976
-17,9,19.235384
-31,-25,39.824616
-45,3,45.099889
0,6,6.000000
33,-23,40.224371
46,0,46.000000
-56,10,56.885851
16,-4,16.492423
-11,1,11.045361
28,-32,42.520583
1,49,49.010203
0,14,14.000000
2,36,36.055513
-22,-4,22.360680
-19,9,21.023796
7,-13,14.764823
-36,14,38.626416
-25,51,56.797887
-25,-31,39.824616
-31,-39,49.819675
5,1,5.099020
-19,-9,21.023796
1,-3,3.162278
8,30,31.048349
-8,-16,17.888544
13,-7,14.764823
-29,19,34.669872
0,-28,28.000000
12,24,26.832816
-12,-56,57.271284
-19,5,19.646883
-9,39,40.024992
0,-2,2.000000
2,42,42.047592
-52,0,52.000000
47,-41,62.369865
-5,1,5.099020
-6,-16,17.088007
21,-7,22.135944
-30,6,30.594117
3,11,11.401754
14,-12,18.439089
0,-32,32.000000
-4,-14,14.560220
0,-10,10.000000
18,4,18.439089
52,-18,55.027266
-3,57,57.078893
-5,-13,13.928388
0,-20,20.000000
-35,-9,36.138622
-58,-12,59.228372
-22,8,23.409400
-1,-7,7.071068
24,-2,24.083189
5,7,8.602325
-13,15,19.849433
-10,-28,29.732137
-6,18,18.973666
-5,1,5.099020
-18,6,18.973666
-4,30,30.265492
10,50,50.990195
-27,31,41.109610
-18,-16,24.083189
-19,45,48.846699
-54,-8,54.589376
32,-24,40.000000
-11,15,18.601075
-7,9,11.401754
-3,33,33.136083
0,-10,10.000000
-2,-4,4.472136
26,14,29.529646
16,-22,27.202941
-8,2,8.246211
-8,-6,10.000000
20,-40,44.721360
-13,-7,14.764823
34,40,52.497619
-10,-6,11.661904
-35,-33,48.104054
-29,-15,32.649655
-30,-28,41.036569
-18,-18,25.455844
9,-29,30.364453
23,11,25.495098
-42,-36,55.317267
32,-18,36.715120
2,-16,16.124515
5,19,19.646883
-2,12,12.165525
-21,19,28.319605
40,24,46.647615
-4,-10,10.770330
-16,-62,64.031242
-4,24,24.331050
-53,23,57.775427
26,-16,30.528675
-10,-32,33.526109
8,4,8.944272
-10,24,26.000000
9,-5,10.295630
2,-22,22.090722
-4,22,22.360680
43,25,49.739320
18,12,21.633308
10,4,10.770330
-8,-22,23.409400
-9,13,15.811388
5,13,13.928388
-36,-10,37.363083
1,19,19.026298
43,-25,49.739320
2,10,10.198039
27,-25,36.796739
-8,2,8.246211
7,-35,35.693137
-33,21,39.115214
-8,2,8.246211
23,-9,24.698178
-22,-16,27.202941
44,-8,44.721360
20,-12,23.323808
54,30,61.773781
5,-29,29.427878
27,7,27.892651
23,3,23.194827
11,13,17.029386
-12,-28,30.463092
-20,30,36.055513
25,1,25.019992
-12,28,30.463092
9,-49,49.819675
19,-51,54.424259
25,31,39.824616
34,26,42.801869
7,27,27.892651
-23,-55,59.615434
-3,-29,29.154759
27,17,31.906112
7,-1,7.071068
18,-26,31.622777
12,-18,21.633308
10,4,10.770330
-16,-16,22.627417
-9,13,15.811388
-4,-4,5.656854
3,1,3.162278
-34,2,34.058773
14,-10,17.204651
41,19,45.188494
10,-6,11.661904
23,-9,24.698178
29,-59,65.741920
39,41,56.586217
40,-24,46.647615
-31,11,32.893768
26,16,30.528675
25,33,41.400483
5,9,10.295630
14,32,34.928498
19,19,26.870058
-9,5,10.295630
-4,46,46.173586
-11,-35,36.687873
16,26,30.528675
-1,25,25.019992
-4,-12,12.649111
-10,-6,11.661904
21,-23,31.144823
-52,0,52.000000
7,-9,11.401754
77,-3,77.058419
40,58,70.455660
-3,-43,43.104524
-14,42,44.271887
-15,-3,15.297059
-35,3,35.128336
-22,8,23.409400
24,-8,25.298221
2,2,2.828427
-6,-38,38.470768
20,8,21.540659
13,-21,24.698178
-44,40,59.464275
-8,-4,8.944272
-24,-28,36.878178
-9,27,28.460499
4,-12,12.649111
11,41,42.449971
-7,-19,20.248457
19,15,24.207437
-23,27,35.468296
14,-6,15.231546
-3,-3,4.242641
15,29,32.649655
8,-10,12.806248
12,-14,18.439089
-15,3,15.297059
0,-12,12.000000
21,13,24.698178
0,-36,36.000000
-7,3,7.615773
11,-21,23.706539
-3,25,25.179357
-20,4,20.396078
-25,-27,36.796739
-9,21,22.847319
7,-17,18.384776
24,-6,24.738634
-37,-15,39.924930
8,-32,32.984845
-13,-15,19.849433
-19,1,19.026298
25,-17,30.232433
-36,-32,48.166378
-24,-8,25.298221
39,-21,44.294469
47,-7,47.518417
-15,-1,15.033296
51,19,54.424259
15,23,27.459060
-14,22,26.076810
-1,13,13.038405
41,35,53.907328
1,51,51.009803
-19,21,28.319605
36,-4,36.221541
-30,34,45.343136
4,38,38.209946
29,-47,55.226805
23,-9,24.698178
-25,-41,48.020829
17,7,18.384776
14,16,21.260292
3,31,31.144823
10,6,11.661904
7,31,31.780497
-14,-4,14.560220
8,32,32.984845
-35,-3,35.128336
18,26,31.622777
16,16,22.627417
19,1,19.026298
-46,36,58.412327
24,-50,55.461698
20,36,41.182521
-3,43,43.104524
-22,-12,25.059928
-10,10,14.142136
39,-73,82.764727
-2,-18,18.110770
28,-34,44.045431
-11,-29,31.016125
-28,-6,28.635642
-11,1,11.045361
4,-4,5.656854
-39,-5,39.319207
-3,27,27.166155
-16,-4,16.492423
11,-5,12.083046
57,-1,57.008771
23,-19,29.832868
-3,-11,11.401754
45,-1,45.011110
-2,-10,10.198039
14,-8,16.124515
-10,-6,11.661904
-7,7,9.899495
-15,-27,30.886890
72,-40,82.365041
-40,32,51.224994
27,-23,35.468296
3,-3,4.242641
8,14,16.124515
-18,-12,21.633308
23,-7,24.041631
-16,-48,50.596443
-30,40,50.000000
5,-29,29.427878
-25,1,25.019992
16,6,17.088007
-37,-23,43.566042
-9,11,14.212670
6,-8,10.000000
-1,15,15.033296
-33,13,35.468296
3,1,3.162278
-22,-12,25.059928
28,-12,30.463092
-13,-7,14.764823
-21,-27,34.205263
15,-23,27.459060
16,-18,24.083189
10,24,26.000000
-7,7,9.899495
-1,-17,17.029386
-23,47,52.325902
10,-8,12.806248
6,-6,8.485281
-14,62,63.560994
-14,-14,19.798990
-7,13,14.764823
-19,1,19.026298
-3,-21,21.213203
39,5,39.319207
13,67,68.249542
59,-5,59.211485
11,-11,15.556349
32,28,42.520583
13,-31,33.615473
-2,26,26.076810
-13,23,26.419690
-42,36,55.317267
19,-5,19.646883
-22,-14,26.076810
25,-19,31.400637
-23,-31,38.600518
0,-18,18.000000
-28,-16,32.249031
-16,2,16.124515
24,-10,26.000000
1,-11,11.045361
-22,-12,25.059928
14,34,36.769553
1,5,5.099020
-37,-1,37.013511
4,-18,18.439089
14,-24,27.784888
6,22,22.803509
6,-12,13.416408
42,28,50.477718
-4,-18,18.439089
3,3,4.242641
-30,-24,38.418745
36,-4,36.221541
24,-10,26.000000
0,-18,18.000000
-19,3,19.235384
42,6,42.426407
53,17,55.659680
-33,-7,33.734256
-26,32,41.231056
-17,23,28.600699
-2,-44,44.045431
10,14,17.204651
-21,-1,21.023796
16,20,25.612497
17,-11,20.248457
-13,-15,19.849433
3,9,9.486833
12,-2,12.165525
11,31,32.893768
28,46,53.851648
11,-35,36.687873
34,-16,37.576588
4,0,4.000000
-19,27,33.015148
-14,-24,27.784888
2,4,4.472136
38,22,43.908997
34,2,34.058773
-25,25,35.355339
39,7,39.623226
11,-3,11.401754
-5,-3,5.830952
13,-15,19.849433
12,14,18.439089
-15,27,30.886890
10,2,10.198039
-4,14,14.560220
-3,19,19.235384
-8,10,12.806248
19,-19,26.870058
-7,3,7.615773
-9,35,36.138622
-17,-3,17.262677
10,-14,17.204651
-27,-13,29.966648
-30,-28,41.036569
12,-4,12.649111
-19,-35,39.824616
-31,-31,43.840620
6,-16,17.088007
-11,-43,44.384682
1,-17,17.029386
-34,22,40.496913
21,-9,22.847319
9,3,9.486833
-19,-9,21.023796
-6,-2,6.324555
12,18,21.633308
21,11,23.706539
-22,0,22.000000
14,-28,31.304952
3,21,21.213203
-4,-10,10.770330
-10,4,10.770330
30,-8,31.048349
-16,-16,22.627417
-37,-5,37.336309
4,30,30.265492
-10,2,10.198039
-15,13,19.849433
1,13,13.038405
1,19,19.026298
-11,23,25.495098
16,4,16.492423
-2,0,2.000000
-25,1,25.019992
-9,1,9.055385
-32,-32,45.254834
-24,-22,32.557641
35,23,41.880783
24,-2,24.083189
-4,14,14.560220
-67,-5,67.186308
17,-15,22.671568
-18,10,20.591260
-2,-6,6.324555
18,16,24.083189
-3,1,3.162278
-6,12,13.416408
-10,-2,10.198039
45,-19,48.846699
8,18,19.697716
2,-8,8.246211
-43,7,43.566042
-8,-2,8.246211
-7,-9,11.401754
7,21,22.135944
-15,7,16.552945
-1,-15,15.033296
34,-14,36.769553
-12,-16,20.000000
-2,-16,16.124515
-30,2,30.066593
25,-33,41.400483
-3,5,5.830952
-48,20,52.000000
-6,10,11.661904
-15,47,49.335586
-32,12,34.176015
5,-7,8.602325
-26,-6,26.683328
5,-21,21.587033
20,-12,23.323808
-1,27,27.018512
-7,-3,7.615773
-9,17,19.235384
-3,23,23.194827
-4,14,14.560220
-42,14,44.271887
-8,-30,31.048349
39,23,45.276926
-6,-22,22.803509
8,-32,32.984845
-50,-22,54.626001
14,24,27.784888
-34,-18,38.470768
-30,34,45.343136
-40,-10,41.231056
-25,-7,25.961510
3,-21,21.213203
-76,2,76.026311
-19,-5,19.646883
22,44,49.193496
19,-27,33.015148
-10,-24,26.000000
40,-10,41.231056
-26,-10,27.856777
2,-6,6.324555
-15,-9,17.492856
9,9,12.727922
50,18,53.141321
3,13,13.341664
-5,-65,65.192024
-16,22,27.202941
13,-33,35.468296
14,-2,14.142136
15,-35,38.078866
-4,30,30.265492
-20,22,29.732137
-19,-1,19.026298
-7,13,14.764823
8,-24,25.298221
37,7,37.656341
-20,16,25.612497
34,10,35.440090
-19,33,38.078866
35,-21,40.816663
8,0,8.000000
17,1,17.029386
-12,-18,21.633308
-3,41,41.109610
18,2,18.110770
-32,-4,32.249031
15,5,15.811388
6,-2,6.324555
34,0,34.000000
12,10,15.620499
6,22,22.803509
-15,41,43.657760
-4,-18,18.439089
0,-22,22.000000
29,9,30.364453
10,8,12.806248
32,-8,32.984845
-21,-49,53.310412
34,-2,34.058773
-38,22,43.908997
-26,-22,34.058773
6,-4,7.211103
-4,-68,68.117545
-1,27,27.018512
5,19,19.646883
10,20,22.360680
-38,-4,38.209946
11,19,21.954498
15,-15,21.213203
2,-4,4.472136
-11,1,11.045361
4,46,46.173586
-29,-3,29.154759
19,-3,19.235384
-1,3,3.162278
11,3,11.401754
-10,-14,17.204651
12,44,45.607017
-13,-17,21.400935
22,12,25.059928
-11,-5,12.083046
-22,-6,22.803509
-45,17,48.104054
34,-18,38.470768
2,-6,6.324555
-6,-20,20.880613
37,21,42.544095
-6,8,10.000000
-2,-18,18.110770
14,-2,14.142136
8,14,16.124515
0,12,12.000000
56,-4,56.142675
50,-18,53.141321
18,-4,18.439089
16,-6,17.088007
-30,-8,31.048349
-26,40,47.707442
-11,-9,14.212670
42,18,45.694639
-32,22,38.832976
-24,-32,40.000000
9,19,21.023796
49,7,49.497475
-7,13,14.764823
-45,-15,47.434165
32,-6,32.557641
23,39,45.276926
12,28,30.463092
28,16,32.249031
-15,11,18.601075
-7,17,18.384776
-13,-1,13.038405
-27,-5,27.459060
-1,-11,11.045361
-31,-37,48.270074
-9,-1,9.055385
13,-9,15.811388
19,13,23.021729
2,-18,18.110770
16,-6,17.088007
23,5,23.537205
13,9,15.811388
21,31,37.443290
17,-15,22.671568
4,22,22.360680
40,-12,41.761226
11,-27,29.154759
9,-37,38.078866
-29,-45,53.535035
15,5,15.811388
37,1,37.013511
-12,24,26.832816
20,-14,24.413111
14,-28,31.304952
-25,-27,36.796739
-42,-54,68.410526
40,-12,41.761226
17,-3,17.262677
-21,35,40.816663
-29,-7,29.832868
35,15,38.078866
-23,7,24.041631
-10,-16,18.867962
-3,49,49.091751
6,-38,38.470768
21,-11,23.706539
5,11,12.083046
1,-11,11.045361
-21,-27,34.205263
17,-21,27.018512
-39,21,44.294469
2,-14,14.142136
9,-41,41.976184
-6,-14,15.231546
10,26,27.856777
13,-29,31.780497
-10,-14,17.204651
-40,20,44.721360
-45,-5,45.276926
-21,-13,24.698178
11,5,12.083046
-38,10,39.293765
18,0,18.000000
21,-1,21.023796
-32,12,34.176015
3,9,9.486833
12,20,23.323808
-13,17,21.400935
-8,-22,23.409400
3,5,5.830952
-10,-36,37.363083
28,2,28.071338
-17,-11,20.248457
3,1,3.162278
-32,12,34.176015
34,12,36.055513
-41,-5,41.303753
-8,10,12.806248
6,-16,17.088007
-46,-20,50.159745
-3,29,29.154759
16,-20,25.612497
30,-4,30.265492
-23,7,24.041631
-21,-19,28.319605
1,-27,27.018512
-23,-13,26.419690
8,-12,14.422205
9,-11,14.212670
6,-20,20.880613
15,-23,27.459060
10,14,17.204651
-25,41,48.020829
-31,1,31.016125
18,12,21.633308
20,-24,31.240999
-25,9,26.570661
7,-3,7.615773
4,14,14.560220
15,15,21.213203
-9,-11,14.212670
-29,-1,29.017236
-25,-17,30.232433
-18,2,18.110770
-31,3,31.144823
8,2,8.246211
18,-26,31.622777
26,10,27.856777
4,-6,7.211103
0,6,6.000000
27,7,27.892651
-7,5,8.602325
9,3,9.486833
10,2,10.198039
11,-53,54.129474
-21,9,22.847319
60,14,61.611687
-6,16,17.088007
72,-30,78.000000
-1,5,5.099020
73,19,75.432089
10,-28,29.732137
-17,11,20.248457
-43,-3,43.104524
3,9,9.486833
-6,20,20.880613
12,46,47.539457
21,-33,39.115214
-7,-9,11.401754
39,7,39.623226
22,6,22.803509
-37,-37,52.325902
-27,17,31.906112
0,-36,36.000000
54,16,56.320511
23,59,63.324561
-12,-6,13.416408
3,-5,5.830952
13,-21,24.698178
-9,7,11.401754
20,12,23.323808
-3,9,9.486833
-15,-11,18.601075
31,27,41.109610
-30,16,34.000000
-33,-1,33.015148
41,-7,41.593269
-15,35,38.078866
-21,31,37.443290
17,-15,22.671568
16,-4,16.492423
34,-6,34.525353
15,19,24.207437
1,15,15.033296
-40,10,41.231056
-3,-31,31.144823
6,22,22.803509
29,-35,45.453273
-20,-28,34.409301
22,20,29.732137
10,-40,41.231056
30,-6,30.594117
-16,-2,16.124515
6,4,7.211103
-30,28,41.036569
22,0,22.000000
7,-5,8.602325
-13,11,17.029386
40,26,47.707442
-9,-9,12.727922
26,-8,27.202941
-17,-21,27.018512
-8,-14,16.124515
13,-33,35.468296
9,19,21.023796
-28,-16,32.249031
-39,-31,49.819675
-3,-25,25.179357
-10,-14,17.204651
-16,-14,21.260292
-4,20,20.396078
23,41,47.010637
-6,-28,28.635642
1,-1,1.414214
15,25,29.154759
8,-8,11.313708
61,19,63.890531
-9,-3,9.486833
-11,-9,14.212670
-49,7,49.497475
30,36,46.861498
-11,31,32.893768
-3,41,41.109610
-12,14,18.439089
7,19,20.248457
53,33,62.433965
8,-6,10.000000
-4,24,24.331050
-34,-2,34.058773
26,-42,49.396356
-22,-18,28.425341
-31,9,32.280025
48,26,54.589376
-12,-18,21.633308
25,3,25.179357
15,51,53.160135
-1,7,7.071068
-23,-7,24.041631
4,34,34.234486
32,-12,34.176015
-16,4,16.492423
-26,-24,35.383612
-46,52,69.426220
-34,-30,45.343136
-46,12,47.539457
-2,-6,6.324555
-29,-5,29.427878
3,11,11.401754
29,-29,41.012193
-32,22,38.832976
12,-36,37.947332
-11,5,12.083046
17,-23,28.600699
16,-40,43.081318
-4,24,24.331050
-5,17,17.720045
34,2,34.058773
-7,17,18.384776
5,-15,15.811388
-39,13,41.109610
-1,5,5.099020
-46,22,50.990195
-12,-16,20.000000
18,-18,25.455844
38,34,50.990195
-1,15,15.033296
-6,-20,20.880613
-14,-10,17.204651
-50,8,50.635956
6,32,32.557641
27,29,39.623226
1,-9,9.055385
43,-1,43.011626
-4,40,40.199502
33,1,33.015148
-7,25,25.961510
-29,-5,29.427878
-7,21,22.135944
-28,12,30.463092
11,-29,31.016125
5,-19,19.646883
-4,28,28.284271
-4,-52,52.153619
13,9,15.811388
-14,0,14.000000
-24,26,35.383612
25,23,33.970576
-2,-2,2.828427
-11,1,11.045361
31,1,31.016125
-17,-19,25.495098
6,6,8.485281
-26,-44,51.107729
-10,-20,22.360680
-15,37,39.924930
11,3,11.401754
-20,-26,32.802439
-3,11,11.401754
43,-11,44.384682
8,-8,11.313708
2,-8,8.246211
-6,-58,58.309519
-16,16,22.627417
1,-13,13.038405
19,23,29.832868
33,-1,33.015148
6,32,32.557641
28,-12,30.463092
-17,3,17.262677
9,15,17.492856
10,2,10.198039
-12,-24,26.832816
-3,-13,13.341664
3,-5,5.830952
-14,12,18.439089
-1,-7,7.071068
13,-13,18.384776
-16,-42,44.944410
4,14,14.560220
2,-20,20.099751
-36,44,56.850682
-33,-5,33.376639
12,50,51.419841
23,31,38.600518
-29,13,31.780497
31,9,32.280025
4,20,20.396078
-35,-1,35.014283
4,16,16.492423
5,29,29.427878
4,8,8.944272
-33,67,74.686009
-27,9,28.460499
-17,17,24.041631
-17,13,21.400935
31,-19,36.359318
-3,-9,9.486833
-5,41,41.303753
-66,26,70.936591
35,7,35.693137
10,-4,10.770330
-21,45,49.658836
12,74,74.966659
-40,-18,43.863424
9,25,26.570661
-48,-46,66.483081
5,13,13.928388
-9,1,9.055385
33,-21,39.115214
19,-55,58.189346
10,14,17.204651
14,14,19.798990
13,-19,23.021729
24,-16,28.844410
5,-37,37.336309
25,9,26.570661
-2,24,24.083189
32,2,32.062439
-21,17,27.018512
42,8,42.755117
13,-33,35.468296
24,52,57.271284
-17,-41,44.384682
-15,-5,15.811388
-2,10,10.198039
-15,-1,15.033296
-37,-33,49.578221
8,12,14.422205
-21,37,42.544095
19,-33,38.078866
36,4,36.221541
22,34,40.496913
-8,12,14.422205
-8,8,11.313708
25,-17,30.232433
-15,-7,16.552945
-22,38,43.908997
-11,13,17.029386
-11,17,20.248457
-49,-39,62.625873
-19,23,29.832868
48,-12,49.477268
-7,25,25.961510
-1,17,17.029386
54,18,56.920998
-8,-2,8.246211
-13,-21,24.698178
-16,24,28.844410
25,5,25.495098
7,7,9.899495
5,-19,19.646883
-8,-50,50.635956
-19,-1,19.026298
-12,-18,21.633308
-16,-14,21.260292
-26,10,27.856777
32,-4,32.249031
-25,61,65.924199
-5,-19,19.646883
-6,12,13.416408
-45,11,46.324939
-5,-21,21.587033
14,8,16.124515
7,-3,7.615773
9,7,11.401754
-1,-7,7.071068
-20,-54,57.584720
11,17,20.248457
-9,23,24.698178
-4,10,10.770330
-43,3,43.104524
17,47,49.979996
15,-11,18.601075
25,13,28.178006
-31,7,31.780497
-4,-8,8.944272
-1,21,21.023796
-2,22,22.090722
-10,26,27.856777
13,-11,17.029386
14,12,18.439089
1,13,13.038405
25,1,25.019992
-16,-18,24.083189
-29,-19,34.669872
1,29,29.017236
-25,-23,33.970576
17,33,37.121422
-10,0,10.000000
-19,19,26.870058
-22,24,32.557641
10,-8,12.806248
20,54,57.584720
-10,30,31.622777
-12,-8,14.422205
-1,-15,15.033296
-30,6,30.594117
5,-29,29.427878
-29,-23,37.013511
31,41,51.400389
35,-65,73.824115
2,-10,10.198039
21,15,25.806976
-19,1,19.026298
-15,7,16.552945
2,-28,28.071338
-36,-4,36.221541
13,-23,26.419690
7,15,16.552945
16,10,18.867962
-11,-27,29.154759
24,-6,24.738634
12,-44,45.607017
7,7,9.899495
-7,-1,7.071068
24,14,27.784888
-5,-35,35.355339
-54,-30,61.773781
30,8,31.048349
16,-32,35.777088
1,-19,19.026298
26,32,41.231056
-10,36,37.363083
-7,-43,43.566042
15,5,15.811388
21,5,21.587033
2,-46,46.043458
2,-26,26.076810
-3,21,21.213203
51,9,51.788030
-2,-10,10.198039
7,-1,7.071068
14,6,15.231546
25,13,28.178006
-15,19,24.207437
-28,-24,36.878178
0,10,10.000000
32,32,45.254834
6,-10,11.661904
25,-1,25.019992
8,-26,27.202941
46,-2,46.043458
-25,33,41.400483
15,5,15.811388
-1,-3,3.162278
-18,-8,19.697716
24,0,24.000000
15,-43,45.541190
-8,8,11.313708
13,-1,13.038405
37,1,37.013511
5,35,35.355339
10,-2,10.198039
12,-14,18.439089
-9,25,26.570661
5,-7,8.602325
25,1,25.019992
0,-20,20.000000
20,34,39.446166
3,-7,7.615773
24,10,26.000000
1,-9,9.055385
1,-3,3.162278
10,-6,11.661904
19,-71,73.498299
22,-22,31.112698
-7,-35,35.693137
16,-30,34.000000
-8,2,8.246211
16,-52,54.405882
4,10,10.770330
5,-1,5.099020
-25,-23,33.970576
0,20,20.000000
31,31,43.840620
-14,-42,44.271887
26,46,52.839379
56,14,57.723479
26,-22,34.058773
19,-15,24.207437
-60,36,69.971423
18,-14,22.803509
7,21,22.135944
27,51,57.706152
27,23,35.468296
-5,-25,25.495098
23,19,29.832868
6,-4,7.211103
-20,-28,34.409301
-4,2,4.472136
11,23,25.495098
22,-10,24.166092
-28,18,33.286634
28,-2,28.071338
-37,-7,37.656341
-4,16,16.492423
-1,-17,17.029386
32,36,48.166378
-23,3,23.194827
10,-28,29.732137
11,-5,12.083046
28,16,32.249031
35,9,36.138622
37,29,47.010637
1,33,33.015148
19,27,33.015148
-19,9,21.023796
-26,42,49.396356
-29,17,33.615473
5,19,19.646883
-2,-46,46.043458
-2,-6,6.324555
19,-11,21.954498
17,-35,38.910153
26,-8,27.202941
18,4,18.439089
-5,-37,37.336309
-2,-14,14.142136
-4,2,4.472136
2,-14,14.142136
-55,7,55.443665
15,-3,15.297059
-18,-40,43.863424
-10,-14,17.204651
-1,29,29.017236
-3,43,43.104524
21,-19,28.319605
36,38,52.345009
3,29,29.154759
4,-16,16.492423
-7,-9,11.401754
7,27,27.892651
13,3,13.341664
9,-27,28.460499
-12,14,18.439089
6,34,34.525353
2,-20,20.099751
24,22,32.557641
0,10,10.000000
-10,0,10.000000
38,-14,40.496913
-45,59,74.202426
-12,-28,30.463092
-31,-17,35.355339
30,4,30.265492
6,6,8.485281
-15,7,16.552945
14,-16,21.260292
24,-8,25.298221
14,-10,17.204651
6,2,6.324555
-8,-8,11.313708
6,-6,8.485281
26,0,26.000000
-19,1,19.026298
5,-5,7.071068
3,-3,4.242641
0,0,0.000000
26,-16,30.528675
-10,14,17.204651
4,-2,4.472136
-32,-2,32.062439
-45,-9,45.891176
14,26,29.529646
18,-12,21.633308
-12,4,12.649111
-31,33,45.276926
-31,9,32.280025
10,-32,33.526109
25,3,25.179357
1,15,15.033296
11,49,50.219518
27,-49,55.946403
5,23,23.537205
-18,-16,24.083189
17,-5,17.720045
13,23,26.419690
-7,-13,14.764823
32,-8,32.984845
0,4,4.000000
-8,-58,58.549125
37,-29,47.010637
12,10,15.620499
-3,33,33.136083
-1,-63,63.007936
3,-13,13.341664
11,-47,48.270074
36,-2,36.055513
-33,9,34.205263
-10,-6,11.661904
5,-3,5.830952
21,17,27.018512
-18,-6,18.973666
-13,-17,21.400935
27,1,27.018512
31,-35,46.754679
-10,2,10.198039
25,9,26.570661
-12,14,18.439089
23,3,23.194827
-6,30,30.594117
17,-39,42.544095
3,19,19.235384
14,-22,26.076810
18,-30,34.985711
17,-35,38.910153
40,-26,47.707442
40,12,41.761226
-2,-22,22.090722
3,15,15.297059
2,-26,26.076810
-31,9,32.280025
38,-20,42.941821
-7,-17,18.384776
41,17,44.384682
21,-9,22.847319
-10,-4,10.770330
14,26,29.529646
9,3,9.486833
12,42,43.680659
-8,0,8.000000
22,8,23.409400
-24,24,33.941125
-12,-18,21.633308
-22,-4,22.360680
-9,5,10.295630
-6,-46,46.389654
8,-36,36.878178
19,-11,21.954498
-30,16,34.000000
-9,11,14.212670
4,-28,28.284271
-10,-6,11.661904
-14,-26,29.529646
-9,-5,10.295630
-1,-41,41.012193
-29,-31,42.449971
-27,1,27.018512
2,-32,32.062439
37,-15,39.924930
15,3,15.297059
-12,22,25.059928
-6,54,54.332311
-16,-46,48.703183
-47,29,55.226805
-7,-27,27.892651
-12,2,12.165525
-16,-24,28.844410
-15,-13,19.849433
8,48,48.662100
17,-3,17.262677
31,-11,32.893768
8,22,23.409400
-23,9,24.698178
10,8,12.806248
1,-31,31.016125
8,-12,14.422205
-12,-18,21.633308
11,-5,12.083046
24,12,26.832816
-11,-3,11.401754
-8,-18,19.697716
41,13,43.011626
-12,-6,13.416408
4,-28,28.284271
-46,2,46.043458
17,-33,37.121422
-3,27,27.166155
-1,45,45.011110
-22,-34,40.496913
8,-28,29.120440
15,-13,19.849433
6,-22,22.803509
-2,-46,46.043458
16,14,21.260292
7,29,29.832868
-57,-7,57.428216
19,-21,28.319605
-8,-12,14.422205
1,25,25.019992
6,20,20.880613
-18,4,18.439089
17,-9,19.235384
29,25,38.288379
1,-23,23.021729
-1,-43,43.011626
-12,-36,37.947332
-2,16,16.124515
12,18,21.633308
-8,16,17.888544
40,-16,43.081318
28,-26,38.209946
5,35,35.355339
-35,15,38.078866
-36,4,36.221541
19,-5,19.646883
-66,28,71.693793
3,-23,23.194827
35,17,38.910153
13,-1,13.038405
-20,-22,29.732137
-51,21,55.154329
-4,4,5.656854
-22,-16,27.202941
12,14,18.439089
2,20,20.099751
-1,-7,7.071068
11,-9,14.212670
1,-19,19.026298
-8,-2,8.246211
-26,16,30.528675
3,23,23.194827
-18,-6,18.973666
12,-4,12.649111
-22,-2,22.090722
0,-26,26.000000
-13,41,43.011626
-39,43,58.051701
13,-1,13.038405
-23,-9,24.698178
13,-7,14.764823
8,-6,10.000000
55,-31,63.134776
16,28,32.249031
-41,-31,51.400389
-1,-3,3.162278
1,13,13.038405
6,8,10.000000
-8,0,8.000000
18,32,36.715120
13,-5,13.928388
-5,-15,15.811388
14,-28,31.304952
-18,22,28.425341
-35,7,35.693137
26,-30,39.698866
11,-5,12.083046
31,19,36.359318
-7,-27,27.892651
-26,-16,30.528675
-29,13,31.780497
0,10,10.000000
-11,-9,14.212670
30,2,30.066593
-18,24,30.000000
10,30,31.622777
-1,29,29.017236
12,-6,13.416408
-20,0,20.000000
29,-23,37.013511
-8,8,11.313708
40,2,40.049969
31,-45,54.644304
4,20,20.396078
-47,-1,47.010637
13,-23,26.419690
-25,-19,31.400637
16,10,18.867962
-23,17,28.600699
9,3,9.486833
-25,-7,25.961510
-9,-59,59.682493
-51,13,52.630789
6,14,15.231546
9,33,34.205263
17,11,20.248457
-15,-25,29.154759
-2,6,6.324555
32,-32,45.254834
-46,6,46.389654
19,1,19.026298
0,-10,10.000000
-36,-14,38.626416
-34,16,37.576588
-14,-8,16.124515
30,28,41.036569
-41,-3,41.109610
52,-14,53.851648
-19,-15,24.207437
-7,29,29.832868
-15,15,21.213203
-29,21,35.805028
-9,19,21.023796
9,-41,41.976184
-42,-16,44.944410
18,10,20.591260
2,-22,22.090722
-33,1,33.015148
15,-11,18.601075
5,-43,43.289722
22,44,49.193496
-25,-5,25.495098
20,-4,20.396078
-5,21,21.587033
34,14,36.769553
8,-4,8.944272
-3,15,15.297059
5,-23,23.537205
1,-11,11.045361
-4,-40,40.199502
-4,26,26.305893
17,-7,18.384776
-20,-22,29.732137
-7,-51,51.478151
2,24,24.083189
-14,10,17.204651
14,34,36.769553
-31,-17,35.355339
-6,-40,40.447497
40,-38,55.172457
4,28,28.284271
31,11,32.893768
9,-29,30.364453
-11,17,20.248457
20,-16,25.612497
-26,-44,51.107729
2,-34,34.058773
-4,2,4.472136
-17,-5,17.720045
25,-23,33.970576
-6,-38,38.470768
-25,-11,27.313001
-15,-1,15.033296
14,16,21.260292
25,13,28.178006
-22,-8,23.409400
-8,36,36.878178
-22,0,22.000000
-2,-6,6.324555
16,-16,22.627417
21,-5,21.587033
-28,4,28.284271
-20,8,21.540659
-17,-1,17.029386
-4,36,36.221541
-15,-13,19.849433
10,-16,18.867962
1,-13,13.038405
-7,-43,43.566042
-3,-13,13.341664
9,-9,12.727922
24,12,26.832816
15,-33,36.249138
0,-40,40.000000
0,14,14.000000
-23,5,23.537205
-1,3,3.162278
-1,-29,29.017236
35,-29,45.453273
-20,34,39.446166
3,-39,39.115214
-52,18,55.027266
0,-38,38.000000
-9,23,24.698178
-27,1,27.018512
-29,-11,31.016125
23,-35,41.880783
10,6,11.661904
9,-5,10.295630
-8,-16,17.888544
7,5,8.602325
-21,21,29.698485
23,-35,41.880783
-14,10,17.204651
13,-9,15.811388
14,42,44.271887
25,-29,38.288379
-27,-31,41.109610
11,21,23.706539
12,-38,39.849718
25,3,25.179357
27,9,28.460499
-1,15,15.033296
47,7,47.518417
-33,5,33.376639
-34,-40,52.497619
26,4,26.305893
-2,18,18.110770
28,18,33.286634
-24,-46,51.884487
49,-23,54.129474
-4,-2,4.472136
48,34,58.821765
-2,24,24.083189
14,4,14.560220
22,-26,34.058773
19,-1,19.026298
0,6,6.000000
4,-12,12.649111
36,-4,36.221541
15,25,29.154759
29,-3,29.154759
1,9,9.055385
-34,4,34.234486
-8,-38,38.832976
13,-21,24.698178
12,-36,37.947332
15,-7,16.552945
-3,47,47.095647
-10,-36,37.363083
6,-18,18.973666
-20,2,20.099751
-12,28,30.463092
-33,7,33.734256
17,19,25.495098
3,-35,35.128336
28,32,42.520583
-15,-37,39.924930
-2,-26,26.076810
38,26,46.043458
-17,11,20.248457
7,9,11.401754
12,-10,15.620499
29,7,29.832868
15,-53,55.081757
8,10,12.806248
4,0,4.000000
3,17,17.262677
7,-7,9.899495
-10,2,10.198039
-25,-25,35.355339
17,31,35.355339
25,-7,25.961510
-33,-7,33.734256
-18,44,47.539457
-2,14,14.142136
-10,20,22.360680
-35,3,35.128336
-51,17,53.758720
11,-33,34.785054
-29,-39,48.600412
24,-2,24.083189
-16,22,27.202941
-7,3,7.615773
14,-4,14.560220
-9,-7,11.401754
-19,-39,43.382024
6,20,20.880613
19,21,28.319605
31,9,32.280025
-44,10,45.122057
-14,-12,18.439089
-18,-22,28.425341
-7,-11,13.038405
-16,-14,21.260292
-24,10,26.000000
-46,-12,47.539457
7,21,22.135944
-3,-17,17.262677
-16,38,41.231056
33,-15,36.249138
-1,21,21.023796
1,17,17.029386
-6,-14,15.231546
-5,-1,5.099020
-3,-13,13.341664
31,-7,31.780497
11,13,17.029386
1,5,5.099020
15,19,24.207437
30,-4,30.265492
5,5,7.071068
-22,-14,26.076810
0,14,14.000000
-22,-20,29.732137
-11,21,23.706539
-31,15,34.438351
-1,-1,1.414214
20,12,23.323808
-32,-24,40.000000
15,13,19.849433
24,-38,44.944410
-65,1,65.007692
5,13,13.928388
-12,24,26.832816
17,-9,19.235384
-5,9,10.295630
9,-31,32.280025
22,6,22.803509
-25,-15,29.154759
50,-36,61.611687
41,17,44.384682
-13,-13,18.384776
10,-48,49.030603
17,13,21.400935
-30,22,37.202150
-8,26,27.202941
1,15,15.033296
8,10,12.806248
-26,-52,58.137767
-12,-16,20.000000
13,19,23.021729
-19,-17,25.495098
-17,-35,38.910153
12,20,23.323808
31,-17,35.355339
6,18,18.973666
1,-45,45.011110
-33,-5,33.376639
-27,27,38.183766
-26,-12,28.635642
-1,3,3.162278
28,-6,28.635642
-36,16,39.395431
9,-9,12.727922
-15,-15,21.213203
-12,-18,21.633308
-4,-6,7.211103
-11,11,15.556349
42,8,42.755117
33,21,39.115214
15,7,16.552945
-7,-25,25.961510
-34,-4,34.234486
26,14,29.529646
45,-17,48.104054
7,15,16.552945
44,14,46.173586
28,-16,32.249031
18,-2,18.110770
7,-17,18.384776
-6,-14,15.231546
45,-9,45.891176
14,16,21.260292
62,24,66.483081
-21,-23,31.144823
-10,-12,15.620499
-20,-14,24.413111
18,-10,20.591260
-25,-11,27.313001
31,11,32.893768
-22,-8,23.409400
24,-48,53.665631
17,31,35.355339
-3,-21,21.213203
-9,27,28.460499
-40,6,40.447497
-24,4,24.331050
-5,25,25.495098
-24,-14,27.784888
-16,24,28.844410
18,46,49.396356
-4,6,7.211103
-10,16,18.867962
20,0,20.000000
-1,-15,15.033296
-18,26,31.622777
-11,21,23.706539
11,23,25.495098
8,12,14.422205
20,-44,48.332184
27,-11,29.154759
17,-3,17.262677
35,3,35.128336
-37,-9,38.078866
51,-19,54.424259
10,6,11.661904
-25,15,29.154759
-47,15,49.335586
-18,-6,18.973666
-11,-21,23.706539
32,8,32.984845
11,-15,18.601075
-16,-40,43.081318
26,40,47.707442
28,-24,36.878178
22,-24,32.557641
-1,-11,11.045361
-9,-11,14.212670
22,-16,27.202941
-15,29,32.649655
-24,-28,36.878178
-43,3,43.104524
-35,7,35.693137
-4,4,5.656854
-17,5,17.720045
21,13,24.698178
-12,-4,12.649111
5,23,23.537205
47,-27,54.203321
26,-28,38.209946
19,-13,23.021729
35,-11,36.687873
-13,-17,21.400935
40,-4,40.199502
11,-1,11.045361
40,-18,43.863424
-1,-11,11.045361
-31,21,37.443290
40,-4,40.199502
-10,8,12.806248
47,5,47.265209
9,-23,24.698178
-1,-29,29.017236
-15,-5,15.811388
-22,-10,24.166092
25,41,48.020829
-13,-29,31.780497
-16,-4,16.492423
-4,12,12.649111
31,-7,31.780497
-9,-41,41.976184
-3,-27,27.166155
28,-72,77.252832
-4,-4,5.656854
-22,14,26.076810
-2,26,26.076810
4,2,4.472136
1,5,5.099020
-25,-39,46.324939
-3,49,49.091751
4,34,34.234486
16,-20,25.612497
15,13,19.849433
-23,35,41.880783
17,3,17.262677
-3,-19,19.235384
12,20,23.323808
29,-35,45.453273
1,25,25.019992
-11,-13,17.029386
4,-6,7.211103
1,-3,3.162278
-40,20,44.721360
7,-15,16.552945
26,10,27.856777
-29,-5,29.427878
10,-30,31.622777
-9,23,24.698178
-6,-14,15.231546
13,17,21.400935
-25,1,25.019992
-1,-3,3.162278
-31,-7,31.780497
10,2,10.198039
17,11,20.248457
18,-4,18.439089
19,-7,20.248457
9,-27,28.460499
-6,10,11.661904
-38,10,39.293765
57,9,57.706152
-16,-6,17.088007
2,34,34.058773
-8,-14,16.124515
9,11,14.212670
-2,-20,20.099751
44,-14,46.173586
-18,22,28.425341
39,3,39.115214
-21,-19,28.319605
-34,8,34.928498
-8,-8,11.313708
11,-17,20.248457
36,26,44.407207
4,-12,12.649111
15,-15,21.213203
20,32,37.735925
5,39,39.319207
-17,9,19.235384
2,48,48.041649
-29,11,31.016125
-10,8,12.806248
-25,17,30.232433
10,-28,29.732137
22,54,58.309519
22,-34,40.496913
22,16,27.202941
-37,7,37.656341
-7,-15,16.552945
4,-32,32.249031
-34,-4,34.234486
16,8,17.888544
23,43,48.764741
-12,-2,12.165525
11,-15,18.601075
-57,25,62.241465
28,-16,32.249031
-17,7,18.384776
18,14,22.803509
-12,-2,12.165525
-28,-4,28.284271
37,13,39.217343
-38,-10,39.293765
19,11,21.954498
10,16,18.867962
-8,12,14.422205
-23,15,27.459060
0,-20,20.000000
14,-22,26.076810
-10,-24,26.000000
34,-2,34.058773
-50,-22,54.626001
-3,-29,29.154759
-10,-32,33.526109
6,-20,20.880613
25,13,28.178006
6,22,22.803509
-15,13,19.849433
-10,-26,27.856777
-25,-37,44.654227
-24,-24,33.941125
-22,38,43.908997
-20,-2,20.099751
13,-23,26.419690
-29,-21,35.805028
25,-35,43.011626
-8,16,17.888544
-5,-15,15.811388
2,-22,22.090722
-8,-32,32.984845
-6,28,28.635642
10,0,10.000000
-21,-9,22.847319
34,32,46.690470
16,0,16.000000
2,8,8.246211
42,4,42.190046
9,-53,53.758720
-4,14,14.560220
-21,5,21.587033
7,3,7.615773
-5,-7,8.602325
-13,-5,13.928388
3,-3,4.242641
34,8,34.928498
0,4,4.000000
-29,-11,31.016125
20,-18,26.907248
16,-30,34.000000
-21,9,22.847319
12,18,21.633308
53,5,53.235327
6,-2,6.324555
-9,-5,10.295630
18,-16,24.083189
3,3,4.242641
-13,-21,24.698178
38,-22,43.908997
0,2,2.000000
22,-26,34.058773
3,27,27.166155
21,11,23.706539
12,54,55.317267
-38,-20,42.941821
11,-7,13.038405
-47,13,48.764741
44,44,62.225397
-29,15,32.649655
-45,27,52.478567
-24,28,36.878178
-4,14,14.560220
11,33,34.785054
-28,-8,29.120440
31,21,37.443290
-11,37,38.600518
-7,7,9.899495
39,15,41.785165
-7,-25,25.961510
-14,6,15.231546
24,0,24.000000
10,-4,10.770330
15,-1,15.033296
5,17,17.720045
16,12,20.000000
16,-12,20.000000
14,0,14.000000
26,-4,26.305893
17,35,38.910153
-7,-3,7.615773
20,-48,52.000000
-12,4,12.649111
-4,-4,5.656854
-23,11,25.495098
8,-26,27.202941
-12,-12,16.970563
-12,10,15.620499
13,5,13.928388
6,0,6.000000
1,-15,15.033296
-52,-36,63.245553
-13,-41,43.011626
2,-14,14.142136
4,-4,5.656854
-22,2,22.090722
8,32,32.984845
-12,24,26.832816
19,11,21.954498
23,-19,29.832868
5,17,17.720045
4,-20,20.396078
14,-28,31.304952
3,5,5.830952
17,-31,35.355339
-11,-19,21.954498
-44,14,46.173586
-52,16,54.405882
37,5,37.336309
-6,36,36.496575
8,-10,12.806248
4,24,24.331050
0,28,28.000000
-4,-26,26.305893
-14,18,22.803509
5,23,23.537205
-39,3,39.115214
34,-2,34.058773
-38,-20,42.941821
-7,15,16.552945
24,-12,26.832816
30,18,34.985711
-8,-4,8.944272
-24,10,26.000000
17,57,59.481089
-37,-37,52.325902
-11,9,14.212670
12,34,36.055513
10,-6,11.661904
15,-17,22.671568
-13,7,14.764823
9,27,28.460499
-32,18,36.715120
-42,-12,43.680659
-7,49,49.497475
-1,11,11.045361
20,12,23.323808
23,11,25.495098
-6,34,34.525353
7,-5,8.602325
-3,9,9.486833
-15,-43,45.541190
2,26,26.076810
5,37,37.336309
52,-8,52.611786
0,-12,12.000000
19,-5,19.646883
16,-22,27.202941
8,8,11.313708
9,-11,14.212670
-91,11,91.662424
2,14,14.142136
-23,-29,37.013511
39,5,39.319207
-2,2,2.828427
-28,2,28.071338
-16,-52,54.405882
-9,-47,47.853944
8,52,52.611786
5,1,5.099020
-31,-15,34.438351
-8,6,10.000000
-17,-15,22.671568
-3,-19,19.235384
0,-8,8.000000
-10,4,10.770330
18,22,28.425341
12,32,34.176015
7,-31,31.780497
-21,-5,21.587033
-8,-2,8.246211
-15,9,17.492856
-20,26,32.802439
-13,-11,17.029386
-2,-22,22.090722
-22,44,49.193496
-56,4,56.142675
-24,-28,36.878178
-14,-24,27.784888
-3,11,11.401754
-2,-8,8.246211
-26,0,26.000000
31,5,31.400637
31,-3,31.144823
11,-29,31.016125
-29,-43,51.865210
-21,5,21.587033
-26,-16,30.528675
7,23,24.041631
50,2,50.039984
8,12,14.422205
-18,-32,36.715120
-6,24,24.738634
-37,-27,45.803930
6,-10,11.661904
-4,-12,12.649111
-1,19,19.026298
40,-10,41.231056
32,-10,33.526109
-9,5,10.295630
-14,-54,55.785303
-7,1,7.071068
-4,18,18.439089
15,9,17.492856
35,3,35.128336
9,-23,24.698178
-3,-17,17.262677
-15,5,15.811388
21,-19,28.319605
-8,42,42.755117
-2,40,40.049969
-49,-5,49.254441
21,15,25.806976
-18,-6,18.973666
11,-31,32.893768
-29,29,41.012193
-3,35,35.128336
-4,-14,14.560220
-3,11,11.401754
9,-13,15.811388
18,-30,34.985711
14,40,42.379240
-8,-50,50.635956
1,3,3.162278
-9,-7,11.401754
20,2,20.099751
8,58,58.549125
30,-22,37.202150
-30,-24,38.418745
23,-45,50.537115
13,-1,13.038405
28,-40,48.826222
15,37,39.924930
17,13,21.400935
-41,-11,42.449971
-25,21,32.649655
0,-38,38.000000
-10,-4,10.770330
55,21,58.872744
6,-12,13.416408
-21,17,27.018512
-33,15,36.249138
-10,36,37.363083
8,-2,8.246211
22,2,22.090722
23,33,40.224371
29,19,34.669872
12,30,32.310989
0,8,8.000000
47,13,48.764741
25,1,25.019992
12,40,41.761226
-17,9,19.235384
-28,-4,28.284271
78,16,79.624117
15,19,24.207437
-30,-30,42.426407
-11,-7,13.038405
-22,30,37.202150
28,-22,35.608988
-17,-35,38.910153
19,15,24.207437
-2,8,8.246211
-6,-2,6.324555
35,7,35.693137
23,-5,23.537205
-10,-40,41.231056
45,57,72.622311
-31,11,32.893768
-8,-12,14.422205
0,20,20.000000
-16,-20,25.612497
17,17,24.041631
11,11,15.556349
0,26,26.000000
35,13,37.336309
-4,-4,5.656854
12,-26,28.635642
3,-1,3.162278
6,-12,13.416408
-7,-13,14.764823
6,-8,10.000000
-46,-10,47.074409
22,22,31.112698
-5,-9,10.295630
30,-10,31.622777
30,-8,31.048349
-5,-21,21.587033
-18,-36,40.249224
12,2,12.165525
-26,-38,46.043458
46,14,48.083261
33,-19,38.078866
8,-20,21.540659
33,-37,49.578221
-10,-16,18.867962
-28,20,34.409301
20,-28,34.409301
-3,-7,7.615773
25,1,25.019992
-6,0,6.000000
-24,-14,27.784888
-24,22,32.557641
29,-67,73.006849
21,-3,21.213203
-20,22,29.732137
15,-35,38.078866
-4,-48,48.166378
-1,-23,23.021729
16,18,24.083189
-7,-31,31.780497
-5,-3,5.830952
40,-6,40.447497
8,32,32.984845
3,-11,11.401754
-56,10,56.885851
-42,24,48.373546
-7,49,49.497475
3,7,7.615773
-9,49,49.819675
-47,-53,70.837843
-35,15,38.078866
-13,15,19.849433
36,-2,36.055513
-45,-17,48.104054
-26,-16,30.528675
-48,30,56.603887
-30,-8,31.048349
-8,20,21.540659
-50,18,53.141321
18,-6,18.973666
-39,5,39.319207
21,21,29.698485
11,-31,32.893768
39,15,41.785165
-11,-17,20.248457
4,20,20.396078
-24,8,25.298221
3,17,17.262677
12,-10,15.620499
-14,-10,17.204651
-5,-1,5.099020
20,14,24.413111
20,18,26.907248
-8,-40,40.792156
-10,-36,37.363083
33,-15,36.249138
-2,36,36.055513
-19,27,33.015148
2,32,32.062439
18,2,18.110770
4,10,10.770330
8,4,8.944272
-4,26,26.305893
18,2,18.110770
30,-8,31.048349
-5,-1,5.099020
2,-30,30.066593
-44,-6,44.407207
-45,-5,45.276926
-50,-10,50.990195
-21,-11,23.706539
31,-9,32.280025
-36,-46,58.412327
7,-15,16.552945
-32,-6,32.557641
7,-47,47.518417
23,25,33.970576
27,-1,27.018512
-20,-2,20.099751
-6,-8,10.000000
-29,-7,29.832868
-39,-13,41.109610
-5,27,27.459060
-14,18,22.803509
-40,-6,40.447497
-53,-43,68.249542
-23,17,28.600699
-49,-35,60.216277
-9,-17,19.235384
27,39,47.434165
-8,-8,11.313708
-9,7,11.401754
-8,24,25.298221
11,-33,34.785054
-6,14,15.231546
-37,13,39.217343
-20,-4,20.396078
36,6,36.496575
7,1,7.071068
7,17,18.384776
0,-44,44.000000
-45,9,45.891176
-19,-9,21.023796
-41,43,59.413803
-25,11,27.313001
2,-12,12.165525
13,-17,21.400935
26,10,27.856777
2,24,24.083189
-37,-5,37.336309
1,-53,53.009433
-43,-59,73.006849
-23,-17,28.600699
5,-5,7.071068
22,-8,23.409400
48,-16,50.596443
14,30,33.105891
18,8,19.697716
6,22,22.803509
16,-34,37.576588
34,22,40.496913
-2,4,4.472136
-5,-35,35.355339
-27,-33,42.638011
10,-8,12.806248
-8,-6,10.000000
-19,-19,26.870058
19,15,24.207437
2,-14,14.142136
-32,-4,32.249031
7,-3,7.615773
1,-15,15.033296
6,2,6.324555
1,-5,5.099020
-33,-19,38.078866
25,-23,33.970576
15,31,34.438351
-35,41,53.907328
-20,12,23.323808
9,25,26.570661
-25,-25,35.355339
7,23,24.041631
4,8,8.944272
-6,-14,15.231546
-6,-44,44.407207
-23,-35,41.880783
24,4,24.331050
6,12,13.416408
-25,1,25.019992
22,-14,26.076810
19,3,19.235384
31,-33,45.276926
-20,-8,21.540659
-29,-13,31.780497
17,-43,46.238512
-24,26,35.383612
30,-16,34.000000
-3,5,5.830952
26,-14,29.529646
43,5,43.289722
-26,-32,41.231056
-5,-9,10.295630
36,-32,48.166378
-5,-3,5.830952
28,36,45.607017
-6,-6,8.485281
15,15,21.213203
24,-46,51.884487
-14,-10,17.204651
21,-35,40.816663
10,-4,10.770330
27,5,27.459060
-7,19,20.248457
8,10,12.806248
-11,-25,27.313001
-27,15,30.886890
19,21,28.319605
-27,27,38.183766
19,-43,47.010637
-1,7,7.071068
-3,9,9.486833
2,-32,32.062439
16,12,20.000000
13,27,29.966648
9,-3,9.486833
22,20,29.732137
-26,8,27.202941
16,18,24.083189
30,-30,42.426407
18,14,22.803509
-10,-14,17.204651
17,-19,25.495098
3,-9,9.486833
-37,29,47.010637
25,21,32.649655
-2,-26,26.076810
0,-12,12.000000
-1,37,37.013511
-30,-2,30.066593
-24,-32,40.000000
4,-2,4.472136
-11,-27,29.154759
6,4,7.211103
0,0,0.000000
0,10,10.000000
15,-21,25.806976
4,6,7.211103
14,30,33.105891
-17,-21,27.018512
-3,-23,23.194827
16,-16,22.627417
6,-4,7.211103
-32,-30,43.863424
27,-11,29.154759
-4,16,16.492423
26,-68,72.801099
16,42,44.944410
-12,4,12.649111
-2,34,34.058773
-9,-3,9.486833
-25,-23,33.970576
-14,2,14.142136
-17,-25,30.232433
7,41,41.593269
0,8,8.000000
26,-26,36.769553
8,28,29.120440
50,44,66.603303
20,6,20.880613
-37,-1,37.013511
13,-13,18.384776
-33,9,34.205263
-21,-3,21.213203
40,-12,41.761226
-30,-44,53.254108
21,1,21.023796
6,8,10.000000
-13,27,29.966648
-34,-2,34.058773
0,46,46.000000
-16,2,16.124515
0,-44,44.000000
-18,2,18.110770
16,24,28.844410
0,-22,22.000000
7,-45,45.541190
-1,-35,35.014283
13,15,19.849433
-25,23,33.970576
49,-21,53.310412
-24,-6,24.738634
16,-12,20.000000
-19,9,21.023796
8,14,16.124515
-6,10,11.661904
10,-8,12.806248
-11,-29,31.016125
-35,3,35.128336
12,0,12.000000
-3,-17,17.262677
13,-3,13.341664
0,24,24.000000
-34,-6,34.525353
-9,11,14.212670
-13,-17,21.400935
-17,-13,21.400935
24,-10,26.000000
-21,35,40.816663
10,10,14.142136
-28,18,33.286634
13,-51,52.630789
-38,22,43.908997
22,-2,22.090722
40,-24,46.647615
42,14,44.271887
-41,7,41.593269
2,-18,18.110770
22,4,22.360680
60,-26,65.391131
-16,14,21.260292
-5,25,25.495098
2,-50,50.039984
21,11,23.706539
22,6,22.803509
-1,1,1.414214
11,-1,11.045361
-18,22,28.425341
0,-10,10.000000
-5,-1,5.099020
24,-10,26.000000
-11,3,11.401754
-29,-1,29.017236
-15,29,32.649655
8,2,8.246211
-19,25,31.400637
-13,17,21.400935
9,-1,9.055385
35,-7,35.693137
-51,-37,63.007936
33,31,45.276926
-25,3,25.179357
0,6,6.000000
-42,36,55.317267
47,-5,47.265209
35,19,39.824616
16,4,16.492423
1,11,11.045361
8,-12,14.422205
-9,-29,30.364453
-22,40,45.650849
0,-6,6.000000
14,-20,24.413111
-1,-7,7.071068
10,22,24.166092
45,-51,68.014704
28,-2,28.071338
34,8,34.928498
-4,-20,20.396078
-25,21,32.649655
8,8,11.313708
1,3,3.162278
42,-12,43.680659
-67,-47,81.841310
45,-35,57.008771
-42,-12,43.680659
-8,8,11.313708
1,9,9.055385
-19,3,19.235384
-3,-39,39.115214
43,-7,43.566042
-4,-14,14.560220
0,10,10.000000
-14,-6,15.231546
9,31,32.280025
-13,-41,43.011626
-17,1,17.029386
-25,-7,25.961510
32,-4,32.249031
-4,4,5.656854
-7,-1,7.071068
-40,-4,40.199502
2,-18,18.110770
-18,-36,40.249224
-19,-29,34.669872
-2,-6,6.324555
33,-5,33.376639
-38,2,38.052595
21,7,22.135944
7,-65,65.375837
28,-12,30.463092
-1,5,5.099020
24,20,31.240999
-12,-6,13.416408
11,-25,27.313001
-8,-24,25.298221
-4,26,26.305893
11,-31,32.893768
1,-17,17.029386
-11,25,27.313001
-20,-14,24.413111
-7,29,29.832868
21,3,21.213203
7,-9,11.401754
5,-13,13.928388
14,22,26.076810
21,-5,21.587033
-8,-16,17.888544
28,22,35.608988
4,12,12.649111
-23,37,43.566042
-4,8,8.944272
21,-21,29.698485
18,-16,24.083189
-24,-60,64.621978
4,12,12.649111
0,-16,16.000000
-18,20,26.907248
39,3,39.115214
16,18,24.083189
-28,14,31.304952
-7,9,11.401754
-13,5,13.928388
0,18,18.000000
-40,2,40.049969
6,-2,6.324555
29,35,45.453273
-6,18,18.973666
35,-35,49.497475
-1,9,9.055385
19,11,21.954498
13,-7,14.764823
3,11,11.401754
-12,-52,53.366656
-8,-22,23.409400
35,-35,49.497475
23,-9,24.698178
-5,7,8.602325
12,8,14.422205
-18,-6,18.973666
-36,-38,52.345009
15,-13,19.849433
-15,-9,17.492856
29,21,35.805028
-38,32,49.678969
36,-38,52.345009
-44,-2,44.045431
21,13,24.698178
10,-4,10.770330
-6,38,38.470768
-17,-31,35.355339
1,1,1.414214
-1,-5,5.099020
28,-4,28.284271
-44,-44,62.225397
-10,-40,41.231056
-33,-9,34.205263
17,-7,18.384776
30,-20,36.055513
-6,-30,30.594117
4,18,18.439089
-22,4,22.360680
37,17,40.718546
-1,-45,45.011110
5,5,7.071068
6,12,13.416408
-1,-35,35.014283
19,-15,24.207437
36,14,38.626416
9,13,15.811388
-26,16,30.528675
47,-9,47.853944
-11,-9,14.212670
-8,34,34.928498
26,2,26.076810
-24,14,27.784888
-5,-21,21.587033
-63,-3,63.071388
-33,17,37.121422
-3,-11,11.401754
34,2,34.058773
-8,16,17.888544
2,8,8.246211
20,22,29.732137
44,26,51.107729
29,23,37.013511
-24,30,38.418745
28,-34,44.045431
-17,-7,18.384776
-29,5,29.427878
-28,4,28.284271
0,-28,28.000000
-19,9,21.023796
23,-15,27.459060
5,7,8.602325
30,-16,34.000000
20,28,34.409301
10,34,35.440090
18,-6,18.973666
0,18,18.000000
37,17,40.718546
-9,-13,15.811388
-35,13,37.336309
-8,24,25.298221
47,-7,47.518417
-13,-15,19.849433
-8,-4,8.944272
-6,-20,20.880613
-14,-24,27.784888
23,17,28.600699
17,-27,31.906112
-2,-18,18.110770
6,-18,18.973666
8,-24,25.298221
7,35,35.693137
32,24,40.000000
25,-9,26.570661
-26,18,31.622777
-19,43,47.010637
17,-33,37.121422
-18,-64,66.483081
21,23,31.144823
-35,9,36.138622
-24,-22,32.557641
-69,-23,72.732386
0,6,6.000000
9,-23,24.698178
24,-8,25.298221
4,10,10.770330
-26,14,29.529646
7,-3,7.615773
3,-31,31.144823
13,7,14.764823
9,19,21.023796
-11,-15,18.601075
-4,10,10.770330
-3,35,35.128336
18,14,22.803509
35,-17,38.910153
-25,11,27.313001
25,-29,38.288379
-36,4,36.221541
2,14,14.142136
31,-11,32.893768
-37,43,56.727418
6,-6,8.485281
-18,28,33.286634
5,-9,10.295630
22,2,22.090722
39,33,51.088159
56,8,56.568542
-9,3,9.486833
-16,2,16.124515
34,12,36.055513
-15,9,17.492856
-48,38,61.220911
-10,18,20.591260
17,-9,19.235384
2,26,26.076810
18,6,18.973666
21,21,29.698485
10,6,11.661904
-22,-6,22.803509
-32,12,34.176015
7,-53,53.460266
-1,-19,19.026298
-3,-27,27.166155
-11,9,14.212670
22,-24,32.557641
-7,-3,7.615773
14,0,14.000000
-6,-66,66.272166
-7,9,11.401754
-34,-40,52.497619
13,49,50.695167
1,25,25.019992
3,-11,11.401754
22,14,26.076810
-22,8,23.409400
8,8,11.313708
-27,17,31.906112
-17,-3,17.262677
15,-11,18.601075
-7,7,9.899495
7,9,11.401754
-58,-2,58.034473
9,23,24.698178
22,-4,22.360680
26,-4,26.305893
1,-7,7.071068
25,17,30.232433
32,-18,36.715120
-32,-80,86.162637
-16,10,18.867962
36,4,36.221541
-18,-38,42.047592
-6,44,44.407207
7,3,7.615773
1,-13,13.038405
-3,25,25.179357
13,15,19.849433
30,-14,33.105891
7,7,9.899495
-12,-26,28.635642
-25,7,25.961510
13,1,13.038405
-28,24,36.878178
30,22,37.202150
36,34,49.517674
27,-3,27.166155
5,3,5.830952
23,-19,29.832868
43,15,45.541190
22,-22,31.112698
-4,10,10.770330
6,-4,7.211103
17,-15,22.671568
-3,17,17.262677
-19,21,28.319605
24,-38,44.944410
-5,39,39.319207
8,20,21.540659
31,25,39.824616
-24,-20,31.240999
35,-21,40.816663
34,-20,39.446166
27,-19,33.015148
-15,3,15.297059
30,-14,33.105891
54,14,55.785303
6,8,10.000000
15,-9,17.492856
29,13,31.780497
-4,10,10.770330
-66,-8,66.483081
36,20,41.182521
-25,-7,25.961510
-24,-10,26.000000
-9,7,11.401754
29,29,41.012193
-19,3,19.235384
18,40,43.863424
8,18,19.697716
-42,2,42.047592
20,-22,29.732137
-9,21,22.847319
11,-23,25.495098
-45,-13,46.840154
12,8,14.422205
-1,15,15.033296
-5,19,19.646883
35,-35,49.497475
34,8,34.928498
0,-34,34.000000
4,-2,4.472136
-23,-9,24.698178
8,30,31.048349
-33,-25,41.400483
14,36,38.626416
-8,36,36.878178
-19,-25,31.400637
-3,3,4.242641
18,-2,18.110770
-46,-38,59.665736
37,-1,37.013511
-6,2,6.324555
-38,26,46.043458
25,-9,26.570661
-3,17,17.262677
-34,-10,35.440090
17,-11,20.248457
8,-26,27.202941
19,-23,29.832868
-4,16,16.492423
10,20,22.360680
-20,-44,48.332184
37,-11,38.600518
-16,4,16.492423
8,-14,16.124515
14,0,14.000000
8,38,38.832976
-12,14,18.439089
-1,27,27.018512
18,-12,21.633308
-2,6,6.324555
-21,25,32.649655
4,16,16.492423
-22,-22,31.112698
-29,21,35.805028
3,-29,29.154759
28,22,35.608988
20,46,50.159745
-17,-9,19.235384
-5,-29,29.427878
-6,-4,7.211103
-15,-11,18.601075
6,-12,13.416408
4,-20,20.396078
-3,-1,3.162278
-18,24,30.000000
-13,29,31.780497
-13,-31,33.615473
-5,-39,39.319207
22,30,37.202150
-34,6,34.525353
1,1,1.414214
8,22,23.409400
-21,3,21.213203
-47,37,59.816386
15,-33,36.249138
-6,8,10.000000
23,7,24.041631
-16,32,35.777088
-29,-3,29.154759
-4,-2,4.472136
26,58,63.560994
-17,-25,30.232433
10,-28,29.732137
2,-28,28.071338
-16,8,17.888544
34,34,48.083261
-49,-29,56.938563
19,-3,19.235384
25,-1,25.019992
24,-48,53.665631
29,-1,29.017236
16,-24,28.844410
-7,25,25.961510
-27,-37,45.803930
15,17,22.671568
15,1,15.033296
-18,-16,24.083189
7,-3,7.615773
2,-16,16.124515
-8,-6,10.000000
8,6,10.000000
-24,2,24.083189
14,10,17.204651
23,-1,23.021729
-30,34,45.343136
-13,21,24.698178
8,6,10.000000
6,-50,50.358713
-2,-22,22.090722
-3,-9,9.486833
-43,-3,43.104524
1,-5,5.099020
46,-10,47.074409
2,-2,2.828427
-25,-3,25.179357
9,-49,49.819675
-35,15,38.078866
16,30,34.000000
35,13,37.336309
3,-9,9.486833
-21,23,31.144823
7,-19,20.248457
-4,-16,16.492423
46,-10,47.074409
12,-18,21.633308
-19,19,26.870058
-8,16,17.888544
1,-3,3.162278
23,-17,28.600699
44,16,46.818800
32,-2,32.062439
17,11,20.248457
-5,33,33.376639
-10,-8,12.806248
6,-2,6.324555
-10,4,10.770330
26,-42,49.396356
-39,-13,41.109610
7,13,14.764823
-8,-10,12.806248
-6,-22,22.803509
8,8,11.313708
-37,17,40.718546
15,-13,19.849433
10,-42,43.174066
26,8,27.202941
-9,-35,36.138622
7,1,7.071068
21,-3,21.213203
-33,-7,33.734256
-24,-4,24.331050
-53,-31,61.400326
17,9,19.235384
-26,38,46.043458
-33,13,35.468296
-30,12,32.310989
-14,-28,31.304952
17,23,28.600699
-24,-18,30.000000
15,3,15.297059
46,-36,58.412327
-38,-6,38.470768
6,34,34.525353
5,-37,37.336309
-16,-10,18.867962
-27,15,30.886890
-26,-22,34.058773
19,-25,31.400637
-10,6,11.661904
-10,-18,20.591260
-22,6,22.803509
5,-29,29.427878
15,-11,18.601075
4,18,18.439089
44,-30,53.254108
-11,-53,54.129474
-20,-20,28.284271
-18,0,18.000000
12,10,15.620499
-45,-3,45.099889
-12,-18,21.633308
-34,14,36.769553
20,-36,41.182521
48,-2,48.041649
-7,-11,13.038405
-15,25,29.154759
34,-28,44.045431
-35,-5,35.355339
-29,-5,29.427878
24,-6,24.738634
-9,-11,14.212670
-20,12,23.323808
-38,12,39.849718
-9,3,9.486833
-26,26,36.769553
-51,-43,66.708320
-20,-6,20.880613
-22,-46,50.990195
-67,61,90.609050
-4,18,18.439089
-27,25,36.796739
-11,-3,11.401754
13,21,24.698178
-11,-35,36.687873
33,7,33.734256
-2,0,2.000000
22,-4,22.360680
0,26,26.000000
11,3,11.401754
-13,-13,18.384776
4,-48,48.166378
1,-1,1.414214
-11,5,12.083046
-13,3,13.341664
23,-1,23.021729
25,21,32.649655
12,6,13.416408
23,-21,31.144823
-11,-13,17.029386
-22,26,34.058773
1,5,5.099020
30,18,34.985711
60,-26,65.391131
13,-13,18.384776
-10,-16,18.867962
24,66,70.228199
10,-8,12.806248
2,-10,10.198039
-30,14,33.105891
-5,-13,13.928388
6,10,11.661904
-12,-4,12.649111
-42,4,42.190046
13,13,18.384776
46,-20,50.159745
55,17,57.567352
2,0,2.000000
-12,22,25.059928
8,14,16.124515
13,-45,46.840154
-15,-5,15.811388
23,13,26.419690
0,58,58.000000
28,4,28.284271
-30,-14,33.105891
8,32,32.984845
-9,-27,28.460499
11,-31,32.893768
29,11,31.016125
42,-6,42.426407
-13,-17,21.400935
-28,-14,31.304952
-27,1,27.018512
18,-18,25.455844
-8,-10,12.806248
22,-18,28.425341
14,16,21.260292
-17,37,40.718546
-6,-6,8.485281
19,-15,24.207437
2,-22,22.090722
-20,42,46.518813
18,-36,40.249224
6,-2,6.324555
-15,-45,47.434165
19,-33,38.078866
-24,18,30.000000
0,-4,4.000000
1,9,9.055385
-33,-41,52.630789
-7,-1,7.071068
-12,-8,14.422205
2,10,10.198039
-4,32,32.249031
-1,15,15.033296
11,-9,14.212670
-5,5,7.071068
23,-17,28.600699
-10,-40,41.231056
-5,-15,15.811388
-35,37,50.931326
34,-34,48.083261
10,2,10.198039
0,10,10.000000
-6,-30,30.594117
7,-23,24.041631
-7,33,33.734256
10,-16,18.867962
12,-18,21.633308
14,24,27.784888
21,-11,23.706539
-37,23,43.566042
36,-4,36.221541
-34,24,41.617304
-5,1,5.099020
-1,17,17.029386
-22,38,43.908997
-24,-4,24.331050
8,-6,10.000000
-35,31,46.754679
14,-2,14.142136
0,-8,8.000000
13,11,17.029386
-27,-5,27.459060
48,0,48.000000
-1,39,39.012818
48,-30,56.603887
15,-37,39.924930
19,-3,19.235384
1,5,5.099020
-16,-14,21.260292
-11,-21,23.706539
-22,-30,37.202150
4,2,4.472136
9,21,22.847319
13,-17,21.400935
-16,-8,17.888544
20,0,20.000000
-18,-14,22.803509
35,-1,35.014283
19,-17,25.495098
-6,14,15.231546
26,24,35.383612
-4,2,4.472136
-13,-9,15.811388
-22,-20,29.732137
-29,11,31.016125
-22,-4,22.360680
-24,30,38.418745
-30,-10,31.622777
-2,6,6.324555
-11,-5,12.083046
-51,15,53.160135
7,13,14.764823
8,12,14.422205
-5,11,12.083046
-10,-52,52.952809
-19,-21,28.319605
-9,-3,9.486833
-8,14,16.124515
-26,0,26.000000
5,3,5.830952
55,-3,55.081757
25,-7,25.961510
0,16,16.000000
8,-30,31.048349
2,-36,36.055513
22,-16,27.202941
1,33,33.015148
41,-5,41.303753
-22,-6,22.803509
-37,3,37.121422
7,17,18.384776
11,27,29.154759
-1,-21,21.023796
-24,28,36.878178
14,-28,31.304952
2,4,4.472136
2,12,12.165525
-22,6,22.803509
-5,-29,29.427878
11,13,17.029386
15,-29,32.649655
9,-29,30.364453
0,-2,2.000000
28,-16,32.249031
-29,-3,29.154759
6,-14,15.231546
-13,-5,13.928388
-21,47,51.478151
28,18,33.286634
8,38,38.832976
49,33,59.076222
19,-43,47.010637
-8,-14,16.124515
2,-22,22.090722
1,-1,1.414214
36,-26,44.407207
-3,-7,7.615773
-21,-17,27.018512
-52,16,54.405882
2,2,2.828427
5,5,7.071068
23,-23,32.526912
42,-22,47.413078
6,-4,7.211103
-11,-21,23.706539
1,-21,21.023796
-16,-26,30.528675
27,-17,31.906112
34,28,44.045431
-7,27,27.892651
5,-37,37.336309
26,-16,30.528675
28,28,39.597980
-51,-51,72.124892
3,17,17.262677
48,44,65.115282
-9,43,43.931765
7,-9,11.401754
5,25,25.495098
28,20,34.409301
-21,29,35.805028
16,22,27.202941
11,19,21.954498
4,8,8.944272
-28,58,64.404969
-15,5,15.811388
0,-10,10.000000
26,4,26.305893
20,40,44.721360
-22,-18,28.425341
32,-36,48.166378
-6,-28,28.635642
-5,33,33.376639
-13,-37,39.217343
-3,1,3.162278
7,1,7.071068
21,15,25.806976
1,-31,31.016125
-10,-12,15.620499
-19,13,23.021729
-13,13,18.384776
2,30,30.066593
3,-9,9.486833
17,-21,27.018512
11,-23,25.495098
23,-23,32.526912
-45,43,62.241465
-11,1,11.045361
4,-28,28.284271
-4,10,10.770330
-23,31,38.600518
4,26,26.305893
-39,9,40.024992
-31,25,39.824616
-40,-28,48.826222
-18,-4,18.439089
-22,22,31.112698
14,20,24.413111
32,14,34.928498
-27,9,28.460499
-14,-42,44.271887
22,14,26.076810
-7,1,7.071068
23,-13,26.419690
31,-13,33.615473
0,6,6.000000
-9,-1,9.055385
40,30,50.000000
48,-38,61.220911
3,7,7.615773
31,-25,39.824616
11,-5,12.083046
-1,-33,33.015148
6,-8,10.000000
-10,-14,17.204651
-28,-54,60.827625
-34,0,34.000000
9,-27,28.460499
-11,-27,29.154759
22,14,26.076810
13,-25,28.178006
-12,24,26.832816
13,-19,23.021729
5,-35,35.355339
-3,19,19.235384
-45,-21,49.658836
-37,-13,39.217343
2,-12,12.165525
9,-27,28.460499
12,-16,20.000000
5,-7,8.602325
5,13,13.928388
-38,-2,38.052595
-24,-12,26.832816
29,-9,30.364453
-8,-12,14.422205
-52,-16,54.405882
13,-25,28.178006
28,-24,36.878178
6,-10,11.661904
-39,-11,40.521599
4,4,5.656854
-50,-12,51.419841
18,-12,21.633308
49,-57,75.166482
22,-36,42.190046
-32,-10,33.526109
-11,23,25.495098
3,-3,4.242641
-7,23,24.041631
11,-3,11.401754
5,33,33.376639
-27,-53,59.481089
-7,11,13.038405
-17,-13,21.400935
0,-26,26.000000
-23,13,26.419690
-5,-13,13.928388
-24,20,31.240999
-2,26,26.076810
37,21,42.544095
5,31,31.400637
-12,-8,14.422205
11,11,15.556349
5,5,7.071068
14,-34,36.769553
7,7,9.899495
36,-16,39.395431
-12,-20,23.323808
-15,1,15.033296
37,5,37.336309
37,-47,59.816386
8,-4,8.944272
-26,-18,31.622777
12,-20,23.323808
7,-19,20.248457
21,-21,29.698485
-1,-11,11.045361
-10,-24,26.000000
14,-14,19.798990
-29,9,30.364453
15,33,36.249138
-3,-5,5.830952
7,13,14.764823
-17,-23,28.600699
-9,55,55.731499
3,25,25.179357
-23,3,23.194827
-10,-4,10.770330
27,23,35.468296
-23,3,23.194827
7,-23,24.041631
-4,42,42.190046
35,-11,36.687873
-37,-17,40.718546
7,23,24.041631
4,30,30.265492
-6,38,38.470768
-19,-31,36.359318
5,13,13.928388
15,-3,15.297059
-3,-35,35.128336
11,-11,15.556349
-45,-13,46.840154
35,27,44.204072
30,16,34.000000
20,22,29.732137
9,15,17.492856
-42,4,42.190046
-15,-7,16.552945
15,-1,15.033296
-44,18,47.539457
-33,33,46.669048
37,31,48.270074
-1,27,27.018512
6,0,6.000000
-3,45,45.099889
-25,-5,25.495098
6,2,6.324555
-14,-6,15.231546
38,-4,38.209946
26,-8,27.202941
47,-7,47.518417
-33,-5,33.376639
-34,-56,65.513357
-11,11,15.556349
9,13,15.811388
-14,2,14.142136
-16,16,22.627417
-1,1,1.414214
5,-9,10.295630
-6,-40,40.447497
-5,17,17.720045
-19,-31,36.359318
2,-2,2.828427
-13,-27,29.966648
10,-14,17.204651
13,3,13.341664
-30,-2,30.066593
5,3,5.830952
-12,4,12.649111
17,33,37.121422
-33,9,34.205263
-2,4,4.472136
-24,-14,27.784888
-30,-4,30.265492
18,-4,18.439089
-18,-12,21.633308
-34,-8,34.928498
-24,-2,24.083189
1,-13,13.038405
10,6,11.661904
13,-17,21.400935
-19,-9,21.023796
-4,-8,8.944272
-35,69,77.369245
-26,0,26.000000
7,-15,16.552945
-18,12,21.633308
-16,44,46.818800
-10,20,22.360680
-35,-17,38.910153
19,-7,20.248457
-32,12,34.176015
-19,-37,41.593269
13,3,13.341664
-1,-3,3.162278
-14,18,22.803509
16,-4,16.492423
18,8,19.697716
7,9,11.401754
15,7,16.552945
-22,-14,26.076810
-27,13,29.966648
8,-16,17.888544
-23,-11,25.495098
-15,-9,17.492856
-13,3,13.341664
-8,28,29.120440
28,-8,29.120440
-10,2,10.198039
-17,-11,20.248457
21,19,28.319605
-17,3,17.262677
29,5,29.427878
-20,-6,20.880613
-21,35,40.816663
-27,-5,27.459060
6,16,17.088007
3,27,27.166155
-4,8,8.944272
-43,1,43.011626
-29,-11,31.016125
-6,-46,46.389654
-45,29,53.535035
-44,2,44.045431
37,-1,37.013511
-21,-7,22.135944
0,-14,14.000000
-20,-26,32.802439
11,-5,12.083046
30,2,30.066593
-10,22,24.166092
39,3,39.115214
3,1,3.162278
6,-28,28.635642
18,0,18.000000
16,-32,35.777088
-10,-24,26.000000
17,41,44.384682
-30,-2,30.066593
-1,-9,9.055385
-26,20,32.802439
-5,-13,13.928388
-14,-52,53.851648
17,-51,53.758720
-21,-29,35.805028
-11,3,11.401754
-36,-50,61.611687
13,5,13.928388
18,-6,18.973666
43,-27,50.774009
-15,17,22.671568
19,3,19.235384
0,22,22.000000
-10,18,20.591260
-14,18,22.803509
2,0,2.000000
-18,-6,18.973666
16,22,27.202941
40,-8,40.792156
-23,63,67.067131
6,-36,36.496575
-2,-20,20.099751
-36,-16,39.395431
13,33,35.468296
3,19,19.235384
-28,-26,38.209946
16,10,18.867962
-8,0,8.000000
23,-3,23.194827
23,-39,45.276926
6,40,40.447497
-2,-14,14.142136
-10,10,14.142136
-7,-19,20.248457
33,-3,33.136083
18,8,19.697716
-33,-31,45.276926
-16,-16,22.627417
2,28,28.071338
10,28,29.732137
3,3,4.242641
-43,29,51.865210
22,-4,22.360680
13,3,13.341664
47,-33,57.428216
15,23,27.459060
5,39,39.319207
11,-1,11.045361
1,1,1.414214
40,-8,40.792156
9,-9,12.727922
8,-24,25.298221
41,-1,41.012193
32,-40,51.224994
-3,15,15.297059
11,-9,14.212670
-43,-11,44.384682
-1,3,3.162278
-15,21,25.806976
-21,25,32.649655
-10,-34,35.440090
35,29,45.453273
-15,21,25.806976
24,32,40.000000
64,40,75.471849
11,-13,17.029386
17,-43,46.238512
24,-10,26.000000
-19,-23,29.832868
-11,5,12.083046
-1,-31,31.016125
9,45,45.891176
-44,-2,44.045431
-10,-10,14.142136
18,-36,40.249224
-38,12,39.849718
-25,5,25.495098
-26,-16,30.528675
-13,-7,14.764823
34,2,34.058773
15,-15,21.213203
-6,6,8.485281
4,-8,8.944272
-22,-2,22.090722
-21,-17,27.018512
-35,-23,41.880783
9,-15,17.492856
19,-5,19.646883
-6,-26,26.683328
12,32,34.176015
-14,8,16.124515
-3,13,13.341664
-16,34,37.576588
-64,-16,65.969690
-7,-33,33.734256
37,23,43.566042
2,-2,2.828427
17,21,27.018512
-25,-7,25.961510
9,-3,9.486833
-31,27,41.109610
-3,-15,15.297059
-32,18,36.715120
-38,-18,42.047592
18,20,26.907248
36,26,44.407207
38,14,40.496913
4,-26,26.305893
34,-6,34.525353
19,55,58.189346
-25,-5,25.495098
3,33,33.136083
23,-11,25.495098
-31,-15,34.438351
-34,-8,34.928498
30,4,30.265492
33,-3,33.136083
0,-12,12.000000
-10,-2,10.198039
-24,-16,28.844410
-15,-5,15.811388
-10,16,18.867962
-9,-39,40.024992
25,-17,30.232433
24,-12,26.832816
-25,9,26.570661
35,7,35.693137
43,13,44.922155
-3,-31,31.144823
-21,1,21.023796
-19,-31,36.359318
13,-41,43.011626
-22,10,24.166092
-6,28,28.635642
18,-14,22.803509
24,6,24.738634
51,29,58.668561
-32,-44,54.405882
-11,-11,15.556349
-2,42,42.047592
18,2,18.110770
-13,5,13.928388
15,-27,30.886890
16,-2,16.124515
-14,-14,19.798990
-1,9,9.055385
-3,41,41.109610
-43,-3,43.104524
32,-50,59.363288
-18,-28,33.286634
8,-14,16.124515
8,-10,12.806248
-21,-13,24.698178
-4,-46,46.173586
-7,-11,13.038405
2,16,16.124515
-48,58,75.286121
-5,7,8.602325
-24,10,26.000000
7,21,22.135944
18,-12,21.633308
-20,22,29.732137
26,-54,59.933296
-9,7,11.401754
19,17,25.495098
-24,16,28.844410
-28,26,38.209946
18,-50,53.141321
35,-23,41.880783
-10,22,24.166092
-23,-43,48.764741
11,5,12.083046
-20,2,20.099751
5,-35,35.355339
-25,5,25.495098
-6,-6,8.485281
1,13,13.038405
14,-30,33.105891
10,0,10.000000
30,26,39.698866
-10,-16,18.867962
-27,5,27.459060
-11,-23,25.495098
2,-12,12.165525
3,3,4.242641
18,-10,20.591260
2,2,2.828427
-19,-1,19.026298
-31,-31,43.840620
0,-2,2.000000
-7,27,27.892651
13,5,13.928388
4,-20,20.396078
3,-33,33.136083
9,-3,9.486833
26,-6,26.683328
0,20,20.000000
-6,12,13.416408
28,22,35.608988
4,2,4.472136
10,20,22.360680
28,36,45.607017
-37,-23,43.566042
4,-4,5.656854
-10,28,29.732137
16,26,30.528675
9,9,12.727922
-21,15,25.806976
12,-8,14.422205
-11,29,31.016125
22,0,22.000000
-5,-59,59.211485
-24,-22,32.557641
8,-10,12.806248
-2,4,4.472136
2,-20,20.099751
1,-19,19.026298
14,2,14.142136
-3,21,21.213203
-8,16,17.888544
-11,17,20.248457
-25,-3,25.179357
3,19,19.235384
5,35,35.355339
-16,-12,20.000000
-13,23,26.419690
1,15,15.033296
-22,24,32.557641
3,21,21.213203
-29,-13,31.780497
-49,21,53.310412
21,-23,31.144823
-40,-16,43.081318
-14,-24,27.784888
-28,-2,28.071338
27,-27,38.183766
24,2,24.083189
39,9,40.024992
8,-46,46.690470
19,-5,19.646883
-2,-4,4.472136
1,-19,19.026298
-45,33,55.803226
23,21,31.144823
-12,18,21.633308
3,5,5.830952
29,25,38.288379
0,-4,4.000000
10,18,20.591260
5,-23,23.537205
-11,7,13.038405
11,-19,21.954498
40,-14,42.379240
-7,15,16.552945
33,15,36.249138
35,17,38.910153
23,-1,23.021729
-40,-46,60.959003
-13,-3,13.341664
-1,-35,35.014283
7,-27,27.892651
-2,-8,8.246211
-5,-13,13.928388
-45,-1,45.011110
41,-1,41.012193
13,25,28.178006
34,-14,36.769553
37,33,49.578221
-22,12,25.059928
-3,29,29.154759
-38,-4,38.209946
-17,7,18.384776
-11,13,17.029386
-12,-2,12.165525
-1,5,5.099020
-41,25,48.020829
33,-25,41.400483
-14,-18,22.803509
16,50,52.497619
-17,-31,35.355339
34,32,46.690470
-45,-31,54.644304
-22,42,47.413078
-2,44,44.045431
-20,14,24.413111
-23,9,24.698178
7,15,16.552945
0,-8,8.000000
31,11,32.893768
26,20,32.802439
-21,-13,24.698178
-9,5,10.295630
39,1,39.012818
-37,35,50.931326
11,-15,18.601075
-51,17,53.758720
-18,12,21.633308
11,21,23.706539
3,-3,4.242641
16,40,43.081318
14,-36,38.626416
20,8,21.540659
-8,4,8.944272
14,-34,36.769553
7,-11,13.038405
22,-22,31.112698
56,-34,65.513357
-21,31,37.443290
-60,-16,62.096699
-1,-31,31.016125
9,-29,30.364453
-1,-3,3.162278
12,8,14.422205
3,11,11.401754
9,21,22.847319
22,28,35.608988
-24,38,44.944410
-12,-12,16.970563
-21,11,23.706539
-40,-16,43.081318
-39,-27,47.434165
-25,-1,25.019992
-22,-2,22.090722
-18,-10,20.591260
-16,-10,18.867962
-14,-2,14.142136
-2,-6,6.324555
13,-9,15.811388
24,-12,26.832816
-6,-6,8.485281
2,-4,4.472136
-5,13,13.928388
-2,34,34.058773
4,6,7.211103
18,-6,18.973666
5,15,15.811388
-17,9,19.235384
33,3,33.136083
-14,24,27.784888
-25,11,27.313001
25,-27,36.796739
23,-7,24.041631
-10,-32,33.526109
26,36,44.407207
2,20,20.099751
2,-16,16.124515
8,-4,8.944272
14,0,14.000000
-9,-29,30.364453
25,-27,36.796739
31,15,34.438351
46,18,49.396356
-4,16,16.492423
11,45,46.324939
49,5,49.254441
11,-11,15.556349
19,-5,19.646883
18,-12,21.633308
-45,13,46.840154
-9,45,45.891176
14,0,14.000000
48,12,49.477268
3,43,43.104524
15,-21,25.806976
31,37,48.270074
27,9,28.460499
-6,10,11.661904
11,-33,34.785054
14,2,14.142136
-1,23,23.021729
34,18,38.470768
-21,21,29.698485
30,4,30.265492
9,-31,32.280025
8,-24,25.298221
-27,-7,27.892651
-16,-16,22.627417
18,12,21.633308
17,19,25.495098
-22,-20,29.732137
48,-16,50.596443
26,-38,46.043458
-16,2,16.124515
48,-20,52.000000
-21,-15,25.806976
14,6,15.231546
-18,-22,28.425341
18,-14,22.803509
-42,30,51.613952
-22,-18,28.425341
6,6,8.485281
-24,8,25.298221
5,-43,43.289722
-19,7,20.248457
-14,-4,14.560220
-6,18,18.973666
-2,-32,32.062439
14,32,34.928498
-31,17,35.355339
-54,-18,56.920998
15,45,47.434165
-2,-20,20.099751
-8,16,17.888544
-15,-25,29.154759
52,-44,68.117545
13,25,28.178006
2,24,24.083189
-24,-4,24.331050
-3,-31,31.144823
7,-17,18.384776
2,-6,6.324555
-27,21,34.205263
-26,-12,28.635642
51,17,53.758720
-14,-26,29.529646
24,-38,44.944410
-16,-12,20.000000
-31,-15,34.438351
17,-21,27.018512
0,32,32.000000
-7,15,16.552945
13,-43,44.922155
-22,-16,27.202941
-14,2,14.142136
-15,-21,25.806976
-19,1,19.026298
-6,30,30.594117
-25,13,28.178006
6,8,10.000000
-15,-3,15.297059
16,22,27.202941
-34,10,35.440090
15,-31,34.438351
21,29,35.805028
25,-39,46.324939
18,10,20.591260
18,6,18.973666
27,11,29.154759
-13,-5,13.928388
-2,-12,12.165525
-35,-1,35.014283
-13,29,31.780497
7,35,35.693137
1,11,11.045361
25,-15,29.154759
23,21,31.144823
-14,6,15.231546
22,-8,23.409400
10,10,14.142136
-2,-6,6.324555
4,32,32.249031
19,-9,21.023796
-25,1,25.019992
-36,0,36.000000
24,-22,32.557641
38,-10,39.293765
-1,-25,25.019992
5,5,7.071068
-3,19,19.235384
-21,3,21.213203
16,0,16.000000
3,25,25.179357
-13,-9,15.811388
5,-49,49.254441
-19,51,54.424259
6,20,20.880613
-26,-20,32.802439
-4,-10,10.770330
2,28,28.071338
41,-7,41.593269
-35,5,35.355339
-26,14,29.529646
19,-61,63.890531
41,19,45.188494
38,24,44.944410
16,-4,16.492423
4,44,44.181444
6,0,6.000000
15,31,34.438351
4,-22,22.360680
-8,-30,31.048349
13,25,28.178006
-12,-18,21.633308
-57,27,63.071388
4,-22,22.360680
-1,-19,19.026298
19,13,23.021729
5,27,27.459060
28,20,34.409301
-15,79,80.411442
26,16,30.528675
-2,12,12.165525
2,-38,38.052595
-29,-11,31.016125
13,-15,19.849433
-4,-10,10.770330
-9,19,21.023796
-9,-13,15.811388
-10,-12,15.620499
15,-1,15.033296
-31,-9,32.280025
-18,20,26.907248
48,4,48.166378
16,-32,35.777088
7,9,11.401754
17,-13,21.400935
-11,15,18.601075
-18,2,18.110770
-17,21,27.018512
14,56,57.723479
3,19,19.235384
21,-5,21.587033
-10,-22,24.166092
25,-25,35.355339
31,3,31.144823
-15,-11,18.601075
-10,6,11.661904
-1,-53,53.009433
-14,-6,15.231546
-19,31,36.359318
5,5,7.071068
-6,26,26.683328
-3,-5,5.830952
-31,47,56.302753
-20,20,28.284271
0,-2,2.000000
-33,41,52.630789
13,-5,13.928388
-22,-42,47.413078
4,-20,20.396078
-5,-19,19.646883
-36,2,36.055513
-35,1,35.014283
2,16,16.124515
18,-24,30.000000
-8,26,27.202941
29,31,42.449971
14,-14,19.798990
-27,-21,34.205263
15,1,15.033296
39,-3,39.115214
9,-11,14.212670
29,9,30.364453
15,13,19.849433
-21,-29,35.805028
29,41,50.219518
-21,29,35.805028
-15,33,36.249138
26,2,26.076810
68,-30,74.323617
-51,5,51.244512
36,-4,36.221541
-8,12,14.422205
6,32,32.557641
34,14,36.769553
2,-30,30.066593
32,12,34.176015
-42,16,44.944410
-22,42,47.413078
14,6,15.231546
17,-11,20.248457
14,-32,34.928498
22,-4,22.360680
11,-25,27.313001
23,33,40.224371
15,3,15.297059
13,11,17.029386
-11,29,31.016125
-13,-3,13.341664
-13,13,18.384776
-56,-14,57.723479
-26,-6,26.683328
-12,-16,20.000000
25,11,27.313001
9,15,17.492856
14,10,17.204651
-14,2,14.142136
-15,-25,29.154759
15,-29,32.649655
-8,6,10.000000
-12,-6,13.416408
8,-18,19.697716
-13,15,19.849433
7,13,14.764823
20,-2,20.099751
-2,-16,16.124515
-4,56,56.142675
50,18,53.141321
10,38,39.293765
46,-12,47.539457
-46,14,48.083261
-68,-8,68.468971
11,21,23.706539
45,15,47.434165
-17,-19,25.495098
-8,6,10.000000
-13,-15,19.849433
-17,17,24.041631
47,-1,47.010637
7,47,47.518417
-25,-13,28.178006
-11,1,11.045361
51,-19,54.424259
41,-3,41.109610
-1,1,1.414214
23,-41,47.010637
-2,-26,26.076810
-17,23,28.600699
-42,-30,51.613952
19,23,29.832868
12,8,14.422205
1,-37,37.013511
9,-25,26.570661
7,11,13.038405
-12,-28,30.463092
9,-3,9.486833
-10,26,27.856777
20,-62,65.145990
-44,2,44.045431
-18,26,31.622777
-11,7,13.038405
-1,45,45.011110
-37,-21,42.544095
36,-30,46.861498
8,-40,40.792156
15,51,53.160135
7,43,43.566042
4,4,5.656854
10,30,31.622777
-28,4,28.284271
-37,21,42.544095
46,4,46.173586
-13,-15,19.849433
19,-7,20.248457
-13,3,13.341664
-5,17,17.720045
15,-11,18.601075
43,-9,43.931765
-24,-18,30.000000
-1,-23,23.021729
-6,-26,26.683328
-11,3,11.401754
-26,-4,26.305893
44,-2,44.045431
9,11,14.212670
-13,5,13.928388
-6,16,17.088007
-12,20,23.323808
15,-13,19.849433
19,5,19.646883
-9,27,28.460499
4,26,26.305893
-6,-16,17.088007
-28,-8,29.120440
2,22,22.090722
8,38,38.832976
3,21,21.213203
23,1,23.021729
47,-7,47.518417
-30,0,30.000000
-36,38,52.345009
7,9,11.401754
-44,-18,47.539457
17,3,17.262677
-3,-19,19.235384
-21,-3,21.213203
-60,20,63.245553
17,-5,17.720045
-11,13,17.029386
22,-12,25.059928
-47,59,75.432089
-34,-20,39.446166
-71,5,71.175839
-10,-38,39.293765
-19,7,20.248457
-8,16,17.888544
-46,-34,57.201399
12,10,15.620499
25,41,48.020829
3,-9,9.486833
-4,-2,4.472136
-11,-35,36.687873
12,-28,30.463092
-19,-1,19.026298
-38,-4,38.209946
-5,-7,8.602325
6,-4,7.211103
7,29,29.832868
27,19,33.015148
-13,-5,13.928388
-4,38,38.209946
21,9,22.847319
6,20,20.880613
-7,3,7.615773
-22,-12,25.059928
23,17,28.600699
20,-34,39.446166
0,46,46.000000
-15,17,22.671568
14,38,40.496913
-50,42,65.299311
-13,1,13.038405
33,33,46.669048
-3,15,15.297059
34,32,46.690470
-20,12,23.323808
-1,-1,1.414214
-28,44,52.153619
-4,-18,18.439089
24,16,28.844410
27,43,50.774009
-4,24,24.331050
15,-27,30.886890
24,2,24.083189
-1,47,47.010637
-10,-4,10.770330
14,-28,31.304952
-34,-12,36.055513
45,5,45.276926
-16,12,20.000000
23,-49,54.129474
23,11,25.495098
-24,-4,24.331050
4,28,28.284271
0,14,14.000000
-6,-12,13.416408
-7,-9,11.401754
-9,-3,9.486833
-53,-25,58.600341
-25,7,25.961510
-3,19,19.235384
-8,20,21.540659
-9,1,9.055385
16,-16,22.627417
-7,-3,7.615773
22,-8,23.409400
-15,35,38.078866
4,-2,4.472136
-15,1,15.033296
-10,6,11.661904
-19,-43,47.010637
17,35,38.910153
17,-13,21.400935
-10,22,24.166092
-20,-34,39.446166
-9,-33,34.205263
6,-10,11.661904
26,10,27.856777
-5,-5,7.071068
-18,-14,22.803509
-63,17,65.253352
-21,13,24.698178
-35,-31,46.754679
-7,-9,11.401754
-12,2,12.165525
3,-11,11.401754
-4,22,22.360680
-28,-40,48.826222
-33,13,35.468296
2,-2,2.828427
-22,16,27.202941
-3,7,7.615773
10,14,17.204651
9,25,26.570661
-3,-11,11.401754
-13,11,17.029386
28,-4,28.284271
-17,25,30.232433
-6,22,22.803509
-2,-12,12.165525
-8,-6,10.000000
21,21,29.698485
11,13,17.029386
-50,24,55.461698
15,-1,15.033296
34,-18,38.470768
-38,22,43.908997
10,6,11.661904
-3,-21,21.213203
-1,-9,9.055385
8,-26,27.202941
-4,20,20.396078
-21,7,22.135944
-24,24,33.941125
21,-3,21.213203
35,-41,53.907328
17,29,33.615473
48,6,48.373546
-2,-6,6.324555
-9,-9,12.727922
-2,-14,14.142136
38,-14,40.496913
-4,-2,4.472136
18,-10,20.591260
8,-18,19.697716
-4,28,28.284271
-22,36,42.190046
9,-17,19.235384
-34,-8,34.928498
-17,-29,33.615473
-28,38,47.201695
-8,12,14.422205
-10,30,31.622777
-7,-19,20.248457
10,18,20.591260
14,14,19.798990
-9,3,9.486833
24,-38,44.944410
-32,-18,36.715120
-6,24,24.738634
24,-6,24.738634
-21,-57,60.745370
11,1,11.045361
4,-38,38.209946
20,-36,41.182521
-30,-14,33.105891
6,-10,11.661904
25,-19,31.400637
-23,21,31.144823
0,-18,18.000000
58,44,72.801099
-8,-10,12.806248
34,-16,37.576588
-16,-2,16.124515
0,-40,40.000000
30,-10,31.622777
-20,20,28.284271
36,-24,43.266615
-6,20,20.880613
-8,18,19.697716
11,-13,17.029386
9,13,15.811388
5,7,8.602325
-40,14,42.379240
6,-36,36.496575
-14,-62,63.560994
20,-18,26.907248
-45,7,45.541190
2,2,2.828427
8,-14,16.124515
-19,15,24.207437
26,16,30.528675
11,5,12.083046
25,-41,48.020829
8,4,8.944272
-4,-32,32.249031
38,8,38.832976
-21,-19,28.319605
0,20,20.000000
9,-19,21.023796
-27,25,36.796739
-9,15,17.492856
17,3,17.262677
6,-26,26.683328
-41,5,41.303753
-15,9,17.492856
-8,6,10.000000
39,7,39.623226
12,-6,13.416408
32,40,51.224994
37,-11,38.600518
12,34,36.055513
6,0,6.000000
-4,14,14.560220
7,11,13.038405
9,21,22.847319
-26,-24,35.383612
-19,-11,21.954498
33,7,33.734256
-1,-43,43.011626
34,42,54.037024
-14,2,14.142136
-14,-32,34.928498
2,28,28.071338
19,13,23.021729
5,-9,10.295630
63,-23,67.067131
9,5,10.295630
0,-22,22.000000
27,-1,27.018512
7,-25,25.961510
-6,2,6.324555
-9,-31,32.280025
-20,-20,28.284271
18,-54,56.920998
-6,14,15.231546
-8,58,58.549125
-6,18,18.973666
15,-3,15.297059
10,-4,10.770330
-37,3,37.121422
2,56,56.035703
20,22,29.732137
-3,-53,53.084838
0,-10,10.000000
-1,-19,19.026298
8,12,14.422205
-11,9,14.212670
23,-1,23.021729
3,7,7.615773
38,22,43.908997
29,7,29.832868
10,-32,33.526109
26,30,39.698866
10,12,15.620499
-25,-27,36.796739
-4,-16,16.492423
-48,-48,67.882251
-27,-17,31.906112
9,-11,14.212670
14,0,14.000000
-23,-43,48.764741
-27,-23,35.468296
-3,41,41.109610
-14,30,33.105891
10,-10,14.142136
3,-19,19.235384
-33,-53,62.433965
22,24,32.557641
-8,16,17.888544
-2,20,20.099751
15,-19,24.207437
17,-11,20.248457
11,17,20.248457
4,-30,30.265492
-12,-8,14.422205
-20,46,50.159745
-4,16,16.492423
4,-12,12.649111
63,31,70.213959
-5,-9,10.295630
21,23,31.144823
6,22,22.803509
-55,-25,60.415230
-29,-5,29.427878
-19,3,19.235384
-7,21,22.135944
43,-33,54.203321
-15,-11,18.601075
26,24,35.383612
0,-16,16.000000
3,-17,17.262677
-21,25,32.649655
-8,-16,17.888544
12,6,13.416408
19,17,25.495098
9,27,28.460499
-26,-16,30.528675
-4,-16,16.492423
4,0,4.000000
-36,-4,36.221541
42,-6,42.426407
39,-9,40.024992
-14,26,29.529646
10,8,12.806248
-12,22,25.059928
-17,55,57.567352
-20,30,36.055513
10,20,22.360680
4,-14,14.560220
-54,2,54.037024
63,9,63.639610
-15,-5,15.811388
27,-3,27.166155
-5,-15,15.811388
-3,29,29.154759
50,14,51.923020
5,11,12.083046
0,6,6.000000
6,0,6.000000
-2,-16,16.124515
-53,-21,57.008771
28,24,36.878178
-20,-16,25.612497
26,4,26.305893
17,17,24.041631
-21,29,35.805028
-8,6,10.000000
-22,-4,22.360680
10,18,20.591260
-9,5,10.295630
10,-26,27.856777
9,-17,19.235384
-19,-11,21.954498
13,-15,19.849433
17,-27,31.906112
-44,0,44.000000
-44,-12,45.607017
12,32,34.176015
-15,-7,16.552945
-4,6,7.211103
-12,-14,18.439089
21,5,21.587033
-24,8,25.298221
11,3,11.401754
-22,-2,22.090722
-21,-7,22.135944
-29,-37,47.010637
8,36,36.878178
10,26,27.856777
-11,-5,12.083046
24,10,26.000000
26,-8,27.202941
19,-31,36.359318
-35,-33,48.104054
44,-16,46.818800
-12,-4,12.649111
-9,37,38.078866
19,49,52.554733
17,-1,17.029386
28,-20,34.409301
1,23,23.021729
34,12,36.055513
19,-51,54.424259
16,0,16.000000
2,0,2.000000
-8,6,10.000000
18,8,19.697716
-23,17,28.600699
-45,1,45.011110
7,-3,7.615773
-10,-22,24.166092
-43,-27,50.774009
3,1,3.162278
26,32,41.231056
-13,3,13.341664
-53,19,56.302753
51,29,58.668561
-47,17,49.979996
-18,-2,18.110770
-19,25,31.400637
18,24,30.000000
26,-22,34.058773
61,15,62.817195
-9,31,32.280025
-36,2,36.055513
-14,24,27.784888
-12,-14,18.439089
36,6,36.496575
-33,-15,36.249138
-3,-11,11.401754
-21,13,24.698178
-22,-20,29.732137
3,49,49.091751
33,-7,33.734256
-15,-17,22.671568
37,-41,55.226805
40,-20,44.721360
-39,19,43.382024
18,-10,20.591260
2,-30,30.066593
4,10,10.770330
6,-42,42.426407
-12,2,12.165525
-12,10,15.620499
2,6,6.324555
-11,17,20.248457
-13,-21,24.698178
-8,-26,27.202941
25,-15,29.154759
10,-20,22.360680
-23,5,23.537205
-41,29,50.219518
8,12,14.422205
-10,-12,15.620499
46,-20,50.159745
32,-2,32.062439
4,0,4.000000
1,7,7.071068
-22,-30,37.202150
5,-15,15.811388
-15,19,24.207437
-26,-2,26.076810
43,37,56.727418
5,1,5.099020
-11,-19,21.954498
-23,25,33.970576
-53,-9,53.758720
18,0,18.000000
-1,-11,11.045361
-29,17,33.615473
25,17,30.232433
6,-12,13.416408
42,16,44.944410
-4,20,20.396078
30,22,37.202150
-29,-57,63.953108
11,-7,13.038405
-15,-3,15.297059
20,18,26.907248
-30,-10,31.622777
20,-26,32.802439
-19,-23,29.832868
28,18,33.286634
18,34,38.470768
10,-32,33.526109
23,-21,31.144823
46,28,53.851648
-1,3,3.162278
-40,-4,40.199502
-39,-17,42.544095
30,26,39.698866
-31,-1,31.016125
-3,-1,3.162278
-44,32,54.405882
8,-14,16.124515
16,12,20.000000
8,-12,14.422205
41,-35,53.907328
9,5,10.295630
-5,-27,27.459060
-16,-2,16.124515
-51,1,51.009803
10,34,35.440090
42,-2,42.047592
-14,-2,14.142136
2,14,14.142136
-9,11,14.212670
-10,30,31.622777
7,-9,11.401754
29,-1,29.017236
-42,34,54.037024
-13,-5,13.928388
-7,-1,7.071068
20,-20,28.284271
8,18,19.697716
5,3,5.830952
54,4,54.147945
-14,-4,14.560220
23,47,52.325902
-21,-13,24.698178
0,16,16.000000
16,-20,25.612497
19,17,25.495098
6,10,11.661904
10,2,10.198039
28,-22,35.608988
-24,30,38.418745
-22,24,32.557641
17,-35,38.910153
22,-44,49.193496
12,30,32.310989
-11,-5,12.083046
12,20,23.323808
4,10,10.770330
-8,-14,16.124515
-54,16,56.320511
-20,-10,22.360680
-7,23,24.041631
22,6,22.803509
15,53,55.081757
-11,17,20.248457
-7,11,13.038405
-24,8,25.298221
26,-10,27.856777
11,-17,20.248457
-22,24,32.557641
-2,14,14.142136
37,23,43.566042
4,-6,7.211103
4,50,50.159745
-21,21,29.698485
-22,4,22.360680
14,14,19.798990
22,-30,37.202150
3,11,11.401754
-48,-20,52.000000
24,-8,25.298221
21,-21,29.698485
-9,9,12.727922
10,0,10.000000
-20,-20,28.284271
29,21,35.805028
-17,3,17.262677
-17,-5,17.720045
15,11,18.601075
6,28,28.635642
-41,49,63.890531
0,40,40.000000
14,-26,29.529646
44,-34,55.605755
-14,-22,26.076810
5,-25,25.495098
23,23,32.526912
28,-22,35.608988
18,-10,20.591260
19,21,28.319605
16,32,35.777088
-5,-31,31.400637
-40,-24,46.647615
13,-17,21.400935
-10,8,12.806248
-24,36,43.266615
-28,6,28.635642
13,13,18.384776
14,28,31.304952
5,1,5.099020
10,4,10.770330
23,7,24.041631
-3,-7,7.615773
2,-16,16.124515
21,23,31.144823
19,-15,24.207437
-32,34,46.690470
16,8,17.888544
-6,-4,7.211103
4,0,4.000000
-39,15,41.785165
17,-9,19.235384
9,-45,45.891176
8,-12,14.422205
-2,16,16.124515
-1,-5,5.099020
-18,-4,18.439089
13,-23,26.419690
3,29,29.154759
17,3,17.262677
7,9,11.401754
33,-17,37.121422
66,-4,66.121101
-2,0,2.000000
5,33,33.376639
9,7,11.401754
30,24,38.418745
-49,-15,51.244512
-11,57,58.051701
-20,4,20.396078
-1,-5,5.099020
-11,-11,15.556349
32,20,37.735925
8,4,8.944272
-7,15,16.552945
14,-2,14.142136
-2,8,8.246211
5,-1,5.099020
5,47,47.265209
-2,-20,20.099751
10,28,29.732137
-38,-28,47.201695
-21,41,46.065171
3,5,5.830952
-11,-1,11.045361
4,4,5.656854
15,9,17.492856
11,33,34.785054
-10,56,56.885851
-22,10,24.166092
-3,7,7.615773
5,3,5.830952
17,43,46.238512
-39,7,39.623226
31,-17,35.355339
60,20,63.245553
-49,-9,49.819675
26,-14,29.529646
22,0,22.000000
6,-26,26.683328
3,-41,41.109610
8,10,12.806248
42,10,43.174066
14,-14,19.798990
36,16,39.395431
11,-13,17.029386
-5,45,45.276926
-3,-19,19.235384
-2,-36,36.055513
17,25,30.232433
-6,16,17.088007
-4,38,38.209946
19,-35,39.824616
10,-6,11.661904
-36,20,41.182521
20,-8,21.540659
-64,46,78.816242
10,-18,20.591260
-26,-8,27.202941
27,-35,44.204072
52,2,52.038447
-24,-12,26.832816
7,-25,25.961510
-18,-22,28.425341
20,0,20.000000
26,-20,32.802439
-11,-9,14.212670
7,-35,35.693137
1,19,19.026298
13,-41,43.011626
11,25,27.313001
38,12,39.849718
19,19,26.870058
-17,5,17.720045
-7,-13,14.764823
-7,-21,22.135944
-17,15,22.671568
-3,27,27.166155
-11,47,48.270074
-10,-16,18.867962
-47,-5,47.265209
-31,31,43.840620
45,-15,47.434165
-15,-17,22.671568
5,-1,5.099020
10,0,10.000000
-16,-6,17.088007
28,-16,32.249031
7,-1,7.071068
-31,-1,31.016125
-31,21,37.443290
-21,-1,21.023796
39,33,51.088159
-26,16,30.528675
15,51,53.160135
-12,4,12.649111
2,4,4.472136
-43,15,45.541190
-4,20,20.396078
-2,-14,14.142136
12,-18,21.633308
-9,5,10.295630
0,-28,28.000000
-11,-41,42.449971
-36,14,38.626416
4,26,26.305893
-3,35,35.128336
-17,-1,17.029386
23,-35,41.880783
4,-8,8.944272
15,-9,17.492856
-21,17,27.018512
21,-1,21.023796
-7,-45,45.541190
-13,67,68.249542
-26,-8,27.202941
-10,-4,10.770330
30,2,30.066593
-8,-22,23.409400
-8,2,8.246211
-37,3,37.121422
40,-2,40.049969
-12,30,32.310989
-4,0,4.000000
7,25,25.961510
7,-35,35.693137
-18,-30,34.985711
-6,-26,26.683328
-1,9,9.055385
-34,46,57.201399
18,8,19.697716
39,-13,41.109610
-4,-10,10.770330
6,34,34.525353
-20,4,20.396078
-6,18,18.973666
4,36,36.221541
-58,0,58.000000
-1,-15,15.033296
-26,6,26.683328
67,-7,67.364679
-6,10,11.661904
-8,-6,10.000000
-23,3,23.194827
21,21,29.698485
21,-5,21.587033
-42,-4,42.190046
36,4,36.221541
15,-3,15.297059
2,-42,42.047592
-14,4,14.560220
10,-2,10.198039
-38,-16,41.231056
-16,-18,24.083189
-15,-15,21.213203
-21,-17,27.018512
32,-2,32.062439
9,-7,11.401754
-25,1,25.019992
-17,-5,17.720045
-45,-1,45.011110
-13,-3,13.341664
39,11,40.521599
55,3,55.081757
24,2,24.083189
-38,-40,55.172457
-8,12,14.422205
20,6,20.880613
23,27,35.468296
-51,33,60.745370
-42,6,42.426407
11,-1,11.045361
-3,-37,37.121422
-3,9,9.486833
0,-4,4.000000
8,34,34.928498
-14,-16,21.260292
2,24,24.083189
22,0,22.000000
-17,-37,40.718546
0,-28,28.000000
-25,-15,29.154759
-7,-31,31.780497
3,3,4.242641
-18,-2,18.110770
-3,-33,33.136083
-8,-2,8.246211
-7,-9,11.401754
-21,-7,22.135944
3,-3,4.242641
-28,4,28.284271
-31,-7,31.780497
29,7,29.832868
-6,-16,17.088007
-14,-22,26.076810
-3,-1,3.162278
-7,27,27.892651
39,63,74.094534
-34,-18,38.470768
10,-26,27.856777
-33,1,33.015148
11,13,17.029386
-13,-17,21.400935
-29,-21,35.805028
-27,19,33.015148
25,-19,31.400637
10,4,10.770330
1,23,23.021729
-18,22,28.425341
-24,-14,27.784888
-13,29,31.780497
-27,-45,52.478567
22,-22,31.112698
-3,15,15.297059
12,12,16.970563
44,34,55.605755
-9,-29,30.364453
28,32,42.520583
-3,-13,13.341664
-26,-30,39.698866
-32,-2,32.062439
-10,12,15.620499
20,12,23.323808
5,63,63.198101
2,6,6.324555
-7,9,11.401754
-14,22,26.076810
-16,30,34.000000
7,27,27.892651
9,-11,14.212670
-20,-20,28.284271
-19,27,33.015148
6,0,6.000000
-10,-6,11.661904
4,-2,4.472136
-41,-13,43.011626
-22,32,38.832976
24,-12,26.832816
11,17,20.248457
1,13,13.038405
-33,3,33.136083
0,22,22.000000
-6,38,38.470768
-31,67,73.824115
-8,16,17.888544
-15,53,55.081757
-2,12,12.165525
-31,-31,43.840620
6,32,32.557641
-13,-13,18.384776
6,-28,28.635642
18,20,26.907248
-44,-2,44.045431
-20,-2,20.099751
-4,46,46.173586
40,-12,41.761226
3,21,21.213203
4,-16,16.492423
-8,38,38.832976
-27,-43,50.774009
23,31,38.600518
-51,-3,51.088159
22,-8,23.409400
29,23,37.013511
28,50,57.306195
-4,-22,22.360680
-18,-8,19.697716
-19,5,19.646883
17,-5,17.720045
14,-10,17.204651
0,-8,8.000000
3,-5,5.830952
16,0,16.000000
13,-23,26.419690
-6,-4,7.211103
6,-12,13.416408
-33,5,33.376639
-4,-12,12.649111
3,-3,4.242641
6,14,15.231546
-2,-14,14.142136
-12,-24,26.832816
-6,16,17.088007
14,-4,14.560220
3,-35,35.128336
-25,-55,60.415230
9,-5,10.295630
-29,25,38.288379
-11,15,18.601075
-12,20,23.323808
-14,12,18.439089
-46,-22,50.990195
-46,-12,47.539457
27,-21,34.205263
-7,-3,7.615773
-8,4,8.944272
-16,-6,17.088007
-34,-6,34.525353
11,31,32.893768
-2,40,40.049969
17,-21,27.018512
-5,17,17.720045
-1,9,9.055385
34,34,48.083261
4,18,18.439089
-28,28,39.597980
-34,18,38.470768
-12,-6,13.416408
7,35,35.693137
25,1,25.019992
8,-34,34.928498
18,4,18.439089
-12,-2,12.165525
-25,-31,39.824616
-6,-20,20.880613
28,18,33.286634
-49,-21,53.310412
19,7,20.248457
-11,27,29.154759
5,11,12.083046
5,-33,33.376639
-23,7,24.041631
0,-10,10.000000
-16,-30,34.000000
12,14,18.439089
-2,-8,8.246211
15,23,27.459060
26,-32,41.231056
4,-20,20.396078
19,-37,41.593269
30,-30,42.426407
-16,8,17.888544
-2,10,10.198039
20,-18,26.907248
29,41,50.219518
20,-10,22.360680
23,-1,23.021729
-17,11,20.248457
-26,32,41.231056
-48,0,48.000000
-36,-60,69.971423
9,7,11.401754
31,23,38.600518
-11,27,29.154759
67,1,67.007462
-14,2,14.142136
-13,-31,33.615473
19,33,38.078866
15,29,32.649655
25,-11,27.313001
-5,13,13.928388
28,16,32.249031
35,-39,52.402290
14,-46,48.083261
11,1,11.045361
-41,-3,41.109610
-3,-25,25.179357
7,-39,39.623226
19,-25,31.400637
16,6,17.088007
32,-26,41.231056
4,4,5.656854
5,23,23.537205
-9,13,15.811388
36,12,37.947332
-25,-17,30.232433
16,-10,18.867962
17,21,27.018512
-25,-23,33.970576
-3,7,7.615773
22,4,22.360680
3,29,29.154759
-9,25,26.570661
-16,-10,18.867962
26,22,34.058773
-37,-13,39.217343
-37,27,45.803930
-9,-5,10.295630
58,10,58.855756
-14,-16,21.260292
-4,0,4.000000
-7,-11,13.038405
45,27,52.478567
44,-62,76.026311
4,-30,30.265492
17,-11,20.248457
-11,-17,20.248457
48,-2,48.041649
-25,-23,33.970576
-1,17,17.029386
26,-24,35.383612
22,26,34.058773
33,-3,33.136083
0,6,6.000000
40,52,65.604878
-5,-31,31.400637
-27,-25,36.796739
-9,-13,15.811388
1,5,5.099020
-2,8,8.246211
-29,-25,38.288379
4,26,26.305893
0,-16,16.000000
17,29,33.615473
25,3,25.179357
14,-6,15.231546
-20,-16,25.612497
-13,19,23.021729
23,-31,38.600518
-3,-23,23.194827
-52,24,57.271284
5,-9,10.295630
23,-1,23.021729
7,41,41.593269
-16,10,18.867962
-29,3,29.154759
-8,44,44.721360
-26,-12,28.635642
22,4,22.360680
0,-24,24.000000
-21,9,22.847319
14,8,16.124515
17,27,31.906112
-19,33,38.078866
32,-42,52.801515
-25,35,43.011626
-20,16,25.612497
11,-21,23.706539
-9,-11,14.212670
29,9,30.364453
-21,29,35.805028
10,0,10.000000
-21,9,22.847319
-10,-30,31.622777
8,-20,21.540659
-23,27,35.468296
35,1,35.014283
17,-17,24.041631
-16,28,32.249031
18,-24,30.000000
0,-28,28.000000
36,4,36.221541
11,9,14.212670
10,8,12.806248
12,-22,25.059928
-6,-24,24.738634
27,19,33.015148
-32,-6,32.557641
15,11,18.601075
-1,33,33.015148
33,-29,43.931765
-39,3,39.115214
36,38,52.345009
5,-35,35.355339
10,16,18.867962
12,18,21.633308
6,2,6.324555
20,-26,32.802439
-10,22,24.166092
14,8,16.124515
24,2,24.083189
-10,-6,11.661904
-7,7,9.899495
-8,32,32.984845
6,-44,44.407207
-32,-26,41.231056
3,19,19.235384
-2,-28,28.071338
6,-20,20.880613
-35,-7,35.693137
11,43,44.384682
8,-26,27.202941
-14,-16,21.260292
-17,-7,18.384776
5,59,59.211485
39,-3,39.115214
-1,-17,17.029386
23,19,29.832868
5,-13,13.928388
-27,-3,27.166155
-1,-35,35.014283
6,14,15.231546
-20,-16,25.612497
24,-16,28.844410
-10,-30,31.622777
27,-13,29.966648
-7,-15,16.552945
-3,-9,9.486833
-15,-9,17.492856
-18,-14,22.803509
-11,5,12.083046
-15,-7,16.552945
15,-15,21.213203
-4,-22,22.360680
1,-39,39.012818
67,-21,70.213959
17,11,20.248457
-14,-22,26.076810
14,8,16.124515
9,-17,19.235384
6,10,11.661904
8,30,31.048349
0,40,40.000000
-21,-15,25.806976
19,21,28.319605
15,33,36.249138
-22,22,31.112698
-33,-9,34.205263
5,-9,10.295630
12,-6,13.416408
-16,-8,17.888544
5,-1,5.099020
5,67,67.186308
-2,-14,14.142136
5,-11,12.083046
22,-6,22.803509
18,-18,25.455844
-1,-27,27.018512
-16,-28,32.249031
10,-32,33.526109
-8,10,12.806248
-1,3,3.162278
-9,21,22.847319
6,14,15.231546
6,-8,10.000000
13,-27,29.966648
16,22,27.202941
-27,1,27.018512
37,65,74.793048
-49,23,54.129474
-1,-21,21.023796
5,-5,7.071068
-6,6,8.485281
30,-30,42.426407
-4,42,42.190046
11,-13,17.029386
1,7,7.071068
-35,-1,35.014283
-1,21,21.023796
16,2,16.124515
-20,18,26.907248
-2,-2,2.828427
4,-14,14.560220
-8,24,25.298221
-13,-7,14.764823
6,-68,68.264193
54,-2,54.037024
-3,7,7.615773
-12,-10,15.620499
-1,-33,33.015148
-22,18,28.425341
-21,-9,22.847319
14,-14,19.798990
10,50,50.990195
32,-8,32.984845
21,17,27.018512
14,-6,15.231546
-4,42,42.190046
-40,16,43.081318
-23,-47,52.325902
-24,10,26.000000
16,0,16.000000
24,-8,25.298221
11,-19,21.954498
-23,23,32.526912
-3,3,4.242641
-1,19,19.026298
21,-3,21.213203
12,-22,25.059928
48,2,48.041649
18,36,40.249224
-12,34,36.055513
8,-16,17.888544
-23,-5,23.537205
6,10,11.661904
4,-4,5.656854
-33,11,34.785054
-2,14,14.142136
12,-10,15.620499
3,-7,7.615773
-35,39,52.402290
-10,-52,52.952809
12,-22,25.059928
-5,15,15.811388
-5,25,25.495098
0,20,20.000000
14,-8,16.124515
-29,1,29.017236
-21,39,44.294469
-8,-10,12.806248
24,-18,30.000000
21,-27,34.205263
-26,-12,28.635642
-8,-36,36.878178
16,6,17.088007
29,15,32.649655
32,48,57.688820
11,-33,34.785054
19,13,23.021729
-23,-3,23.194827
14,-26,29.529646
-2,44,44.045431
19,-51,54.424259
30,-10,31.622777
-3,-15,15.297059
0,-4,4.000000
25,-33,41.400483
13,19,23.021729
-35,-11,36.687873
20,-20,28.284271
-19,-39,43.382024
-2,-6,6.324555
-33,9,34.205263
-53,-21,57.008771
-6,-12,13.416408
10,-4,10.770330
-29,-21,35.805028
1,35,35.014283
4,-10,10.770330
18,24,30.000000
-2,-12,12.165525
-37,-23,43.566042
-8,-32,32.984845
18,32,36.715120
-2,16,16.124515
26,-6,26.683328
8,20,21.540659
-19,9,21.023796
21,17,27.018512
-3,5,5.830952
17,1,17.029386
23,3,23.194827
35,-27,44.204072
-40,6,40.447497
-20,44,48.332184
-1,-33,33.015148
-10,-6,11.661904
-1,-27,27.018512
-17,-9,19.235384
2,-20,20.099751
8,4,8.944272
-17,39,42.544095
-28,-16,32.249031
-34,6,34.525353
2,-10,10.198039
-11,-11,15.556349
15,67,68.658576
13,1,13.038405
-11,13,17.029386
14,6,15.231546
-43,9,43.931765
23,-49,54.129474
-10,8,12.806248
5,9,10.295630
-43,-13,44.922155
23,-7,24.041631
30,56,63.529521
25,3,25.179357
11,13,17.029386
9,15,17.492856
-36,32,48.166378
-5,-25,25.495098
7,29,29.832868
-10,-24,26.000000
4,-4,5.656854
42,36,55.317267
15,15,21.213203
22,22,31.112698
-12,-12,16.970563
-20,-6,20.880613
7,23,24.041631
16,-14,21.260292
2,0,2.000000
10,4,10.770330
14,-14,19.798990
-20,34,39.446166
15,-67,68.658576
18,10,20.591260
13,1,13.038405
-25,-23,33.970576
-39,-3,39.115214
21,13,24.698178
-32,32,45.254834
-19,-29,34.669872
8,-14,16.124515
-66,-22,69.570109
2,32,32.062439
9,-1,9.055385
21,21,29.698485
6,2,6.324555
54,-2,54.037024
23,-11,25.495098
18,14,22.803509
-1,25,25.019992
-10,6,11.661904
-13,-7,14.764823
-12,46,47.539457
36,12,37.947332
10,-10,14.142136
-52,-40,65.604878
2,-2,2.828427
-15,-17,22.671568
-5,-1,5.099020
29,13,31.780497
-10,-78,78.638413
-14,-4,14.560220
22,-42,47.413078
-3,-15,15.297059
-14,12,18.439089
16,6,17.088007
-31,15,34.438351
6,38,38.470768
-46,18,49.396356
6,2,6.324555
-54,-38,66.030296
-17,-13,21.400935
-18,-12,21.633308
47,3,47.095647
55,-35,65.192024
13,-13,18.384776
3,-23,23.194827
-6,-24,24.738634
11,-11,15.556349
-35,15,38.078866
6,14,15.231546
4,-14,14.560220
-12,4,12.649111
-4,-26,26.305893
43,23,48.764741
14,50,51.923020
-10,-6,11.661904
-5,35,35.355339
-17,-3,17.262677
-13,-37,39.217343
-22,-10,24.166092
17,45,48.104054
-31,1,31.016125
-10,20,22.360680
-4,14,14.560220
5,-23,23.537205
3,-27,27.166155
2,20,20.099751
-18,20,26.907248
6,6,8.485281
-12,26,28.635642
-9,25,26.570661
23,-25,33.970576
-6,-2,6.324555
-32,10,33.526109
30,10,31.622777
-7,-21,22.135944
-27,-19,33.015148
7,17,18.384776
-50,14,51.923020
8,-36,36.878178
22,16,27.202941
29,-5,29.427878
20,6,20.880613
17,15,22.671568
-7,-19,20.248457
20,-44,48.332184
9,-15,17.492856
9,-5,10.295630
-42,10,43.174066
10,2,10.198039
-8,16,17.888544
39,-1,39.012818
5,1,5.099020
-34,-20,39.446166
29,-13,31.780497
8,-8,11.313708
-18,6,18.973666
1,7,7.071068
29,-29,41.012193
11,25,27.313001
12,-2,12.165525
54,-2,54.037024
-11,1,11.045361
-27,-7,27.892651
8,8,11.313708
12,32,34.176015
-7,-15,16.552945
-16,-28,32.249031
-4,0,4.000000
2,-2,2.828427
1,-23,23.021729
7,-3,7.615773
-48,36,60.000000
-7,-9,11.401754
5,-13,13.928388
-2,-12,12.165525
14,20,24.413111
11,33,34.785054
-26,22,34.058773
-18,16,24.083189
-11,-19,21.954498
0,8,8.000000
-12,46,47.539457
-5,19,19.646883
-4,14,14.560220
-21,-19,28.319605
36,-24,43.266615
18,36,40.249224
11,29,31.016125
19,1,19.026298
28,-8,29.120440
12,2,12.165525
15,-21,25.806976
43,-27,50.774009
18,-20,26.907248
28,18,33.286634
25,-23,33.970576
11,23,25.495098
15,-57,58.940648
-5,35,35.355339
9,45,45.891176
0,22,22.000000
-5,33,33.376639
-24,22,32.557641
10,-14,17.204651
-5,-3,5.830952
15,55,57.008771
-14,-16,21.260292
-29,-1,29.017236
-10,-16,18.867962
-4,4,5.656854
9,43,43.931765
-6,-32,32.557641
-3,43,43.104524
7,-23,24.041631
3,11,11.401754
16,-4,16.492423
-16,16,22.627417
22,-4,22.360680
26,-12,28.635642
-10,18,20.591260
39,-7,39.623226
26,-10,27.856777
-14,-4,14.560220
-5,27,27.459060
-46,18,49.396356
8,12,14.422205
-4,28,28.284271
19,-37,41.593269
-2,18,18.110770
13,-17,21.400935
3,-1,3.162278
10,-2,10.198039
8,-18,19.697716
-2,6,6.324555
-26,-18,31.622777
14,-14,19.798990
9,1,9.055385
48,4,48.166378
20,-44,48.332184
-3,7,7.615773
-12,18,21.633308
3,-3,4.242641
-3,-53,53.084838
22,10,24.166092
-11,57,58.051701
-24,32,40.000000
23,11,25.495098
-47,-3,47.095647
-20,-8,21.540659
-27,49,55.946403
7,-13,14.764823
-23,-39,45.276926
19,69,71.568149
23,13,26.419690
-27,-83,87.281155
21,47,51.478151
-1,-3,3.162278
16,-28,32.249031
-17,7,18.384776
-33,37,49.578221
-10,-10,14.142136
11,3,11.401754
18,-8,19.697716
-40,6,40.447497
-25,17,30.232433
9,5,10.295630
7,19,20.248457
-1,-11,11.045361
-1,5,5.099020
-25,-7,25.961510
1,-13,13.038405
-7,-49,49.497475
24,14,27.784888
-33,-7,33.734256
-25,-31,39.824616
17,3,17.262677
0,8,8.000000
-42,-44,60.827625
-21,-1,21.023796
24,-6,24.738634
20,-20,28.284271
-6,20,20.880613
24,54,59.093147
23,-49,54.129474
-10,16,18.867962
22,-2,22.090722
18,14,22.803509
28,-48,55.569776
7,31,31.780497
-9,-27,28.460499
-20,-36,41.182521
2,-12,12.165525
-7,-15,16.552945
-16,10,18.867962
-11,17,20.248457
-6,-4,7.211103
-14,-8,16.124515
29,25,38.288379
-28,18,33.286634
13,-1,13.038405
-12,14,18.439089
-9,17,19.235384
39,-49,62.625873
18,-44,47.539457
25,9,26.570661
39,3,39.115214
23,-23,32.526912
-15,13,19.849433
-33,31,45.276926
-11,-23,25.495098
10,2,10.198039
-3,13,13.341664
6,-6,8.485281
2,0,2.000000
-10,24,26.000000
-9,-21,22.847319
6,20,20.880613
-14,2,14.142136
-17,35,38.910153
-12,2,12.165525
22,16,27.202941
7,-27,27.892651
27,3,27.166155
-3,-17,17.262677
14,-4,14.560220
18,32,36.715120
2,32,32.062439
-28,-14,31.304952
8,-30,31.048349
-2,-4,4.472136
4,2,4.472136
8,0,8.000000
-4,-16,16.492423
-54,8,54.589376
14,-4,14.560220
-16,-20,25.612497
-39,3,39.115214
6,-14,15.231546
-22,-8,23.409400
-26,-24,35.383612
14,8,16.124515
-10,0,10.000000
-23,-7,24.041631
12,-6,13.416408
1,-21,21.023796
-12,14,18.439089
-3,25,25.179357
-39,11,40.521599
14,-4,14.560220
12,4,12.649111
-23,23,32.526912
-10,4,10.770330
3,11,11.401754
25,-23,33.970576
-1,5,5.099020
-10,26,27.856777
10,-14,17.204651
12,42,43.680659
2,10,10.198039
0,18,18.000000
-25,3,25.179357
49,19,52.554733
8,16,17.888544
7,13,14.764823
9,-21,22.847319
22,-12,25.059928
-26,-22,34.058773
-14,0,14.000000
-12,-30,32.310989
4,0,4.000000
3,1,3.162278
-22,-14,26.076810
-20,30,36.055513
-35,-39,52.402290
26,-4,26.305893
-35,-41,53.907328
38,-22,43.908997
29,-7,29.832868
35,41,53.907328
-19,-27,33.015148
18,-6,18.973666
18,-20,26.907248
-21,-37,42.544095
10,34,35.440090
-17,-21,27.018512
-2,-8,8.246211
19,-33,38.078866
16,-44,46.818800
-3,3,4.242641
0,-28,28.000000
8,-2,8.246211
-12,-14,18.439089
-30,36,46.861498
1,-13,13.038405
-6,46,46.389654
3,23,23.194827
-6,-14,15.231546
9,5,10.295630
-20,22,29.732137
40,22,45.650849
32,-20,37.735925
-28,52,59.059292
21,-19,28.319605
-8,32,32.984845
17,31,35.355339
10,-10,14.142136
3,-9,9.486833
21,3,21.213203
-40,-12,41.761226
-48,14,50.000000
-15,-3,15.297059
-10,20,22.360680
-5,5,7.071068
33,-11,34.785054
-17,-13,21.400935
-41,-13,43.011626
-40,20,44.721360
35,23,41.880783
5,31,31.400637
21,-3,21.213203
-7,-5,8.602325
30,-26,39.698866
31,3,31.144823
5,-9,10.295630
-28,20,34.409301
7,-19,20.248457
-33,39,51.088159
-14,28,31.304952
17,23,28.600699
-23,-35,41.880783
8,30,31.048349
12,-22,25.059928
11,-13,17.029386
12,4,12.649111
13,-25,28.178006
-43,9,43.931765
-2,-6,6.324555
-27,27,38.183766
34,-8,34.928498
16,-10,18.867962
0,-36,36.000000
-10,-8,12.806248
27,-19,33.015148
24,2,24.083189
-5,-31,31.400637
8,12,14.422205
38,0,38.000000
-8,-18,19.697716
6,0,6.000000
15,27,30.886890
-21,3,21.213203
-12,10,15.620499
-7,25,25.961510
6,6,8.485281
-3,17,17.262677
-2,-30,30.066593
4,8,8.944272
16,22,27.202941
-56,-32,64.498062
4,-22,22.360680
-4,12,12.649111
46,-14,48.083261
20,2,20.099751
-9,-3,9.486833
-45,15,47.434165
15,29,32.649655
-12,-18,21.633308
34,-22,40.496913
-13,-25,28.178006
0,16,16.000000
-27,-49,55.946403
-31,-53,61.400326
3,-17,17.262677
39,43,58.051701
-10,10,14.142136
12,-24,26.832816
-8,-12,14.422205
2,28,28.071338
-21,43,47.853944
35,-5,35.355339
3,-21,21.213203
-27,1,27.018512
0,18,18.000000
-4,18,18.439089
16,8,17.888544
-23,17,28.600699
-38,-26,46.043458
-18,-22,28.425341
1,-15,15.033296
-25,-15,29.154759
-20,32,37.735925
7,-17,18.384776
3,-7,7.615773
-7,-47,47.518417
-22,-6,22.803509
11,33,34.785054
8,-6,10.000000
-12,28,30.463092
-15,-15,21.213203
6,-22,22.803509
23,-11,25.495098
8,-4,8.944272
26,-32,41.231056
-10,-34,35.440090
-9,19,21.023796
-28,-16,32.249031
37,-33,49.578221
-25,55,60.415230
-9,7,11.401754
-17,39,42.544095
-20,-8,21.540659
1,-9,9.055385
-28,18,33.286634
10,2,10.198039
20,-4,20.396078
12,18,21.633308
-16,34,37.576588
-20,8,21.540659
9,7,11.401754
-31,3,31.144823
-27,-21,34.205263
-11,-5,12.083046
2,-52,52.038447
23,-11,25.495098
-34,18,38.470768
13,51,52.630789
-12,14,18.439089
27,29,39.623226
32,6,32.557641
-48,32,57.688820
14,-22,26.076810
-1,-7,7.071068
-31,15,34.438351
0,-4,4.000000
-5,-11,12.083046
22,18,28.425341
9,-37,38.078866
33,-13,35.468296
1,-59,59.008474
-6,20,20.880613
2,-4,4.472136
18,22,28.425341
-2,48,48.041649
14,28,31.304952
-17,-1,17.029386
-15,11,18.601075
-4,0,4.000000
-23,-7,24.041631
20,-20,28.284271
1,-11,11.045361
19,1,19.026298
6,-6,8.485281
12,-16,20.000000
12,-22,25.059928
20,-24,31.240999
-8,8,11.313708
8,-4,8.944272
25,-5,25.495098
15,27,30.886890
-11,1,11.045361
-14,26,29.529646
8,8,11.313708
18,14,22.803509
-21,-33,39.115214
-5,5,7.071068
-19,17,25.495098
-1,15,15.033296
-22,-4,22.360680
1,-13,13.038405
13,-9,15.811388
-14,12,18.439089
-27,-49,55.946403
14,-16,21.260292
-56,-12,57.271284
-29,29,41.012193
-19,45,48.846699
11,41,42.449971
14,38,40.496913
-11,-7,13.038405
-16,-20,25.612497
23,15,27.459060
-1,11,11.045361
-2,20,20.099751
9,-13,15.811388
-6,-36,36.496575
17,-19,25.495098
0,26,26.000000
-21,-25,32.649655
-14,-44,46.173586
17,11,20.248457
-4,-34,34.234486
-57,-25,62.241465
-13,1,13.038405
5,-33,33.376639
-15,19,24.207437
22,4,22.360680
-15,39,41.785165
1,-7,7.071068
-5,5,7.071068
12,36,37.947332
-15,15,21.213203
6,8,10.000000
-6,-26,26.683328
-4,30,30.265492
-10,12,15.620499
-1,-21,21.023796
5,-19,19.646883
-42,20,46.518813
-3,-9,9.486833
13,23,26.419690
6,2,6.324555
3,27,27.166155
-15,-1,15.033296
-10,-18,20.591260
-39,5,39.319207
-1,-37,37.013511
-32,-4,32.249031
-7,61,61.400326
-18,-10,20.591260
-31,19,36.359318
6,20,20.880613
23,-25,33.970576
24,18,30.000000
-22,-14,26.076810
-17,-5,17.720045
0,-36,36.000000
-21,3,21.213203
-23,13,26.419690
-3,-25,25.179357
16,-16,22.627417
-18,22,28.425341
21,-7,22.135944
-17,-7,18.384776
-46,-24,51.884487
-14,34,36.769553
-13,-33,35.468296
59,1,59.008474
6,-24,24.738634
23,1,23.021729
21,-3,21.213203
24,16,28.844410
-6,-10,11.661904
10,-14,17.204651
-3,-21,21.213203
-15,-17,22.671568
14,2,14.142136
29,3,29.154759
19,11,21.954498
23,9,24.698178
-20,-44,48.332184
-6,18,18.973666
-59,-21,62.625873
12,10,15.620499
-3,3,4.242641
25,3,25.179357
-1,9,9.055385
10,20,22.360680
29,5,29.427878
-47,-5,47.265209
15,-25,29.154759
13,-11,17.029386
-38,6,38.470768
-1,15,15.033296
-6,-4,7.211103
-11,15,18.601075
-14,40,42.379240
6,6,8.485281
-8,-34,34.928498
-15,-55,57.008771
24,-8,25.298221
2,-18,18.110770
24,-30,38.418745
-1,-19,19.026298
24,14,27.784888
6,14,15.231546
-43,-31,53.009433
-14,10,17.204651
-33,3,33.136083
-4,-16,16.492423
-12,-24,26.832816
26,-22,34.058773
17,-9,19.235384
-20,22,29.732137
14,0,14.000000
0,-4,4.000000
6,-20,20.880613
4,28,28.284271
-9,-9,12.727922
1,-39,39.012818
21,15,25.806976
41,21,46.065171
22,-18,28.425341
-4,28,28.284271
-14,-26,29.529646
15,-9,17.492856
-8,-44,44.721360
17,-5,17.720045
-17,33,37.121422
-11,-23,25.495098
16,18,24.083189
-21,3,21.213203
-9,-19,21.023796
23,-5,23.537205
0,-44,44.000000
-1,25,25.019992
24,-6,24.738634
-4,-14,14.560220
-21,9,22.847319
21,17,27.018512
10,24,26.000000
33,-11,34.785054
-18,-24,30.000000
-10,-4,10.770330
-42,4,42.190046
17,-35,38.910153
4,-8,8.944272
3,-9,9.486833
-13,-17,21.400935
25,-33,41.400483
-42,-2,42.047592
22,-40,45.650849
-7,-51,51.478151
15,23,27.459060
-7,-5,8.602325
23,-33,40.224371
-36,8,36.878178
3,11,11.401754
6,28,28.635642
-3,1,3.162278
28,-6,28.635642
16,42,44.944410
-15,-1,15.033296
-32,44,54.405882
-7,-7,9.899495
4,-38,38.209946
-10,-10,14.142136
15,7,16.552945
-36,-4,36.221541
-5,23,23.537205
-26,-6,26.683328
1,5,5.099020
-6,30,30.594117
4,-2,4.472136
-25,9,26.570661
50,24,55.461698
27,-13,29.966648
-8,-16,17.888544
19,-1,19.026298
-23,-11,25.495098
-43,49,65.192024
-23,9,24.698178
3,-27,27.166155
-33,-5,33.376639
32,-10,33.526109
0,-46,46.000000
44,10,45.122057
-42,0,42.000000
29,1,29.017236
-29,-13,31.780497
-9,67,67.601775
34,0,34.000000
-27,51,57.706152
-1,3,3.162278
-12,26,28.635642
-39,-29,48.600412
-7,35,35.693137
-19,9,21.023796
8,4,8.944272
-2,-36,36.055513
11,-29,31.016125
-33,-9,34.205263
2,4,4.472136
20,-10,22.360680
28,6,28.635642
6,34,34.525353
-15,19,24.207437
-10,-4,10.770330
-10,2,10.198039
13,5,13.928388
-9,43,43.931765
12,-32,34.176015
-29,13,31.780497
29,1,29.017236
42,-30,51.613952
-46,-14,48.083261
34,2,34.058773
-10,32,33.526109
10,-10,14.142136
31,-7,31.780497
5,21,21.587033
16,2,16.124515
-7,3,7.615773
27,-39,47.434165
13,17,21.400935
16,-4,16.492423
32,-32,45.254834
18,20,26.907248
29,-35,45.453273
10,24,26.000000
-13,59,60.415230
-12,-4,12.649111
-16,-22,27.202941
-11,37,38.600518
16,-28,32.249031
13,17,21.400935
8,-44,44.721360
-14,34,36.769553
-19,37,41.593269
23,31,38.600518
8,12,14.422205
3,-31,31.144823
-38,-18,42.047592
-40,26,47.707442
1,-1,1.414214
15,-13,19.849433
-10,-22,24.166092
3,15,15.297059
-21,-13,24.698178
9,-1,9.055385
14,18,22.803509
8,24,25.298221
-16,-22,27.202941
-7,-1,7.071068
54,-28,60.827625
5,-41,41.303753
-30,-26,39.698866
19,9,21.023796
6,-4,7.211103
26,-20,32.802439
-28,-10,29.732137
-11,-5,12.083046
-8,-2,8.246211
4,-2,4.472136
12,10,15.620499
-12,-12,16.970563
0,-34,34.000000
-19,-17,25.495098
10,32,33.526109
26,60,65.391131
-8,-30,31.048349
-29,-3,29.154759
-2,4,4.472136
27,-29,39.623226
17,-7,18.384776
-24,-38,44.944410
17,-7,18.384776
4,-8,8.944272
-9,15,17.492856
-3,1,3.162278
5,-19,19.646883
6,16,17.088007
59,-35,68.600292
34,-6,34.525353
-21,-7,22.135944
19,29,34.669872
-4,-40,40.199502
15,45,47.434165
-9,1,9.055385
42,42,59.396970
46,14,48.083261
13,11,17.029386
14,36,38.626416
-3,-1,3.162278
7,-19,20.248457
2,-2,2.828427
-24,6,24.738634
28,2,28.071338
-12,-28,30.463092
19,-25,31.400637
-16,-8,17.888544
44,10,45.122057
-8,6,10.000000
6,14,15.231546
4,16,16.492423
-29,-11,31.016125
-8,20,21.540659
-5,-5,7.071068
42,-12,43.680659
9,39,40.024992
-8,40,40.792156
6,-2,6.324555
-14,16,21.260292
11,7,13.038405
-16,-10,18.867962
-45,29,53.535035
52,22,56.462377
-6,-42,42.426407
-19,13,23.021729
18,24,30.000000
-11,35,36.687873
6,-6,8.485281
-7,1,7.071068
-7,-31,31.780497
3,29,29.154759
-25,-33,41.400483
25,3,25.179357
-1,-11,11.045361
41,-43,59.413803
-38,2,38.052595
-12,8,14.422205
13,-7,14.764823
-11,-5,12.083046
9,-19,21.023796
-5,-37,37.336309
-18,-4,18.439089
17,-13,21.400935
-19,11,21.954498
-3,37,37.121422
10,-54,54.918121
13,-21,24.698178
-24,-4,24.331050
-23,21,31.144823
28,-12,30.463092
6,-12,13.416408
33,5,33.376639
2,4,4.472136
-14,36,38.626416
-14,-30,33.105891
12,22,25.059928
21,-1,21.023796
24,22,32.557641
-18,16,24.083189
19,-45,48.846699
-14,8,16.124515
-5,-27,27.459060
30,-6,30.594117
-35,13,37.336309
20,2,20.099751
-51,19,54.424259
4,-22,22.360680
-23,15,27.459060
23,29,37.013511
-13,-17,21.400935
-14,16,21.260292
5,41,41.303753
12,-18,21.633308
2,28,28.071338
-22,10,24.166092
-33,-15,36.249138
1,-9,9.055385
-7,23,24.041631
6,8,10.000000
0,30,30.000000
-20,30,36.055513
23,27,35.468296
-9,43,43.931765
8,30,31.048349
-7,5,8.602325
27,-37,45.803930
39,-23,45.276926
38,24,44.944410
37,1,37.013511
-7,-17,18.384776
7,15,16.552945
-1,-21,21.023796
8,-32,32.984845
20,-4,20.396078
4,-18,18.439089
12,0,12.000000
6,-32,32.557641
11,7,13.038405
28,4,28.284271
-23,-43,48.764741
27,15,30.886890
12,-42,43.680659
36,6,36.496575
16,-36,39.395431
12,6,13.416408
-23,29,37.013511
-11,21,23.706539
42,-40,58.000000
-12,48,49.477268
-16,36,39.395431
13,31,33.615473
-17,13,21.400935
4,-44,44.181444
-12,-14,18.439089
-8,24,25.298221
5,-17,17.720045
18,-24,30.000000
-3,17,17.262677
-24,-28,36.878178
20,16,25.612497
2,2,2.828427
19,9,21.023796
-40,-18,43.863424
-44,26,51.107729
-44,2,44.045431
18,-20,26.907248
-18,36,40.249224
-5,-7,8.602325
44,4,44.181444
7,51,51.478151
2,-30,30.066593
31,27,41.109610
-16,8,17.888544
55,17,57.567352
24,-22,32.557641
37,7,37.656341
-6,24,24.738634
-20,22,29.732137
-11,15,18.601075
25,-23,33.970576
28,-10,29.732137
10,-8,12.806248
-10,2,10.198039
5,7,8.602325
18,10,20.591260
-30,16,34.000000
-19,-1,19.026298
-18,-16,24.083189
16,10,18.867962
4,-4,5.656854
8,18,19.697716
-11,9,14.212670
30,-18,34.985711
22,26,34.058773
-11,23,25.495098
-11,5,12.083046
-13,-15,19.849433
13,-15,19.849433
34,38,50.990195
8,10,12.806248
-19,11,21.954498
-4,-34,34.234486
-10,-16,18.867962
22,-64,67.675697
21,27,34.205263
-6,10,11.661904
-35,29,45.453273
51,7,51.478151
22,10,24.166092
28,28,39.597980
57,-31,64.884513
-14,-12,18.439089
6,4,7.211103
-23,17,28.600699
8,18,19.697716
7,-15,16.552945
-4,-12,12.649111
5,-47,47.265209
-23,11,25.495098
-39,25,46.324939
-33,55,64.140471
0,34,34.000000
-8,0,8.000000
-37,11,38.600518
-22,-2,22.090722
40,6,40.447497
6,-34,34.525353
-19,11,21.954498
-20,24,31.240999
1,29,29.017236
0,-12,12.000000
-15,-19,24.207437
18,24,30.000000
-13,11,17.029386
16,-14,21.260292
0,-2,2.000000
6,-30,30.594117
-10,34,35.440090
7,23,24.041631
8,40,40.792156
7,-15,16.552945
34,38,50.990195
-18,-16,24.083189
7,-23,24.041631
30,16,34.000000
42,-8,42.755117
-7,1,7.071068
-3,-1,3.162278
-31,17,35.355339
8,-4,8.944272
24,-18,30.000000
-6,-20,20.880613
-27,45,52.478567
-12,14,18.439089
13,1,13.038405
-25,21,32.649655
24,2,24.083189
11,-39,40.521599
4,6,7.211103
-19,11,21.954498
-25,-21,32.649655
34,0,34.000000
0,-18,18.000000
-8,-36,36.878178
-20,14,24.413111
11,-9,14.212670
-15,5,15.811388
15,-7,16.552945
-13,5,13.928388
60,-8,60.530984
-7,15,16.552945
53,31,61.400326
19,-41,45.188494
-25,-29,38.288379
-15,15,21.213203
-37,15,39.924930
-28,-6,28.635642
18,14,22.803509
31,-19,36.359318
24,20,31.240999
-22,-12,25.059928
9,-19,21.023796
-1,-15,15.033296
0,16,16.000000
30,10,31.622777
-32,-8,32.984845
18,18,25.455844
-41,11,42.449971
-3,7,7.615773
-6,-12,13.416408
-2,-4,4.472136
28,-34,44.045431
-30,22,37.202150
6,30,30.594117
-2,14,14.142136
-16,18,24.083189
8,20,21.540659
35,-1,35.014283
-1,-19,19.026298
-5,-3,5.830952
-7,-11,13.038405
29,7,29.832868
8,26,27.202941
-17,19,25.495098
-51,3,51.088159
15,-29,32.649655
-34,12,36.055513
-8,20,21.540659
-6,6,8.485281
-67,9,67.601775
29,13,31.780497
12,-24,26.832816
45,-31,54.644304
-22,-10,24.166092
10,2,10.198039
23,19,29.832868
-5,-11,12.083046
22,12,25.059928
-5,-3,5.830952
19,-3,19.235384
-6,-6,8.485281
15,29,32.649655
1,-53,53.009433
-32,10,33.526109
2,2,2.828427
1,17,17.029386
-6,2,6.324555
31,-7,31.780497
-25,-39,46.324939
29,11,31.016125
19,15,24.207437
-13,11,17.029386
20,-26,32.802439
0,-38,38.000000
-27,31,41.109610
16,6,17.088007
-27,-11,29.154759
18,-12,21.633308
36,-12,37.947332
5,-19,19.646883
6,52,52.345009
9,25,26.570661
-10,26,27.856777
-17,-23,28.600699
36,-26,44.407207
18,28,33.286634
2,-24,24.083189
-3,13,13.341664
25,-1,25.019992
-35,-1,35.014283
40,8,40.792156
-15,-21,25.806976
5,-7,8.602325
15,-33,36.249138
24,-36,43.266615
-6,14,15.231546
-18,36,40.249224
1,33,33.015148
7,-25,25.961510
5,-11,12.083046
38,-26,46.043458
11,-15,18.601075
-19,1,19.026298
9,-3,9.486833
-12,4,12.649111
22,-4,22.360680
41,-13,43.011626
-1,25,25.019992
16,-4,16.492423
19,-7,20.248457
9,53,53.758720
26,12,28.635642
20,-14,24.413111
-51,53,73.552702
-26,-20,32.802439
18,-50,53.141321
5,-1,5.099020
-37,-5,37.336309
-4,-24,24.331050
0,-4,4.000000
30,22,37.202150
2,-52,52.038447
-25,-39,46.324939
-41,-21,46.065171
-8,16,17.888544
-5,25,25.495098
-6,-4,7.211103
-50,-6,50.358713
-38,0,38.000000
-13,-5,13.928388
23,-1,23.021729
-23,-55,59.615434
-4,-2,4.472136
-23,-9,24.698178
-6,4,7.211103
-52,14,53.851648
-15,21,25.806976
36,22,42.190046
13,9,15.811388
-6,4,7.211103
-11,15,18.601075
22,-28,35.608988
-4,18,18.439089
-4,4,5.656854
-3,-5,5.830952
73,-13,74.148500
0,4,4.000000
11,35,36.687873
-11,7,13.038405
-8,44,44.721360
-4,-18,18.439089
39,-9,40.024992
17,-33,37.121422
33,-27,42.638011
33,-7,33.734256
31,-29,42.449971
-5,1,5.099020
39,19,43.382024
50,14,51.923020
13,19,23.021729
9,7,11.401754
6,48,48.373546
-20,-14,24.413111
-30,-36,46.861498
-5,-51,51.244512
2,-2,2.828427
16,-16,22.627417
22,-10,24.166092
-3,37,37.121422
-26,-2,26.076810
-18,-10,20.591260
-22,-28,35.608988
-9,-15,17.492856
22,2,22.090722
13,-9,15.811388
-19,17,25.495098
17,27,31.906112
3,29,29.154759
-5,-3,5.830952
25,3,25.179357
2,-14,14.142136
15,3,15.297059
-14,20,24.413111
-16,16,22.627417
-3,69,69.065187
-48,-16,50.596443
-10,-4,10.770330
-16,-14,21.260292
19,-29,34.669872
-6,22,22.803509
3,17,17.262677
1,-1,1.414214
-14,-36,38.626416
5,-5,7.071068
-26,0,26.000000
30,8,31.048349
26,-18,31.622777
-55,13,56.515485
-14,-30,33.105891
-8,-40,40.792156
27,-15,30.886890
9,37,38.078866
-17,5,17.720045
-33,-21,39.115214
38,-42,56.639209
-4,12,12.649111
-27,-15,30.886890
-11,1,11.045361
-16,10,18.867962
29,-25,38.288379
-1,7,7.071068
9,21,22.847319
-17,11,20.248457
-9,21,22.847319
-2,0,2.000000
14,26,29.529646
-13,17,21.400935
3,25,25.179357
-12,6,13.416408
12,22,25.059928
8,54,54.589376
21,5,21.587033
18,28,33.286634
19,31,36.359318
22,-2,22.090722
18,-42,45.694639
14,-4,14.560220
-29,5,29.427878
-4,-10,10.770330
-13,39,41.109610
10,6,11.661904
-15,31,34.438351
-2,2,2.828427
-12,-64,65.115282
4,14,14.560220
8,24,25.298221
-6,18,18.973666
11,-5,12.083046
19,-7,20.248457
-19,9,21.023796
6,-4,7.211103
-22,-26,34.058773
-2,-10,10.198039
-4,2,4.472136
3,33,33.136083
-24,-24,33.941125
-23,-1,23.021729
-2,10,10.198039
-25,-27,36.796739
18,-20,26.907248
7,17,18.384776
36,0,36.000000
-35,-7,35.693137
-11,37,38.600518
-25,1,25.019992
9,21,22.847319
-11,23,25.495098
-5,13,13.928388
34,-2,34.058773
1,9,9.055385
-27,35,44.204072
-25,-13,28.178006
-35,47,58.600341
-13,3,13.341664
21,-27,34.205263
-26,10,27.856777
-20,-32,37.735925
1,-37,37.013511
-5,47,47.265209
-3,-33,33.136083
-4,8,8.944272
-23,35,41.880783
40,-16,43.081318
-25,47,53.235327
9,5,10.295630
4,6,7.211103
5,23,23.537205
-8,-12,14.422205
30,2,30.066593
-11,-31,32.893768
0,-28,28.000000
35,5,35.355339
9,25,26.570661
40,-4,40.199502
-2,8,8.246211
-16,-10,18.867962
24,4,24.331050
-30,2,30.066593
-24,28,36.878178
-3,-13,13.341664
-17,-29,33.615473
-8,2,8.246211
35,27,44.204072
-11,-31,32.893768
7,1,7.071068
11,-25,27.313001
-37,31,48.270074
-11,7,13.038405
20,14,24.413111
32,-6,32.557641
-1,53,53.009433
18,-20,26.907248
24,-8,25.298221
-4,16,16.492423
48,-16,50.596443
14,8,16.124515
38,-22,43.908997
-20,12,23.323808
-45,-39,59.548300
10,6,11.661904
10,44,45.122057
-5,-5,7.071068
-36,-8,36.878178
-2,14,14.142136
11,-23,25.495098
39,-9,40.024992
-1,5,5.099020
22,14,26.076810
8,2,8.246211
-13,-17,21.400935
2,16,16.124515
61,-9,61.660360
51,-17,53.758720
-13,3,13.341664
46,18,49.396356
-59,35,68.600292
-24,18,30.000000
2,4,4.472136
0,14,14.000000
21,-27,34.205263
-6,-12,13.416408
-7,-21,22.135944
-40,-10,41.231056
25,5,25.495098
-11,13,17.029386
4,-28,28.284271
-22,4,22.360680
14,-20,24.413111
2,34,34.058773
33,-33,46.669048
17,-9,19.235384
8,8,11.313708
-12,22,25.059928
38,14,40.496913
-28,4,28.284271
29,25,38.288379
17,-45,48.104054
48,18,51.264022
1,41,41.012193
25,-5,25.495098
-58,-22,62.032250
3,9,9.486833
16,-6,17.088007
22,-10,24.166092
-4,26,26.305893
34,6,34.525353
10,-8,12.806248
-21,35,40.816663
2,-2,2.828427
-24,-12,26.832816
13,-45,46.840154
20,12,23.323808
-14,8,16.124515
47,-31,56.302753
-21,-15,25.806976
-43,-3,43.104524
-34,-28,44.045431
12,0,12.000000
7,37,37.656341
20,-6,20.880613
-35,17,38.910153
-3,-37,37.121422
6,-22,22.803509
-8,-24,25.298221
-2,24,24.083189
-9,7,11.401754
15,29,32.649655
-16,-20,25.612497
-16,-18,24.083189
-11,-7,13.038405
13,-39,41.109610
-9,13,15.811388
-18,-22,28.425341
41,-25,48.020829
-7,-9,11.401754
-1,25,25.019992
-5,27,27.459060
-12,14,18.439089
-21,-43,47.853944
13,23,26.419690
-21,1,21.023796
-8,-4,8.944272
4,-12,12.649111
8,-2,8.246211
17,-3,17.262677
-5,-29,29.427878
-1,11,11.045361
-3,5,5.830952
23,27,35.468296
-4,-32,32.249031
-18,0,18.000000
5,3,5.830952
12,-6,13.416408
2,-16,16.124515
-42,-48,63.780875
-21,3,21.213203
-24,26,35.383612
-2,0,2.000000
0,2,2.000000
-6,30,30.594117
20,-2,20.099751
-19,-21,28.319605
-8,0,8.000000
-34,-46,57.201399
-8,32,32.984845
-38,0,38.000000
-8,56,56.568542
1,19,19.026298
21,-25,32.649655
11,-27,29.154759
-4,20,20.396078
-50,14,51.923020
-12,-12,16.970563
-10,2,10.198039
-17,7,18.384776
-32,-34,46.690470
10,14,17.204651
-41,-13,43.011626
37,-1,37.013511
5,5,7.071068
-25,-5,25.495098
-18,6,18.973666
-28,18,33.286634
14,20,24.413111
-25,-1,25.019992
9,-25,26.570661
19,-7,20.248457
11,-21,23.706539
-18,0,18.000000
-7,-15,16.552945
-21,11,23.706539
22,34,40.496913
-16,14,21.260292
-18,-22,28.425341
12,-4,12.649111
10,-6,11.661904
-9,25,26.570661
15,-13,19.849433
-1,27,27.018512
-3,35,35.128336
-23,19,29.832868
-19,-3,19.235384
-11,-17,20.248457
-12,-6,13.416408
29,7,29.832868
-1,13,13.038405
22,32,38.832976
-16,-12,20.000000
-8,8,11.313708
-13,-9,15.811388
-25,-1,25.019992
15,7,16.552945
-12,20,23.323808
-52,-18,55.027266
-2,-26,26.076810
2,-4,4.472136
0,12,12.000000
-17,41,44.384682
-1,-29,29.017236
43,11,44.384682
-5,1,5.099020
-10,-26,27.856777
20,24,31.240999
-31,7,31.780497
39,3,39.115214
11,-5,12.083046
-16,-26,30.528675
-3,-35,35.128336
-4,-32,32.249031
-6,-6,8.485281
17,-3,17.262677
-21,-15,25.806976
-1,27,27.018512
-18,24,30.000000
-26,-48,54.589376
-32,-16,35.777088
31,19,36.359318
39,-15,41.785165
-13,9,15.811388
24,-26,35.383612
-34,-10,35.440090
9,-21,22.847319
-10,38,39.293765
32,-40,51.224994
6,-24,24.738634
12,-32,34.176015
-12,-36,37.947332
-28,50,57.306195
-4,-18,18.439089
24,-2,24.083189
26,12,28.635642
-2,4,4.472136
19,-3,19.235384
16,10,18.867962
18,-6,18.973666
-10,12,15.620499
-14,-24,27.784888
-26,14,29.529646
-21,5,21.587033
17,3,17.262677
-8,20,21.540659
29,33,43.931765
2,8,8.246211
-25,-9,26.570661
-33,29,43.931765
-13,-21,24.698178
-6,-16,17.088007
15,51,53.160135
24,0,24.000000
14,-38,40.496913
1,-9,9.055385
23,-23,32.526912
-21,9,22.847319
-17,11,20.248457
20,2,20.099751
6,30,30.594117
27,-1,27.018512
5,43,43.289722
17,-23,28.600699
13,3,13.341664
0,14,14.000000
35,47,58.600341
30,-24,38.418745
18,4,18.439089
12,10,15.620499
27,23,35.468296
-13,31,33.615473
-8,0,8.000000
21,-3,21.213203
-33,11,34.785054
-5,19,19.646883
-14,-34,36.769553
-20,-4,20.396078
-8,-20,21.540659
1,-7,7.071068
0,30,30.000000
12,-56,57.271284
16,22,27.202941
-12,-4,12.649111
24,34,41.617304
-30,-10,31.622777
3,1,3.162278
-25,7,25.961510
-1,-31,31.016125
0,26,26.000000
7,-1,7.071068
14,-14,19.798990
-13,-1,13.038405
12,-12,16.970563
-2,-22,22.090722
36,0,36.000000
19,49,52.554733
23,-5,23.537205
-37,-3,37.121422
-3,17,17.262677
1,15,15.033296
25,11,27.313001
-24,14,27.784888
-20,10,22.360680
1,23,23.021729
2,4,4.472136
20,12,23.323808
-3,13,13.341664
27,-1,27.018512
-37,25,44.654227
-50,-32,59.363288
-1,9,9.055385
-12,30,32.310989
26,42,49.396356
6,-18,18.973666
15,-1,15.033296
18,10,20.591260
-2,-30,30.066593
-40,12,41.761226
44,-4,44.181444
-42,10,43.174066
1,-25,25.019992
-21,-9,22.847319
-4,-30,30.265492
38,-22,43.908997
46,18,49.396356
-27,15,30.886890
-4,2,4.472136
1,21,21.023796
0,26,26.000000
-29,9,30.364453
35,13,37.336309
23,-5,23.537205
11,-1,11.045361
-36,12,37.947332
-9,27,28.460499
0,-2,2.000000
-23,-47,52.325902
44,-26,51.107729
5,3,5.830952
-26,16,30.528675
32,12,34.176015
-20,34,39.446166
22,30,37.202150
14,16,21.260292
-31,7,31.780497
-20,-2,20.099751
-2,-4,4.472136
25,-3,25.179357
-32,0,32.000000
-57,17,59.481089
-37,21,42.544095
-8,32,32.984845
10,-46,47.074409
-38,60,71.021124
-29,17,33.615473
20,20,28.284271
13,45,46.840154
6,-30,30.594117
-1,-29,29.017236
12,-2,12.165525
7,29,29.832868
13,-43,44.922155
21,-5,21.587033
-6,8,10.000000
7,9,11.401754
-46,26,52.839379
21,-7,22.135944
27,9,28.460499
22,-26,34.058773
7,-7,9.899495
-5,-39,39.319207
4,46,46.173586
1,43,43.011626
-38,30,48.414874
-39,-1,39.012818
31,-31,43.840620
-2,-16,16.124515
25,17,30.232433
14,0,14.000000
-2,-26,26.076810
21,-3,21.213203
-5,-29,29.427878
-18,22,28.425341
-23,-9,24.698178
5,-7,8.602325
-31,3,31.144823
36,12,37.947332
-11,13,17.029386
-37,5,37.336309
8,-40,40.792156
40,-14,42.379240
2,-2,2.828427
-4,64,64.124878
-15,13,19.849433
23,11,25.495098
37,31,48.270074
11,1,11.045361
27,9,28.460499
-76,14,77.278716
-25,-17,30.232433
-4,12,12.649111
4,18,18.439089
-6,0,6.000000
5,-9,10.295630
9,25,26.570661
9,-3,9.486833
4,2,4.472136
-30,0,30.000000
-19,13,23.021729
0,10,10.000000
-10,-16,18.867962
57,25,62.241465
12,-12,16.970563
-2,-20,20.099751
-33,-3,33.136083
34,16,37.576588
30,-6,30.594117
-13,-69,70.213959
17,21,27.018512
27,11,29.154759
-6,0,6.000000
10,20,22.360680
-28,0,28.000000
-9,-9,12.727922
-4,6,7.211103
-21,-9,22.847319
6,-4,7.211103
-46,26,52.839379
15,-1,15.033296
-15,1,15.033296
6,-12,13.416408
10,-32,33.526109
-14,18,22.803509
8,-28,29.120440
8,24,25.298221
-27,-17,31.906112
-13,21,24.698178
11,9,14.212670
-51,5,51.244512
18,-12,21.633308
-5,17,17.720045
-20,-6,20.880613
2,62,62.032250
33,-27,42.638011
-15,-7,16.552945
8,-14,16.124515
8,-2,8.246211
20,-24,31.240999
-1,31,31.016125
-19,19,26.870058
-20,48,52.000000
-22,12,25.059928
-22,-2,22.090722
-28,-22,35.608988
-16,-28,32.249031
0,-4,4.000000
17,-15,22.671568
32,-2,32.062439
-30,12,32.310989
-29,5,29.427878
-5,-3,5.830952
-58,-36,68.264193
-61,35,70.327804
-4,16,16.492423
11,-27,29.154759
-27,-27,38.183766
-17,1,17.029386
39,-3,39.115214
-22,-6,22.803509
16,-30,34.000000
62,0,62.000000
-28,-28,39.597980
-5,13,13.928388
22,-16,27.202941
32,8,32.984845
-35,17,38.910153
-36,-28,45.607017
50,-16,52.497619
-26,-28,38.209946
21,15,25.806976
-46,6,46.389654
-23,9,24.698178
24,0,24.000000
-36,-2,36.055513
-5,3,5.830952
-8,-8,11.313708
-2,32,32.062439
35,-41,53.907328
-40,8,40.792156
-24,14,27.784888
-55,19,58.189346
17,15,22.671568
-1,21,21.023796
6,8,10.000000
-12,-32,34.176015
34,-40,52.497619
-40,8,40.792156
8,16,17.888544
-13,-27,29.966648
-26,22,34.058773
-2,-6,6.324555
24,12,26.832816
30,22,37.202150
-17,5,17.720045
17,5,17.720045
-9,5,10.295630
28,8,29.120440
-1,27,27.018512
-5,-9,10.295630
-1,11,11.045361
23,-37,43.566042
-26,8,27.202941
8,-18,19.697716
-1,39,39.012818
-13,-17,21.400935
22,4,22.360680
-54,-42,68.410526
-5,-3,5.830952
-14,-32,34.928498
42,-12,43.680659
29,-25,38.288379
-20,-18,26.907248
-33,9,34.205263
-10,2,10.198039
-30,24,38.418745
5,21,21.587033
11,-5,12.083046
18,14,22.803509
25,-5,25.495098
-15,43,45.541190
-13,25,28.178006
-30,-4,30.265492
-8,-2,8.246211
16,16,22.627417
-49,-11,50.219518
23,-47,52.325902
12,-48,49.477268
3,-1,3.162278
-4,-6,7.211103
22,8,23.409400
-4,-18,18.439089
-16,-8,17.888544
-14,20,24.413111
28,10,29.732137
-7,-37,37.656341
-13,23,26.419690
-15,11,18.601075
1,-31,31.016125
-29,3,29.154759
-13,49,50.695167
10,32,33.526109
9,1,9.055385
-18,2,18.110770
-24,16,28.844410
-8,-8,11.313708
16,-4,16.492423
14,-10,17.204651
-16,44,46.818800
-15,29,32.649655
-6,38,38.470768
-26,34,42.801869
-7,-7,9.899495
32,-22,38.832976
-5,-21,21.587033
2,-12,12.165525
32,-22,38.832976
-18,26,31.622777
9,7,11.401754
57,-15,58.940648
16,-8,17.888544
9,35,36.138622
48,12,49.477268
-23,27,35.468296
10,46,47.074409
15,21,25.806976
8,-48,48.662100
-20,14,24.413111
-55,17,57.567352
23,-7,24.041631
23,7,24.041631
4,26,26.305893
-18,2,18.110770
8,10,12.806248
1,-31,31.016125
3,-13,13.341664
30,-6,30.594117
-27,-29,39.623226
-52,-28,59.059292
-11,15,18.601075
20,-38,42.941821
-6,20,20.880613
-14,28,31.304952
-8,2,8.246211
-43,-35,55.443665
-13,-17,21.400935
-11,27,29.154759
23,7,24.041631
-17,17,24.041631
14,-30,33.105891
2,-12,12.165525
22,-20,29.732137
-25,57,62.241465
-26,-12,28.635642
25,21,32.649655
27,-5,27.459060
1,-5,5.099020
0,0,0.000000
-19,-27,33.015148
-22,0,22.000000
28,-20,34.409301
34,6,34.525353
-1,-37,37.013511
-11,23,25.495098
29,-17,33.615473
-37,-15,39.924930
4,-18,18.439089
1,-3,3.162278
-5,33,33.376639
-5,9,10.295630
1,27,27.018512
10,-36,37.363083
34,-18,38.470768
3,5,5.830952
36,28,45.607017
40,18,43.863424
39,31,49.819675
13,35,37.336309
18,-22,28.425341
-20,-22,29.732137
-23,23,32.526912
-16,58,60.166436
-9,-45,45.891176
24,14,27.784888
-26,4,26.305893
24,10,26.000000
-13,57,58.463664
-4,4,5.656854
-41,-11,42.449971
-5,7,8.602325
-32,0,32.000000
7,-15,16.552945
46,14,48.083261
-29,21,35.805028
-17,31,35.355339
10,32,33.526109
-26,16,30.528675
-26,0,26.000000
-20,4,20.396078
-9,13,15.811388
-7,41,41.593269
34,6,34.525353
27,-19,33.015148
-8,-22,23.409400
-34,-36,49.517674
44,30,53.254108
45,21,49.658836
-15,33,36.249138
45,-1,45.011110
8,36,36.878178
4,16,16.492423
5,-21,21.587033
0,0,0.000000
0,-46,46.000000
-22,4,22.360680
21,13,24.698178
21,-17,27.018512
2,12,12.165525
2,34,34.058773
2,-38,38.052595
52,-18,55.027266
25,3,25.179357
-1,1,1.414214
-1,1,1.414214
8,6,10.000000
-1,15,15.033296
33,-39,51.088159
3,15,15.297059
-4,-22,22.360680
51,-5,51.244512
27,-33,42.638011
37,1,37.013511
3,3,4.242641
-2,4,4.472136
-17,23,28.600699
4,16,16.492423
-15,-9,17.492856
-2,-8,8.246211
-2,-14,14.142136
9,-11,14.212670
26,-22,34.058773
0,14,14.000000
-9,21,22.847319
14,22,26.076810
21,5,21.587033
39,9,40.024992
30,12,32.310989
3,5,5.830952
-43,23,48.764741
10,12,15.620499
4,-4,5.656854
45,-1,45.011110
-27,17,31.906112
-18,4,18.439089
18,-10,20.591260
0,26,26.000000
26,20,32.802439
-9,-15,17.492856
8,28,29.120440
-5,3,5.830952
-31,-13,33.615473
-40,-38,55.172457
-22,0,22.000000
17,25,30.232433
-21,-39,44.294469
-1,-17,17.029386
-24,-6,24.738634
21,7,22.135944
-1,21,21.023796
19,3,19.235384
-12,-18,21.633308
10,-46,47.074409
14,18,22.803509
-1,-11,11.045361
-26,2,26.076810
-1,33,33.015148
6,12,13.416408
4,24,24.331050
37,-9,38.078866
49,-7,49.497475
-17,-9,19.235384
22,12,25.059928
1,-3,3.162278
-11,13,17.029386
-41,27,49.091751
-29,-5,29.427878
-1,37,37.013511
22,-32,38.832976
5,-1,5.099020
-2,12,12.165525
25,33,41.400483
3,13,13.341664
13,-21,24.698178
34,-12,36.055513
-5,15,15.811388
-13,29,31.780497
10,-20,22.360680
-6,-16,17.088007
21,1,21.023796
31,-25,39.824616
-38,-36,52.345009
5,-15,15.811388
-24,28,36.878178
-21,-25,32.649655
-29,5,29.427878
46,8,46.690470
9,19,21.023796
-17,-9,19.235384
2,-24,24.083189
-2,18,18.110770
-22,-44,49.193496
5,-39,39.319207
20,0,20.000000
34,-8,34.928498
18,-72,74.215901
12,24,26.832816
-22,-26,34.058773
-4,-4,5.656854
-14,-8,16.124515
-3,-39,39.115214
9,11,14.212670
0,6,6.000000
6,-4,7.211103
-20,8,21.540659
26,28,38.209946
-4,30,30.265492
10,44,45.122057
-15,37,39.924930
-9,-7,11.401754
41,33,52.630789
-12,22,25.059928
12,8,14.422205
-7,19,20.248457
-44,24,50.119856
-17,9,19.235384
-48,38,61.220911
6,12,13.416408
-38,42,56.639209
18,18,25.455844
-20,16,25.612497
21,-17,27.018512
7,25,25.961510
-6,-12,13.416408
12,-36,37.947332
-5,-21,21.587033
-14,-20,24.413111
10,-36,37.363083
-29,3,29.154759
-38,18,42.047592
4,-14,14.560220
28,8,29.120440
2,44,44.045431
8,8,11.313708
13,-5,13.928388
16,8,17.888544
-16,10,18.867962
6,0,6.000000
5,7,8.602325
-17,-37,40.718546
34,10,35.440090
49,-15,51.244512
59,-29,65.741920
38,-2,38.052595
-9,-15,17.492856
33,9,34.205263
12,-12,16.970563
54,-30,61.773781
-19,1,19.026298
-25,19,31.400637
9,-3,9.486833
-4,-22,22.360680
-8,-14,16.124515
-2,30,30.066593
-8,6,10.000000
-4,16,16.492423
-3,3,4.242641
-6,-4,7.211103
42,28,50.477718
-12,20,23.323808
-8,10,12.806248
-12,0,12.000000
34,-6,34.525353
15,-29,32.649655
-4,-36,36.221541
-24,-26,35.383612
12,-4,12.649111
11,-33,34.785054
-2,-2,2.828427
9,3,9.486833
10,-14,17.204651
8,32,32.984845
-19,13,23.021729
-32,-4,32.249031
12,-20,23.323808
14,12,18.439089
15,21,25.806976
-14,-12,18.439089
20,-24,31.240999
-13,-21,24.698178
32,-14,34.928498
-2,-4,4.472136
-43,21,47.853944
9,-9,12.727922
34,4,34.234486
-30,-6,30.594117
-32,-12,34.176015
-12,26,28.635642
18,16,24.083189
53,-9,53.758720
15,-1,15.033296
-12,4,12.649111
13,-15,19.849433
28,-24,36.878178
-18,20,26.907248
1,25,25.019992
-55,19,58.189346
-2,0,2.000000
-30,20,36.055513
-7,-5,8.602325
-27,-17,31.906112
-26,16,30.528675
15,5,15.811388
12,6,13.416408
17,-9,19.235384
30,-16,34.000000
-40,-36,53.814496
-21,-15,25.806976
5,-15,15.811388
33,29,43.931765
-15,11,18.601075
-24,20,31.240999
7,23,24.041631
12,-12,16.970563
-12,-48,49.477268
-24,-26,35.383612
-5,-27,27.459060
33,-25,41.400483
9,37,38.078866
7,-1,7.071068
52,-6,52.345009
18,-12,21.633308
6,-32,32.557641
-11,15,18.601075
21,-9,22.847319
16,-26,30.528675
5,29,29.427878
43,-49,65.192024
-9,11,14.212670
5,-11,12.083046
1,-33,33.015148
15,-3,15.297059
5,-3,5.830952
-13,11,17.029386
-7,27,27.892651
3,-31,31.144823
-40,-2,40.049969
9,-11,14.212670
-10,0,10.000000
-7,31,31.780497
8,20,21.540659
-38,-20,42.941821
14,2,14.142136
-48,-4,48.166378
38,-6,38.470768
-59,-21,62.625873
1,-9,9.055385
-13,23,26.419690
22,12,25.059928
7,-15,16.552945
3,1,3.162278
17,27,31.906112
32,0,32.000000
-9,9,12.727922
-43,5,43.289722
-20,-6,20.880613
-1,13,13.038405
28,16,32.249031
3,13,13.341664
6,-28,28.635642
-23,15,27.459060
-30,28,41.036569
39,-27,47.434165
7,9,11.401754
-8,-40,40.792156
51,-15,53.160135
-25,-5,25.495098
-11,7,13.038405
24,18,30.000000
5,-31,31.400637
-13,1,13.038405
22,26,34.058773
18,8,19.697716
16,-28,32.249031
-22,-20,29.732137
19,-5,19.646883
-8,-10,12.806248
24,-16,28.844410
-18,-14,22.803509
7,-25,25.961510
-35,17,38.910153
-1,11,11.045361
-48,-46,66.483081
2,2,2.828427
3,7,7.615773
2,-34,34.058773
-15,73,74.525164
3,5,5.830952
-7,31,31.780497
-14,8,16.124515
-16,2,16.124515
-5,29,29.427878
-6,-26,26.683328
-5,-17,17.720045
0,30,30.000000
1,11,11.045361
41,17,44.384682
6,14,15.231546
-4,46,46.173586
-15,-31,34.438351
-1,-3,3.162278
-23,-7,24.041631
0,0,0.000000
-27,-45,52.478567
-11,-11,15.556349
9,5,10.295630
-10,36,37.363083
-10,-6,11.661904
-43,-39,58.051701
-10,-50,50.990195
0,50,50.000000
-1,-45,45.011110
23,1,23.021729
-21,-29,35.805028
3,-19,19.235384
-58,14,59.665736
30,-2,30.066593
-13,5,13.928388
-10,16,18.867962
0,26,26.000000
-12,22,25.059928
-6,-6,8.485281
-6,8,10.000000
-3,25,25.179357
10,4,10.770330
10,-58,58.855756
-35,9,36.138622
-15,3,15.297059
-42,-8,42.755117
17,25,30.232433
-21,39,44.294469
17,-1,17.029386
-23,-19,29.832868
-49,-37,61.400326
-3,15,15.297059
1,21,21.023796
21,-7,22.135944
-6,-8,10.000000
30,2,30.066593
44,16,46.818800
1,-1,1.414214
-27,-15,30.886890
25,19,31.400637
9,13,15.811388
-4,8,8.944272
-17,-15,22.671568
-6,12,13.416408
-1,5,5.099020
-27,-33,42.638011
-12,32,34.176015
15,3,15.297059
14,-12,18.439089
-4,-20,20.396078
18,-4,18.439089
-34,20,39.446166
-30,-34,45.343136
-10,10,14.142136
-10,0,10.000000
8,-2,8.246211
29,29,41.012193
-19,-3,19.235384
26,-18,31.622777
-32,-18,36.715120
12,-10,15.620499
18,-12,21.633308
7,39,39.623226
17,-17,24.041631
2,12,12.165525
5,53,53.235327
17,13,21.400935
43,49,65.192024
57,23,61.465437
-14,-32,34.928498
17,-39,42.544095
8,-22,23.409400
13,-19,23.021729
13,-1,13.038405
-8,14,16.124515
-43,13,44.922155
1,-21,21.023796
-11,-1,11.045361
8,8,11.313708
-23,-17,28.600699
0,-8,8.000000
-22,36,42.190046
-18,66,68.410526
-30,18,34.985711
-11,15,18.601075
20,4,20.396078
17,9,19.235384
-38,-44,58.137767
2,-42,42.047592
58,-28,64.404969
21,19,28.319605
8,28,29.120440
35,-9,36.138622
-18,52,55.027266
11,41,42.449971
-9,-5,10.295630
-46,14,48.083261
-30,-14,33.105891
7,7,9.899495
-19,11,21.954498
-10,8,12.806248
-33,17,37.121422
6,14,15.231546
18,-4,18.439089
16,34,37.576588
21,-11,23.706539
13,-53,54.571055
0,30,30.000000
26,-32,41.231056
-28,16,32.249031
-23,1,23.021729
17,39,42.544095
15,13,19.849433
-1,17,17.029386
25,45,51.478151
8,4,8.944272
3,-17,17.262677
-13,9,15.811388
-17,-25,30.232433
15,-3,15.297059
-7,9,11.401754
29,3,29.154759
8,-16,17.888544
-12,36,37.947332
-1,23,23.021729
29,-19,34.669872
2,2,2.828427
-33,11,34.785054
-11,3,11.401754
22,-6,22.803509
-1,11,11.045361
-39,-13,41.109610
0,40,40.000000
8,4,8.944272
-10,-22,24.166092
-8,2,8.246211
18,-4,18.439089
15,-9,17.492856
-20,-30,36.055513
10,-12,15.620499
9,15,17.492856
-15,13,19.849433
-38,4,38.209946
-6,46,46.389654
-30,-6,30.594117
1,9,9.055385
-28,-30,41.036569
3,-3,4.242641
2,60,60.033324
13,-11,17.029386
13,-13,18.384776
7,25,25.961510
-15,35,38.078866
-6,46,46.389654
34,-34,48.083261
-6,18,18.973666
-19,-5,19.646883
-1,-33,33.015148
-9,-25,26.570661
8,20,21.540659
-36,2,36.055513
-26,48,54.589376
-3,-33,33.136083
32,-18,36.715120
23,-5,23.537205
-12,-28,30.463092
25,17,30.232433
26,-16,30.528675
-34,8,34.928498
-23,19,29.832868
-21,13,24.698178
19,5,19.646883
4,-6,7.211103
-29,15,32.649655
-17,-15,22.671568
-38,-14,40.496913
34,-14,36.769553
7,-37,37.656341
27,25,36.796739
-66,-20,68.963759
-1,25,25.019992
-17,-17,24.041631
13,3,13.341664
54,-22,58.309519
-53,-83,98.478424
-35,33,48.104054
-19,-13,23.021729
-14,8,16.124515
-13,27,29.966648
-26,-52,58.137767
-14,-26,29.529646
16,18,24.083189
-9,17,19.235384
-15,11,18.601075
-16,-26,30.528675
39,5,39.319207
-8,2,8.246211
8,-36,36.878178
-1,15,15.033296
3,3,4.242641
24,8,25.298221
-9,7,11.401754
-12,-34,36.055513
9,-7,11.401754
-14,-16,21.260292
-8,22,23.409400
-5,3,5.830952
12,4,12.649111
11,13,17.029386
-3,25,25.179357
18,-14,22.803509
16,28,32.249031
-39,-33,51.088159
54,10,54.918121
14,-32,34.928498
-27,1,27.018512
35,35,49.497475
37,55,66.287254
-24,-2,24.083189
0,14,14.000000
-5,7,8.602325
-22,0,22.000000
12,12,16.970563
-18,12,21.633308
-16,-32,35.777088
-4,-20,20.396078
-18,-42,45.694639
15,-9,17.492856
-23,-37,43.566042
21,7,22.135944
15,51,53.160135
16,-20,25.612497
-42,-48,63.780875
14,0,14.000000
-13,-11,17.029386
-19,3,19.235384
4,26,26.305893
-10,6,11.661904
30,-6,30.594117
16,-34,37.576588
2,28,28.071338
7,-19,20.248457
-7,-7,9.899495
17,21,27.018512
39,15,41.785165
-45,11,46.324939
-2,-4,4.472136
-28,-46,53.851648
-3,-33,33.136083
13,-39,41.109610
10,-18,20.591260
44,24,50.119856
-40,-32,51.224994
-31,-13,33.615473
-19,-39,43.382024
-24,12,26.832816
15,31,34.438351
-6,22,22.803509
6,-60,60.299254
4,16,16.492423
-37,-11,38.600518
-1,-47,47.010637
0,-22,22.000000
1,-27,27.018512
-29,27,39.623226
-9,9,12.727922
24,-4,24.331050
19,-43,47.010637
-22,32,38.832976
5,17,17.720045
11,-9,14.212670
-42,-26,49.396356
-20,30,36.055513
8,8,11.313708
33,-35,48.104054
0,10,10.000000
-50,-22,54.626001
-30,8,31.048349
-10,-40,41.231056
9,11,14.212670
-15,-9,17.492856
-17,3,17.262677
13,-11,17.029386
-3,-33,33.136083
-14,12,18.439089
-42,-46,62.289646
-7,67,67.364679
2,16,16.124515
-36,10,37.363083
-26,10,27.856777
6,-28,28.635642
3,9,9.486833
-3,-27,27.166155
36,-6,36.496575
15,-27,30.886890
-30,18,34.985711
16,-26,30.528675
8,6,10.000000
22,-12,25.059928
-3,1,3.162278
-9,19,21.023796
-18,6,18.973666
-23,31,38.600518
63,-27,68.541958
-64,30,70.682388
-51,5,51.244512
34,12,36.055513
4,24,24.331050
4,18,18.439089
13,-19,23.021729
0,-8,8.000000
-30,12,32.310989
-21,37,42.544095
-24,-28,36.878178
23,-17,28.600699
3,23,23.194827
9,-11,14.212670
23,35,41.880783
28,28,39.597980
-32,-6,32.557641
4,-14,14.560220
18,-42,45.694639
-4,-14,14.560220
0,22,22.000000
-7,39,39.623226
-4,-34,34.234486
-6,6,8.485281
14,-12,18.439089
31,7,31.780497
2,-32,32.062439
4,42,42.190046
14,10,17.204651
-43,-7,43.566042
-17,13,21.400935
-17,-47,49.979996
-5,-5,7.071068
48,-4,48.166378
-9,-51,51.788030
28,8,29.120440
-25,-9,26.570661
-14,-20,24.413111
-22,-24,32.557641
-47,5,47.265209
7,-3,7.615773
25,-13,28.178006
-24,-24,33.941125
-25,33,41.400483
7,-21,22.135944
-37,-9,38.078866
-7,-13,14.764823
10,46,47.074409
-18,2,18.110770
-27,-57,63.071388
30,-20,36.055513
-38,26,46.043458
4,-8,8.944272
-13,15,19.849433
-1,5,5.099020
-7,-13,14.764823
20,4,20.396078
-23,5,23.537205
10,-32,33.526109
-44,-28,52.153619
26,-6,26.683328
11,63,63.953108
-16,-8,17.888544
-6,-6,8.485281
34,50,60.464866
7,-19,20.248457
51,17,53.758720
-14,-20,24.413111
39,21,44.294469
36,10,37.363083
-29,15,32.649655
-16,-16,22.627417
-27,7,27.892651
17,-29,33.615473
6,-4,7.211103
-20,44,48.332184
-8,14,16.124515
11,25,27.313001
20,2,20.099751
-22,-54,58.309519
14,-42,44.271887
4,24,24.331050
3,13,13.341664
-30,2,30.066593
8,-34,34.928498
40,-6,40.447497
29,5,29.427878
3,31,31.144823
-28,26,38.209946
-10,-6,11.661904
-2,-30,30.066593
19,15,24.207437
-18,6,18.973666
-24,6,24.738634
28,-12,30.463092
-20,-16,25.612497
27,-45,52.478567
-44,22,49.193496
0,-34,34.000000
-20,2,20.099751
-20,-50,53.851648
71,7,71.344236
26,26,36.769553
3,11,11.401754
-24,-42,48.373546
-49,-27,55.946403
16,10,18.867962
-21,5,21.587033
-10,26,27.856777
-31,-17,35.355339
14,4,14.560220
15,-15,21.213203
-39,5,39.319207
29,-19,34.669872
18,-12,21.633308
-16,-12,20.000000
6,4,7.211103
9,11,14.212670
2,34,34.058773
-28,36,45.607017
-8,40,40.792156
30,-22,37.202150
1,-15,15.033296
30,2,30.066593
-12,-2,12.165525
-5,23,23.537205
-16,-24,28.844410
-21,5,21.587033
12,-20,23.323808
-20,-10,22.360680
21,33,39.115214
1,17,17.029386
46,-16,48.703183
18,0,18.000000
-16,-22,27.202941
21,31,37.443290
-1,11,11.045361
-27,1,27.018512
-18,80,82.000000
-49,-7,49.497475
-21,23,31.144823
-11,-7,13.038405
-10,-12,15.620499
32,-6,32.557641
4,14,14.560220
-15,25,29.154759
-37,5,37.336309
5,7,8.602325
-1,-17,17.029386
41,3,41.109610
-7,9,11.401754
18,-16,24.083189
-17,33,37.121422
2,-12,12.165525
-1,-17,17.029386
-29,37,47.010637
45,-27,52.478567
15,-25,29.154759
-25,33,41.400483
27,3,27.166155
14,34,36.769553
64,20,67.052218
-32,46,56.035703
-29,27,39.623226
-28,-4,28.284271
-45,3,45.099889
25,17,30.232433
-43,27,50.774009
-9,-23,24.698178
16,-26,30.528675
-1,-1,1.414214
23,11,25.495098
-21,37,42.544095
-42,-10,43.174066
8,-26,27.202941
-12,10,15.620499
28,20,34.409301
25,15,29.154759
19,-21,28.319605
24,-28,36.878178
-19,9,21.023796
-21,31,37.443290
31,19,36.359318
4,-2,4.472136
15,-25,29.154759
-30,2,30.066593
-10,-20,22.360680
-46,-20,50.159745
-2,8,8.246211
-30,-26,39.698866
39,-9,40.024992
35,-21,40.816663
7,35,35.693137
-23,13,26.419690
30,8,31.048349
-12,10,15.620499
-18,18,25.455844
-6,10,11.661904
-17,1,17.029386
-26,20,32.802439
-13,-21,24.698178
30,4,30.265492
-16,-12,20.000000
-14,-28,31.304952
-39,-15,41.785165
-10,8,12.806248
-23,-27,35.468296
-40,12,41.761226
-28,4,28.284271
-9,-37,38.078866
-21,-17,27.018512
14,4,14.560220
-10,-18,20.591260
-26,-12,28.635642
3,-17,17.262677
15,-49,51.244512
-14,2,14.142136
29,-37,47.010637
-10,24,26.000000
1,13,13.038405
0,-4,4.000000
-9,13,15.811388
-37,-31,48.270074
-6,26,26.683328
21,-47,51.478151
4,-8,8.944272
-12,20,23.323808
1,-23,23.021729
-7,-27,27.892651
-36,20,41.182521
-59,17,61.400326
-34,-10,35.440090
8,22,23.409400
17,-11,20.248457
-6,-14,15.231546
-42,32,52.801515
26,12,28.635642
-35,27,44.204072
-29,7,29.832868
15,-23,27.459060
5,-21,21.587033
15,11,18.601075
6,-2,6.324555
-25,-15,29.154759
19,19,26.870058
21,-9,22.847319
-32,-20,37.735925
-19,21,28.319605
4,22,22.360680
7,-25,25.961510
-34,-10,35.440090
34,-12,36.055513
-1,27,27.018512
8,-54,54.589376
32,2,32.062439
12,6,13.416408
-21,19,28.319605
-10,-6,11.661904
-42,-2,42.047592
-22,-2,22.090722
-10,-20,22.360680
22,10,24.166092
14,0,14.000000
23,21,31.144823
27,-17,31.906112
10,0,10.000000
-10,-12,15.620499
-22,28,35.608988
-8,6,10.000000
3,39,39.115214
-35,-3,35.128336
-21,-5,21.587033
-7,-15,16.552945
41,-47,62.369865
3,7,7.615773
18,-36,40.249224
-23,1,23.021729
11,-1,11.045361
-8,40,40.792156
-11,13,17.029386
-12,-10,15.620499
56,-18,58.821765
-11,-3,11.401754
34,-10,35.440090
-5,13,13.928388
-31,17,35.355339
2,10,10.198039
19,-35,39.824616
12,-4,12.649111
-7,-27,27.892651
18,-28,33.286634
-37,-25,44.654227
31,-13,33.615473
-1,27,27.018512
-27,-1,27.018512
-14,-8,16.124515
-10,18,20.591260
-8,12,14.422205
0,-60,60.000000
22,-20,29.732137
-9,1,9.055385
-10,-16,18.867962
11,7,13.038405
-17,-17,24.041631
-33,-9,34.205263
32,10,33.526109
-22,38,43.908997
1,13,13.038405
-8,-2,8.246211
-19,-31,36.359318
-25,43,49.739320
-19,21,28.319605
17,-15,22.671568
58,28,64.404969
19,-5,19.646883
0,-12,12.000000
-7,-21,22.135944
-12,30,32.310989
-1,-21,21.023796
36,18,40.249224
-1,5,5.099020
-44,-14,46.173586
10,8,12.806248
-18,6,18.973666
-4,-18,18.439089
-10,4,10.770330
-19,-17,25.495098
-6,-20,20.880613
-17,-9,19.235384
10,-16,18.867962
20,-10,22.360680
15,17,22.671568
25,-29,38.288379
-27,-13,29.966648
1,11,11.045361
-15,-45,47.434165
37,-15,39.924930
20,10,22.360680
-9,-21,22.847319
4,-32,32.249031
-21,-21,29.698485
-32,10,33.526109
19,13,23.021729
-8,-22,23.409400
-16,-8,17.888544
24,52,57.271284
-15,-19,24.207437
22,8,23.409400
-7,35,35.693137
48,16,50.596443
48,10,49.030603
-33,29,43.931765
-8,4,8.944272
34,16,37.576588
-4,26,26.305893
76,8,76.419893
6,-14,15.231546
0,-12,12.000000
10,-16,18.867962
10,40,41.231056
21,-7,22.135944
-34,-28,44.045431
24,-22,32.557641
8,18,19.697716
34,-8,34.928498
35,19,39.824616
-27,5,27.459060
-12,-12,16.970563
4,-34,34.234486
26,-24,35.383612
24,-32,40.000000
-3,3,4.242641
11,-9,14.212670
11,-5,12.083046
-21,9,22.847319
32,-28,42.520583
26,50,56.356011
-3,3,4.242641
1,-27,27.018512
7,-11,13.038405
-13,29,31.780497
-44,24,50.119856
24,34,41.617304
-14,4,14.560220
1,17,17.029386
-33,-1,33.015148
4,8,8.944272
20,2,20.099751
-42,2,42.047592
64,-4,64.124878
34,16,37.576588
6,-28,28.635642
23,-9,24.698178
-3,19,19.235384
12,-30,32.310989
3,5,5.830952
-4,18,18.439089
6,0,6.000000
-20,4,20.396078
-12,28,30.463092
-18,18,25.455844
-8,-4,8.944272
-8,12,14.422205
14,-40,42.379240
-35,-17,38.910153
59,-7,59.413803
0,-30,30.000000
10,-22,24.166092
17,-5,17.720045
-26,-2,26.076810
-21,-7,22.135944
-6,-10,11.661904
-22,26,34.058773
-16,18,24.083189
-39,3,39.115214
-52,2,52.038447
34,32,46.690470
-8,26,27.202941
-8,18,19.697716
-8,20,21.540659
-8,36,36.878178
14,-52,53.851648
6,8,10.000000
9,-65,65.620119
36,-56,66.573268
-30,28,41.036569
24,16,28.844410
-18,-26,31.622777
33,59,67.601775
15,-15,21.213203
9,-43,43.931765
-8,-34,34.928498
-15,-41,43.657760
9,-29,30.364453
-26,-32,41.231056
28,18,33.286634
17,-31,35.355339
3,13,13.341664
-12,34,36.055513
14,42,44.271887
-27,17,31.906112
42,14,44.271887
-65,-25,69.641941
10,-32,33.526109
31,-5,31.400637
-19,25,31.400637
-57,11,58.051701
26,-24,35.383612
-44,26,51.107729
-8,-4,8.944272
-17,9,19.235384
-6,-4,7.211103
24,-6,24.738634
-17,-3,17.262677
14,44,46.173586
-5,-7,8.602325
2,2,2.828427
-33,-35,48.104054
3,-7,7.615773
9,-31,32.280025
-11,-3,11.401754
-33,13,35.468296
-13,5,13.928388
-7,-13,14.764823
-12,16,20.000000
11,-1,11.045361
19,-35,39.824616
1,11,11.045361
8,-20,21.540659
51,15,53.160135
-7,17,18.384776
-5,7,8.602325
27,3,27.166155
-10,24,26.000000
8,2,8.246211
-39,17,42.544095
4,-14,14.560220
13,5,13.928388
16,32,35.777088
-29,7,29.832868
10,-42,43.174066
-14,48,50.000000
12,60,61.188234
-39,5,39.319207
10,18,20.591260
29,49,56.938563
-15,-9,17.492856
7,-7,9.899495
-8,-42,42.755117
47,7,47.518417
26,52,58.137767
-4,12,12.649111
9,-39,40.024992
36,36,50.911688
-9,31,32.280025
-23,-9,24.698178
5,-23,23.537205
-37,-1,37.013511
7,11,13.038405
-21,13,24.698178
-41,9,41.976184
8,2,8.246211
-2,26,26.076810
18,-4,18.439089
6,4,7.211103
-2,18,18.110770
-3,-7,7.615773
-18,-22,28.425341
4,-16,16.492423
-33,-23,40.224371
-2,-26,26.076810
13,-33,35.468296
-4,20,20.396078
30,4,30.265492
-38,-32,49.678969
-29,3,29.154759
17,-3,17.262677
14,18,22.803509
-28,4,28.284271
-12,-8,14.422205
13,-13,18.384776
8,18,19.697716
8,-8,11.313708
-39,3,39.115214
-12,26,28.635642
-29,-33,43.931765
-11,-27,29.154759
-37,5,37.336309
20,4,20.396078
13,-25,28.178006
17,13,21.400935
-5,7,8.602325
-31,-11,32.893768
-18,4,18.439089
10,24,26.000000
-8,0,8.000000
50,-18,53.141321
-18,-4,18.439089
-18,-14,22.803509
-8,-6,10.000000
-3,7,7.615773
7,-65,65.375837
-24,-12,26.832816
-19,-45,48.846699
-7,5,8.602325
-7,-27,27.892651
-6,18,18.973666
32,2,32.062439
-17,-59,61.400326
-4,10,10.770330
-7,-33,33.734256
1,-31,31.016125
1,-9,9.055385
20,26,32.802439
41,-39,56.586217
-6,0,6.000000
-22,12,25.059928
14,-24,27.784888
-14,-2,14.142136
-32,-18,36.715120
22,10,24.166092
-19,47,50.695167
-8,-4,8.944272
1,17,17.029386
-59,-19,61.983869
1,-1,1.414214
-31,-7,31.780497
-59,-5,59.211485
6,-20,20.880613
-10,-24,26.000000
-6,-22,22.803509
-67,31,73.824115
12,8,14.422205
3,17,17.262677
0,22,22.000000
23,7,24.041631
-7,-31,31.780497
15,19,24.207437
14,-46,48.083261
25,-9,26.570661
-32,10,33.526109
17,5,17.720045
19,-41,45.188494
16,-46,48.703183
-16,-28,32.249031
30,-4,30.265492
28,0,28.000000
16,-8,17.888544
26,-20,32.802439
-14,-18,22.803509
-2,20,20.099751
-15,-33,36.249138
28,-8,29.120440
-18,14,22.803509
21,-7,22.135944
16,38,41.231056
3,11,11.401754
36,-16,39.395431
-17,-17,24.041631
13,-7,14.764823
6,4,7.211103
42,0,42.000000
-9,31,32.280025
-20,-24,31.240999
38,4,38.209946
-44,-36,56.850682
-4,-14,14.560220
-36,2,36.055513
-19,23,29.832868
-13,-45,46.840154
-44,56,71.217975
-4,18,18.439089
10,-16,18.867962
-21,23,31.144823
-43,-7,43.566042
-13,7,14.764823
-27,-15,30.886890
19,33,38.078866
2,2,2.828427
-8,22,23.409400
-15,9,17.492856
9,13,15.811388
37,-17,40.718546
14,-8,16.124515
2,42,42.047592
6,-6,8.485281
13,29,31.780497
36,12,37.947332
-3,5,5.830952
1,21,21.023796
-27,-37,45.803930
-46,-18,49.396356
6,-14,15.231546
19,9,21.023796
12,16,20.000000
15,15,21.213203
26,-22,34.058773
8,-30,31.048349
10,-26,27.856777
19,7,20.248457
11,-9,14.212670
3,27,27.166155
-8,-14,16.124515
1,5,5.099020
13,-1,13.038405
-9,-15,17.492856
44,-14,46.173586
21,-25,32.649655
-24,34,41.617304
-23,-11,25.495098
-5,15,15.811388
-4,-44,44.181444
30,-8,31.048349
-31,-27,41.109610
-16,10,18.867962
21,-7,22.135944
-11,-31,32.893768
-18,-12,21.633308
12,24,26.832816
-27,9,28.460499
11,-5,12.083046
9,35,36.138622
9,3,9.486833
-3,-25,25.179357
-4,34,34.234486
22,6,22.803509
-16,-18,24.083189
-14,28,31.304952
-2,-12,12.165525
21,1,21.023796
7,-3,7.615773
32,32,45.254834
11,29,31.016125
21,11,23.706539
34,2,34.058773
-2,8,8.246211
-11,-25,27.313001
-15,-37,39.924930
18,-14,22.803509
-30,18,34.985711
-13,21,24.698178
-9,-7,11.401754
15,25,29.154759
15,-15,21.213203
-37,-15,39.924930
-15,15,21.213203
2,-2,2.828427
-12,16,20.000000
-15,-29,32.649655
-6,-10,11.661904
1,25,25.019992
-2,-22,22.090722
8,16,17.888544
7,17,18.384776
3,13,13.341664
31,7,31.780497
1,-9,9.055385
-2,-30,30.066593
-14,26,29.529646
24,-54,59.093147
5,11,12.083046
18,12,21.633308
-43,-11,44.384682
7,17,18.384776
-11,-1,11.045361
27,-39,47.434165
14,38,40.496913
-12,26,28.635642
7,-13,14.764823
-21,1,21.023796
-17,-17,24.041631
-3,-15,15.297059
-21,-7,22.135944
-11,3,11.401754
0,22,22.000000
10,-22,24.166092
-5,-7,8.602325
-6,18,18.973666
-28,-8,29.120440
-24,20,31.240999
-13,-5,13.928388
8,-60,60.530984
41,-5,41.303753
-26,-30,39.698866
-13,7,14.764823
-37,-15,39.924930
3,-11,11.401754
2,-2,2.828427
0,24,24.000000
-12,30,32.310989
27,-5,27.459060
30,-36,46.861498
-4,-36,36.221541
-6,32,32.557641
28,-10,29.732137
23,1,23.021729
1,-25,25.019992
-33,-25,41.400483
-6,-8,10.000000
-47,3,47.095647
6,-4,7.211103
-40,-58,70.455660
3,29,29.154759
7,3,7.615773
-15,7,16.552945
-24,-36,43.266615
-3,-19,19.235384
-56,12,57.271284
-6,-12,13.416408
13,-3,13.341664
-1,7,7.071068
-34,16,37.576588
-20,18,26.907248
30,8,31.048349
-9,-21,22.847319
-22,6,22.803509
3,37,37.121422
3,-53,53.084838
-27,1,27.018512
3,-19,19.235384
-3,9,9.486833
-8,-26,27.202941
-7,19,20.248457
9,17,19.235384
-3,-5,5.830952
2,32,32.062439
-9,-19,21.023796
14,-16,21.260292
5,-15,15.811388
-40,-8,40.792156
3,-43,43.104524
-23,-31,38.600518
-28,28,39.597980
-26,50,56.356011
-3,-33,33.136083
-24,28,36.878178
20,24,31.240999
6,4,7.211103
14,28,31.304952
-4,22,22.360680
37,9,38.078866
22,-28,35.608988
-20,32,37.735925
-1,-5,5.099020
27,-19,33.015148
-14,50,51.923020
-2,32,32.062439
1,-7,7.071068
10,30,31.622777
19,9,21.023796
-10,-6,11.661904
12,8,14.422205
1,27,27.018512
-22,4,22.360680
26,-14,29.529646
-35,21,40.816663
19,-7,20.248457
38,-58,69.339743
68,18,70.342022
-14,-26,29.529646
12,-20,23.323808
22,6,22.803509
-13,13,18.384776
0,4,4.000000
1,-5,5.099020
-3,23,23.194827
13,7,14.764823
49,-27,55.946403
-11,7,13.038405
1,1,1.414214
26,-20,32.802439
60,14,61.611687
-44,28,52.153619
3,3,4.242641
10,4,10.770330
3,-9,9.486833
17,7,18.384776
-21,17,27.018512
-41,-9,41.976184
-9,41,41.976184
-38,-18,42.047592
15,-5,15.811388
1,-19,19.026298
-22,-26,34.058773
-24,-34,41.617304
-4,-4,5.656854
-43,-19,47.010637
-8,-6,10.000000
-10,6,11.661904
2,-2,2.828427
20,14,24.413111
-10,-6,11.661904
-12,12,16.970563
15,-17,22.671568
-3,-31,31.144823
43,-17,46.238512
13,33,35.468296
-41,-21,46.065171
8,26,27.202941
-21,11,23.706539
38,-14,40.496913
27,-43,50.774009
-16,48,50.596443
-41,-27,49.091751
-33,9,34.205263
-44,24,50.119856
-26,-24,35.383612
-13,21,24.698178
11,-15,18.601075
20,-24,31.240999
9,7,11.401754
-44,10,45.122057
10,2,10.198039
19,25,31.400637
30,14,33.105891
16,30,34.000000
-27,35,44.204072
-48,6,48.373546
-4,8,8.944272
12,6,13.416408
-19,3,19.235384
20,28,34.409301
10,40,41.231056
5,29,29.427878
-4,-18,18.439089
-27,-5,27.459060
12,0,12.000000
15,5,15.811388
-3,-37,37.121422
-17,-7,18.384776
-23,3,23.194827
-15,17,22.671568
19,31,36.359318
35,-11,36.687873
-1,21,21.023796
3,9,9.486833
-39,-27,47.434165
15,-31,34.438351
28,-6,28.635642
34,-22,40.496913
-29,-23,37.013511
16,-6,17.088007
9,-15,17.492856
6,22,22.803509
-29,-29,41.012193
-3,37,37.121422
-23,9,24.698178
21,67,70.213959
20,-8,21.540659
17,19,25.495098
20,18,26.907248
59,-39,70.724819
-27,-3,27.166155
-25,33,41.400483
-5,-49,49.254441
3,15,15.297059
13,15,19.849433
13,-15,19.849433
13,-15,19.849433
25,5,25.495098
34,8,34.928498
-32,0,32.000000
-27,27,38.183766
-36,-30,46.861498
-11,-5,12.083046
15,1,15.033296
-15,-29,32.649655
-20,6,20.880613
-36,-10,37.363083
-12,-8,14.422205
-10,-20,22.360680
-19,-17,25.495098
30,0,30.000000
30,-22,37.202150
-1,1,1.414214
-5,9,10.295630
23,-23,32.526912
19,-55,58.189346
7,43,43.566042
-50,18,53.141321
-14,16,21.260292
-25,15,29.154759
31,-29,42.449971
26,-18,31.622777
-3,1,3.162278
11,11,15.556349
-15,-9,17.492856
10,-4,10.770330
39,43,58.051701
0,-36,36.000000
-25,-15,29.154759
11,33,34.785054
37,11,38.600518
-12,-42,43.680659
8,-12,14.422205
8,-16,17.888544
20,16,25.612497
-19,-15,24.207437
-5,7,8.602325
-7,-11,13.038405
12,-34,36.055513
-11,-17,20.248457
-33,13,35.468296
23,5,23.537205
6,-22,22.803509
-8,-4,8.944272
-36,22,42.190046
-23,9,24.698178
-26,0,26.000000
-5,3,5.830952
-1,-3,3.162278
-15,7,16.552945
-26,26,36.769553
-19,-7,20.248457
-10,-6,11.661904
10,12,15.620499
-18,22,28.425341
-13,-33,35.468296
4,14,14.560220
13,3,13.341664
17,-7,18.384776
5,37,37.336309
-12,-20,23.323808
-11,-5,12.083046
-23,3,23.194827
14,32,34.928498
22,-20,29.732137
7,35,35.693137
10,-10,14.142136
3,11,11.401754
3,3,4.242641
33,21,39.115214
8,-4,8.944272
24,34,41.617304
-9,11,14.212670
33,13,35.468296
-30,30,42.426407
-9,-33,34.205263
-25,19,31.400637
17,13,21.400935
10,10,14.142136
-29,29,41.012193
-13,27,29.966648
28,-4,28.284271
3,-1,3.162278
4,-14,14.560220
-6,16,17.088007
-77,-39,86.313383
-33,-27,42.638011
-16,52,54.405882
39,35,52.402290
18,6,18.973666
-25,19,31.400637
19,9,21.023796
16,-12,20.000000
-4,40,40.199502
16,-30,34.000000
-4,6,7.211103
7,-27,27.892651
43,-13,44.922155
-28,22,35.608988
6,10,11.661904
-21,1,21.023796
27,13,29.966648
45,3,45.099889
-9,17,19.235384
-5,55,55.226805
-13,11,17.029386
-32,0,32.000000
5,-15,15.811388
-15,-27,30.886890
-23,3,23.194827
-13,-15,19.849433
24,-6,24.738634
8,4,8.944272
19,-67,69.641941
-11,-47,48.270074
-25,19,31.400637
18,-12,21.633308
12,-28,30.463092
24,2,24.083189
0,24,24.000000
32,-32,45.254834
1,-15,15.033296
-37,7,37.656341
0,6,6.000000
-11,45,46.324939
0,-22,22.000000
40,-40,56.568542
-8,40,40.792156
4,-14,14.560220
31,17,35.355339
47,23,52.325902
-12,-14,18.439089
14,-24,27.784888
0,-10,10.000000
-2,6,6.324555
9,3,9.486833
2,-8,8.246211
5,-27,27.459060
11,7,13.038405
-11,-7,13.038405
-4,-4,5.656854
-25,-27,36.796739
-20,14,24.413111
22,4,22.360680
35,-25,43.011626
-2,-4,4.472136
19,35,39.824616
13,19,23.021729
-3,17,17.262677
10,12,15.620499
5,9,10.295630
-16,-34,37.576588
-13,21,24.698178
-51,25,56.797887
-5,15,15.811388
-11,7,13.038405
-10,16,18.867962
11,-19,21.954498
-30,22,37.202150
-22,0,22.000000
-15,-9,17.492856
-23,15,27.459060
9,-15,17.492856
4,-10,10.770330
33,7,33.734256
-3,11,11.401754
-18,-14,22.803509
25,-21,32.649655
14,44,46.173586
44,-36,56.850682
13,3,13.341664
-3,-1,3.162278
3,-25,25.179357
-1,-7,7.071068
-4,-30,30.265492
-37,23,43.566042
0,8,8.000000
-4,-4,5.656854
4,8,8.944272
25,17,30.232433
-31,-11,32.893768
25,17,30.232433
-11,-29,31.016125
25,23,33.970576
-18,-6,18.973666
4,-6,7.211103
12,4,12.649111
-21,47,51.478151
5,-5,7.071068
-2,-16,16.124515
36,42,55.317267
-23,-5,23.537205
11,-33,34.785054
-14,-16,21.260292
-16,2,16.124515
-25,11,27.313001
12,32,34.176015
41,-33,52.630789
-38,-12,39.849718
22,-30,37.202150
-3,-5,5.830952
1,-17,17.029386
-1,-25,25.019992
-19,-27,33.015148
-36,-22,42.190046
5,61,61.204575
0,10,10.000000
7,-1,7.071068
17,-5,17.720045
-33,-1,33.015148
-11,21,23.706539
-53,1,53.009433
22,0,22.000000
2,-16,16.124515
3,13,13.341664
20,-32,37.735925
1,-5,5.099020
-20,-4,20.396078
-43,-15,45.541190
-3,33,33.136083
-3,23,23.194827
-14,-12,18.439089
-1,1,1.414214
-31,-7,31.780497
-31,-3,31.144823
1,-23,23.021729
-7,5,8.602325
-35,7,35.693137
10,-14,17.204651
30,30,42.426407
-1,-11,11.045361
-32,18,36.715120
-13,-7,14.764823
9,5,10.295630
11,-17,20.248457
-47,11,48.270074
12,14,18.439089
10,-30,31.622777
-15,27,30.886890
-17,13,21.400935
-26,8,27.202941
14,14,19.798990
-22,60,63.906181
19,5,19.646883
28,-6,28.635642
-15,-19,24.207437
1,-27,27.018512
-30,-12,32.310989
-32,-28,42.520583
19,3,19.235384
1,51,51.009803
17,-19,25.495098
-41,-7,41.593269
25,19,31.400637
13,43,44.922155
17,9,19.235384
-2,0,2.000000
-10,8,12.806248
-21,23,31.144823
55,-19,58.189346
-11,-15,18.601075
23,-13,26.419690
23,-27,35.468296
12,26,28.635642
1,11,11.045361
-27,31,41.109610
-21,27,34.205263
13,7,14.764823
-25,15,29.154759
20,-14,24.413111
-32,10,33.526109
34,-8,34.928498
1,-29,29.017236
-9,-17,19.235384
21,-47,51.478151
-14,-28,31.304952
13,-27,29.966648
-5,-27,27.459060
-11,-37,38.600518
-26,-2,26.076810
-18,16,24.083189
10,12,15.620499
-14,0,14.000000
-12,22,25.059928
-20,0,20.000000
18,-6,18.973666
56,-18,58.821765
15,-15,21.213203
15,23,27.459060
-32,30,43.863424
4,22,22.360680
-17,41,44.384682
-1,-15,15.033296
-6,36,36.496575
51,11,52.172790
-2,14,14.142136
-72,-10,72.691127
-7,31,31.780497
-34,22,40.496913
23,11,25.495098
39,-1,39.012818
-34,30,45.343136
10,4,10.770330
8,12,14.422205
20,-10,22.360680
-10,2,10.198039
-19,-17,25.495098
-16,-10,18.867962
2,20,20.099751
-33,-31,45.276926
27,7,27.892651
-19,47,50.695167
10,12,15.620499
-14,16,21.260292
6,24,24.738634
7,-15,16.552945
24,-16,28.844410
4,-8,8.944272
21,7,22.135944
-27,11,29.154759
7,-3,7.615773
11,13,17.029386
-21,1,21.023796
9,-17,19.235384
7,25,25.961510
-34,40,52.497619
-19,21,28.319605
11,-5,12.083046
32,-12,34.176015
-40,18,43.863424
26,10,27.856777
4,74,74.108029
26,20,32.802439
-65,23,68.949257
25,27,36.796739
6,24,24.738634
-27,13,29.966648
43,-3,43.104524
-11,35,36.687873
-10,-14,17.204651
1,-23,23.021729
0,6,6.000000
-23,-3,23.194827
22,-6,22.803509
-34,-38,50.990195
3,27,27.166155
21,15,25.806976
6,-8,10.000000
21,-1,21.023796
-49,-19,52.554733
-17,-19,25.495098
19,-1,19.026298
-31,-11,32.893768
-30,-32,43.863424
-20,60,63.245553
13,-29,31.780497
11,-7,13.038405
1,-9,9.055385
12,16,20.000000
-19,13,23.021729
42,-28,50.477718
32,16,35.777088
-15,7,16.552945
4,-2,4.472136
-13,-41,43.011626
54,-36,64.899923
-1,3,3.162278
26,32,41.231056
-27,1,27.018512
6,22,22.803509
19,23,29.832868
-31,-19,36.359318
17,17,24.041631
-11,-25,27.313001
-5,-13,13.928388
29,3,29.154759
-17,3,17.262677
-6,-6,8.485281
-10,-28,29.732137
24,-4,24.331050
8,-2,8.246211
9,-7,11.401754
42,-4,42.190046
43,-5,43.289722
48,-20,52.000000
28,-8,29.120440
26,-8,27.202941
22,18,28.425341
15,-13,19.849433
28,-30,41.036569
8,-26,27.202941
-19,7,20.248457
16,-42,44.944410
-9,13,15.811388
-13,-27,29.966648
-2,-10,10.198039
16,34,37.576588
5,-33,33.376639
32,-24,40.000000
-17,29,33.615473
-8,10,12.806248
0,6,6.000000
11,9,14.212670
-2,4,4.472136
19,23,29.832868
-4,-36,36.221541
7,19,20.248457
16,18,24.083189
-15,3,15.297059
0,-12,12.000000
-12,0,12.000000
-7,45,45.541190
-3,-21,21.213203
14,4,14.560220
-18,8,19.697716
25,11,27.313001
-41,3,41.109610
30,-4,30.265492
16,-38,41.231056
-25,-19,31.400637
24,-12,26.832816
-21,11,23.706539
16,-22,27.202941
29,-23,37.013511
25,-31,39.824616
-16,-20,25.612497
-17,-11,20.248457
11,11,15.556349
-14,-10,17.204651
25,3,25.179357
13,1,13.038405
-8,-26,27.202941
-20,0,20.000000
-11,-31,32.893768
38,8,38.832976
8,10,12.806248
-16,18,24.083189
-4,4,5.656854
-9,-23,24.698178
-23,41,47.010637
-17,-9,19.235384
-4,14,14.560220
18,42,45.694639
1,-29,29.017236
-2,4,4.472136
7,-9,11.401754
-5,19,19.646883
35,-45,57.008771
41,-9,41.976184
-23,-15,27.459060
-29,-11,31.016125
11,-5,12.083046
-29,-13,31.780497
11,13,17.029386
1,-15,15.033296
-44,-32,54.405882
23,-17,28.600699
-27,-41,49.091751
4,-36,36.221541
-14,2,14.142136
-24,-16,28.844410
15,13,19.849433
23,5,23.537205
-15,35,38.078866
-15,5,15.811388
4,-38,38.209946
-7,-19,20.248457
55,-25,60.415230
43,-9,43.931765
20,36,41.182521
20,-16,25.612497
13,-3,13.341664
-15,-13,19.849433
-2,-6,6.324555
34,0,34.000000
5,-21,21.587033
46,22,50.990195
-7,7,9.899495
8,-2,8.246211
-9,-3,9.486833
-3,-25,25.179357
6,2,6.324555
-16,-18,24.083189
-41,1,41.012193
4,26,26.305893
16,-14,21.260292
-24,-14,27.784888
-12,-14,18.439089
5,-17,17.720045
-34,24,41.617304
4,-14,14.560220
13,-75,76.118329
16,-18,24.083189
39,19,43.382024
18,42,45.694639
12,50,51.419841
-26,30,39.698866
-28,30,41.036569
11,7,13.038405
32,-20,37.735925
3,37,37.121422
2,-6,6.324555
-6,-6,8.485281
-7,-1,7.071068
27,1,27.018512
32,-6,32.557641
54,12,55.317267
-19,-5,19.646883
26,4,26.305893
23,13,26.419690
43,-29,51.865210
-22,22,31.112698
-18,6,18.973666
1,-13,13.038405
13,-29,31.780497
-11,-27,29.154759
-38,-2,38.052595
0,-10,10.000000
-34,40,52.497619
-2,-24,24.083189
1,15,15.033296
-52,-54,74.966659
-5,-35,35.355339
27,21,34.205263
-23,-19,29.832868
-9,-33,34.205263
-9,51,51.788030
8,30,31.048349
-7,-1,7.071068
-8,-16,17.888544
33,1,33.015148
9,33,34.205263
-14,18,22.803509
-19,-37,41.593269
-19,23,29.832868
8,-12,14.422205
30,-10,31.622777
19,3,19.235384
-5,7,8.602325
58,-14,59.665736
-10,-28,29.732137
-17,-9,19.235384
-5,-21,21.587033
24,8,25.298221
11,-15,18.601075
18,2,18.110770
7,-19,20.248457
0,8,8.000000
0,-10,10.000000
10,4,10.770330
-10,0,10.000000
-13,-11,17.029386
3,-19,19.235384
-24,26,35.383612
26,-8,27.202941
-26,-56,61.741396
-1,9,9.055385
-36,-34,49.517674
39,-11,40.521599
2,-2,2.828427
-19,27,33.015148
34,-12,36.055513
0,-36,36.000000
31,23,38.600518
-12,-2,12.165525
25,-41,48.020829
-24,-6,24.738634
-13,-1,13.038405
-15,-5,15.811388
-8,24,25.298221
23,-59,63.324561
0,26,26.000000
6,-32,32.557641
-20,8,21.540659
3,39,39.115214
26,-4,26.305893
8,-14,16.124515
-4,10,10.770330
8,-14,16.124515
19,37,41.593269
-2,-48,48.041649
-5,3,5.830952
-38,-50,62.801274
-9,-21,22.847319
2,-2,2.828427
-8,-10,12.806248
17,1,17.029386
4,-10,10.770330
-32,-2,32.062439
-9,15,17.492856
-50,-14,51.923020
-7,-21,22.135944
23,-21,31.144823
-27,-13,29.966648
27,23,35.468296
-21,15,25.806976
15,-27,30.886890
-33,-31,45.276926
8,22,23.409400
22,-10,24.166092
-12,16,20.000000
15,-39,41.785165
8,-24,25.298221
25,-19,31.400637
12,20,23.323808
-31,-9,32.280025
9,-3,9.486833
11,3,11.401754
-17,61,63.324561
4,56,56.142675
-6,-18,18.973666
53,19,56.302753
-3,-49,49.091751
0,-2,2.000000
-24,12,26.832816
-9,-3,9.486833
38,4,38.209946
15,7,16.552945
-24,-26,35.383612
-5,5,7.071068
33,25,41.400483
0,14,14.000000
37,19,41.593269
2,-6,6.324555
25,19,31.400637
8,12,14.422205
-10,0,10.000000
-12,-2,12.165525
-24,12,26.832816
28,32,42.520583
-21,-19,28.319605
-28,10,29.732137
1,-1,1.414214
38,-6,38.470768
40,-12,41.761226
13,-3,13.341664
-17,-11,20.248457
25,15,29.154759
20,-18,26.907248
12,-26,28.635642
-9,-41,41.976184
22,-14,26.076810
-22,18,28.425341
4,-6,7.211103
-36,16,39.395431
-7,9,11.401754
-12,24,26.832816
16,22,27.202941
15,-5,15.811388
12,42,43.680659
-11,-17,20.248457
23,-3,23.194827
4,22,22.360680
-8,18,19.697716
-61,-11,61.983869
9,9,12.727922
6,-2,6.324555
-20,0,20.000000
-32,-6,32.557641
-26,26,36.769553
35,23,41.880783
4,-12,12.649111
-18,-12,21.633308
7,-15,16.552945
-12,2,12.165525
-26,38,46.043458
15,-15,21.213203
-13,1,13.038405
-31,17,35.355339
-8,-2,8.246211
8,14,16.124515
-27,-37,45.803930
-18,-12,21.633308
48,-26,54.589376
14,-68,69.426220
-37,-17,40.718546
-33,31,45.276926
1,-3,3.162278
-33,7,33.734256
-15,-31,34.438351
31,23,38.600518
8,-26,27.202941
0,10,10.000000
-25,-1,25.019992
0,6,6.000000
-3,29,29.154759
-37,19,41.593269
-32,-12,34.176015
11,39,40.521599
2,20,20.099751
23,17,28.600699
-15,-27,30.886890
-47,-11,48.270074
-2,-12,12.165525
-20,32,37.735925
7,-1,7.071068
18,-6,18.973666
-1,-1,1.414214
3,15,15.297059
-38,-14,40.496913
-7,31,31.780497
-13,39,41.109610
9,35,36.138622
-5,-17,17.720045
30,-12,32.310989
13,-51,52.630789
-35,-3,35.128336
5,11,12.083046
0,22,22.000000
-21,27,34.205263
28,-24,36.878178
-36,0,36.000000
35,19,39.824616
-4,28,28.284271
-27,33,42.638011
-36,-36,50.911688
-9,-27,28.460499
-17,29,33.615473
-14,30,33.105891
10,-36,37.363083
10,-14,17.204651
-21,-3,21.213203
-13,-3,13.341664
18,-40,43.863424
5,39,39.319207
-15,11,18.601075
6,16,17.088007
28,8,29.120440
21,-7,22.135944
-29,-23,37.013511
41,1,41.012193
22,8,23.409400
45,1,45.011110
-3,35,35.128336
-16,0,16.000000
13,-35,37.336309
36,22,42.190046
19,11,21.954498
14,-10,17.204651
6,26,26.683328
-20,14,24.413111
-6,20,20.880613
19,31,36.359318
-18,-24,30.000000
11,-17,20.248457
-5,-3,5.830952
17,3,17.262677
-6,14,15.231546
24,-18,30.000000
4,-16,16.492423
-18,-26,31.622777
-6,16,17.088007
27,13,29.966648
-21,-19,28.319605
-33,13,35.468296
22,-26,34.058773
-14,-34,36.769553
-19,1,19.026298
-22,22,31.112698
-15,-1,15.033296
42,0,42.000000
25,85,88.600226
14,-18,22.803509
-13,-3,13.341664
14,22,26.076810
35,-9,36.138622
-15,-1,15.033296
-8,-4,8.944272
-16,26,30.528675
-39,-3,39.115214
11,-15,18.601075
-13,21,24.698178
5,-15,15.811388
10,4,10.770330
-12,-14,18.439089
-9,21,22.847319
5,-15,15.811388
-28,6,28.635642
30,24,38.418745
31,7,31.780497
-12,48,49.477268
-15,-13,19.849433
-35,-13,37.336309
34,-28,44.045431
0,20,20.000000
-12,-2,12.165525
17,-9,19.235384
-39,13,41.109610
-4,24,24.331050
24,-4,24.331050
-22,42,47.413078
18,-44,47.539457
-15,-15,21.213203
-10,-24,26.000000
-13,-21,24.698178
-28,4,28.284271
-2,30,30.066593
-8,-22,23.409400
18,-8,19.697716
29,1,29.017236
-13,37,39.217343
-10,8,12.806248
9,39,40.024992
10,2,10.198039
19,-3,19.235384
-3,-7,7.615773
25,21,32.649655
-6,18,18.973666
-13,-49,50.695167
-27,-35,44.204072
39,-47,61.073726
20,32,37.735925
31,-7,31.780497
-6,-22,22.803509
13,25,28.178006
21,-3,21.213203
12,-8,14.422205
-4,-6,7.211103
5,33,33.376639
-15,-31,34.438351
-41,25,48.020829
-37,-15,39.924930
8,-6,10.000000
14,-12,18.439089
-2,30,30.066593
-43,-9,43.931765
-64,16,65.969690
17,31,35.355339
13,3,13.341664
15,9,17.492856
-11,33,34.785054
-22,0,22.000000
26,-12,28.635642
7,11,13.038405
1,7,7.071068
8,8,11.313708
-10,-18,20.591260
-37,-3,37.121422
-29,-13,31.780497
-8,-44,44.721360
-3,45,45.099889
-11,7,13.038405
8,26,27.202941
-30,-16,34.000000
-34,4,34.234486
8,-6,10.000000
-21,-11,23.706539
21,3,21.213203
-31,9,32.280025
-20,-8,21.540659
10,-20,22.360680
7,3,7.615773
-27,15,30.886890
-1,-19,19.026298
-17,-11,20.248457
3,-29,29.154759
33,1,33.015148
-12,36,37.947332
11,-5,12.083046
-20,20,28.284271
-4,6,7.211103
4,-14,14.560220
8,-2,8.246211
4,-6,7.211103
-10,-30,31.622777
55,-1,55.009090
-18,6,18.973666
-4,44,44.181444
-20,-4,20.396078
13,17,21.400935
3,-21,21.213203
-31,9,32.280025
-16,2,16.124515
3,5,5.830952
-10,-6,11.661904
5,1,5.099020
15,-13,19.849433
-9,-15,17.492856
29,-5,29.427878
-11,13,17.029386
8,-40,40.792156
33,-9,34.205263
8,-28,29.120440
-37,-25,44.654227
-9,43,43.931765
5,-21,21.587033
-8,34,34.928498
40,18,43.863424
20,-12,23.323808
-10,-20,22.360680
10,8,12.806248
22,-8,23.409400
-35,-7,35.693137
0,12,12.000000
1,-17,17.029386
7,-23,24.041631
-30,6,30.594117
7,-19,20.248457
18,-32,36.715120
9,-1,9.055385
22,10,24.166092
13,31,33.615473
-30,-10,31.622777
12,-22,25.059928
-3,3,4.242641
5,-15,15.811388
1,29,29.017236
-48,-4,48.166378
-20,16,25.612497
42,14,44.271887
-20,16,25.612497
-24,-42,48.373546
-24,-28,36.878178
-10,-10,14.142136
33,1,33.015148
20,-26,32.802439
11,-7,13.038405
-30,-2,30.066593
-21,-5,21.587033
-4,-16,16.492423
-42,22,47.413078
8,-6,10.000000
-20,12,23.323808
-6,-30,30.594117
10,-10,14.142136
-24,-4,24.331050
-1,-3,3.162278
22,4,22.360680
-12,-12,16.970563
32,-18,36.715120
-21,-13,24.698178
-32,32,45.254834
28,-2,28.071338
-15,-41,43.657760
-31,17,35.355339
-12,-40,41.761226
26,-2,26.076810
-7,-13,14.764823
14,-14,19.798990
3,7,7.615773
32,32,45.254834
-4,12,12.649111
-6,16,17.088007
-17,3,17.262677
-18,-16,24.083189
-4,2,4.472136
10,36,37.363083
4,20,20.396078
5,-23,23.537205
14,-22,26.076810
30,-24,38.418745
-9,-13,15.811388
28,-26,38.209946
0,6,6.000000
-20,-16,25.612497
23,9,24.698178
9,29,30.364453
27,-39,47.434165
-13,-5,13.928388
5,15,15.811388
-9,-17,19.235384
3,-1,3.162278
-3,-5,5.830952
-13,5,13.928388
-16,-8,17.888544
13,-23,26.419690
43,-27,50.774009
42,-10,43.174066
-49,-19,52.554733
-36,18,40.249224
-15,-23,27.459060
-12,-8,14.422205
-9,-17,19.235384
29,-5,29.427878
4,-6,7.211103
16,-10,18.867962
48,-12,49.477268
31,15,34.438351
25,7,25.961510
2,12,12.165525
-26,20,32.802439
-17,-19,25.495098
-18,12,21.633308
-14,22,26.076810
-15,-15,21.213203
-6,28,28.635642
5,17,17.720045
9,5,10.295630
13,-3,13.341664
17,29,33.615473
25,-33,41.400483
29,-25,38.288379
3,9,9.486833
-14,20,24.413111
27,3,27.166155
-43,25,49.739320
19,-5,19.646883
-2,24,24.083189
15,-11,18.601075
-21,-17,27.018512
39,1,39.012818
5,-9,10.295630
-13,-3,13.341664
2,26,26.076810
-2,-30,30.066593
74,2,74.027022
22,-2,22.090722
-4,-30,30.265492
9,-27,28.460499
5,41,41.303753
-4,20,20.396078
13,15,19.849433
-62,-24,66.483081
58,-36,68.264193
17,19,25.495098
-6,24,24.738634
26,-28,38.209946
-10,-26,27.856777
-26,-22,34.058773
20,44,48.332184
-14,8,16.124515
-7,29,29.832868
19,5,19.646883
12,18,21.633308
23,19,29.832868
10,-22,24.166092
-9,15,17.492856
-31,-35,46.754679
-17,17,24.041631
26,0,26.000000
-12,44,45.607017
-10,-24,26.000000
-12,-48,49.477268
-14,-8,16.124515
-19,-17,25.495098
-45,-31,54.644304
55,-35,65.192024
11,11,15.556349
-2,44,44.045431
-4,-10,10.770330
11,-7,13.038405
-9,-9,12.727922
22,-38,43.908997
-14,2,14.142136
-4,-36,36.221541
-27,9,28.460499
16,-18,24.083189
27,7,27.892651
29,-37,47.010637
8,-12,14.422205
-17,-11,20.248457
18,-20,26.907248
-7,-1,7.071068
-8,2,8.246211
-12,16,20.000000
-29,-17,33.615473
8,-18,19.697716
7,-33,33.734256
12,-30,32.310989
15,-11,18.601075
47,9,47.853944
-18,6,18.973666
-39,21,44.294469
-3,21,21.213203
-11,-41,42.449971
13,7,14.764823
-21,-33,39.115214
-21,1,21.023796
6,12,13.416408
10,-38,39.293765
8,-4,8.944272
8,-58,58.549125
-8,2,8.246211
7,-17,18.384776
-1,15,15.033296
-6,12,13.416408
-1,19,19.026298
-9,-7,11.401754
-3,13,13.341664
41,-3,41.109610
-34,-2,34.058773
6,4,7.211103
-22,28,35.608988
-24,18,30.000000
7,39,39.623226
51,13,52.630789
-3,-7,7.615773
-16,-10,18.867962
-31,1,31.016125
24,42,48.373546
14,-20,24.413111
13,29,31.780497
30,44,53.254108
-36,12,37.947332
-23,13,26.419690
40,24,46.647615
29,-7,29.832868
0,-4,4.000000
-26,-28,38.209946
7,37,37.656341
-14,-24,27.784888
8,-24,25.298221
37,-33,49.578221
-9,21,22.847319
4,-18,18.439089
-11,-3,11.401754
-36,-2,36.055513
-11,-35,36.687873
0,-2,2.000000
7,7,9.899495
-7,-7,9.899495
14,8,16.124515
-3,-7,7.615773
12,18,21.633308
22,10,24.166092
-13,1,13.038405
-6,16,17.088007
32,14,34.928498
10,0,10.000000
-21,-3,21.213203
12,2,12.165525
-20,-8,21.540659
9,21,22.847319
11,-3,11.401754
47,-13,48.764741
-9,11,14.212670
31,-3,31.144823
-32,2,32.062439
12,-2,12.165525
16,32,35.777088
-25,-7,25.961510
-9,59,59.682493
-7,49,49.497475
-24,-2,24.083189
-24,28,36.878178
-22,10,24.166092
7,-3,7.615773
-3,29,29.154759
-26,22,34.058773
8,10,12.806248
-13,9,15.811388
-34,-30,45.343136
2,14,14.142136
-59,21,62.625873
2,48,48.041649
19,-35,39.824616
-10,-4,10.770330
34,-30,45.343136
25,37,44.654227
45,-19,48.846699
36,10,37.363083
-15,-9,17.492856
6,22,22.803509
-20,-2,20.099751
-7,-25,25.961510
-6,34,34.525353
20,26,32.802439
-40,-20,44.721360
-20,-20,28.284271
-26,8,27.202941
24,18,30.000000
15,3,15.297059
-4,8,8.944272
-14,12,18.439089
-6,-2,6.324555
-15,15,21.213203
19,23,29.832868
4,-44,44.181444
27,-13,29.966648
-2,-20,20.099751
-3,41,41.109610
-36,16,39.395431
6,-18,18.973666
18,6,18.973666
1,-93,93.005376
41,15,43.657760
-5,29,29.427878
-2,20,20.099751
-12,-30,32.310989
-19,11,21.954498
2,10,10.198039
27,7,27.892651
11,-33,34.785054
7,3,7.615773
45,11,46.324939
3,-13,13.341664
-7,27,27.892651
36,-6,36.496575
-1,-3,3.162278
-24,-6,24.738634
9,-43,43.931765
1,17,17.029386
-22,-20,29.732137
26,-8,27.202941
18,20,26.907248
-12,-2,12.165525
4,18,18.439089
0,10,10.000000
13,-37,39.217343
17,41,44.384682
20,-10,22.360680
-10,48,49.030603
3,-29,29.154759
-12,16,20.000000
0,18,18.000000
-10,12,15.620499
-68,34,76.026311
-15,-23,27.459060
5,19,19.646883
2,-18,18.110770
-5,-33,33.376639
-27,11,29.154759
14,-30,33.105891
-21,-7,22.135944
-15,-13,19.849433
41,-37,55.226805
-33,-7,33.734256
24,0,24.000000
-8,38,38.832976
27,-9,28.460499
31,-7,31.780497
-28,-30,41.036569
20,-52,55.713553
-12,-26,28.635642
25,-37,44.654227
-9,7,11.401754
5,7,8.602325
10,10,14.142136
41,-1,41.012193
-28,-14,31.304952
5,9,10.295630
-45,-17,48.104054
-61,-19,63.890531
4,-8,8.944272
2,-12,12.165525
16,28,32.249031
-15,49,51.244512
-13,11,17.029386
11,-43,44.384682
0,28,28.000000
26,-8,27.202941
33,17,37.121422
3,5,5.830952
-47,-13,48.764741
40,-34,52.497619
-23,21,31.144823
-15,1,15.033296
33,-13,35.468296
-1,-1,1.414214
14,4,14.560220
0,32,32.000000
-26,-6,26.683328
21,-11,23.706539
15,-11,18.601075
-7,5,8.602325
-37,-39,53.758720
12,8,14.422205
11,3,11.401754
-16,-18,24.083189
-19,1,19.026298
-6,24,24.738634
-16,-2,16.124515
-14,-44,46.173586
-49,33,59.076222
11,-37,38.600518
-8,20,21.540659
6,18,18.973666
-34,-34,48.083261
-19,-27,33.015148
9,-7,11.401754
-17,1,17.029386
-18,-8,19.697716
7,-5,8.602325
-5,37,37.336309
50,18,53.141321
55,5,55.226805
18,18,25.455844
55,-5,55.226805
4,-44,44.181444
-5,27,27.459060
11,35,36.687873
-38,-2,38.052595
11,1,11.045361
17,7,18.384776
4,10,10.770330
-3,11,11.401754
12,28,30.463092
-22,24,32.557641
-17,39,42.544095
2,-6,6.324555
3,25,25.179357
4,-14,14.560220
13,25,28.178006
45,-47,65.069194
-22,-12,25.059928
-10,8,12.806248
7,-7,9.899495
-19,61,63.890531
-21,9,22.847319
-8,12,14.422205
2,4,4.472136
23,11,25.495098
-47,-7,47.518417
-30,8,31.048349
-32,-20,37.735925
-60,-20,63.245553
-11,-39,40.521599
-28,26,38.209946
21,-3,21.213203
7,7,9.899495
23,-37,43.566042
-12,0,12.000000
31,-21,37.443290
6,22,22.803509
-15,-29,32.649655
-34,18,38.470768
-46,-6,46.389654
-2,0,2.000000
11,35,36.687873
-10,22,24.166092
31,-13,33.615473
11,-41,42.449971
-17,-7,18.384776
23,-3,23.194827
23,5,23.537205
25,53,58.600341
34,-4,34.234486
-14,-8,16.124515
1,27,27.018512
2,2,2.828427
8,2,8.246211
25,-19,31.400637
27,45,52.478567
25,1,25.019992
-45,-23,50.537115
-6,-34,34.525353
-27,21,34.205263
-24,2,24.083189
-23,1,23.021729
21,-25,32.649655
0,-42,42.000000
9,-7,11.401754
21,-29,35.805028
-24,8,25.298221
4,20,20.396078
0,-4,4.000000
8,-18,19.697716
-13,-13,18.384776
8,42,42.755117
-5,9,10.295630
18,2,18.110770
35,7,35.693137
19,11,21.954498
-27,13,29.966648
12,-26,28.635642
8,-32,32.984845
-5,29,29.427878
12,-42,43.680659
-5,67,67.186308
-5,-33,33.376639
-7,23,24.041631
-30,-8,31.048349
-9,47,47.853944
-5,-49,49.254441
6,14,15.231546
25,11,27.313001
-39,19,43.382024
-14,20,24.413111
-19,9,21.023796
-18,-4,18.439089
20,-34,39.446166
-16,-28,32.249031
2,-24,24.083189
-31,37,48.270074
-12,-20,23.323808
-14,16,21.260292
14,-10,17.204651
5,-19,19.646883
19,13,23.021729
21,25,32.649655
20,8,21.540659
-22,-2,22.090722
20,14,24.413111
-38,20,42.941821
-33,-13,35.468296
-31,1,31.016125
4,-28,28.284271
-11,9,14.212670
-12,-16,20.000000
-18,14,22.803509
43,15,45.541190
-15,9,17.492856
-8,-2,8.246211
-2,6,6.324555
8,38,38.832976
-23,-7,24.041631
11,7,13.038405
-1,-29,29.017236
6,14,15.231546
-30,-20,36.055513
14,-32,34.928498
-39,-13,41.109610
-40,26,47.707442
-20,-6,20.880613
63,-61,87.692645
-21,35,40.816663
40,12,41.761226
27,29,39.623226
-24,-32,40.000000
14,-12,18.439089
-3,23,23.194827
-21,5,21.587033
30,2,30.066593
-11,31,32.893768
5,25,25.495098
7,7,9.899495
-12,28,30.463092
41,-9,41.976184
39,23,45.276926
23,33,40.224371
-2,-44,44.045431
-19,19,26.870058
19,17,25.495098
-17,9,19.235384
41,1,41.012193
-5,-3,5.830952
14,26,29.529646
33,3,33.136083
-13,-31,33.615473
-5,-7,8.602325
15,5,15.811388
5,15,15.811388
-8,4,8.944272
-16,16,22.627417
-4,14,14.560220
-15,-1,15.033296
36,26,44.407207
-28,-4,28.284271
26,-26,36.769553
1,5,5.099020
6,20,20.880613
-1,43,43.011626
-30,32,43.863424
-13,-15,19.849433
12,-40,41.761226
5,37,37.336309
-64,10,64.776539
-42,8,42.755117
-8,-26,27.202941
10,-40,41.231056
11,19,21.954498
8,52,52.611786
10,-32,33.526109
16,-32,35.777088
-10,-16,18.867962
-9,35,36.138622
-6,46,46.389654
27,11,29.154759
-14,-2,14.142136
32,-8,32.984845
20,10,22.360680
43,49,65.192024
-4,30,30.265492
-7,-17,18.384776
-2,-26,26.076810
-6,38,38.470768
-6,0,6.000000
33,39,51.088159
-14,6,15.231546
-35,-15,38.078866
-12,-18,21.633308
10,16,18.867962
8,-6,10.000000
29,-19,34.669872
-8,0,8.000000
-3,-3,4.242641
-21,3,21.213203
-44,-10,45.122057
-19,7,20.248457
25,7,25.961510
-19,-11,21.954498
-4,-18,18.439089
-28,-10,29.732137
-30,-46,54.918121
7,-5,8.602325
0,-4,4.000000
1,-25,25.019992
-9,-3,9.486833
70,-12,71.021124
-2,38,38.052595
-21,-9,22.847319
34,-26,42.801869
9,9,12.727922
-15,-25,29.154759
-28,0,28.000000
1,-59,59.008474
1,-13,13.038405
5,-33,33.376639
25,3,25.179357
5,29,29.427878
-7,9,11.401754
55,27,61.269895
23,-13,26.419690
-21,39,44.294469
18,18,25.455844
-8,-18,19.697716
-17,5,17.720045
-12,-32,34.176015
1,-15,15.033296
9,23,24.698178
41,-47,62.369865
-16,-12,20.000000
-39,43,58.051701
3,-3,4.242641
10,2,10.198039
7,45,45.541190
30,8,31.048349
4,22,22.360680
22,-14,26.076810
3,17,17.262677
58,-6,58.309519
-13,-11,17.029386
-28,-32,42.520583
1,11,11.045361
-38,36,52.345009
4,-12,12.649111
-20,12,23.323808
5,11,12.083046
4,50,50.159745
13,-27,29.966648
40,44,59.464275
0,18,18.000000
-7,-9,11.401754
-12,4,12.649111
-34,10,35.440090
-13,-15,19.849433
-2,-26,26.076810
15,69,70.611614
-13,11,17.029386
20,-2,20.099751
21,-13,24.698178
42,-18,45.694639
19,-17,25.495098
51,-3,51.088159
-7,-23,24.041631
-16,2,16.124515
17,1,17.029386
-8,2,8.246211
15,-19,24.207437
15,13,19.849433
48,4,48.166378
-18,-8,19.697716
4,0,4.000000
-8,-16,17.888544
-10,-36,37.363083
5,-25,25.495098
-1,-9,9.055385
-4,-38,38.209946
-16,14,21.260292
-6,28,28.635642
14,24,27.784888
21,-1,21.023796
-12,20,23.323808
-14,14,19.798990
19,25,31.400637
-11,-9,14.212670
-13,39,41.109610
32,32,45.254834
20,56,59.464275
10,12,15.620499
20,-2,20.099751
-4,8,8.944272
-36,-2,36.055513
-13,19,23.021729
-14,-42,44.271887
6,28,28.635642
13,31,33.615473
-46,-32,56.035703
-10,-20,22.360680
24,-2,24.083189
7,-7,9.899495
5,25,25.495098
-22,-20,29.732137
46,-8,46.690470
9,13,15.811388
-2,2,2.828427
-26,-10,27.856777
-1,-5,5.099020
-2,10,10.198039
-9,-19,21.023796
-24,-36,43.266615
-19,9,21.023796
-25,1,25.019992
17,9,19.235384
-22,2,22.090722
-9,11,14.212670
-9,1,9.055385
20,32,37.735925
3,-19,19.235384
19,11,21.954498
23,-19,29.832868
-10,-2,10.198039
-13,-25,28.178006
-13,17,21.400935
44,0,44.000000
24,-4,24.331050
16,-16,22.627417
-4,-22,22.360680
2,24,24.083189
-22,6,22.803509
-8,6,10.000000
-8,20,21.540659
-7,-1,7.071068
30,8,31.048349
-6,-14,15.231546
-19,-31,36.359318
-27,-27,38.183766
-4,6,7.211103
14,-32,34.928498
-35,3,35.128336
0,2,2.000000
17,17,24.041631
15,19,24.207437
-16,24,28.844410
12,6,13.416408
7,-5,8.602325
15,-15,21.213203
23,13,26.419690
3,17,17.262677
18,44,47.539457
-13,-17,21.400935
4,-4,5.656854
-10,-26,27.856777
-4,4,5.656854
19,-13,23.021729
10,4,10.770330
-10,2,10.198039
-31,1,31.016125
12,-34,36.055513
-52,-24,57.271284
15,-11,18.601075
14,-12,18.439089
-6,-2,6.324555
17,-17,24.041631
-9,-31,32.280025
-8,-50,50.635956
-19,-5,19.646883
23,-25,33.970576
8,-24,25.298221
24,-16,28.844410
-8,16,17.888544
-1,5,5.099020
28,-4,28.284271
56,-2,56.035703
-27,-43,50.774009
21,5,21.587033
0,42,42.000000
-33,-15,36.249138
-9,-3,9.486833
5,1,5.099020
-43,-3,43.104524
-22,8,23.409400
-8,-10,12.806248
-9,1,9.055385
2,-20,20.099751
21,5,21.587033
4,38,38.209946
27,5,27.459060
43,-15,45.541190
23,31,38.600518
11,5,12.083046
6,8,10.000000
-1,47,47.010637
-34,-2,34.058773
-46,12,47.539457
0,-16,16.000000
41,1,41.012193
-16,20,25.612497
-55,51,75.006666
6,10,11.661904
-12,20,23.323808
-11,-1,11.045361
-27,-41,49.091751
26,-48,54.589376
-15,13,19.849433
-6,10,11.661904
23,-1,23.021729
-22,22,31.112698
6,-16,17.088007
-19,-9,21.023796
9,31,32.280025
13,-45,46.840154
-29,13,31.780497
34,-10,35.440090
13,-3,13.341664
-5,-11,12.083046
-32,-20,37.735925
-23,11,25.495098
-18,32,36.715120
-19,9,21.023796
-3,-21,21.213203
-8,46,46.690470
22,-4,22.360680
-9,-3,9.486833
12,28,30.463092
32,6,32.557641
-9,-3,9.486833
-1,11,11.045361
54,34,63.812225
-1,-33,33.015148
-26,-16,30.528675
-11,-35,36.687873
21,29,35.805028
17,-43,46.238512
-22,18,28.425341
9,15,17.492856
17,-5,17.720045
-8,26,27.202941
9,-3,9.486833
-20,10,22.360680
-1,-13,13.038405
-16,4,16.492423
3,49,49.091751
-3,27,27.166155
25,-57,62.241465
13,-5,13.928388
15,-25,29.154759
4,-24,24.331050
3,3,4.242641
13,3,13.341664
-12,14,18.439089
-22,-10,24.166092
-14,16,21.260292
-22,-18,28.425341
35,29,45.453273
19,27,33.015148
24,2,24.083189
-25,15,29.154759
10,4,10.770330
1,-17,17.029386
38,-2,38.052595
51,9,51.788030
4,-18,18.439089
-21,43,47.853944
44,18,47.539457
13,25,28.178006
-30,14,33.105891
6,-8,10.000000
22,-26,34.058773
-4,-18,18.439089
-7,-5,8.602325
21,-27,34.205263
-20,32,37.735925
-36,-22,42.190046
22,50,54.626001
-4,-20,20.396078
18,14,22.803509
-8,-4,8.944272
3,-21,21.213203
4,-10,10.770330
-33,-27,42.638011
-11,1,11.045361
27,29,39.623226
9,-5,10.295630
-7,-23,24.041631
-36,8,36.878178
4,-26,26.305893
34,-28,44.045431
13,-9,15.811388
-22,-28,35.608988
-16,32,35.777088
23,-3,23.194827
1,-5,5.099020
-40,-8,40.792156
22,44,49.193496
31,-11,32.893768
0,-18,18.000000
-24,-30,38.418745
-10,4,10.770330
-52,8,52.611786
-5,-43,43.289722
13,-19,23.021729
65,7,65.375837
-9,-43,43.931765
13,11,17.029386
-9,29,30.364453
21,-17,27.018512
15,5,15.811388
20,-6,20.880613
-42,-32,52.801515
7,37,37.656341
47,9,47.853944
-6,-10,11.661904
-2,46,46.043458
8,-2,8.246211
-17,11,20.248457
24,28,36.878178
2,-8,8.246211
24,-16,28.844410
32,8,32.984845
44,-30,53.254108
46,46,65.053824
-7,-19,20.248457
-20,-12,23.323808
-20,12,23.323808
23,19,29.832868
-29,3,29.154759
-18,4,18.439089
-20,-28,34.409301
-4,-8,8.944272
25,17,30.232433
-15,-11,18.601075
-37,1,37.013511
-19,5,19.646883
-42,10,43.174066
-18,32,36.715120
29,-45,53.535035
-13,-7,14.764823
13,29,31.780497
-4,-6,7.211103
-15,-29,32.649655
20,-38,42.941821
-19,-13,23.021729
-3,-61,61.073726
7,-17,18.384776
-45,3,45.099889
-30,18,34.985711
55,-11,56.089215
56,-6,56.320511
-3,-1,3.162278
-19,-7,20.248457
7,-27,27.892651
13,-17,21.400935
-10,34,35.440090
26,22,34.058773
-5,-3,5.830952
34,-10,35.440090
-8,20,21.540659
54,-28,60.827625
3,-39,39.115214
55,1,55.009090
-40,-8,40.792156
17,-7,18.384776
-5,1,5.099020
-16,8,17.888544
20,52,55.713553
21,23,31.144823
-25,-1,25.019992
-34,24,41.617304
-7,-13,14.764823
23,-9,24.698178
15,1,15.033296
-13,-3,13.341664
-17,-13,21.400935
5,-9,10.295630
63,57,84.958814
4,-10,10.770330
19,-3,19.235384
16,14,21.260292
-23,5,23.537205
-20,16,25.612497
19,-7,20.248457
13,-39,41.109610
10,26,27.856777
-11,33,34.785054
0,16,16.000000
-19,-13,23.021729
-6,18,18.973666
48,-22,52.801515
-10,-8,12.806248
34,-46,57.201399
-28,0,28.000000
-17,5,17.720045
25,-51,56.797887
-23,11,25.495098
-3,-11,11.401754
-39,17,42.544095
-9,29,30.364453
8,10,12.806248
-18,-12,21.633308
36,-28,45.607017
28,-16,32.249031
-50,-54,73.593478
1,-29,29.017236
-16,22,27.202941
18,12,21.633308
-7,-11,13.038405
-25,11,27.313001
7,-21,22.135944
36,-6,36.496575
-11,15,18.601075
-42,0,42.000000
-26,-8,27.202941
-22,24,32.557641
-6,56,56.320511
3,21,21.213203
-8,-24,25.298221
-9,37,38.078866
21,-15,25.806976
42,14,44.271887
-16,-16,22.627417
31,11,32.893768
-5,-1,5.099020
21,-19,28.319605
3,-23,23.194827
3,-9,9.486833
0,4,4.000000
-16,12,20.000000
-7,-33,33.734256
-9,17,19.235384
-22,22,31.112698
16,0,16.000000
10,4,10.770330
-24,4,24.331050
-8,-18,19.697716
4,26,26.305893
-27,-3,27.166155
0,-48,48.000000
10,12,15.620499
24,0,24.000000
-27,-11,29.154759
7,7,9.899495
13,25,28.178006
-5,9,10.295630
-15,-1,15.033296
8,-12,14.422205
-31,-15,34.438351
-11,39,40.521599
-10,18,20.591260
22,-6,22.803509
7,9,11.401754
25,-27,36.796739
6,-38,38.470768
27,-1,27.018512
13,-13,18.384776
-6,-22,22.803509
35,7,35.693137
11,23,25.495098
8,-12,14.422205
12,-10,15.620499
-2,-12,12.165525
-3,1,3.162278
9,-27,28.460499
2,-20,20.099751
-19,13,23.021729
-11,29,31.016125
-15,1,15.033296
-39,-17,42.544095
-13,23,26.419690
2,30,30.066593
-25,9,26.570661
7,13,14.764823
0,-34,34.000000
44,16,46.818800
-20,-4,20.396078
-11,1,11.045361
-13,-15,19.849433
11,15,18.601075
-15,-51,53.160135
-6,0,6.000000
-3,-23,23.194827
-4,6,7.211103
11,-13,17.029386
-3,-29,29.154759
-8,24,25.298221
-14,10,17.204651
-11,1,11.045361
-2,12,12.165525
-34,6,34.525353
7,9,11.401754
24,-4,24.331050
30,-28,41.036569
-8,-6,10.000000
0,0,0.000000
7,41,41.593269
-21,-19,28.319605
-16,-10,18.867962
-27,9,28.460499
26,12,28.635642
35,-21,40.816663
6,22,22.803509
49,-3,49.091751
-11,19,21.954498
30,-16,34.000000
36,20,41.182521
-25,-17,30.232433
6,58,58.309519
2,6,6.324555
-18,26,31.622777
5,-17,17.720045
-13,-1,13.038405
5,-3,5.830952
-17,-17,24.041631
-21,15,25.806976
-34,2,34.058773
7,5,8.602325
-18,12,21.633308
-24,-12,26.832816
18,-14,22.803509
24,22,32.557641
3,-7,7.615773
16,38,41.231056
-14,4,14.560220
-3,15,15.297059
-47,1,47.010637
-28,32,42.520583
-22,10,24.166092
-25,15,29.154759
-7,35,35.693137
-15,-15,21.213203
-8,26,27.202941
14,-22,26.076810
-27,13,29.966648
-31,7,31.780497
12,-32,34.176015
50,22,54.626001
26,-4,26.305893
-13,9,15.811388
1,29,29.017236
-21,21,29.698485
-24,26,35.383612
8,-32,32.984845
30,18,34.985711
-9,11,14.212670
14,-10,17.204651
-15,-23,27.459060
14,-4,14.560220
-22,-18,28.425341
-16,-18,24.083189
-18,-8,19.697716
19,-19,26.870058
-26,-4,26.305893
-33,-3,33.136083
-14,16,21.260292
-50,-18,53.141321
28,-6,28.635642
-22,16,27.202941
7,15,16.552945
-1,41,41.012193
5,35,35.355339
-23,7,24.041631
4,-12,12.649111
33,-7,33.734256
29,-41,50.219518
-29,27,39.623226
5,47,47.265209
-23,-17,28.600699
-6,0,6.000000
-7,3,7.615773
-16,10,18.867962
1,29,29.017236
-22,2,22.090722
-4,-4,5.656854
4,-30,30.265492
13,27,29.966648
9,37,38.078866
-33,-19,38.078866
14,22,26.076810
27,13,29.966648
-41,25,48.020829
7,-7,9.899495
11,11,15.556349
-16,36,39.395431
-22,-22,31.112698
19,-11,21.954498
9,7,11.401754
9,21,22.847319
-28,-10,29.732137
1,-13,13.038405
-16,26,30.528675
22,6,22.803509
10,34,35.440090
-1,69,69.007246
-19,37,41.593269
30,6,30.594117
32,-14,34.928498
15,-15,21.213203
-53,-33,62.433965
32,6,32.557641
-7,-3,7.615773
12,-12,16.970563
1,37,37.013511
-36,6,36.496575
34,-8,34.928498
39,35,52.402290
-5,-13,13.928388
-34,46,57.201399
-14,-6,15.231546
30,-12,32.310989
-23,-3,23.194827
-1,31,31.016125
23,5,23.537205
-10,-10,14.142136
-4,12,12.649111
40,-20,44.721360
-6,-40,40.447497
14,4,14.560220
-1,15,15.033296
-11,1,11.045361
28,-14,31.304952
-3,11,11.401754
-15,25,29.154759
-15,1,15.033296
-5,-17,17.720045
1,49,49.010203
-25,23,33.970576
-2,-32,32.062439
-35,-17,38.910153
47,-5,47.265209
3,9,9.486833
19,17,25.495098
-32,6,32.557641
-67,-17,69.123079
-11,3,11.401754
-5,57,57.218878
-18,16,24.083189
-7,7,9.899495
-9,17,19.235384
-13,-35,37.336309
8,8,11.313708
-48,-2,48.041649
13,25,28.178006
-21,-27,34.205263
-2,-26,26.076810
-25,-15,29.154759
17,-1,17.029386
13,-21,24.698178
-37,-45,58.258047
32,4,32.249031
15,-3,15.297059
37,-27,45.803930
54,-4,54.147945
13,-49,50.695167
-13,-15,19.849433
26,-8,27.202941
-4,26,26.305893
13,-29,31.780497
-2,-20,20.099751
20,-34,39.446166
34,14,36.769553
33,3,33.136083
-39,11,40.521599
27,-27,38.183766
-16,-50,52.497619
-4,-18,18.439089
23,39,45.276926
-4,8,8.944272
-13,-9,15.811388
-12,-48,49.477268
2,42,42.047592
-30,-8,31.048349
24,-2,24.083189
9,13,15.811388
8,10,12.806248
-39,25,46.324939
-30,-10,31.622777
-26,-10,27.856777
13,21,24.698178
44,-6,44.407207
9,-21,22.847319
8,10,12.806248
47,-5,47.265209
6,26,26.683328
21,-13,24.698178
-28,10,29.732137
-13,-3,13.341664
-34,-10,35.440090
12,0,12.000000
-13,23,26.419690
-38,38,53.740115
-10,-22,24.166092
6,-34,34.525353
3,17,17.262677
16,6,17.088007
16,46,48.703183
-43,1,43.011626
-1,-15,15.033296
37,7,37.656341
25,11,27.313001
-19,-3,19.235384
-32,18,36.715120
-9,27,28.460499
-9,7,11.401754
6,12,13.416408
-7,17,18.384776
7,25,25.961510
-20,14,24.413111
-15,-11,18.601075
16,-18,24.083189
20,-4,20.396078
2,-6,6.324555
-41,45,60.876925
3,15,15.297059
12,-8,14.422205
19,-5,19.646883
37,5,37.336309
4,32,32.249031
43,-13,44.922155
-17,-3,17.262677
-33,17,37.121422
-18,2,18.110770
-7,1,7.071068
4,-16,16.492423
-13,-11,17.029386
-16,36,39.395431
19,29,34.669872
13,-11,17.029386
-14,-6,15.231546
5,39,39.319207
-8,14,16.124515
13,-13,18.384776
3,5,5.830952
-22,2,22.090722
-32,-6,32.557641
-5,25,25.495098
-32,-22,38.832976
-13,-15,19.849433
-5,-5,7.071068
10,-36,37.363083
-23,-23,32.526912
15,3,15.297059
-9,23,24.698178
9,-7,11.401754
17,-25,30.232433
-21,-17,27.018512
0,6,6.000000
-53,-37,64.637450
24,20,31.240999
-14,-20,24.413111
-24,-12,26.832816
8,-12,14.422205
8,10,12.806248
-28,-2,28.071338
-35,-13,37.336309
-25,-49,55.009090
-14,4,14.560220
-5,11,12.083046
-12,-8,14.422205
-46,38,59.665736
-30,-14,33.105891
-20,-10,22.360680
-9,7,11.401754
19,7,20.248457
-9,-7,11.401754
-3,-37,37.121422
-1,23,23.021729
25,-3,25.179357
-1,-5,5.099020
-37,-17,40.718546
13,-5,13.928388
-25,29,38.288379
7,-3,7.615773
-41,15,43.657760
-15,31,34.438351
-14,22,26.076810
-2,-16,16.124515
33,-15,36.249138
22,30,37.202150
-12,-40,41.761226
-10,22,24.166092
5,15,15.811388
43,-11,44.384682
-52,-26,58.137767
27,-27,38.183766
17,-47,49.979996
-49,-9,49.819675
33,-13,35.468296
68,26,72.801099
7,1,7.071068
-15,-11,18.601075
41,17,44.384682
-22,16,27.202941
-14,-14,19.798990
12,-24,26.832816
-5,-11,12.083046
20,-26,32.802439
15,5,15.811388
-20,14,24.413111
4,-12,12.649111
25,-3,25.179357
-8,-12,14.422205
32,-4,32.249031
-9,-27,28.460499
12,-50,51.419841
4,-18,18.439089
11,37,38.600518
-24,14,27.784888
-2,28,28.071338
25,-33,41.400483
-28,-12,30.463092
-3,27,27.166155
-9,37,38.078866
-1,27,27.018512
-34,12,36.055513
-8,0,8.000000
5,3,5.830952
33,21,39.115214
3,41,41.109610
-3,-29,29.154759
-26,-2,26.076810
14,-28,31.304952
10,24,26.000000
-46,42,62.289646
-2,10,10.198039
37,13,39.217343
-43,-11,44.384682
12,-40,41.761226
8,18,19.697716
3,29,29.154759
14,38,40.496913
25,-29,38.288379
-6,-26,26.683328
11,-9,14.212670
5,31,31.400637
18,0,18.000000
8,-14,16.124515
-27,-29,39.623226
-1,41,41.012193
1,-9,9.055385
49,-51,70.724819
4,30,30.265492
-1,1,1.414214
-31,39,49.819675
-11,25,27.313001
-24,0,24.000000
-18,-14,22.803509
-4,26,26.305893
1,41,41.012193
-17,-41,44.384682
7,-37,37.656341
-68,-10,68.731361
-1,1,1.414214
-17,39,42.544095
-57,37,67.955868
5,13,13.928388
18,-4,18.439089
-30,-8,31.048349
32,-10,33.526109
-16,-18,24.083189
-7,7,9.899495
-5,11,12.083046
-21,31,37.443290
7,-49,49.497475
-9,-27,28.460499
-6,4,7.211103
-9,-9,12.727922
-11,-41,42.449971
-34,6,34.525353
43,7,43.566042
0,2,2.000000
-5,21,21.587033
63,37,73.061618
-36,2,36.055513
9,29,30.364453
-24,8,25.298221
60,-6,60.299254
6,10,11.661904
6,-6,8.485281
38,-14,40.496913
-12,18,21.633308
23,15,27.459060
-5,-31,31.400637
15,-7,16.552945
-9,5,10.295630
-26,34,42.801869
-19,-17,25.495098
-11,-31,32.893768
25,3,25.179357
-15,3,15.297059
-27,33,42.638011
2,4,4.472136
8,-2,8.246211
6,18,18.973666
41,-9,41.976184
-20,16,25.612497
29,1,29.017236
-17,15,22.671568
-8,22,23.409400
-45,21,49.658836
-25,13,28.178006
48,10,49.030603
-20,46,50.159745
-1,1,1.414214
5,-21,21.587033
26,4,26.305893
-20,8,21.540659
5,-17,17.720045
-6,6,8.485281
-29,5,29.427878
0,40,40.000000
-38,28,47.201695
4,8,8.944272
4,-8,8.944272
-3,-19,19.235384
6,12,13.416408
-42,-12,43.680659
-34,6,34.525353
8,-12,14.422205
-3,41,41.109610
-20,22,29.732137
4,6,7.211103
0,-28,28.000000
-9,-13,15.811388
-37,-17,40.718546
-29,21,35.805028
-11,11,15.556349
23,-7,24.041631
-22,-4,22.360680
18,4,18.439089
14,20,24.413111
21,19,28.319605
14,-4,14.560220
23,-9,24.698178
-1,27,27.018512
3,5,5.830952
-1,37,37.013511
15,7,16.552945
-19,-1,19.026298
-17,-21,27.018512
6,-10,11.661904
33,-7,33.734256
1,-25,25.019992
14,-32,34.928498
34,12,36.055513
6,4,7.211103
15,-19,24.207437
13,-11,17.029386
3,7,7.615773
-2,-16,16.124515
-8,20,21.540659
13,-19,23.021729
-24,32,40.000000
14,-50,51.923020
-16,-2,16.124515
18,-4,18.439089
-18,-38,42.047592
24,-2,24.083189
-9,-3,9.486833
-3,-9,9.486833
0,38,38.000000
29,9,30.364453
-24,-14,27.784888
7,11,13.038405
4,22,22.360680
29,15,32.649655
-30,-4,30.265492
26,-38,46.043458
2,-16,16.124515
-15,-15,21.213203
-4,-48,48.166378
-29,23,37.013511
-13,-31,33.615473
-6,22,22.803509
-10,-24,26.000000
-7,39,39.623226
10,-48,49.030603
4,-4,5.656854
-10,-2,10.198039
-13,5,13.928388
-5,19,19.646883
34,26,42.801869
37,27,45.803930
-27,-3,27.166155
-24,-8,25.298221
-12,-28,30.463092
15,9,17.492856
16,-20,25.612497
-14,14,19.798990
6,14,15.231546
-45,-25,51.478151
16,-14,21.260292
32,-34,46.690470
-12,26,28.635642
-22,18,28.425341
7,-11,13.038405
-6,2,6.324555
18,-34,38.470768
-26,18,31.622777
-18,28,33.286634
7,-27,27.892651
11,-47,48.270074
21,37,42.544095
-11,19,21.954498
44,-22,49.193496
-23,9,24.698178
-25,-7,25.961510
18,-34,38.470768
-42,8,42.755117
-8,-20,21.540659
23,-9,24.698178
4,26,26.305893
-38,-14,40.496913
-10,-2,10.198039
-14,6,15.231546
-18,4,18.439089
5,-5,7.071068
26,-22,34.058773
-10,2,10.198039
6,-14,15.231546
35,-5,35.355339
-20,18,26.907248
15,5,15.811388
4,48,48.166378
18,-70,72.277244
-13,5,13.928388
-11,15,18.601075
-19,27,33.015148
-8,-18,19.697716
-2,36,36.055513
43,-11,44.384682
4,4,5.656854
4,2,4.472136
-14,6,15.231546
4,32,32.249031
-7,-11,13.038405
20,24,31.240999
15,25,29.154759
42,-30,51.613952
21,19,28.319605
-17,15,22.671568
10,22,24.166092
-1,13,13.038405
9,-23,24.698178
-13,-15,19.849433
-7,-29,29.832868
5,11,12.083046
-8,18,19.697716
-39,-3,39.115214
-6,30,30.594117
29,21,35.805028
22,-18,28.425341
7,17,18.384776
5,39,39.319207
6,12,13.416408
15,27,30.886890
-8,18,19.697716
-39,-5,39.319207
1,15,15.033296
21,21,29.698485
8,-24,25.298221
-33,-39,51.088159
-3,-9,9.486833
21,43,47.853944
49,-25,55.009090
-1,-7,7.071068
-32,20,37.735925
20,26,32.802439
-37,-5,37.336309
35,-15,38.078866
-3,27,27.166155
0,16,16.000000
12,30,32.310989
7,-15,16.552945
-43,-5,43.289722
23,31,38.600518
-39,-17,42.544095
25,1,25.019992
28,10,29.732137
-9,15,17.492856
-9,25,26.570661
-20,-22,29.732137
20,16,25.612497
16,24,28.844410
17,-15,22.671568
-7,-9,11.401754
24,24,33.941125
19,-7,20.248457
5,-1,5.099020
12,-2,12.165525
-25,-21,32.649655
-18,0,18.000000
-19,15,24.207437
35,-19,39.824616
-30,10,31.622777
11,11,15.556349
-20,-14,24.413111
-21,-19,28.319605
12,18,21.633308
-20,-4,20.396078
-10,-24,26.000000
14,22,26.076810
-13,21,24.698178
-5,37,37.336309
30,24,38.418745
21,-15,25.806976
17,41,44.384682
-1,41,41.012193
-2,-12,12.165525
14,-8,16.124515
-6,26,26.683328
-45,29,53.535035
9,-23,24.698178
-20,36,41.182521
-5,-5,7.071068
-39,-9,40.024992
9,3,9.486833
1,-29,29.017236
-60,18,62.641839
1,17,17.029386
-6,-26,26.683328
12,22,25.059928
-48,-4,48.166378
9,-9,12.727922
2,-50,50.039984
-5,41,41.303753
-4,8,8.944272
24,56,60.926185
-8,30,31.048349
-32,32,45.254834
24,42,48.373546
18,-38,42.047592
1,1,1.414214
-44,-12,45.607017
-24,14,27.784888
-1,-17,17.029386
13,17,21.400935
7,3,7.615773
9,-19,21.023796
25,-13,28.178006
-10,-16,18.867962
-4,-8,8.944272
11,-3,11.401754
10,-6,11.661904
-7,29,29.832868
-4,6,7.211103
-1,23,23.021729
-42,16,44.944410
5,3,5.830952
-18,-26,31.622777
12,4,12.649111
16,-6,17.088007
-1,-3,3.162278
-4,-2,4.472136
-11,13,17.029386
-23,29,37.013511
-2,-26,26.076810
6,8,10.000000
-12,36,37.947332
16,-14,21.260292
-26,-10,27.856777
-23,3,23.194827
-23,1,23.021729
14,-6,15.231546
-41,-15,43.657760
31,-19,36.359318
17,-13,21.400935
12,-32,34.176015
10,-4,10.770330
-52,28,59.059292
-11,17,20.248457
-6,4,7.211103
0,6,6.000000
8,16,17.888544
-15,-15,21.213203
-34,-6,34.525353
27,-17,31.906112
1,17,17.029386
25,-13,28.178006
53,-21,57.008771
-13,33,35.468296
35,45,57.008771
-23,27,35.468296
16,36,39.395431
-31,19,36.359318
38,-8,38.832976
5,-25,25.495098
-30,32,43.863424
47,35,58.600341
-20,0,20.000000
-29,13,31.780497
21,7,22.135944
-7,-3,7.615773
-3,-23,23.194827
33,1,33.015148
-4,-12,12.649111
-15,-23,27.459060
-54,28,60.827625
16,-12,20.000000
13,13,18.384776
17,-11,20.248457
15,-9,17.492856
15,-11,18.601075
7,25,25.961510
-1,-9,9.055385
-44,12,45.607017
-21,-1,21.023796
-11,-25,27.313001
-30,-14,33.105891
22,-14,26.076810
-10,-12,15.620499
-48,24,53.665631
23,-21,31.144823
29,7,29.832868
-26,-14,29.529646
16,-14,21.260292
-15,-9,17.492856
8,32,32.984845
15,35,38.078866
-9,-39,40.024992
31,37,48.270074
-5,7,8.602325
13,-35,37.336309
9,21,22.847319
10,-52,52.952809
15,-9,17.492856
-20,8,21.540659
-16,18,24.083189
3,-9,9.486833
-27,-49,55.946403
11,-1,11.045361
3,43,43.104524
4,2,4.472136
21,-15,25.806976
15,31,34.438351
30,-6,30.594117
-25,-29,38.288379
-54,22,58.309519
-41,-33,52.630789
20,-22,29.732137
-10,-44,45.122057
5,21,21.587033
9,-3,9.486833
15,27,30.886890
-12,-12,16.970563
18,14,22.803509
0,-2,2.000000
15,3,15.297059
26,-32,41.231056
-20,-50,53.851648
11,23,25.495098
26,-24,35.383612
14,-6,15.231546
3,17,17.262677
18,0,18.000000
-26,-46,52.839379
-21,25,32.649655
-36,6,36.496575
-28,-2,28.071338
-38,18,42.047592
66,12,67.082039
11,41,42.449971
17,-15,22.671568
-1,47,47.010637
2,8,8.246211
-4,2,4.472136
-14,2,14.142136
17,1,17.029386
-11,-9,14.212670
-35,37,50.931326
-14,0,14.000000
-22,-42,47.413078
31,3,31.144823
-25,-17,30.232433
1,-47,47.010637
21,33,39.115214
38,16,41.231056
-2,-32,32.062439
-5,23,23.537205
20,22,29.732137
4,28,28.284271
23,-9,24.698178
-28,20,34.409301
16,66,67.911707
1,1,1.414214
-18,16,24.083189
-47,-13,48.764741
-10,30,31.622777
-17,27,31.906112
-10,38,39.293765
-24,-4,24.331050
-25,7,25.961510
19,15,24.207437
-1,-41,41.012193
-59,17,61.400326
-31,19,36.359318
4,-2,4.472136
-20,28,34.409301
18,-26,31.622777
-8,-22,23.409400
12,36,37.947332
34,-10,35.440090
-7,-11,13.038405
57,37,67.955868
-19,13,23.021729
9,-21,22.847319
18,-14,22.803509
-57,19,60.083276
-9,9,12.727922
-6,-10,11.661904
29,-17,33.615473
56,-16,58.240879
8,-16,17.888544
23,19,29.832868
11,-19,21.954498
25,19,31.400637
-24,10,26.000000
18,4,18.439089
25,1,25.019992
-38,44,58.137767
-14,24,27.784888
-44,2,44.045431
21,-17,27.018512
-13,-11,17.029386
-1,7,7.071068
-20,-20,28.284271
-6,-64,64.280635
11,-11,15.556349
14,-30,33.105891
-6,-14,15.231546
-9,-39,40.024992
-8,26,27.202941
12,16,20.000000
23,11,25.495098
20,28,34.409301
11,-13,17.029386
-16,-16,22.627417
46,-28,53.851648
-12,-2,12.165525
6,-22,22.803509
4,20,20.396078
32,16,35.777088
7,-1,7.071068
0,-44,44.000000
26,26,36.769553
47,17,49.979996
4,-18,18.439089
-12,2,12.165525
-45,-13,46.840154
0,-6,6.000000
-15,-31,34.438351
8,-28,29.120440
-16,-2,16.124515
-18,2,18.110770
-6,8,10.000000
37,-1,37.013511
-3,41,41.109610
-9,23,24.698178
-22,26,34.058773
-19,-9,21.023796
39,-43,58.051701
11,-5,12.083046
-33,-13,35.468296
-14,-20,24.413111
38,-32,49.678969
-27,9,28.460499
13,-11,17.029386
-9,25,26.570661
-5,-43,43.289722
-2,10,10.198039
-14,32,34.928498
0,-40,40.000000
13,-13,18.384776
0,-12,12.000000
-6,12,13.416408
-2,-24,24.083189
15,-9,17.492856
32,16,35.777088
10,26,27.856777
-8,2,8.246211
22,-14,26.076810
-46,26,52.839379
-24,-18,30.000000
13,37,39.217343
-21,33,39.115214
5,-7,8.602325
-8,-32,32.984845
31,-15,34.438351
-39,-35,52.402290
34,4,34.234486
27,1,27.018512
-25,-23,33.970576
8,-42,42.755117
-16,-8,17.888544
-32,32,45.254834
19,-37,41.593269
-10,-54,54.918121
-54,-6,54.332311
12,12,16.970563
36,-24,43.266615
8,34,34.928498
-15,17,22.671568
-14,4,14.560220
-2,8,8.246211
36,-32,48.166378
-13,-7,14.764823
11,29,31.016125
-7,3,7.615773
-42,38,56.639209
-13,43,44.922155
6,28,28.635642
15,17,22.671568
-50,-8,50.635956
-9,-9,12.727922
9,23,24.698178
7,-1,7.071068
8,-38,38.832976
-6,14,15.231546
-29,-25,38.288379
4,12,12.649111
14,6,15.231546
18,24,30.000000
-4,-14,14.560220
1,-5,5.099020
-42,4,42.190046
-16,-20,25.612497
-9,-5,10.295630
-3,-9,9.486833
4,10,10.770330
14,0,14.000000
-25,-23,33.970576
-5,-25,25.495098
-19,33,38.078866
11,-35,36.687873
-17,-7,18.384776
-71,-1,71.007042
-24,6,24.738634
23,31,38.600518
5,1,5.099020
24,-4,24.331050
8,12,14.422205
22,28,35.608988
8,34,34.928498
52,-16,54.405882
-14,-4,14.560220
15,3,15.297059
-10,2,10.198039
30,28,41.036569
24,-12,26.832816
-29,-5,29.427878
-5,29,29.427878
-25,1,25.019992
10,-6,11.661904
-38,28,47.201695
-13,-25,28.178006
17,19,25.495098
-43,5,43.289722
-33,21,39.115214
33,35,48.104054
6,8,10.000000
20,-6,20.880613
-6,18,18.973666
19,-7,20.248457
-39,33,51.088159
-15,35,38.078866
-18,12,21.633308
-41,25,48.020829
-35,-3,35.128336
4,26,26.305893
-25,-15,29.154759
-7,-21,22.135944
1,-5,5.099020
3,3,4.242641
-6,16,17.088007
8,8,11.313708
-8,44,44.721360
-32,0,32.000000
-14,34,36.769553
21,21,29.698485
30,16,34.000000
-43,1,43.011626
-23,-3,23.194827
18,-10,20.591260
-5,3,5.830952
13,19,23.021729
11,3,11.401754
-42,-20,46.518813
-28,-20,34.409301
-31,-27,41.109610
52,34,62.128898
-27,-33,42.638011
17,-41,44.384682
0,14,14.000000
28,-10,29.732137
18,38,42.047592
4,-22,22.360680
-16,-12,20.000000
21,-39,44.294469
1,-1,1.414214
0,32,32.000000
-21,-17,27.018512
18,24,30.000000
8,-34,34.928498
-10,4,10.770330
26,2,26.076810
-19,-1,19.026298
-12,20,23.323808
-10,70,70.710678
-5,1,5.099020
15,-35,38.078866
28,0,28.000000
-27,5,27.459060
-10,28,29.732137
30,-12,32.310989
-37,13,39.217343
20,4,20.396078
0,0,0.000000
24,4,24.331050
-1,-7,7.071068
40,34,52.497619
-43,-13,44.922155
-28,12,30.463092
3,-7,7.615773
33,-35,48.104054
6,10,11.661904
7,-31,31.780497
1,7,7.071068
-30,-42,51.613952
10,-22,24.166092
-7,-39,39.623226
37,9,38.078866
25,-9,26.570661
-7,15,16.552945
39,-29,48.600412
12,20,23.323808
-21,11,23.706539
7,1,7.071068
23,3,23.194827
12,-12,16.970563
11,7,13.038405
-10,-10,14.142136
-4,-16,16.492423
25,9,26.570661
-12,14,18.439089
-16,-16,22.627417
-38,36,52.345009
-5,-5,7.071068
-26,14,29.529646
-18,18,25.455844
-4,24,24.331050
-30,-16,34.000000
-30,-20,36.055513
40,-18,43.863424
-40,-16,43.081318
-19,-31,36.359318
40,-8,40.792156
-35,-1,35.014283
0,-32,32.000000
2,10,10.198039
24,-22,32.557641
53,29,60.415230
-16,0,16.000000
-2,-38,38.052595
-13,-31,33.615473
-14,6,15.231546
14,-24,27.784888
-33,17,37.121422
17,-1,17.029386
-1,-1,1.414214
-21,29,35.805028
-8,4,8.944272
18,28,33.286634
3,13,13.341664
-18,18,25.455844
23,-9,24.698178
32,22,38.832976
-31,7,31.780497
-12,4,12.649111
-6,26,26.683328
15,-3,15.297059
-21,-5,21.587033
22,-4,22.360680
13,1,13.038405
17,33,37.121422
16,6,17.088007
38,28,47.201695
25,23,33.970576
-9,1,9.055385
14,6,15.231546
8,32,32.984845
-12,-4,12.649111
-44,-24,50.119856
-4,40,40.199502
16,-6,17.088007
0,28,28.000000
-53,-25,58.600341
-13,13,18.384776
-5,-29,29.427878
0,14,14.000000
-26,-26,36.769553
-15,1,15.033296
36,-20,41.182521
-11,3,11.401754
-4,-10,10.770330
-19,-15,24.207437
-16,-2,16.124515
-5,-9,10.295630
14,-6,15.231546
-35,39,52.402290
-3,1,3.162278
-2,32,32.062439
10,32,33.526109
15,-39,41.785165
-2,14,14.142136
-33,21,39.115214
14,26,29.529646
-3,33,33.136083
-9,-21,22.847319
-16,16,22.627417
36,-6,36.496575
55,-9,55.731499
-30,12,32.310989
-9,37,38.078866
-28,-6,28.635642
13,-13,18.384776
24,-22,32.557641
14,16,21.260292
9,1,9.055385
-7,13,14.764823
-7,-5,8.602325
-21,-21,29.698485
-19,31,36.359318
8,-26,27.202941
-1,19,19.026298
19,35,39.824616
-3,17,17.262677
15,19,24.207437
-10,-8,12.806248
3,5,5.830952
7,-27,27.892651
-27,-13,29.966648
-17,17,24.041631
-12,-72,72.993150
22,-30,37.202150
6,28,28.635642
15,-15,21.213203
16,-16,22.627417
6,-28,28.635642
25,21,32.649655
8,-4,8.944272
-18,8,19.697716
20,30,36.055513
-20,24,31.240999
27,5,27.459060
-31,-7,31.780497
9,73,73.552702
-11,-3,11.401754
5,-37,37.336309
21,5,21.587033
-13,7,14.764823
0,-22,22.000000
15,35,38.078866
53,7,53.460266
14,16,21.260292
9,11,14.212670
36,54,64.899923
-29,-43,51.865210
22,-4,22.360680
-19,-13,23.021729
-12,-30,32.310989
-3,-51,51.088159
51,-33,60.745370
3,15,15.297059
-16,44,46.818800
-2,54,54.037024
-2,4,4.472136
47,35,58.600341
-26,80,84.118963
-5,-7,8.602325
6,-20,20.880613
-6,26,26.683328
14,50,51.923020
39,17,42.544095
-14,8,16.124515
27,15,30.886890
-29,-33,43.931765
-30,2,30.066593
24,0,24.000000
-40,-20,44.721360
54,-24,59.093147
-23,13,26.419690
9,9,12.727922
39,-57,69.065187
-9,25,26.570661
20,-30,36.055513
37,-17,40.718546
11,-13,17.029386
21,29,35.805028
-12,-8,14.422205
11,-11,15.556349
7,25,25.961510
-33,-3,33.136083
24,10,26.000000
-5,33,33.376639
2,-18,18.110770
20,32,37.735925
-5,3,5.830952
4,14,14.560220
40,42,58.000000
-16,34,37.576588
18,-4,18.439089
20,4,20.396078
18,38,42.047592
-11,41,42.449971
-6,-2,6.324555
-6,-16,17.088007
-7,29,29.832868
-4,10,10.770330
-1,-35,35.014283
-17,29,33.615473
-48,-10,49.030603
-2,-14,14.142136
-18,-6,18.973666
-41,37,55.226805
2,16,16.124515
-11,-13,17.029386
7,-37,37.656341
-2,-8,8.246211
8,-14,16.124515
-17,11,20.248457
-24,44,50.119856
-9,-5,10.295630
-3,-17,17.262677
-34,8,34.928498
-4,-34,34.234486
25,13,28.178006
48,38,61.220911
28,-36,45.607017
37,-9,38.078866
-8,32,32.984845
4,2,4.472136
4,-4,5.656854
-1,9,9.055385
21,-17,27.018512
-23,-23,32.526912
-24,-8,25.298221
-1,-7,7.071068
3,25,25.179357
-5,-3,5.830952
6,-12,13.416408
5,27,27.459060
6,-30,30.594117
24,2,24.083189
4,8,8.944272
12,2,12.165525
4,-14,14.560220
-4,10,10.770330
-23,-7,24.041631
-4,36,36.221541
-12,-8,14.422205
-26,30,39.698866
25,1,25.019992
3,17,17.262677
-6,44,44.407207
40,20,44.721360
7,25,25.961510
7,-9,11.401754
24,-32,40.000000
15,57,58.940648
-19,-9,21.023796
31,15,34.438351
31,7,31.780497
-8,20,21.540659
7,33,33.734256
-51,-3,51.088159
29,-1,29.017236
-5,29,29.427878
3,15,15.297059
-8,-20,21.540659
15,-27,30.886890
-19,-1,19.026298
1,19,19.026298
-2,-10,10.198039
8,-14,16.124515
-13,-1,13.038405
28,6,28.635642
-2,18,18.110770
13,-35,37.336309
-12,-18,21.633308
9,31,32.280025
-18,18,25.455844
32,8,32.984845
9,21,22.847319
29,-17,33.615473
15,-49,51.244512
-1,-17,17.029386
5,-11,12.083046
-5,7,8.602325
15,15,21.213203
31,-9,32.280025
0,80,80.000000
1,23,23.021729
5,-35,35.355339
21,19,28.319605
7,5,8.602325
-8,34,34.928498
26,-28,38.209946
9,-5,10.295630
21,17,27.018512
-14,6,15.231546
0,-20,20.000000
-6,-8,10.000000
2,-20,20.099751
37,-35,50.931326
-11,-1,11.045361
-48,4,48.166378
-44,30,53.254108
30,-6,30.594117
19,-25,31.400637
-1,21,21.023796
-17,-11,20.248457
-10,-2,10.198039
35,17,38.910153
-40,-32,51.224994
12,-40,41.761226
16,52,54.405882
18,8,19.697716
-7,27,27.892651
-4,16,16.492423
-19,33,38.078866
-21,-5,21.587033
31,15,34.438351
25,-7,25.961510
-12,42,43.680659
-22,14,26.076810
-17,-33,37.121422
51,25,56.797887
26,-46,52.839379
-29,31,42.449971
-3,9,9.486833
-22,14,26.076810
6,-2,6.324555
2,32,32.062439
-28,12,30.463092
3,49,49.091751
4,-10,10.770330
-16,14,21.260292
24,4,24.331050
43,-25,49.739320
-18,-4,18.439089
-23,-5,23.537205
-4,22,22.360680
34,30,45.343136
-2,-14,14.142136
-25,-75,79.056942
11,17,20.248457
21,-19,28.319605
-19,-19,26.870058
6,10,11.661904
-15,21,25.806976
10,-16,18.867962
-2,4,4.472136
-12,-8,14.422205
-18,10,20.591260
19,11,21.954498
-2,-8,8.246211
37,37,52.325902
-41,-3,41.109610
19,13,23.021729
25,3,25.179357
-2,-14,14.142136
-34,42,54.037024
7,43,43.566042
-13,13,18.384776
-11,-29,31.016125
-45,17,48.104054
9,15,17.492856
11,-13,17.029386
-37,15,39.924930
18,16,24.083189
2,28,28.071338
-15,15,21.213203
-17,-19,25.495098
-36,-6,36.496575
8,8,11.313708
4,-22,22.360680
-14,0,14.000000
7,-9,11.401754
-14,-40,42.379240
13,-29,31.780497
13,-33,35.468296
10,0,10.000000
30,22,37.202150
-2,-32,32.062439
20,-48,52.000000
-11,19,21.954498
-24,-22,32.557641
22,18,28.425341
10,-30,31.622777
17,-13,21.400935
-11,29,31.016125
25,23,33.970576
-9,-11,14.212670
-28,-26,38.209946
-31,-21,37.443290
-40,-22,45.650849
2,38,38.052595
-10,0,10.000000
2,-16,16.124515
27,-23,35.468296
27,5,27.459060
20,-12,23.323808
3,29,29.154759
55,-21,58.872744
-52,20,55.713553
-3,37,37.121422
10,-22,24.166092
8,-4,8.944272
10,-4,10.770330
18,-34,38.470768
19,1,19.026298
-25,13,28.178006
50,-14,51.923020
0,-14,14.000000
23,7,24.041631
28,0,28.000000
-30,-8,31.048349
29,9,30.364453
-2,24,24.083189
-30,-2,30.066593
33,41,52.630789
-8,0,8.000000
-5,-25,25.495098
-29,23,37.013511
13,-3,13.341664
-15,45,47.434165
-10,-4,10.770330
15,25,29.154759
3,9,9.486833
-32,14,34.928498
-2,-18,18.110770
-10,10,14.142136
-6,-28,28.635642
33,9,34.205263
5,-5,7.071068
10,-36,37.363083
20,10,22.360680
27,1,27.018512
-3,15,15.297059
9,-9,12.727922
-7,41,41.593269
14,-14,19.798990
4,-28,28.284271
-23,15,27.459060
-18,-38,42.047592
8,-8,11.313708
-10,4,10.770330
10,-38,39.293765
-22,2,22.090722
-22,32,38.832976
-26,0,26.000000
28,44,52.153619
30,10,31.622777
0,-10,10.000000
-36,-34,49.517674
1,19,19.026298
-38,-32,49.678969
14,-10,17.204651
-10,-18,20.591260
13,-33,35.468296
49,17,51.865210
6,48,48.373546
38,0,38.000000
-8,-10,12.806248
8,-2,8.246211
-11,29,31.016125
-13,1,13.038405
-17,5,17.720045
28,-36,45.607017
22,-2,22.090722
13,27,29.966648
24,32,40.000000
30,-24,38.418745
1,33,33.015148
11,13,17.029386
2,8,8.246211
-7,27,27.892651
17,3,17.262677
9,-47,47.853944
-8,-14,16.124515
-31,33,45.276926
35,-1,35.014283
4,12,12.649111
-7,-21,22.135944
9,11,14.212670
27,23,35.468296
-4,24,24.331050
5,-25,25.495098
-24,38,44.944410
39,33,51.088159
-3,-39,39.115214
-2,-20,20.099751
18,14,22.803509
23,3,23.194827
2,-14,14.142136
5,-21,21.587033
-35,-11,36.687873
18,42,45.694639
2,18,18.110770
8,16,17.888544
10,4,10.770330
-15,57,58.940648
-12,14,18.439089
5,27,27.459060
-11,-45,46.324939
-7,-5,8.602325
3,41,41.109610
-19,-27,33.015148
-6,-32,32.557641
23,37,43.566042
41,9,41.976184
25,-49,55.009090
8,-14,16.124515
48,-22,52.801515
-5,51,51.244512
22,2,22.090722
39,-27,47.434165
0,-12,12.000000
22,-18,28.425341
21,13,24.698178
-18,-20,26.907248
9,23,24.698178
6,-16,17.088007
18,-14,22.803509
10,8,12.806248
6,-18,18.973666
24,-8,25.298221
15,19,24.207437
-9,-11,14.212670
-20,0,20.000000
11,15,18.601075
-12,-34,36.055513
-1,1,1.414214
8,-12,14.422205
-45,11,46.324939
-10,-18,20.591260
6,4,7.211103
-4,14,14.560220
-12,2,12.165525
-2,0,2.000000
-53,-9,53.758720
-29,5,29.427878
9,21,22.847319
-21,-61,64.513564
27,37,45.803930
8,-14,16.124515
0,16,16.000000
10,-8,12.806248
-26,-2,26.076810
-6,-2,6.324555
3,3,4.242641
-4,-18,18.439089
2,0,2.000000
-18,24,30.000000
-40,24,46.647615
-6,-24,24.738634
-26,50,56.356011
17,-1,17.029386
-49,-13,50.695167
-32,-38,49.678969
4,-32,32.249031
17,-5,17.720045
-6,-10,11.661904
-22,-24,32.557641
-34,14,36.769553
-2,10,10.198039
28,-38,47.201695
13,-23,26.419690
-4,18,18.439089
6,-28,28.635642
8,-6,10.000000
0,10,10.000000
-5,33,33.376639
-34,2,34.058773
15,-1,15.033296
-7,19,20.248457
5,-7,8.602325
19,17,25.495098
-12,-54,55.317267
14,14,19.798990
11,7,13.038405
-10,10,14.142136
20,12,23.323808
-18,-2,18.110770
-44,4,44.181444
15,-11,18.601075
23,-7,24.041631
12,-20,23.323808
5,19,19.646883
0,6,6.000000
1,5,5.099020
-11,1,11.045361
-4,38,38.209946
-4,42,42.190046
-11,9,14.212670
13,25,28.178006
9,-35,36.138622
3,9,9.486833
17,-27,31.906112
-41,-9,41.976184
-15,-17,22.671568
0,-32,32.000000
-41,-17,44.384682
-18,-34,38.470768
15,7,16.552945
-1,-1,1.414214
14,-22,26.076810
-1,21,21.023796
-3,-15,15.297059
8,22,23.409400
-27,-33,42.638011
-3,7,7.615773
39,27,47.434165
-27,-21,34.205263
-23,29,37.013511
-31,-7,31.780497
-9,5,10.295630
-2,-16,16.124515
-2,-30,30.066593
-1,-31,31.016125
-5,21,21.587033
-16,-22,27.202941
-14,-16,21.260292
5,-39,39.319207
-27,-21,34.205263
6,18,18.973666
14,20,24.413111
-9,9,12.727922
8,-16,17.888544
33,3,33.136083
-4,-14,14.560220
6,0,6.000000
-23,-31,38.600518
23,35,41.880783
-26,16,30.528675
-20,14,24.413111
20,24,31.240999
-8,-26,27.202941
-2,64,64.031242
-27,-7,27.892651
31,43,53.009433
-11,33,34.785054
-19,-21,28.319605
-20,-22,29.732137
9,5,10.295630
-13,-19,23.021729
-12,-8,14.422205
18,6,18.973666
12,6,13.416408
-28,14,31.304952
22,-16,27.202941
-24,-34,41.617304
-2,-8,8.246211
-16,-24,28.844410
-23,9,24.698178
0,-30,30.000000
15,25,29.154759
13,-3,13.341664
-15,-11,18.601075
-4,-22,22.360680
-17,-5,17.720045
-9,-45,45.891176
10,-12,15.620499
-30,-6,30.594117
19,35,39.824616
-4,-10,10.770330
-20,-20,28.284271
27,3,27.166155
-6,54,54.332311
23,-17,28.600699
-5,19,19.646883
5,-5,7.071068
-10,12,15.620499
-26,-6,26.683328
-4,-4,5.656854
6,4,7.211103
13,33,35.468296
3,-35,35.128336
-11,47,48.270074
-24,-12,26.832816
12,-2,12.165525
5,3,5.830952
0,18,18.000000
-32,-32,45.254834
-7,9,11.401754
-17,17,24.041631
-11,15,18.601075
21,11,23.706539
0,32,32.000000
-33,-13,35.468296
22,10,24.166092
22,-8,23.409400
4,-38,38.209946
41,-15,43.657760
52,-14,53.851648
-25,23,33.970576
-9,1,9.055385
39,43,58.051701
-20,-14,24.413111
6,34,34.525353
-14,2,14.142136
16,6,17.088007
-5,17,17.720045
-15,-17,22.671568
22,14,26.076810
5,-57,57.218878
10,0,10.000000
-6,2,6.324555
32,-14,34.928498
-37,9,38.078866
15,-45,47.434165
-12,24,26.832816
-10,18,20.591260
-9,-5,10.295630
-54,4,54.147945
-28,-24,36.878178
-30,10,31.622777
32,-24,40.000000
-10,30,31.622777
19,31,36.359318
-17,-25,30.232433
7,35,35.693137
-25,-7,25.961510
-2,-22,22.090722
-26,20,32.802439
-6,26,26.683328
-1,5,5.099020
20,-26,32.802439
14,4,14.560220
28,34,44.045431
19,-15,24.207437
8,20,21.540659
1,37,37.013511
-5,25,25.495098
19,39,43.382024
6,-6,8.485281
-7,27,27.892651
-7,-9,11.401754
-20,4,20.396078
-11,-13,17.029386
8,52,52.611786
7,31,31.780497
-14,16,21.260292
-28,6,28.635642
-11,-11,15.556349
-6,-20,20.880613
-3,-39,39.115214
2,-24,24.083189
27,-7,27.892651
-20,16,25.612497
-26,-2,26.076810
-21,-5,21.587033
-32,10,33.526109
12,-4,12.649111
33,-7,33.734256
24,-28,36.878178
-1,-19,19.026298
-17,3,17.262677
32,14,34.928498
7,-31,31.780497
12,8,14.422205
3,7,7.615773
10,26,27.856777
-6,40,40.447497
-17,29,33.615473
5,-45,45.276926
16,-18,24.083189
17,-33,37.121422
18,16,24.083189
29,21,35.805028
-18,20,26.907248
38,-28,47.201695
12,26,28.635642
-3,13,13.341664
2,-10,10.198039
0,-18,18.000000
-8,-2,8.246211
4,-18,18.439089
-38,26,46.043458
25,11,27.313001
16,14,21.260292
-6,-14,15.231546
-11,-7,13.038405
34,-4,34.234486
-38,6,38.470768
1,15,15.033296
-14,6,15.231546
36,10,37.363083
-18,8,19.697716
-6,-14,15.231546
20,-22,29.732137
-10,-8,12.806248
24,-10,26.000000
-4,-16,16.492423
31,21,37.443290
10,-16,18.867962
-2,22,22.090722
1,-9,9.055385
-19,-33,38.078866
-17,-37,40.718546
-14,-10,17.204651
-12,-14,18.439089
21,1,21.023796
-43,-25,49.739320
17,-17,24.041631
4,2,4.472136
-3,-3,4.242641
-5,-43,43.289722
-9,37,38.078866
-27,-11,29.154759
13,-23,26.419690
-1,-13,13.038405
21,31,37.443290
-8,6,10.000000
-16,-4,16.492423
-29,-5,29.427878
1,35,35.014283
-7,-15,16.552945
13,11,17.029386
-4,-24,24.331050
37,-1,37.013511
-9,13,15.811388
48,10,49.030603
47,-17,49.979996
-17,-33,37.121422
-10,8,12.806248
2,8,8.246211
-18,-6,18.973666
-16,-16,22.627417
8,16,17.888544
-27,15,30.886890
-6,-20,20.880613
4,20,20.396078
16,-12,20.000000
-26,38,46.043458
9,17,19.235384
12,2,12.165525
-28,34,44.045431
27,-25,36.796739
-32,42,52.801515
-14,-14,19.798990
-19,3,19.235384
35,15,38.078866
-19,23,29.832868
0,4,4.000000
22,-32,38.832976
-14,-34,36.769553
9,13,15.811388
4,20,20.396078
7,-1,7.071068
12,-2,12.165525
4,8,8.944272
11,21,23.706539
-22,10,24.166092
7,-17,18.384776
-58,-44,72.801099
15,-19,24.207437
-13,-39,41.109610
3,3,4.242641
-11,11,15.556349
-17,-5,17.720045
-8,-6,10.000000
10,-24,26.000000
-6,-16,17.088007
34,16,37.576588
-3,-33,33.136083
6,-4,7.211103
12,-22,25.059928
-8,42,42.755117
-1,-5,5.099020
-5,25,25.495098
-15,11,18.601075
28,-10,29.732137
-16,-34,37.576588
25,-3,25.179357
9,15,17.492856
-35,51,61.854668
33,-5,33.376639
-8,42,42.755117
-40,18,43.863424
-18,54,56.920998
23,5,23.537205
7,23,24.041631
-14,2,14.142136
-4,-8,8.944272
-11,-7,13.038405
1,-17,17.029386
-7,-5,8.602325
-1,21,21.023796
0,-62,62.000000
-14,18,22.803509
27,25,36.796739
23,-23,32.526912
26,4,26.305893
19,-29,34.669872
11,-23,25.495098
-16,-22,27.202941
-9,1,9.055385
-12,-14,18.439089
-23,-25,33.970576
-11,-15,18.601075
14,-62,63.560994
17,-25,30.232433
-6,10,11.661904
27,21,34.205263
-22,-18,28.425341
-3,-9,9.486833
-29,43,51.865210
-23,-11,25.495098
-4,-8,8.944272
19,3,19.235384
19,-13,23.021729
17,3,17.262677
-16,2,16.124515
6,4,7.211103
-4,-16,16.492423
-20,0,20.000000
-22,-12,25.059928
6,24,24.738634
0,-24,24.000000
9,3,9.486833
18,2,18.110770
-17,-9,19.235384
20,12,23.323808
-11,27,29.154759
10,18,20.591260
22,16,27.202941
-11,-3,11.401754
15,3,15.297059
17,-17,24.041631
-24,-12,26.832816
19,-25,31.400637
36,38,52.345009
34,0,34.000000
7,-51,51.478151
-1,17,17.029386
19,-9,21.023796
40,-38,55.172457
16,-18,24.083189
10,26,27.856777
-14,8,16.124515
44,-14,46.173586
6,2,6.324555
15,41,43.657760
-2,-8,8.246211
-29,49,56.938563
13,27,29.966648
-5,-3,5.830952
-59,-9,59.682493
-7,5,8.602325
-7,45,45.541190
38,-12,39.849718
-4,-22,22.360680
11,15,18.601075
-23,-29,37.013511
13,13,18.384776
-19,-3,19.235384
-13,23,26.419690
-24,-4,24.331050
28,14,31.304952
14,-34,36.769553
-1,-27,27.018512
47,39,61.073726
-49,-1,49.010203
23,-5,23.537205
-34,20,39.446166
22,22,31.112698
23,-15,27.459060
4,-4,5.656854
-16,30,34.000000
-1,-29,29.017236
-20,-28,34.409301
-7,-53,53.460266
-10,8,12.806248
21,-37,42.544095
11,-15,18.601075
34,26,42.801869
-47,19,50.695167
7,13,14.764823
23,25,33.970576
9,-17,19.235384
19,17,25.495098
-42,-26,49.396356
-14,14,19.798990
17,-31,35.355339
-8,-38,38.832976
-27,-5,27.459060
-19,-31,36.359318
31,-7,31.780497
-7,33,33.734256
5,33,33.376639
4,38,38.209946
-1,-17,17.029386
-26,-14,29.529646
-19,-39,43.382024
-5,13,13.928388
23,31,38.600518
20,-4,20.396078
2,24,24.083189
25,7,25.961510
-23,27,35.468296
27,1,27.018512
4,46,46.173586
8,-28,29.120440
-23,-7,24.041631
-29,37,47.010637
-3,15,15.297059
-27,-13,29.966648
23,11,25.495098
-4,-34,34.234486
25,-1,25.019992
0,-6,6.000000
-7,25,25.961510
-45,-5,45.276926
-40,-16,43.081318
3,37,37.121422
12,20,23.323808
-21,9,22.847319
-27,-21,34.205263
3,13,13.341664
74,30,79.849859
-10,-18,20.591260
2,20,20.099751
-36,14,38.626416
-35,9,36.138622
26,-20,32.802439
13,-21,24.698178
7,-15,16.552945
1,25,25.019992
-30,12,32.310989
-12,-24,26.832816
30,4,30.265492
-51,25,56.797887
-9,15,17.492856
-27,11,29.154759
4,-20,20.396078
-8,2,8.246211
-14,4,14.560220
-8,-8,11.313708
19,-23,29.832868
20,10,22.360680
13,13,18.384776
-39,-55,67.424031
-5,-25,25.495098
-33,-19,38.078866
8,-8,11.313708
25,17,30.232433
12,22,25.059928
-30,-8,31.048349
52,-16,54.405882
31,9,32.280025
-34,-2,34.058773
33,-13,35.468296
-12,20,23.323808
22,4,22.360680
-34,-10,35.440090
25,-45,51.478151
2,-26,26.076810
1,-15,15.033296
-19,-1,19.026298
-29,13,31.780497
29,33,43.931765
-18,14,22.803509
12,-4,12.649111
-12,20,23.323808
-2,8,8.246211
35,-29,45.453273
13,-7,14.764823
15,-7,16.552945
3,-5,5.830952
-14,14,19.798990
15,-61,62.817195
-14,-2,14.142136
22,12,25.059928
35,11,36.687873
23,5,23.537205
-15,9,17.492856
23,-3,23.194827
1,-13,13.038405
-4,-8,8.944272
-7,-13,14.764823
17,-13,21.400935
-15,-45,47.434165
-19,15,24.207437
7,25,25.961510
-15,17,22.671568
1,9,9.055385
6,4,7.211103
-14,40,42.379240
6,24,24.738634
-54,50,73.593478
-3,-33,33.136083
11,7,13.038405
18,-12,21.633308
0,14,14.000000
60,-16,62.096699
20,22,29.732137
-21,25,32.649655
0,8,8.000000
-27,35,44.204072
5,31,31.400637
10,10,14.142136
19,3,19.235384
15,-15,21.213203
-3,15,15.297059
-13,19,23.021729
27,-43,50.774009
45,-25,51.478151
-14,-14,19.798990
12,-4,12.649111
26,20,32.802439
-16,-10,18.867962
-4,4,5.656854
-39,35,52.402290
-31,-11,32.893768
-43,-21,47.853944
-15,-11,18.601075
-17,39,42.544095
2,26,26.076810
-6,10,11.661904
2,32,32.062439
-73,-27,77.833155
34,22,40.496913
10,-20,22.360680
-12,-18,21.633308
-22,2,22.090722
-15,25,29.154759
0,32,32.000000
21,-1,21.023796
-10,2,10.198039
-40,20,44.721360
29,31,42.449971
-16,52,54.405882
-9,1,9.055385
13,27,29.966648
-18,-12,21.633308
-45,-9,45.891176
-8,58,58.549125
29,-9,30.364453
-19,-7,20.248457
13,29,31.780497
16,-6,17.088007
26,-4,26.305893
-10,18,20.591260
-26,-12,28.635642
21,5,21.587033
18,16,24.083189
-9,-7,11.401754
3,23,23.194827
-26,4,26.305893
1,5,5.099020
12,-4,12.649111
29,11,31.016125
2,14,14.142136
18,-4,18.439089
-6,-24,24.738634
3,-45,45.099889
-1,15,15.033296
-3,11,11.401754
-32,14,34.928498
0,24,24.000000
2,8,8.246211
5,1,5.099020
12,26,28.635642
51,-33,60.745370
22,-8,23.409400
17,-17,24.041631
0,56,56.000000
6,52,52.345009
33,-53,62.433965
-17,11,20.248457
17,75,76.902536
-20,-16,25.612497
8,30,31.048349
-5,3,5.830952
-2,22,22.090722
18,-10,20.591260
0,6,6.000000
-23,-9,24.698178
8,-20,21.540659
-24,20,31.240999
21,35,40.816663
21,41,46.065171
-7,17,18.384776
2,-20,20.099751
-10,4,10.770330
16,-28,32.249031
9,-5,10.295630
24,16,28.844410
11,25,27.313001
-37,-23,43.566042
-2,8,8.246211
31,3,31.144823
37,39,53.758720
-38,22,43.908997
-2,12,12.165525
-12,18,21.633308
-8,-38,38.832976
-4,4,5.656854
43,19,47.010637
-8,24,25.298221
28,-32,42.520583
11,-51,52.172790
-2,6,6.324555
-12,-24,26.832816
-4,10,10.770330
6,-8,10.000000
-20,32,37.735925
-33,19,38.078866
-33,-11,34.785054
4,58,58.137767
0,-14,14.000000
36,22,42.190046
32,-48,57.688820
15,15,21.213203
27,1,27.018512
-31,-1,31.016125
15,11,18.601075
7,15,16.552945
27,-7,27.892651
11,9,14.212670
-15,-5,15.811388
-29,59,65.741920
10,0,10.000000
-2,-22,22.090722
-16,-10,18.867962
-15,27,30.886890
31,63,70.213959
-26,-14,29.529646
-2,36,36.055513
-9,5,10.295630
-25,-7,25.961510
-3,-23,23.194827
22,-14,26.076810
9,-29,30.364453
30,42,51.613952
-5,9,10.295630
-8,26,27.202941
22,34,40.496913
30,16,34.000000
-16,-14,21.260292
-27,39,47.434165
35,7,35.693137
11,7,13.038405
13,-3,13.341664
2,-18,18.110770
14,-12,18.439089
5,25,25.495098
-4,-12,12.649111
19,-39,43.382024
-6,-40,40.447497
18,-28,33.286634
-23,11,25.495098
6,0,6.000000
18,-2,18.110770
-24,0,24.000000
-19,5,19.646883
18,12,21.633308
-17,-31,35.355339
-3,-17,17.262677
7,-15,16.552945
32,-12,34.176015
12,-26,28.635642
-21,1,21.023796
-7,-51,51.478151
-26,-12,28.635642
6,6,8.485281
3,-1,3.162278
-5,21,21.587033
6,18,18.973666
-7,-3,7.615773
15,11,18.601075
-14,-12,18.439089
-4,46,46.173586
17,13,21.400935
-40,30,50.000000
-42,14,44.271887
17,-65,67.186308
-1,17,17.029386
-3,-23,23.194827
-6,14,15.231546
23,3,23.194827
3,17,17.262677
14,-26,29.529646
15,-7,16.552945
-5,23,23.537205
-15,-21,25.806976
2,14,14.142136
-4,-20,20.396078
-19,-13,23.021729
-13,13,18.384776
0,18,18.000000
9,3,9.486833
5,-35,35.355339
38,16,41.231056
-13,19,23.021729
-2,34,34.058773
35,-17,38.910153
-10,8,12.806248
7,5,8.602325
-1,-39,39.012818
-10,4,10.770330
21,5,21.587033
-9,-31,32.280025
-32,38,49.678969
24,0,24.000000
3,-15,15.297059
22,24,32.557641
-13,31,33.615473
-2,-10,10.198039
2,34,34.058773
-26,30,39.698866
20,2,20.099751
38,-34,50.990195
-47,27,54.203321
22,24,32.557641
-2,8,8.246211
14,-36,38.626416
7,11,13.038405
8,-48,48.662100
34,6,34.525353
18,12,21.633308
2,-24,24.083189
13,-19,23.021729
-16,10,18.867962
-11,-1,11.045361
9,21,22.847319
7,5,8.602325
6,12,13.416408
-6,-18,18.973666
3,-21,21.213203
-25,41,48.020829
6,-12,13.416408
-12,24,26.832816
14,-16,21.260292
10,-6,11.661904
6,30,30.594117
-13,-9,15.811388
-6,-8,10.000000
-7,3,7.615773
-26,0,26.000000
50,-24,55.461698
22,16,27.202941
-29,-1,29.017236
28,-24,36.878178
57,25,62.241465
24,34,41.617304
-8,-10,12.806248
8,-6,10.000000
28,-40,48.826222
-10,0,10.000000
-10,16,18.867962
-36,10,37.363083
26,14,29.529646
-14,4,14.560220
-7,27,27.892651
-11,-23,25.495098
-17,-11,20.248457
-2,2,2.828427
20,-44,48.332184
-15,-1,15.033296
26,-10,27.856777
-7,21,22.135944
-17,-15,22.671568
-2,6,6.324555
34,8,34.928498
21,39,44.294469
-1,-27,27.018512
27,9,28.460499
3,65,65.069194
18,2,18.110770
27,21,34.205263
5,11,12.083046
-34,-10,35.440090
38,16,41.231056
-10,-14,17.204651
1,-19,19.026298
11,23,25.495098
6,-18,18.973666
-15,-13,19.849433
2,24,24.083189
46,16,48.703183
-17,11,20.248457
17,-13,21.400935
19,33,38.078866
-19,3,19.235384
-18,-28,33.286634
25,25,35.355339
9,1,9.055385
-5,-37,37.336309
-30,-48,56.603887
-20,4,20.396078
-31,11,32.893768
-30,64,70.682388
29,9,30.364453
24,-26,35.383612
-39,9,40.024992
-16,-10,18.867962
36,-8,36.878178
-39,-5,39.319207
61,51,79.511006
-2,-18,18.110770
-11,-45,46.324939
18,-34,38.470768
26,40,47.707442
19,3,19.235384
24,-12,26.832816
5,-29,29.427878
-15,15,21.213203
20,4,20.396078
-1,3,3.162278
36,4,36.221541
-22,10,24.166092
-46,4,46.173586
-28,-14,31.304952
-15,43,45.541190
5,3,5.830952
-20,8,21.540659
2,34,34.058773
-29,15,32.649655
18,28,33.286634
-48,0,48.000000
29,-27,39.623226
-14,-54,55.785303
11,45,46.324939
33,1,33.015148
-5,-27,27.459060
22,36,42.190046
33,33,46.669048
7,-21,22.135944
-17,-29,33.615473
5,5,7.071068
-14,-14,19.798990
5,-9,10.295630
20,-12,23.323808
7,11,13.038405
-10,-12,15.620499
0,26,26.000000
-20,-42,46.518813
-15,17,22.671568
24,26,35.383612
-1,-29,29.017236
-7,-5,8.602325
34,16,37.576588
47,-7,47.518417
33,-19,38.078866
36,-14,38.626416
26,-46,52.839379
29,25,38.288379
-1,-23,23.021729
-16,-6,17.088007
-6,30,30.594117
8,-52,52.611786
1,17,17.029386
-19,3,19.235384
9,3,9.486833
-38,14,40.496913
20,-4,20.396078
16,-4,16.492423
13,-51,52.630789
-9,-19,21.023796
-40,-56,68.818602
-35,-19,39.824616
14,-38,40.496913
6,16,17.088007
-26,-2,26.076810
-29,-7,29.832868
-14,-26,29.529646
-3,-11,11.401754
15,-27,30.886890
19,15,24.207437
9,11,14.212670
52,26,58.137767
-9,23,24.698178
10,24,26.000000
-28,-2,28.071338
-18,-6,18.973666
3,3,4.242641
24,6,24.738634
-25,43,49.739320
-9,-19,21.023796
-15,-37,39.924930
-17,15,22.671568
-21,-55,58.872744
30,16,34.000000
56,20,59.464275
42,-30,51.613952
-36,-36,50.911688
6,-12,13.416408
-13,-7,14.764823
5,-5,7.071068
-12,-24,26.832816
-13,-1,13.038405
7,-13,14.764823
27,-9,28.460499
19,-31,36.359318
10,18,20.591260
-29,-25,38.288379
-4,-16,16.492423
32,24,40.000000
24,34,41.617304
-35,-11,36.687873
27,33,42.638011
20,-2,20.099751
-20,10,22.360680
22,34,40.496913
1,9,9.055385
13,-9,15.811388
-32,-4,32.249031
16,-16,22.627417
10,4,10.770330
-19,-5,19.646883
-3,23,23.194827
-28,-2,28.071338
-16,18,24.083189
-15,-21,25.806976
-21,-5,21.587033
-23,7,24.041631
1,13,13.038405
4,6,7.211103
12,-40,41.761226
7,-23,24.041631
12,-14,18.439089
10,26,27.856777
-36,-32,48.166378
-5,-5,7.071068
15,-1,15.033296
-10,8,12.806248
10,6,11.661904
-12,34,36.055513
-16,30,34.000000
20,-16,25.612497
25,1,25.019992
-19,-47,50.695167
-11,29,31.016125
37,31,48.270074
-3,-29,29.154759
-11,-27,29.154759
-20,8,21.540659
15,17,22.671568
-16,10,18.867962
34,44,55.605755
-15,-21,25.806976
-35,23,41.880783
11,-13,17.029386
-11,33,34.785054
-2,22,22.090722
-9,-1,9.055385
18,2,18.110770
-14,6,15.231546
-29,3,29.154759
7,-39,39.623226
-3,27,27.166155
-77,-25,80.956779
16,4,16.492423
7,-27,27.892651
-33,39,51.088159
-22,6,22.803509
-3,-29,29.154759
48,10,49.030603
-7,-37,37.656341
4,18,18.439089
-24,-34,41.617304
17,13,21.400935
-13,-19,23.021729
22,-22,31.112698
20,-34,39.446166
-23,-45,50.537115
14,32,34.928498
2,-40,40.049969
-13,35,37.336309
-4,14,14.560220
-1,3,3.162278
-38,24,44.944410
6,-4,7.211103
25,37,44.654227
14,2,14.142136
-40,8,40.792156
-13,15,19.849433
-8,-16,17.888544
-38,-22,43.908997
29,37,47.010637
-51,17,53.758720
33,-1,33.015148
38,-12,39.849718
-6,-44,44.407207
-20,32,37.735925
31,-7,31.780497
31,27,41.109610
-18,18,25.455844
18,28,33.286634
-18,-16,24.083189
24,-10,26.000000
-1,-11,11.045361
-18,4,18.439089
-23,-23,32.526912
0,4,4.000000
-51,-27,57.706152
22,-12,25.059928
19,9,21.023796
-1,-7,7.071068
-25,1,25.019992
12,58,59.228372
10,2,10.198039
30,14,33.105891
26,20,32.802439
16,-6,17.088007
4,28,28.284271
-13,3,13.341664
-6,26,26.683328
-11,-13,17.029386
-10,-38,39.293765
1,41,41.012193
12,0,12.000000
-18,-8,19.697716
28,34,44.045431
7,-9,11.401754
-4,8,8.944272
22,-6,22.803509
2,16,16.124515
-24,-6,24.738634
-7,-7,9.899495
7,-19,20.248457
-3,27,27.166155
-18,10,20.591260
17,-57,59.481089
-7,-15,16.552945
-6,-40,40.447497
11,-23,25.495098
35,13,37.336309
11,-15,18.601075
48,-6,48.373546
7,-11,13.038405
27,-17,31.906112
31,15,34.438351
34,-12,36.055513
14,0,14.000000
18,2,18.110770
26,-36,44.407207
28,-4,28.284271
29,13,31.780497
5,-23,23.537205
2,28,28.071338
7,-7,9.899495
-4,-10,10.770330
-19,9,21.023796
-49,23,54.129474
5,-27,27.459060
14,0,14.000000
-30,2,30.066593
5,-17,17.720045
22,10,24.166092
0,2,2.000000
33,53,62.433965
-55,-29,62.177166
-18,4,18.439089
18,-36,40.249224
19,35,39.824616
16,12,20.000000
5,-5,7.071068
-17,-13,21.400935
-28,-14,31.304952
-1,-27,27.018512
13,13,18.384776
-9,11,14.212670
12,12,16.970563
10,48,49.030603
-7,13,14.764823
-14,20,24.413111
-10,-4,10.770330
23,9,24.698178
14,20,24.413111
14,6,15.231546
0,-4,4.000000
7,-3,7.615773
-17,19,25.495098
18,12,21.633308
-11,-9,14.212670
10,24,26.000000
-15,-13,19.849433
17,1,17.029386
-35,25,43.011626
25,-21,32.649655
2,2,2.828427
21,-15,25.806976
6,8,10.000000
-12,12,16.970563
-18,-12,21.633308
-2,8,8.246211
-4,18,18.439089
-58,26,63.560994
8,-30,31.048349
25,-1,25.019992
-30,-4,30.265492
-21,-13,24.698178
-34,-6,34.525353
4,22,22.360680
-2,48,48.041649
25,-9,26.570661
38,12,39.849718
11,-17,20.248457
-1,11,11.045361
-1,-43,43.011626
-1,7,7.071068
-15,3,15.297059
14,-34,36.769553
5,-5,7.071068
-32,-42,52.801515
-2,20,20.099751
-24,44,50.119856
-46,6,46.389654
-9,41,41.976184
12,6,13.416408
-15,1,15.033296
10,-18,20.591260
-16,10,18.867962
-15,13,19.849433
2,4,4.472136
8,16,17.888544
27,-3,27.166155
7,-3,7.615773
-1,9,9.055385
-17,7,18.384776
27,27,38.183766
2,44,44.045431
-4,-22,22.360680
28,24,36.878178
7,-3,7.615773
-14,32,34.928498
13,-15,19.849433
8,2,8.246211
5,61,61.204575
-14,-16,21.260292
-9,-23,24.698178
2,2,2.828427
7,-23,24.041631
26,10,27.856777
-20,44,48.332184
-9,19,21.023796
-26,32,41.231056
21,5,21.587033
-32,-46,56.035703
9,3,9.486833
-10,-16,18.867962
-7,-55,55.443665
16,-24,28.844410
3,-5,5.830952
-15,-1,15.033296
-20,16,25.612497
-2,-26,26.076810
-20,40,44.721360
14,16,21.260292
17,-19,25.495098
36,16,39.395431
-21,41,46.065171
-25,-19,31.400637
-16,-2,16.124515
-28,22,35.608988
24,-10,26.000000
-6,0,6.000000
30,36,46.861498
-18,-14,22.803509
9,-17,19.235384
17,5,17.720045
3,39,39.115214
4,56,56.142675
27,-19,33.015148
17,-5,17.720045
15,-69,70.611614
2,-42,42.047592
6,20,20.880613
4,-14,14.560220
18,6,18.973666
14,-12,18.439089
6,-18,18.973666
-7,45,45.541190
21,23,31.144823
-9,3,9.486833
-17,-5,17.720045
-24,18,30.000000
4,20,20.396078
-9,-25,26.570661
-4,-4,5.656854
9,3,9.486833
31,47,56.302753
-16,32,35.777088
3,43,43.104524
-15,-27,30.886890
0,34,34.000000
-25,-3,25.179357
-7,5,8.602325
2,10,10.198039
-29,23,37.013511
9,19,21.023796
8,-26,27.202941
0,-2,2.000000
0,0,0.000000
-11,-17,20.248457
42,-4,42.190046
-27,17,31.906112
-28,20,34.409301
-16,22,27.202941
10,-14,17.204651
-15,-25,29.154759
7,-11,13.038405
-16,-2,16.124515
-14,16,21.260292
0,20,20.000000
3,-17,17.262677
6,0,6.000000
36,-8,36.878178
-41,7,41.593269
17,31,35.355339
4,-28,28.284271
-10,-10,14.142136
-9,21,22.847319
-33,-19,38.078866
27,1,27.018512
6,-10,11.661904
-11,-29,31.016125
-13,-19,23.021729
-27,5,27.459060
0,8,8.000000
-36,-22,42.190046
26,-26,36.769553
-33,29,43.931765
39,51,64.202804
35,37,50.931326
-19,21,28.319605
-5,-11,12.083046
-32,2,32.062439
21,13,24.698178
9,7,11.401754
4,6,7.211103
16,2,16.124515
3,-7,7.615773
16,36,39.395431
-15,5,15.811388
-18,10,20.591260
-14,32,34.928498
3,-35,35.128336
9,-13,15.811388
-12,4,12.649111
-1,9,9.055385
31,-1,31.016125
26,8,27.202941
21,5,21.587033
17,-37,40.718546
-21,-43,47.853944
16,-6,17.088007
-12,-24,26.832816
5,-17,17.720045
22,-10,24.166092
-9,-19,21.023796
14,22,26.076810
-15,-13,19.849433
-21,11,23.706539
20,-6,20.880613
-12,-2,12.165525
-29,-11,31.016125
5,-29,29.427878
-23,-9,24.698178
-11,35,36.687873
-33,-41,52.630789
19,-15,24.207437
-6,28,28.635642
-3,-29,29.154759
50,22,54.626001
37,-3,37.121422
27,-55,61.269895
25,17,30.232433
-11,33,34.785054
9,41,41.976184
11,-13,17.029386
-24,46,51.884487
-22,2,22.090722
-16,-24,28.844410
-29,49,56.938563
-30,18,34.985711
-19,37,41.593269
-44,-22,49.193496
53,29,60.415230
-4,-20,20.396078
-5,15,15.811388
-4,12,12.649111
9,-49,49.819675
6,4,7.211103
26,-28,38.209946
-11,-5,12.083046
1,19,19.026298
-18,6,18.973666
-31,-33,45.276926
-10,26,27.856777
28,6,28.635642
20,12,23.323808
28,-6,28.635642
-31,-11,32.893768
19,9,21.023796
-1,13,13.038405
17,-17,24.041631
-1,17,17.029386
-22,-32,38.832976
-8,-6,10.000000
21,39,44.294469
-27,5,27.459060
10,-6,11.661904
25,1,25.019992
33,23,40.224371
19,41,45.188494
14,0,14.000000
18,44,47.539457
-19,-31,36.359318
35,11,36.687873
6,18,18.973666
3,-39,39.115214
-22,22,31.112698
34,12,36.055513
17,-13,21.400935
20,28,34.409301
-13,1,13.038405
7,23,24.041631
7,-13,14.764823
10,-38,39.293765
-10,-18,20.591260
-3,21,21.213203
5,35,35.355339
-38,18,42.047592
8,-18,19.697716
-16,-14,21.260292
-19,-53,56.302753
24,-2,24.083189
-5,13,13.928388
-31,-7,31.780497
21,27,34.205263
2,-26,26.076810
8,8,11.313708
-14,10,17.204651
-9,-31,32.280025
-41,9,41.976184
-26,-48,54.589376
10,-12,15.620499
-7,-13,14.764823
-41,-1,41.012193
0,2,2.000000
23,3,23.194827
18,34,38.470768
-26,48,54.589376
-14,-16,21.260292
12,-12,16.970563
23,-13,26.419690
10,26,27.856777
2,22,22.090722
-17,5,17.720045
36,-54,64.899923
-4,-10,10.770330
2,-18,18.110770
-34,-6,34.525353
-16,16,22.627417
3,13,13.341664
-59,-15,60.876925
-14,-46,48.083261
-4,8,8.944272
25,19,31.400637
14,-6,15.231546
-1,-13,13.038405
-13,-13,18.384776
-38,30,48.414874
5,-19,19.646883
-2,30,30.066593
1,1,1.414214
-19,-17,25.495098
15,-7,16.552945
75,19,77.369245
22,-6,22.803509
-18,-22,28.425341
-10,16,18.867962
-3,-19,19.235384
16,22,27.202941
-4,30,30.265492
1,-19,19.026298
39,37,53.758720
-30,2,30.066593
15,25,29.154759
-7,-9,11.401754
25,-17,30.232433
2,-26,26.076810
4,6,7.211103
-4,4,5.656854
3,25,25.179357
11,-31,32.893768
7,43,43.566042
20,6,20.880613
-5,15,15.811388
44,-12,45.607017
21,-3,21.213203
25,11,27.313001
21,51,55.154329
-16,-16,22.627417
-30,6,30.594117
-7,5,8.602325
4,8,8.944272
-4,-18,18.439089
-12,24,26.832816
0,-12,12.000000
20,24,31.240999
45,-1,45.011110
-1,-5,5.099020
24,-28,36.878178
-8,-52,52.611786
-30,-16,34.000000
13,-5,13.928388
-65,9,65.620119
-12,-6,13.416408
-2,-10,10.198039
0,2,2.000000
55,1,55.009090
20,-26,32.802439
8,-38,38.832976
-33,-25,41.400483
-1,9,9.055385
24,32,40.000000
2,-34,34.058773
26,16,30.528675
28,38,47.201695
-15,-23,27.459060
-3,5,5.830952
3,-29,29.154759
9,-7,11.401754
46,-10,47.074409
-6,42,42.426407
-9,15,17.492856
-16,32,35.777088
3,27,27.166155
-15,15,21.213203
13,41,43.011626
-21,-13,24.698178
7,-21,22.135944
-31,21,37.443290
-7,-7,9.899495
-16,-32,35.777088
0,-62,62.000000
-1,-39,39.012818
38,-14,40.496913
3,7,7.615773
41,-1,41.012193
0,-10,10.000000
-12,2,12.165525
9,13,15.811388
10,-20,22.360680
-4,-4,5.656854
5,3,5.830952
-6,-6,8.485281
30,-14,33.105891
17,61,63.324561
39,-19,43.382024
-4,-18,18.439089
22,-32,38.832976
31,13,33.615473
-24,-34,41.617304
-4,-38,38.209946
6,4,7.211103
3,-5,5.830952
-7,-1,7.071068
23,-43,48.764741
-24,18,30.000000
80,14,81.215762
-10,12,15.620499
-29,1,29.017236
10,28,29.732137
-4,-40,40.199502
-9,37,38.078866
29,-1,29.017236
15,11,18.601075
35,-13,37.336309
-35,-11,36.687873
-5,-11,12.083046
-4,-14,14.560220
26,-10,27.856777
26,38,46.043458
13,25,28.178006
30,22,37.202150
-13,-5,13.928388
-1,-7,7.071068
-3,9,9.486833
11,-13,17.029386
7,-17,18.384776
-26,-10,27.856777
-47,3,47.095647
-1,-9,9.055385
-23,-21,31.144823
24,34,41.617304
-40,14,42.379240
41,9,41.976184
19,3,19.235384
55,21,58.872744
22,-4,22.360680
44,-2,44.045431
-31,15,34.438351
-25,7,25.961510
22,-14,26.076810
23,-23,32.526912
11,7,13.038405
13,-15,19.849433
-16,2,16.124515
-8,-22,23.409400
-12,-4,12.649111
13,19,23.021729
13,-13,18.384776
-27,3,27.166155
-23,-9,24.698178
-9,17,19.235384
30,-28,41.036569
5,-1,5.099020
10,10,14.142136
-8,-10,12.806248
-7,17,18.384776
-14,8,16.124515
-31,-39,49.819675
37,29,47.010637
-44,-34,55.605755
-7,-43,43.566042
-8,20,21.540659
-28,6,28.635642
25,37,44.654227
-35,5,35.355339
-4,18,18.439089
13,-57,58.463664
-20,2,20.099751
5,21,21.587033
-7,-13,14.764823
-36,-30,46.861498
-1,15,15.033296
-6,-2,6.324555
3,-25,25.179357
0,16,16.000000
-32,22,38.832976
-8,4,8.944272
1,41,41.012193
-13,-13,18.384776
-21,-3,21.213203
-29,-3,29.154759
-11,7,13.038405
-29,9,30.364453
33,23,40.224371
-29,-25,38.288379
-14,4,14.560220
44,14,46.173586
-24,-14,27.784888
-2,10,10.198039
16,52,54.405882
-4,4,5.656854
-47,-27,54.203321
10,0,10.000000
0,4,4.000000
37,1,37.013511
-55,23,59.615434
15,13,19.849433
-2,-40,40.049969
-19,23,29.832868
-27,-17,31.906112
-52,8,52.611786
-2,10,10.198039
14,-18,22.803509
-39,21,44.294469
-5,-5,7.071068
1,23,23.021729
-7,23,24.041631
-27,9,28.460499
13,25,28.178006
6,10,11.661904
-21,-17,27.018512
-17,15,22.671568
-1,21,21.023796
-10,-14,17.204651
16,-44,46.818800
-17,-19,25.495098
23,9,24.698178
-13,9,15.811388
2,20,20.099751
-1,11,11.045361
23,25,33.970576
28,-60,66.211781
-27,-11,29.154759
-63,25,67.779053
-19,-5,19.646883
-3,13,13.341664
-48,0,48.000000
-5,15,15.811388
24,18,30.000000
-11,-15,18.601075
5,3,5.830952
-35,7,35.693137
35,31,46.754679
0,10,10.000000
10,22,24.166092
-3,-25,25.179357
-2,8,8.246211
-35,-11,36.687873
0,-6,6.000000
18,16,24.083189
3,-11,11.401754
-42,-8,42.755117
-27,11,29.154759
22,18,28.425341
3,41,41.109610
19,-23,29.832868
23,25,33.970576
-6,6,8.485281
25,1,25.019992
22,2,22.090722
1,17,17.029386
13,53,54.571055
12,14,18.439089
6,52,52.345009
9,51,51.788030
1,41,41.012193
-54,12,55.317267
10,2,10.198039
-48,2,48.041649
-11,21,23.706539
21,17,27.018512
26,20,32.802439
58,0,58.000000
6,-28,28.635642
-23,29,37.013511
23,15,27.459060
-55,-3,55.081757
11,-39,40.521599
-17,11,20.248457
-13,31,33.615473
-5,1,5.099020
5,-25,25.495098
-35,3,35.128336
8,-38,38.832976
-23,5,23.537205
22,30,37.202150
-14,22,26.076810
-22,32,38.832976
15,19,24.207437
-1,11,11.045361
7,-29,29.832868
-17,5,17.720045
-15,5,15.811388
37,7,37.656341
-5,13,13.928388
4,16,16.492423
2,-46,46.043458
-2,20,20.099751
-16,-32,35.777088
36,-34,49.517674
-6,-18,18.973666
-12,-28,30.463092
0,10,10.000000
32,16,35.777088
3,1,3.162278
6,32,32.557641
-28,0,28.000000
7,-27,27.892651
21,35,40.816663
26,-46,52.839379
5,5,7.071068
-34,8,34.928498
-22,34,40.496913
9,-11,14.212670
1,5,5.099020
53,-7,53.460266
23,-33,40.224371
44,-12,45.607017
29,-21,35.805028
26,-44,51.107729
-1,-11,11.045361
-11,-5,12.083046
2,-24,24.083189
23,21,31.144823
6,26,26.683328
7,-3,7.615773
29,13,31.780497
-4,-26,26.305893
-13,-21,24.698178
-9,-23,24.698178
6,-28,28.635642
-3,27,27.166155
-7,23,24.041631
-1,3,3.162278
-24,-4,24.331050
-4,-2,4.472136
-2,36,36.055513
-7,7,9.899495
17,-15,22.671568
-8,-34,34.928498
-22,-12,25.059928
-19,15,24.207437
13,1,13.038405
-11,19,21.954498
-15,-31,34.438351
23,7,24.041631
20,8,21.540659
13,47,48.764741
6,2,6.324555
11,-15,18.601075
14,-12,18.439089
29,-67,73.006849
36,-4,36.221541
31,13,33.615473
29,-19,34.669872
0,-20,20.000000
21,31,37.443290
37,-45,58.258047
9,-31,32.280025
26,-22,34.058773
0,-4,4.000000
-23,-15,27.459060
4,8,8.944272
20,4,20.396078
-15,23,27.459060
-3,31,31.144823
10,18,20.591260
-21,-9,22.847319
25,-15,29.154759
-4,-8,8.944272
-18,-12,21.633308
-48,-6,48.373546
3,5,5.830952
-29,-33,43.931765
30,12,32.310989
27,-23,35.468296
24,0,24.000000
40,22,45.650849
6,24,24.738634
-9,-1,9.055385
-6,20,20.880613
-9,-31,32.280025
-14,24,27.784888
11,-19,21.954498
0,-8,8.000000
-7,-25,25.961510
16,-30,34.000000
-7,1,7.071068
-36,-20,41.182521
-26,-2,26.076810
10,8,12.806248
15,35,38.078866
-31,19,36.359318
2,34,34.058773
-17,39,42.544095
-16,-20,25.612497
-9,-17,19.235384
-8,6,10.000000
41,-13,43.011626
-14,2,14.142136
-12,34,36.055513
-15,-13,19.849433
-11,-19,21.954498
19,17,25.495098
25,-27,36.796739
-28,2,28.071338
-11,-29,31.016125
0,-12,12.000000
-12,-8,14.422205
-30,-30,42.426407
-14,-28,31.304952
-3,-9,9.486833
-9,-3,9.486833
18,-14,22.803509
-7,17,18.384776
31,13,33.615473
-31,-7,31.780497
-18,48,51.264022
7,-23,24.041631
-7,-15,16.552945
-10,64,64.776539
-5,11,12.083046
21,25,32.649655
-22,18,28.425341
8,8,11.313708
21,21,29.698485
-30,-44,53.254108
-32,10,33.526109
53,-7,53.460266
-36,38,52.345009
-11,7,13.038405
46,-18,49.396356
31,-3,31.144823
32,-12,34.176015
1,21,21.023796
-20,18,26.907248
48,-48,67.882251
-34,-14,36.769553
-31,7,31.780497
-18,2,18.110770
-12,24,26.832816
12,6,13.416408
13,-5,13.928388
-18,24,30.000000
25,17,30.232433
3,15,15.297059
-3,3,4.242641
7,-25,25.961510
-16,0,16.000000
-6,-6,8.485281
19,-35,39.824616
-13,3,13.341664
29,1,29.017236
-23,-41,47.010637
18,14,22.803509
-33,-5,33.376639
31,-1,31.016125
29,17,33.615473
34,-4,34.234486
22,26,34.058773
22,4,22.360680
3,17,17.262677
-34,20,39.446166
-32,14,34.928498
-11,-1,11.045361
-17,35,38.910153
9,1,9.055385
11,-11,15.556349
25,-7,25.961510
-12,28,30.463092
-13,3,13.341664
-5,-21,21.587033
12,20,23.323808
-37,1,37.013511
-5,-13,13.928388
44,-18,47.539457
-32,-20,37.735925
-42,12,43.680659
29,9,30.364453
-22,-18,28.425341
-17,5,17.720045
-8,-12,14.422205
-6,4,7.211103
13,-3,13.341664
7,-23,24.041631
37,-1,37.013511
9,-27,28.460499
-44,-12,45.607017
-10,20,22.360680
-10,-10,14.142136
18,-8,19.697716
58,-6,58.309519
3,29,29.154759
-8,-26,27.202941
50,24,55.461698
-6,-16,17.088007
-10,12,15.620499
-15,19,24.207437
-28,-4,28.284271
-13,-1,13.038405
9,-1,9.055385
31,37,48.270074
-20,-10,22.360680
-35,55,65.192024
4,-20,20.396078
5,-33,33.376639
-1,3,3.162278
-41,25,48.020829
9,1,9.055385
-33,-7,33.734256
1,13,13.038405
-14,-36,38.626416
-6,-6,8.485281
-9,5,10.295630
4,24,24.331050
15,-53,55.081757
6,38,38.470768
-29,-13,31.780497
-2,-28,28.071338
4,-12,12.649111
18,8,19.697716
2,20,20.099751
7,3,7.615773
5,-19,19.646883
-16,34,37.576588
1,5,5.099020
27,1,27.018512
10,4,10.770330
2,-52,52.038447
9,-7,11.401754
5,7,8.602325
10,2,10.198039
21,-19,28.319605
-18,6,18.973666
-18,6,18.973666
-16,6,17.088007
-10,4,10.770330
-31,7,31.780497
35,-15,38.078866
29,5,29.427878
24,8,25.298221
8,6,10.000000
10,-36,37.363083
-33,21,39.115214
-18,8,19.697716
37,29,47.010637
24,-14,27.784888
-21,23,31.144823
15,-17,22.671568
21,11,23.706539
-46,-28,53.851648
22,-14,26.076810
44,-18,47.539457
-8,30,31.048349
-30,-34,45.343136
-20,34,39.446166
5,1,5.099020
-36,28,45.607017
26,-4,26.305893
16,-38,41.231056
35,21,40.816663
19,-11,21.954498
-8,14,16.124515
-6,-36,36.496575
-4,-14,14.560220
7,-19,20.248457
-25,23,33.970576
8,-26,27.202941
-35,27,44.204072
-14,-12,18.439089
-1,19,19.026298
-15,-33,36.249138
-28,-38,47.201695
37,-21,42.544095
26,10,27.856777
-29,27,39.623226
-7,-7,9.899495
-33,9,34.205263
-9,9,12.727922
-6,16,17.088007
1,-53,53.009433
-39,9,40.024992
5,-3,5.830952
-12,2,12.165525
30,-6,30.594117
43,51,66.708320
52,30,60.033324
-5,-17,17.720045
-19,13,23.021729
4,2,4.472136
16,-8,17.888544
30,-24,38.418745
13,-15,19.849433
3,43,43.104524
-13,23,26.419690
-11,1,11.045361
-2,-10,10.198039
-17,-39,42.544095
-8,4,8.944272
-7,13,14.764823
-20,-2,20.099751
42,-10,43.174066
-5,-33,33.376639
36,10,37.363083
-33,-19,38.078866
22,24,32.557641
-15,-29,32.649655
2,34,34.058773
15,7,16.552945
-8,2,8.246211
36,6,36.496575
0,-24,24.000000
21,-1,21.023796
6,0,6.000000
62,-40,73.783467
-4,16,16.492423
-4,-8,8.944272
-23,-3,23.194827
-22,12,25.059928
37,-15,39.924930
8,-22,23.409400
1,3,3.162278
-43,23,48.764741
12,-6,13.416408
28,-32,42.520583
-22,0,22.000000
-15,-7,16.552945
-10,-2,10.198039
-12,4,12.649111
1,43,43.011626
-11,-3,11.401754
-2,0,2.000000
52,-22,56.462377
-26,-20,32.802439
8,-10,12.806248
25,-9,26.570661
20,0,20.000000
10,12,15.620499
2,10,10.198039
36,-18,40.249224
-6,28,28.635642
8,-46,46.690470
15,35,38.078866
11,-7,13.038405
8,20,21.540659
18,26,31.622777
-9,-11,14.212670
41,1,41.012193
-28,6,28.635642
-24,12,26.832816
8,56,56.568542
-47,-11,48.270074
4,18,18.439089
-20,-18,26.907248
30,2,30.066593
-15,29,32.649655
-38,4,38.209946
-8,30,31.048349
-25,-11,27.313001
-4,-6,7.211103
6,-6,8.485281
-27,-11,29.154759
-31,-35,46.754679
7,37,37.656341
-27,-23,35.468296
8,42,42.755117
53,-23,57.775427
16,-12,20.000000
3,13,13.341664
-7,-1,7.071068
6,-14,15.231546
19,9,21.023796
-22,62,65.787537
13,49,50.695167
-17,-7,18.384776
16,26,30.528675
-16,-2,16.124515
-48,-18,51.264022
21,19,28.319605
-10,34,35.440090
-15,43,45.541190
37,19,41.593269
-2,24,24.083189
11,-25,27.313001
5,-7,8.602325
5,-45,45.276926
-12,18,21.633308
-12,-42,43.680659
11,5,12.083046
-8,14,16.124515
-18,8,19.697716
10,-36,37.363083
3,-19,19.235384
15,-7,16.552945
32,-2,32.062439
-24,-22,32.557641
3,41,41.109610
24,-6,24.738634
-31,21,37.443290
-9,-11,14.212670
8,-2,8.246211
-13,9,15.811388
-11,-27,29.154759
17,-3,17.262677
3,-23,23.194827
4,6,7.211103
-13,19,23.021729
10,-18,20.591260
13,31,33.615473
4,0,4.000000
20,-12,23.323808
16,32,35.777088
46,14,48.083261
-4,-16,16.492423
7,-3,7.615773
12,28,30.463092
-36,8,36.878178
47,-15,49.335586
-7,-51,51.478151
17,7,18.384776
-3,-29,29.154759
43,-19,47.010637
13,47,48.764741
-2,4,4.472136
-4,6,7.211103
-18,4,18.439089
40,-40,56.568542
14,2,14.142136
-14,14,19.798990
10,-16,18.867962
-16,18,24.083189
-12,-28,30.463092
16,-32,35.777088
-35,-27,44.204072
-7,-3,7.615773
4,6,7.211103
-4,50,50.159745
-2,6,6.324555
25,-5,25.495098
49,-9,49.819675
-6,30,30.594117
-13,3,13.341664
15,-3,15.297059
14,-20,24.413111
6,30,30.594117
-36,28,45.607017
-32,-8,32.984845
-37,-35,50.931326
17,-15,22.671568
1,29,29.017236
16,10,18.867962
-52,-24,57.271284
-52,4,52.153619
-8,-6,10.000000
-39,41,56.586217
4,42,42.190046
18,6,18.973666
4,-26,26.305893
-36,12,37.947332
-12,8,14.422205
25,-3,25.179357
-39,-7,39.623226
-2,0,2.000000
-2,-22,22.090722
-28,6,28.635642
3,-11,11.401754
17,-3,17.262677
19,-1,19.026298
-31,23,38.600518
25,5,25.495098
-9,-15,17.492856
13,-23,26.419690
33,-13,35.468296
-16,8,17.888544
47,-3,47.095647
0,-42,42.000000
13,-51,52.630789
-20,12,23.323808
12,4,12.649111
-17,29,33.615473
9,9,12.727922
-5,49,49.254441
8,8,11.313708
10,-10,14.142136
2,-6,6.324555
-13,-23,26.419690
8,28,29.120440
9,9,12.727922
0,14,14.000000
-2,-22,22.090722
-12,6,13.416408
11,1,11.045361
-15,-5,15.811388
15,29,32.649655
0,6,6.000000
24,-14,27.784888
-17,-17,24.041631
-20,-22,29.732137
8,22,23.409400
24,-20,31.240999
-7,-7,9.899495
12,28,30.463092
19,-7,20.248457
-11,1,11.045361
-2,16,16.124515
-9,1,9.055385
6,12,13.416408
2,24,24.083189
-31,25,39.824616
-22,-18,28.425341
-42,-46,62.289646
20,-10,22.360680
64,-42,76.550637
-6,10,11.661904
4,28,28.284271
-28,16,32.249031
-1,-3,3.162278
-28,6,28.635642
-50,-22,54.626001
8,42,42.755117
3,1,3.162278
5,9,10.295630
1,-9,9.055385
-9,19,21.023796
-18,18,25.455844
-3,9,9.486833
2,26,26.076810
-9,5,10.295630
-8,-4,8.944272
-6,12,13.416408
-13,3,13.341664
20,12,23.323808
-4,-10,10.770330
15,-13,19.849433
13,-19,23.021729
9,7,11.401754
-21,-27,34.205263
-34,8,34.928498
-4,-4,5.656854
-21,-3,21.213203
-28,38,47.201695
-35,23,41.880783
-9,-59,59.682493
3,-53,53.084838
15,1,15.033296
-38,38,53.740115
-19,17,25.495098
-4,34,34.234486
1,1,1.414214
6,40,40.447497
10,6,11.661904
-3,1,3.162278
-4,0,4.000000
24,2,24.083189
-46,-8,46.690470
26,22,34.058773
42,30,51.613952
-5,13,13.928388
-12,-8,14.422205
-12,2,12.165525
-9,-9,12.727922
24,14,27.784888
-11,-17,20.248457
22,-10,24.166092
-10,-6,11.661904
7,-25,25.961510
-20,18,26.907248
-16,36,39.395431
-45,-5,45.276926
27,33,42.638011
10,-14,17.204651
-11,55,56.089215
-19,-15,24.207437
32,-8,32.984845
-22,-34,40.496913
33,3,33.136083
-41,-9,41.976184
-18,-24,30.000000
5,21,21.587033
-19,-21,28.319605
37,-25,44.654227
20,30,36.055513
-38,-30,48.414874
-4,34,34.234486
0,-12,12.000000
30,-26,39.698866
0,12,12.000000
8,-36,36.878178
3,-7,7.615773
-7,5,8.602325
27,27,38.183766
-33,3,33.136083
8,-4,8.944272
-4,-16,16.492423
-29,15,32.649655
-17,-15,22.671568
-13,7,14.764823
-24,4,24.331050
-11,1,11.045361
-3,25,25.179357
21,27,34.205263
-2,8,8.246211
-4,22,22.360680
-14,20,24.413111
-2,-16,16.124515
-6,10,11.661904
30,-6,30.594117
4,-6,7.211103
5,-5,7.071068
-5,-3,5.830952
13,-9,15.811388
18,10,20.591260
48,-36,60.000000
25,45,51.478151
-21,39,44.294469
-27,5,27.459060
49,31,57.982756
10,22,24.166092
-9,3,9.486833
-16,10,18.867962
-4,10,10.770330
-35,11,36.687873
39,-1,39.012818
38,-22,43.908997
11,-1,11.045361
44,-4,44.181444
17,-27,31.906112
-30,-12,32.310989
42,28,50.477718
-19,11,21.954498
41,43,59.413803
-17,-5,17.720045
-17,-47,49.979996
-29,-7,29.832868
34,-12,36.055513
-25,-35,43.011626
4,-44,44.181444
31,-9,32.280025
2,8,8.246211
-14,16,21.260292
-30,-10,31.622777
-4,68,68.117545
-33,33,46.669048
39,17,42.544095
1,21,21.023796
22,-18,28.425341
7,7,9.899495
18,-38,42.047592
-31,-7,31.780497
29,-19,34.669872
2,4,4.472136
13,1,13.038405
2,-12,12.165525
26,-18,31.622777
18,10,20.591260
31,45,54.644304
48,-6,48.373546
15,27,30.886890
-31,9,32.280025
-52,48,70.767224
55,-39,67.424031
36,22,42.190046
17,-19,25.495098
-13,-31,33.615473
7,-21,22.135944
-13,5,13.928388
1,-21,21.023796
-8,-8,11.313708
-6,20,20.880613
-4,-24,24.331050
33,-7,33.734256
13,3,13.341664
1,-5,5.099020
10,-38,39.293765
23,1,23.021729
1,-9,9.055385
-10,-8,12.806248
-37,9,38.078866
-2,-10,10.198039
-34,0,34.000000
3,-31,31.144823
-21,25,32.649655
-6,-2,6.324555
-13,21,24.698178
-14,24,27.784888
-19,-15,24.207437
1,-1,1.414214
-35,-25,43.011626
4,10,10.770330
-25,27,36.796739
14,22,26.076810
10,2,10.198039
29,13,31.780497
14,-32,34.928498
16,-2,16.124515
-33,-11,34.785054
48,18,51.264022
34,12,36.055513
-49,-5,49.254441
3,-25,25.179357
8,-30,31.048349
-33,-43,54.203321
8,20,21.540659
0,-32,32.000000
1,5,5.099020
3,11,11.401754
10,-28,29.732137
20,-24,31.240999
43,-13,44.922155
-9,5,10.295630
11,-1,11.045361
-16,6,17.088007
-35,35,49.497475
-34,-22,40.496913
-12,-16,20.000000
-15,-5,15.811388
-7,15,16.552945
5,5,7.071068
18,-24,30.000000
-11,27,29.154759
-41,-1,41.012193
18,-4,18.439089
29,-19,34.669872
6,10,11.661904
-20,-34,39.446166
55,-21,58.872744
-4,16,16.492423
-29,1,29.017236
7,-31,31.780497
-13,-47,48.764741
-33,15,36.249138
-21,-5,21.587033
-40,18,43.863424
18,-8,19.697716
3,-19,19.235384
2,0,2.000000
-15,-19,24.207437
26,46,52.839379
-8,8,11.313708
-9,7,11.401754
18,18,25.455844
46,18,49.396356
-12,-8,14.422205
-30,34,45.343136
-14,12,18.439089
0,-16,16.000000
15,-13,19.849433
-9,-23,24.698178
-12,12,16.970563
-27,-25,36.796739
-27,-25,36.796739
-15,15,21.213203
13,3,13.341664
-16,6,17.088007
-4,-10,10.770330
-12,-4,12.649111
19,9,21.023796
11,-23,25.495098
-11,47,48.270074
41,1,41.012193
19,45,48.846699
-28,-34,44.045431
-11,23,25.495098
-13,-19,23.021729
19,17,25.495098
-6,-10,11.661904
-36,-4,36.221541
1,13,13.038405
24,2,24.083189
-11,-3,11.401754
-9,-11,14.212670
12,-38,39.849718
-10,-22,24.166092
-31,-17,35.355339
40,4,40.199502
12,0,12.000000
-21,9,22.847319
-9,-3,9.486833
2,-24,24.083189
13,11,17.029386
34,24,41.617304
-24,46,51.884487
30,4,30.265492
36,18,40.249224
27,15,30.886890
-5,19,19.646883
-29,-31,42.449971
-25,13,28.178006
1,7,7.071068
-10,42,43.174066
15,53,55.081757
17,29,33.615473
-7,-3,7.615773
-6,6,8.485281
9,-1,9.055385
10,-50,50.990195
-12,-2,12.165525
-26,10,27.856777
31,5,31.400637
8,-26,27.202941
-38,-8,38.832976
-14,56,57.723479
27,1,27.018512
9,-23,24.698178
-12,-10,15.620499
4,-26,26.305893
-7,-57,57.428216
-7,37,37.656341
-19,-23,29.832868
-13,3,13.341664
-39,-17,42.544095
-14,-50,51.923020
-5,15,15.811388
-12,8,14.422205
-2,-6,6.324555
13,-37,39.217343
-22,-36,42.190046
15,-27,30.886890
-75,-11,75.802375
26,26,36.769553
2,-4,4.472136
12,-18,21.633308
-20,28,34.409301
-2,6,6.324555
29,-35,45.453273
-26,-2,26.076810
-11,-3,11.401754
52,-26,58.137767
19,-9,21.023796
-2,-12,12.165525
6,24,24.738634
-12,-30,32.310989
-15,11,18.601075
3,17,17.262677
31,-17,35.355339
28,-8,29.120440
4,-8,8.944272
-5,21,21.587033
-3,-9,9.486833
12,-10,15.620499
-24,4,24.331050
-10,14,17.204651
46,-2,46.043458
5,9,10.295630
-2,14,14.142136
12,18,21.633308
-1,7,7.071068
10,-32,33.526109
21,19,28.319605
55,5,55.226805
-3,11,11.401754
-4,22,22.360680
-12,4,12.649111
21,-9,22.847319
-32,-12,34.176015
-24,8,25.298221
14,8,16.124515
-16,-6,17.088007
4,2,4.472136
10,24,26.000000
-8,2,8.246211
-12,0,12.000000
-2,16,16.124515
21,13,24.698178
6,-10,11.661904
-8,-20,21.540659
45,1,45.011110
53,11,54.129474
14,-20,24.413111
-44,-10,45.122057
15,-23,27.459060
12,40,41.761226
2,-10,10.198039
-5,27,27.459060
7,-15,16.552945
-11,-19,21.954498
-29,17,33.615473
-9,-11,14.212670
19,-25,31.400637
5,-13,13.928388
2,-20,20.099751
-11,-11,15.556349
-27,-15,30.886890
10,-28,29.732137
33,19,38.078866
19,45,48.846699
-13,-3,13.341664
13,-23,26.419690
-14,-6,15.231546
11,31,32.893768
25,-15,29.154759
28,8,29.120440
11,9,14.212670
-7,-17,18.384776
-34,26,42.801869
-2,18,18.110770
-5,-7,8.602325
-18,20,26.907248
7,-13,14.764823
0,20,20.000000
-34,4,34.234486
-6,4,7.211103
4,10,10.770330
35,3,35.128336
-24,-10,26.000000
-33,15,36.249138
-14,-2,14.142136
-6,-40,40.447497
11,23,25.495098
3,-3,4.242641
-8,-44,44.721360
24,24,33.941125
-13,-19,23.021729
-4,34,34.234486
-12,14,18.439089
-4,8,8.944272
-12,8,14.422205
-30,-8,31.048349
41,-37,55.226805
-8,20,21.540659
-3,19,19.235384
-4,14,14.560220
12,22,25.059928
-4,18,18.439089
15,-39,41.785165
-20,0,20.000000
-4,52,52.153619
9,-11,14.212670
35,61,70.327804
-5,1,5.099020
-7,-19,20.248457
-27,-25,36.796739
-22,-14,26.076810
14,0,14.000000
-40,2,40.049969
13,9,15.811388
-52,-4,52.153619
-25,21,32.649655
17,33,37.121422
12,10,15.620499
-6,28,28.635642
36,-2,36.055513
-14,20,24.413111
-5,-5,7.071068
-25,39,46.324939
-19,-39,43.382024
25,33,41.400483
-14,4,14.560220
-8,48,48.662100
-17,-7,18.384776
4,-52,52.153619
-8,22,23.409400
28,60,66.211781
-21,-1,21.023796
4,0,4.000000
-37,-7,37.656341
0,20,20.000000
-28,20,34.409301
-6,24,24.738634
-4,-4,5.656854
-10,18,20.591260
4,32,32.249031
19,-19,26.870058
30,4,30.265492
2,-4,4.472136
7,-9,11.401754
15,7,16.552945
36,4,36.221541
-12,-28,30.463092
-66,-4,66.121101
-8,-42,42.755117
9,-27,28.460499
0,48,48.000000
14,-10,17.204651
1,11,11.045361
40,-12,41.761226
1,-7,7.071068
6,4,7.211103
-12,-6,13.416408
-26,20,32.802439
2,50,50.039984
31,-47,56.302753
-6,-2,6.324555
-9,-7,11.401754
25,23,33.970576
10,10,14.142136
26,-24,35.383612
26,38,46.043458
-33,-19,38.078866
32,-4,32.249031
-11,5,12.083046
12,-8,14.422205
21,-1,21.023796
6,16,17.088007
3,13,13.341664
-28,-20,34.409301
18,8,19.697716
-28,8,29.120440
-10,14,17.204651
-6,16,17.088007
-10,0,10.000000
0,-30,30.000000
-60,-2,60.033324
-14,6,15.231546
8,4,8.944272
32,-18,36.715120
-32,-4,32.249031
-60,-20,63.245553
-13,-5,13.928388
27,13,29.966648
-16,6,17.088007
-5,1,5.099020
27,-51,57.706152
-7,-17,18.384776
-10,-16,18.867962
-39,17,42.544095
-6,-36,36.496575
33,-11,34.785054
1,15,15.033296
19,-13,23.021729
-7,25,25.961510
1,7,7.071068
13,7,14.764823
-10,12,15.620499
23,23,32.526912
5,13,13.928388
7,9,11.401754
-19,19,26.870058
33,-15,36.249138
-23,-3,23.194827
-9,-1,9.055385
-38,10,39.293765
11,-25,27.313001
2,-24,24.083189
-34,-48,58.821765
-25,-37,44.654227
11,-15,18.601075
-38,-36,52.345009
-7,5,8.602325
13,-17,21.400935
-1,15,15.033296
13,-31,33.615473
2,-2,2.828427
-30,46,54.918121
3,1,3.162278
7,3,7.615773
-3,-11,11.401754
-22,2,22.090722
-26,0,26.000000
12,22,25.059928
28,6,28.635642
6,10,11.661904
5,5,7.071068
14,40,42.379240
12,48,49.477268
-3,-41,41.109610
-33,3,33.136083
29,-29,41.012193
-4,0,4.000000
20,2,20.099751
-35,13,37.336309
10,-58,58.855756
-5,-11,12.083046
-15,-31,34.438351
-2,-32,32.062439
6,28,28.635642
8,-2,8.246211
54,0,54.000000
-19,-27,33.015148
13,-3,13.341664
12,38,39.849718
19,17,25.495098
21,11,23.706539
-3,-23,23.194827
14,-12,18.439089
-27,27,38.183766
-10,42,43.174066
24,14,27.784888
-51,-9,51.788030
-62,22,65.787537
-34,14,36.769553
-6,4,7.211103
-14,10,17.204651
2,-6,6.324555
5,-23,23.537205
0,24,24.000000
14,-20,24.413111
-8,18,19.697716
9,-19,21.023796
-17,7,18.384776
-1,29,29.017236
-23,7,24.041631
-1,27,27.018512
-52,52,73.539105
19,-9,21.023796
1,-37,37.013511
3,15,15.297059
-31,-31,43.840620
-8,6,10.000000
-3,-15,15.297059
-9,-49,49.819675
45,9,45.891176
-68,-32,75.153177
20,-10,22.360680
-27,-7,27.892651
1,-21,21.023796
39,-33,51.088159
5,-15,15.811388
-8,40,40.792156
8,-2,8.246211
36,-30,46.861498
-12,-28,30.463092
35,15,38.078866
11,-21,23.706539
55,-45,71.063352
-7,-1,7.071068
4,-32,32.249031
-14,50,51.923020
-3,-1,3.162278
15,-3,15.297059
-28,4,28.284271
-11,-5,12.083046
-17,-1,17.029386
-17,1,17.029386
-2,10,10.198039
37,13,39.217343
-19,-13,23.021729
22,-10,24.166092
9,-3,9.486833
-50,-10,50.990195
18,-14,22.803509
-43,-31,53.009433
12,-26,28.635642
21,9,22.847319
1,23,23.021729
-20,24,31.240999
20,28,34.409301
11,5,12.083046
-22,16,27.202941
1,-31,31.016125
48,28,55.569776
-28,-14,31.304952
-10,-4,10.770330
32,0,32.000000
24,4,24.331050
-17,-19,25.495098
26,-20,32.802439
-34,26,42.801869
-4,10,10.770330
28,-20,34.409301
8,10,12.806248
19,-53,56.302753
13,-45,46.840154
-15,-13,19.849433
-31,-5,31.400637
-10,-10,14.142136
26,14,29.529646
11,-17,20.248457
-9,3,9.486833
-10,20,22.360680
-2,12,12.165525
12,14,18.439089
5,23,23.537205
-47,-3,47.095647
-14,16,21.260292
29,21,35.805028
6,0,6.000000
43,37,56.727418
45,41,60.876925
7,5,8.602325
21,1,21.023796
-2,-16,16.124515
-7,-29,29.832868
-33,9,34.205263
18,-14,22.803509
7,-27,27.892651
-33,-3,33.136083
-1,1,1.414214
-11,41,42.449971
-17,17,24.041631
-37,3,37.121422
16,2,16.124515
9,31,32.280025
-38,-24,44.944410
-12,-26,28.635642
-4,0,4.000000
36,2,36.055513
-4,-12,12.649111
-10,-20,22.360680
-42,6,42.426407
-16,14,21.260292
-1,-11,11.045361
24,20,31.240999
25,3,25.179357
7,13,14.764823
28,6,28.635642
7,-13,14.764823
9,15,17.492856
55,9,55.731499
-45,17,48.104054
-27,-5,27.459060
20,4,20.396078
-45,-19,48.846699
20,-2,20.099751
23,5,23.537205
-17,-15,22.671568
-28,8,29.120440
-37,49,61.400326
6,16,17.088007
-12,-10,15.620499
-26,-12,28.635642
-54,10,54.918121
-4,-12,12.649111
3,-19,19.235384
-4,-8,8.944272
-2,-22,22.090722
0,-8,8.000000
-18,32,36.715120
30,12,32.310989
-11,33,34.785054
16,-14,21.260292
-27,9,28.460499
26,12,28.635642
-21,-5,21.587033
2,32,32.062439
30,-16,34.000000
28,10,29.732137
-7,7,9.899495
-14,2,14.142136
-51,-49,70.724819
-13,-5,13.928388
4,2,4.472136
-14,30,33.105891
-14,8,16.124515
-18,34,38.470768
-12,4,12.649111
26,-22,34.058773
13,-27,29.966648
14,28,31.304952
-20,32,37.735925
37,5,37.336309
-13,11,17.029386
-52,28,59.059292
-20,2,20.099751
44,-32,54.405882
3,27,27.166155
-10,6,11.661904
19,35,39.824616
12,-10,15.620499
23,-1,23.021729
-39,37,53.758720
-1,5,5.099020
32,-28,42.520583
17,-9,19.235384
-31,-17,35.355339
-26,18,31.622777
-24,-2,24.083189
17,-17,24.041631
3,5,5.830952
31,-7,31.780497
-15,43,45.541190
17,-21,27.018512
21,1,21.023796
36,14,38.626416
-6,32,32.557641
5,-1,5.099020
-7,-37,37.656341
-37,27,45.803930
31,11,32.893768
23,-13,26.419690
-9,45,45.891176
-27,-15,30.886890
38,-32,49.678969
6,36,36.496575
27,27,38.183766
-22,12,25.059928
5,9,10.295630
16,-18,24.083189
-26,-30,39.698866
-2,20,20.099751
23,-25,33.970576
4,18,18.439089
23,21,31.144823
6,-14,15.231546
47,-33,57.428216
-14,30,33.105891
20,20,28.284271
23,-13,26.419690
-16,18,24.083189
15,7,16.552945
31,17,35.355339
-21,-3,21.213203
-13,-29,31.780497
23,25,33.970576
-14,-20,24.413111
27,-1,27.018512
12,-4,12.649111
29,9,30.364453
-2,-8,8.246211
8,22,23.409400
-41,-33,52.630789
39,49,62.625873
-13,9,15.811388
9,17,19.235384
11,15,18.601075
25,-23,33.970576
-10,8,12.806248
0,-10,10.000000
11,-69,69.871310
26,22,34.058773
15,-5,15.811388
-4,-4,5.656854
6,8,10.000000
18,-22,28.425341
8,2,8.246211
32,32,45.254834
13,31,33.615473
-3,-35,35.128336
3,-49,49.091751
2,-2,2.828427
5,1,5.099020
34,-8,34.928498
-14,-6,15.231546
-45,-3,45.099889
1,17,17.029386
-2,-14,14.142136
15,33,36.249138
15,-7,16.552945
35,-41,53.907328
-37,-5,37.336309
21,43,47.853944
2,-22,22.090722
-9,17,19.235384
-4,24,24.331050
15,3,15.297059
14,-30,33.105891
-35,-17,38.910153
-17,7,18.384776
21,-25,32.649655
16,-20,25.612497
8,12,14.422205
18,-20,26.907248
-19,39,43.382024
-11,9,14.212670
-29,7,29.832868
-34,2,34.058773
15,23,27.459060
7,11,13.038405
21,-17,27.018512
-11,21,23.706539
1,-5,5.099020
3,-7,7.615773
8,18,19.697716
29,23,37.013511
46,22,50.990195
21,9,22.847319
-9,-5,10.295630
8,0,8.000000
-1,-35,35.014283
-9,-25,26.570661
-18,16,24.083189
-11,-19,21.954498
11,-11,15.556349
2,2,2.828427
-39,1,39.012818
17,-25,30.232433
-11,-25,27.313001
-8,-24,25.298221
-7,5,8.602325
-2,-4,4.472136
-18,-18,25.455844
6,14,15.231546
-36,-44,56.850682
-15,-3,15.297059
35,-9,36.138622
-1,29,29.017236
-26,-2,26.076810
-4,10,10.770330
-36,0,36.000000
33,-3,33.136083
5,-17,17.720045
14,-34,36.769553
24,-2,24.083189
4,0,4.000000
42,32,52.801515
21,17,27.018512
19,5,19.646883
-49,-9,49.819675
-54,-10,54.918121
19,-11,21.954498
-12,6,13.416408
8,-8,11.313708
10,-28,29.732137
-29,5,29.427878
-17,13,21.400935
-1,-49,49.010203
-9,1,9.055385
-12,38,39.849718
35,-15,38.078866
1,11,11.045361
34,-4,34.234486
37,9,38.078866
21,-9,22.847319
22,-2,22.090722
19,7,20.248457
55,3,55.081757
-55,-65,85.146932
-15,-15,21.213203
15,-11,18.601075
13,-53,54.571055
-11,-35,36.687873
7,37,37.656341
-3,-1,3.162278
0,-6,6.000000
-8,-28,29.120440
3,1,3.162278
19,-13,23.021729
-36,-12,37.947332
4,-18,18.439089
15,-19,24.207437
3,25,25.179357
-27,21,34.205263
39,-49,62.625873
17,47,49.979996
-30,-6,30.594117
16,-4,16.492423
39,-27,47.434165
8,-6,10.000000
15,-31,34.438351
4,8,8.944272
20,-26,32.802439
-7,-1,7.071068
-19,-11,21.954498
14,6,15.231546
-6,34,34.525353
-9,-19,21.023796
-2,6,6.324555
-2,-6,6.324555
-2,-6,6.324555
47,7,47.518417
14,28,31.304952
-50,-34,60.464866
-2,8,8.246211
25,-23,33.970576
-29,-25,38.288379
-5,21,21.587033
-10,0,10.000000
8,-2,8.246211
10,-40,41.231056
-29,-11,31.016125
-14,22,26.076810
-53,-23,57.775427
19,1,19.026298
10,-44,45.122057
10,30,31.622777
21,11,23.706539
8,-44,44.721360
-9,-31,32.280025
-9,-51,51.788030
-30,18,34.985711
-21,9,22.847319
-13,-17,21.400935
-23,31,38.600518
-25,13,28.178006
12,-18,21.633308
41,-7,41.593269
-43,-19,47.010637
15,19,24.207437
11,-3,11.401754
-11,21,23.706539
18,42,45.694639
-13,31,33.615473
-5,33,33.376639
-10,-32,33.526109
-17,33,37.121422
-14,4,14.560220
35,-43,55.443665
-5,-37,37.336309
-43,-41,59.413803
16,8,17.888544
-21,-9,22.847319
-18,-12,21.633308
-13,41,43.011626
3,21,21.213203
11,-13,17.029386
-11,-39,40.521599
-2,-12,12.165525
19,-19,26.870058
28,18,33.286634
4,20,20.396078
-9,29,30.364453
-16,2,16.124515
-15,-13,19.849433
-45,-17,48.104054
-14,2,14.142136
-37,41,55.226805
-31,3,31.144823
-24,-24,33.941125
-30,8,31.048349
24,-28,36.878178
-3,3,4.242641
44,0,44.000000
-15,1,15.033296
27,-21,34.205263
-21,-1,21.023796
-16,-10,18.867962
20,-8,21.540659
-1,-17,17.029386
20,-14,24.413111
48,-10,49.030603
-37,-31,48.270074
25,-33,41.400483
-17,-7,18.384776
25,-19,31.400637
-2,34,34.058773
-25,5,25.495098
9,-57,57.706152
-5,5,7.071068
-20,8,21.540659
-46,-18,49.396356
28,-4,28.284271
-20,-6,20.880613
-10,-50,50.990195
23,15,27.459060
-17,-5,17.720045
5,21,21.587033
-37,-55,66.287254
-9,13,15.811388
-18,14,22.803509
0,10,10.000000
75,-9,75.538070
28,10,29.732137
-24,-6,24.738634
38,4,38.209946
18,-36,40.249224
9,-19,21.023796
31,-5,31.400637
-27,21,34.205263
-26,14,29.529646
-4,12,12.649111
-14,24,27.784888
-9,11,14.212670
60,30,67.082039
1,49,49.010203
2,4,4.472136
20,0,20.000000
-44,22,49.193496
15,-3,15.297059
-37,7,37.656341
28,8,29.120440
-24,-18,30.000000
6,10,11.661904
-3,37,37.121422
10,-22,24.166092
10,-34,35.440090
-28,-30,41.036569
0,-18,18.000000
8,-30,31.048349
14,-14,19.798990
12,-64,65.115282
7,-3,7.615773
18,-4,18.439089
1,13,13.038405
-8,16,17.888544
10,-20,22.360680
34,0,34.000000
21,-9,22.847319
17,-5,17.720045
18,20,26.907248
0,-4,4.000000
7,-17,18.384776
10,4,10.770330
-32,-10,33.526109
4,4,5.656854
-15,11,18.601075
30,-10,31.622777
-1,-33,33.015148
41,7,41.593269
-9,-39,40.024992
60,12,61.188234
26,10,27.856777
-52,10,52.952809
12,-12,16.970563
39,17,42.544095
-20,32,37.735925
11,-17,20.248457
-39,-11,40.521599
-6,-4,7.211103
16,-8,17.888544
-32,6,32.557641
15,-9,17.492856
-4,-4,5.656854
23,3,23.194827
17,29,33.615473
-5,-13,13.928388
-20,-24,31.240999
0,-38,38.000000
18,2,18.110770
-23,-19,29.832868
35,-15,38.078866
-13,33,35.468296
-4,-36,36.221541
7,13,14.764823
-14,-54,55.785303
3,1,3.162278
40,22,45.650849
-22,0,22.000000
-1,-29,29.017236
-12,36,37.947332
-12,-38,39.849718
13,11,17.029386
7,21,22.135944
13,3,13.341664
5,-25,25.495098
10,-16,18.867962
4,-16,16.492423
19,21,28.319605
-15,-27,30.886890
-34,-4,34.234486
-37,25,44.654227
-24,-24,33.941125
-11,-23,25.495098
19,3,19.235384
21,15,25.806976
-28,-10,29.732137
-13,13,18.384776
-6,6,8.485281
-10,-50,50.990195
-21,-31,37.443290
9,-3,9.486833
16,10,18.867962
2,-2,2.828427
-29,1,29.017236
-20,-24,31.240999
3,23,23.194827
-5,17,17.720045
3,37,37.121422
19,17,25.495098
4,10,10.770330
-1,1,1.414214
24,20,31.240999
18,28,33.286634
20,-18,26.907248
-23,21,31.144823
14,22,26.076810
15,-35,38.078866
-53,-47,70.837843
0,16,16.000000
26,20,32.802439
-18,18,25.455844
-5,13,13.928388
20,14,24.413111
48,32,57.688820
-1,-17,17.029386
5,-37,37.336309
3,25,25.179357
25,7,25.961510
8,-22,23.409400
38,4,38.209946
45,15,47.434165
7,19,20.248457
20,0,20.000000
-3,7,7.615773
-26,20,32.802439
24,34,41.617304
7,37,37.656341
13,19,23.021729
4,8,8.944272
35,25,43.011626
13,9,15.811388
-9,23,24.698178
-50,20,53.851648
-33,29,43.931765
9,-5,10.295630
21,-33,39.115214
13,-1,13.038405
-6,8,10.000000
1,29,29.017236
-4,-6,7.211103
22,42,47.413078
29,-43,51.865210
20,38,42.941821
43,13,44.922155
9,11,14.212670
36,-26,44.407207
21,-3,21.213203
50,-20,53.851648
-36,-8,36.878178
-8,-26,27.202941
13,3,13.341664
15,-3,15.297059
-33,9,34.205263
-19,-15,24.207437
-7,33,33.734256
-11,19,21.954498
3,-1,3.162278
28,2,28.071338
-2,-30,30.066593
29,17,33.615473
4,2,4.472136
-1,-17,17.029386
0,16,16.000000
38,6,38.470768
12,2,12.165525
7,-7,9.899495
15,23,27.459060
-54,24,59.093147
-1,37,37.013511
-25,17,30.232433
-36,24,43.266615
-16,-18,24.083189
32,28,42.520583
-7,-1,7.071068
-16,20,25.612497
6,-12,13.416408
25,-13,28.178006
-5,23,23.537205
-32,12,34.176015
8,30,31.048349
5,31,31.400637
-31,-3,31.144823
-19,1,19.026298
12,-14,18.439089
11,-13,17.029386
-33,-5,33.376639
8,-20,21.540659
42,2,42.047592
8,36,36.878178
-17,-9,19.235384
3,9,9.486833
-45,5,45.276926
5,-9,10.295630
21,5,21.587033
-2,-14,14.142136
2,-8,8.246211
-15,-35,38.078866
17,15,22.671568
17,-19,25.495098
2,-20,20.099751
-3,-11,11.401754
12,-10,15.620499
31,-41,51.400389
-6,-6,8.485281
9,17,19.235384
33,11,34.785054
21,-33,39.115214
27,43,50.774009
12,-4,12.649111
-33,7,33.734256
-27,-43,50.774009
-2,26,26.076810
29,17,33.615473
13,21,24.698178
-6,0,6.000000
30,-20,36.055513
-31,-43,53.009433
-23,59,63.324561
3,-1,3.162278
10,-20,22.360680
-2,14,14.142136
-2,-10,10.198039
44,4,44.181444
8,-36,36.878178
0,8,8.000000
-5,3,5.830952
58,28,64.404969
15,19,24.207437
19,9,21.023796
-13,5,13.928388
-7,-39,39.623226
-41,-1,41.012193
6,78,78.230429
45,-31,54.644304
-7,29,29.832868
4,26,26.305893
-2,-28,28.071338
-5,-25,25.495098
0,4,4.000000
-8,-84,84.380092
9,-49,49.819675
-39,27,47.434165
-37,-19,41.593269
-6,4,7.211103
13,1,13.038405
44,24,50.119856
-37,-7,37.656341
11,-19,21.954498
-14,-16,21.260292
24,-6,24.738634
-20,12,23.323808
7,37,37.656341
-38,-24,44.944410
4,6,7.211103
-28,42,50.477718
-13,-19,23.021729
-23,3,23.194827
-2,-2,2.828427
-15,3,15.297059
18,16,24.083189
25,-13,28.178006
19,15,24.207437
17,27,31.906112
-11,-3,11.401754
14,-22,26.076810
-29,13,31.780497
-5,3,5.830952
9,29,30.364453
12,-14,18.439089
-17,-27,31.906112
38,40,55.172457
13,3,13.341664
5,-9,10.295630
-5,-23,23.537205
-26,-14,29.529646
-20,-20,28.284271
22,18,28.425341
30,4,30.265492
16,-8,17.888544
-1,1,1.414214
-1,-31,31.016125
-21,7,22.135944
-21,-19,28.319605
17,-11,20.248457
-35,-23,41.880783
1,-11,11.045361
-20,-18,26.907248
-5,37,37.336309
-4,48,48.166378
-35,-15,38.078866
44,22,49.193496
13,-11,17.029386
12,32,34.176015
22,50,54.626001
-14,36,38.626416
-1,-9,9.055385
45,-11,46.324939
-24,-26,35.383612
5,-13,13.928388
14,6,15.231546
-13,-29,31.780497
-3,27,27.166155
0,2,2.000000
42,4,42.190046
-13,-1,13.038405
-13,-29,31.780497
-28,8,29.120440
22,10,24.166092
-10,26,27.856777
-8,18,19.697716
13,-15,19.849433
-4,-48,48.166378
17,-13,21.400935
11,-31,32.893768
-13,31,33.615473
-22,28,35.608988
-7,19,20.248457
12,28,30.463092
-13,-11,17.029386
-22,16,27.202941
-16,-18,24.083189
14,30,33.105891
-7,41,41.593269
11,15,18.601075
19,-27,33.015148
-21,9,22.847319
-10,-28,29.732137
55,29,62.177166
13,-21,24.698178
-40,-36,53.814496
-6,-24,24.738634
-28,-26,38.209946
-43,5,43.289722
-38,20,42.941821
-27,35,44.204072
11,-5,12.083046
10,10,14.142136
16,40,43.081318
4,18,18.439089
41,-25,48.020829
-18,-22,28.425341
15,9,17.492856
25,1,25.019992
28,-30,41.036569
4,16,16.492423
-19,13,23.021729
-13,-19,23.021729
9,7,11.401754
-23,15,27.459060
15,29,32.649655
-16,-2,16.124515
-4,-18,18.439089
22,-52,56.462377
-18,20,26.907248
-14,52,53.851648
-19,23,29.832868
8,-22,23.409400
5,17,17.720045
20,8,21.540659
-10,10,14.142136
-29,39,48.600412
-37,-43,56.727418
12,4,12.649111
31,-15,34.438351
48,-2,48.041649
28,32,42.520583
51,9,51.788030
41,39,56.586217
31,9,32.280025
16,-10,18.867962
-16,24,28.844410
-37,13,39.217343
18,-32,36.715120
22,-2,22.090722
21,-15,25.806976
-28,-14,31.304952
-10,8,12.806248
14,4,14.560220
29,-33,43.931765
-14,16,21.260292
-22,16,27.202941
-24,14,27.784888
-10,-12,15.620499
11,-7,13.038405
18,-16,24.083189
2,18,18.110770
17,-15,22.671568
-20,8,21.540659
-5,39,39.319207
40,-28,48.826222
-17,-17,24.041631
26,-42,49.396356
-3,37,37.121422
-20,-8,21.540659
5,-29,29.427878
29,-15,32.649655
-14,18,22.803509
25,1,25.019992
0,4,4.000000
-27,-19,33.015148
-43,11,44.384682
21,37,42.544095
50,8,50.635956
24,-28,36.878178
6,26,26.683328
-26,8,27.202941
37,29,47.010637
-37,11,38.600518
-8,-2,8.246211
-13,11,17.029386
-11,1,11.045361
0,-2,2.000000
-33,-7,33.734256
-7,-1,7.071068
5,-21,21.587033
1,-45,45.011110
-8,12,14.422205
-7,-13,14.764823
25,-17,30.232433
-26,-30,39.698866
-29,3,29.154759
-5,-7,8.602325
1,-9,9.055385
2,-10,10.198039
-6,20,20.880613
26,-4,26.305893
17,-57,59.481089
0,6,6.000000
-27,21,34.205263
-4,42,42.190046
4,18,18.439089
0,24,24.000000
36,14,38.626416
10,-2,10.198039
-39,-17,42.544095
-6,24,24.738634
28,-6,28.635642
-56,12,57.271284
32,38,49.678969
28,-4,28.284271
35,-9,36.138622
31,-17,35.355339
-29,11,31.016125
-7,-9,11.401754
22,-16,27.202941
-1,-15,15.033296
4,14,14.560220
1,-3,3.162278
-17,-19,25.495098
-50,16,52.497619
-18,2,18.110770
-11,7,13.038405
3,3,4.242641
35,-21,40.816663
25,-15,29.154759
14,32,34.928498
31,31,43.840620
-6,-66,66.272166
2,-38,38.052595
-6,18,18.973666
-2,26,26.076810
2,6,6.324555
3,-23,23.194827
12,-12,16.970563
-3,47,47.095647
6,-24,24.738634
40,-12,41.761226
-12,-32,34.176015
22,-10,24.166092
-7,-11,13.038405
11,-1,11.045361
36,18,40.249224
-7,-31,31.780497
-19,15,24.207437
9,9,12.727922
-1,-1,1.414214
-52,10,52.952809
18,-12,21.633308
-16,36,39.395431
18,2,18.110770
1,-43,43.011626
42,10,43.174066
11,-19,21.954498
9,11,14.212670
8,26,27.202941
-30,-24,38.418745
-44,-2,44.045431
-22,-6,22.803509
29,-43,51.865210
-22,12,25.059928
-18,36,40.249224
-25,5,25.495098
5,-33,33.376639
-40,-2,40.049969
1,-7,7.071068
-8,-32,32.984845
5,-5,7.071068
14,10,17.204651
20,10,22.360680
12,14,18.439089
11,27,29.154759
3,-13,13.341664
24,-48,53.665631
-7,-17,18.384776
32,4,32.249031
-20,-2,20.099751
-18,28,33.286634
-17,33,37.121422
-2,8,8.246211
15,1,15.033296
41,-27,49.091751
20,-2,20.099751
29,25,38.288379
16,-12,20.000000
4,14,14.560220
-2,-2,2.828427
13,-17,21.400935
14,-2,14.142136
26,16,30.528675
12,-16,20.000000
-25,9,26.570661
18,48,51.264022
-28,14,31.304952
-10,-2,10.198039
18,-54,56.920998
0,14,14.000000
12,-20,23.323808
8,4,8.944272
3,-5,5.830952
-17,-51,53.758720
-16,-6,17.088007
-10,8,12.806248
-32,-16,35.777088
-26,46,52.839379
-7,13,14.764823
17,-1,17.029386
28,-24,36.878178
3,-3,4.242641
-8,-18,19.697716
-16,26,30.528675
-14,6,15.231546
-53,-15,55.081757
-13,1,13.038405
-4,4,5.656854
13,-25,28.178006
-14,-18,22.803509
17,-25,30.232433
13,-13,18.384776
21,37,42.544095
-22,38,43.908997
-19,-15,24.207437
8,30,31.048349
-10,-6,11.661904
-20,-12,23.323808
-4,4,5.656854
20,2,20.099751
-22,14,26.076810
18,-8,19.697716
5,25,25.495098
-38,-6,38.470768
1,17,17.029386
5,-3,5.830952
32,10,33.526109
28,52,59.059292
6,28,28.635642
2,36,36.055513
-9,1,9.055385
-22,-2,22.090722
-11,-17,20.248457
-14,-10,17.204651
-14,4,14.560220
4,-34,34.234486
4,-22,22.360680
-5,-7,8.602325
39,25,46.324939
-13,25,28.178006
11,43,44.384682
43,-27,50.774009
-13,21,24.698178
-6,-18,18.973666
-15,13,19.849433
0,-26,26.000000
-28,14,31.304952
-10,-26,27.856777
38,-16,41.231056
-14,-8,16.124515
33,7,33.734256
-17,-33,37.121422
-23,-19,29.832868
-18,-10,20.591260
14,-28,31.304952
-15,15,21.213203
22,24,32.557641
-27,17,31.906112
30,14,33.105891
17,-41,44.384682
-11,1,11.045361
-15,17,22.671568
-24,0,24.000000
7,11,13.038405
30,-22,37.202150
25,49,55.009090
20,-2,20.099751
1,-15,15.033296
-30,-28,41.036569
15,-13,19.849433
19,-13,23.021729
-28,-18,33.286634
26,70,74.672619
-14,30,33.105891
-38,-18,42.047592
8,0,8.000000
-10,-28,29.732137
-10,-4,10.770330
30,-2,30.066593
1,-1,1.414214
3,19,19.235384
-4,6,7.211103
2,14,14.142136
-24,-20,31.240999
19,-7,20.248457
-30,-14,33.105891
26,70,74.672619
14,-18,22.803509
48,-14,50.000000
-3,-29,29.154759
6,-64,64.280635
-24,16,28.844410
2,14,14.142136
22,36,42.190046
41,11,42.449971
-7,-17,18.384776
-2,-12,12.165525
24,2,24.083189
-21,15,25.806976
-30,22,37.202150
-34,14,36.769553
26,6,26.683328
14,24,27.784888
-4,44,44.181444
4,-2,4.472136
3,7,7.615773
-2,14,14.142136
10,-26,27.856777
18,-46,49.396356
32,-6,32.557641
5,1,5.099020
12,-4,12.649111
5,17,17.720045
26,-4,26.305893
-7,-11,13.038405
-13,39,41.109610
-25,9,26.570661
2,36,36.055513
8,32,32.984845
-3,7,7.615773
-32,2,32.062439
-14,20,24.413111
18,2,18.110770
12,2,12.165525
43,19,47.010637
-7,9,11.401754
6,-18,18.973666
35,-37,50.931326
-22,20,29.732137
42,-20,46.518813
21,-5,21.587033
8,40,40.792156
-9,-7,11.401754
45,7,45.541190
-10,-14,17.204651
12,-22,25.059928
-9,-9,12.727922
-43,-21,47.853944
-23,-11,25.495098
16,14,21.260292
30,-8,31.048349
-11,13,17.029386
-17,-3,17.262677
-30,10,31.622777
11,9,14.212670
-3,13,13.341664
-28,8,29.120440
10,-30,31.622777
-37,-3,37.121422
-4,-6,7.211103
24,-10,26.000000
0,-36,36.000000
12,-16,20.000000
-5,-19,19.646883
-14,14,19.798990
18,12,21.633308
8,48,48.662100
-18,54,56.920998
11,41,42.449971
15,15,21.213203
-2,28,28.071338
22,-30,37.202150
17,25,30.232433
8,36,36.878178
-1,-51,51.009803
-4,12,12.649111
-14,22,26.076810
-45,23,50.537115
-2,-8,8.246211
33,3,33.136083
-19,41,45.188494
-48,34,58.821765
3,-7,7.615773
16,-34,37.576588
-8,-24,25.298221
5,-17,17.720045
-9,23,24.698178
31,21,37.443290
5,-13,13.928388
22,30,37.202150
11,-63,63.953108
8,10,12.806248
-3,-21,21.213203
21,13,24.698178
2,2,2.828427
-20,-30,36.055513
5,-7,8.602325
24,-30,38.418745
-31,17,35.355339
-21,25,32.649655
19,19,26.870058
23,39,45.276926
-41,-23,47.010637
11,21,23.706539
3,7,7.615773
10,-52,52.952809
17,5,17.720045
12,6,13.416408
-3,-15,15.297059
-2,-20,20.099751
24,0,24.000000
23,21,31.144823
-20,18,26.907248
22,32,38.832976
-7,23,24.041631
40,10,41.231056
50,-22,54.626001
-8,2,8.246211
-22,-12,25.059928
-20,-26,32.802439
-37,-15,39.924930
-6,-30,30.594117
-9,-15,17.492856
10,44,45.122057
-1,19,19.026298
17,15,22.671568
-53,31,61.400326
-16,-30,34.000000
30,-16,34.000000
-23,25,33.970576
25,37,44.654227
13,-27,29.966648
-13,-15,19.849433
21,19,28.319605
-21,9,22.847319
-21,-23,31.144823
-5,5,7.071068
-19,-1,19.026298
-6,2,6.324555
-14,8,16.124515
-11,-21,23.706539
8,42,42.755117
-1,33,33.015148
-11,-21,23.706539
-35,23,41.880783
37,-5,37.336309
-10,4,10.770330
12,42,43.680659
19,9,21.023796
-3,-13,13.341664
35,7,35.693137
19,7,20.248457
6,-6,8.485281
17,-25,30.232433
-14,20,24.413111
4,-10,10.770330
-23,-37,43.566042
10,-10,14.142136
12,-22,25.059928
-18,4,18.439089
-21,-17,27.018512
13,31,33.615473
-19,55,58.189346
-17,-17,24.041631
-12,30,32.310989
1,-5,5.099020
-31,27,41.109610
3,3,4.242641
4,-18,18.439089
33,5,33.376639
45,1,45.011110
14,0,14.000000
-31,-17,35.355339
-43,5,43.289722
-2,-22,22.090722
0,-6,6.000000
-5,3,5.830952
-13,11,17.029386
-15,9,17.492856
45,-15,47.434165
-13,5,13.928388
-52,0,52.000000
-10,0,10.000000
10,42,43.174066
8,14,16.124515
-19,-21,28.319605
-4,14,14.560220
-8,-24,25.298221
-62,-34,70.710678
-38,0,38.000000
13,-5,13.928388
-42,-2,42.047592
-29,-21,35.805028
-19,-13,23.021729
-8,-30,31.048349
-25,21,32.649655
3,25,25.179357
4,-18,18.439089
8,22,23.409400
-25,-11,27.313001
26,-12,28.635642
-34,28,44.045431
-15,-35,38.078866
-21,17,27.018512
-21,3,21.213203
6,-12,13.416408
26,8,27.202941
-37,-23,43.566042
-35,19,39.824616
-16,46,48.703183
2,-8,8.246211
2,6,6.324555
31,31,43.840620
-15,33,36.249138
10,22,24.166092
2,44,44.045431
-17,33,37.121422
-20,-22,29.732137
8,22,23.409400
2,-20,20.099751
15,31,34.438351
8,-26,27.202941
6,24,24.738634
19,-7,20.248457
15,-17,22.671568
-26,6,26.683328
-5,23,23.537205
30,2,30.066593
2,-8,8.246211
13,7,14.764823
31,19,36.359318
30,10,31.622777
-10,32,33.526109
-42,0,42.000000
-69,-15,70.611614
33,29,43.931765
0,38,38.000000
4,20,20.396078
5,-31,31.400637
-14,-32,34.928498
-28,-14,31.304952
-30,-10,31.622777
4,-6,7.211103
54,14,55.785303
56,-28,62.609903
-17,-1,17.029386
-21,-7,22.135944
22,-12,25.059928
-17,-1,17.029386
-7,-17,18.384776
0,24,24.000000
-3,11,11.401754
-18,2,18.110770
-21,-9,22.847319
4,-16,16.492423
11,3,11.401754
24,-14,27.784888
-2,-20,20.099751
12,-22,25.059928
-5,23,23.537205
37,3,37.121422
29,-1,29.017236
11,-19,21.954498
-39,-11,40.521599
6,42,42.426407
-10,14,17.204651
-3,1,3.162278
-15,5,15.811388
-32,0,32.000000
-10,40,41.231056
34,24,41.617304
7,33,33.734256
36,-22,42.190046
5,-15,15.811388
-4,-22,22.360680
-14,38,40.496913
20,-44,48.332184
1,27,27.018512
-11,23,25.495098
12,-18,21.633308
15,-1,15.033296
25,7,25.961510
-25,-11,27.313001
9,-29,30.364453
-13,-5,13.928388
7,37,37.656341
7,29,29.832868
6,-2,6.324555
-26,30,39.698866
10,0,10.000000
-12,14,18.439089
32,22,38.832976
-3,21,21.213203
-10,30,31.622777
25,15,29.154759
2,8,8.246211
-34,16,37.576588
14,38,40.496913
-14,-4,14.560220
14,8,16.124515
71,-11,71.847060
-16,-6,17.088007
-15,75,76.485293
23,-7,24.041631
-6,20,20.880613
7,-21,22.135944
-23,-5,23.537205
-11,-19,21.954498
-7,27,27.892651
12,-12,16.970563
2,-16,16.124515
26,-46,52.839379
-5,11,12.083046
-32,-6,32.557641
-19,-25,31.400637
8,-6,10.000000
12,8,14.422205
-14,6,15.231546
12,22,25.059928
-17,-25,30.232433
-2,12,12.165525
-10,-42,43.174066
-33,11,34.785054
-34,-6,34.525353
31,17,35.355339
-35,35,49.497475
-25,29,38.288379
3,13,13.341664
13,31,33.615473
14,0,14.000000
-11,-1,11.045361
20,10,22.360680
17,-15,22.671568
11,11,15.556349
-1,7,7.071068
-34,2,34.058773
-11,9,14.212670
-49,9,49.819675
17,27,31.906112
-10,24,26.000000
4,-14,14.560220
-6,2,6.324555
-19,9,21.023796
37,-29,47.010637
-26,4,26.305893
-11,-1,11.045361
-20,-18,26.907248
-4,6,7.211103
-14,6,15.231546
17,-61,63.324561
-12,26,28.635642
13,11,17.029386
-28,-8,29.120440
-8,18,19.697716
42,28,50.477718
-8,-2,8.246211
-11,-27,29.154759
-2,32,32.062439
23,11,25.495098
-11,3,11.401754
-18,20,26.907248
34,-12,36.055513
24,-12,26.832816
34,16,37.576588
-10,-30,31.622777
-4,14,14.560220
-15,1,15.033296
14,16,21.260292
-31,3,31.144823
-53,27,59.481089
-10,4,10.770330
1,33,33.015148
3,-5,5.830952
31,-37,48.270074
17,19,25.495098
1,11,11.045361
21,9,22.847319
-14,4,14.560220
-49,1,49.010203
-32,22,38.832976
-11,11,15.556349
6,14,15.231546
-12,-8,14.422205
3,1,3.162278
44,-36,56.850682
5,31,31.400637
3,-17,17.262677
-15,21,25.806976
57,69,89.498603
30,4,30.265492
14,30,33.105891
-31,3,31.144823
13,-5,13.928388
-34,8,34.928498
37,21,42.544095
4,10,10.770330
-23,23,32.526912
38,8,38.832976
-1,13,13.038405
-16,-16,22.627417
2,8,8.246211
-1,1,1.414214
-18,-34,38.470768
-41,11,42.449971
-40,8,40.792156
20,4,20.396078
21,9,22.847319
-15,41,43.657760
0,-16,16.000000
-5,-29,29.427878
-9,-11,14.212670
-14,-16,21.260292
21,29,35.805028
-6,8,10.000000
0,-14,14.000000
37,-9,38.078866
26,-4,26.305893
-21,21,29.698485
27,-13,29.966648
32,-44,54.405882
-19,-1,19.026298
-9,59,59.682493
7,43,43.566042
-25,13,28.178006
19,19,26.870058
16,26,30.528675
-15,33,36.249138
-27,-1,27.018512
36,16,39.395431
-10,-4,10.770330
-4,28,28.284271
-17,65,67.186308
-38,-42,56.639209
-7,-7,9.899495
17,-1,17.029386
-7,21,22.135944
10,0,10.000000
28,-10,29.732137
-9,-25,26.570661
8,22,23.409400
-13,23,26.419690
-21,-37,42.544095
-52,20,55.713553
17,33,37.121422
15,-25,29.154759
-18,-4,18.439089
7,37,37.656341
-7,5,8.602325
-14,0,14.000000
4,18,18.439089
4,-26,26.305893
7,11,13.038405
-9,-13,15.811388
-9,27,28.460499
52,-8,52.611786
19,23,29.832868
8,4,8.944272
-7,15,16.552945
31,-5,31.400637
-5,29,29.427878
-20,0,20.000000
7,17,18.384776
-25,35,43.011626
4,-6,7.211103
13,5,13.928388
31,31,43.840620
21,-1,21.023796
-18,-32,36.715120
-4,12,12.649111
14,-24,27.784888
5,-31,31.400637
36,-14,38.626416
20,-8,21.540659
-3,39,39.115214
10,42,43.174066
-9,23,24.698178
-9,37,38.078866
44,-14,46.173586
-6,-18,18.973666
14,12,18.439089
-14,2,14.142136
7,17,18.384776
-3,-3,4.242641
-9,-11,14.212670
-2,14,14.142136
34,-10,35.440090
-27,-13,29.966648
7,-35,35.693137
1,11,11.045361
-15,21,25.806976
26,14,29.529646
24,-54,59.093147
-20,-16,25.612497
-40,-16,43.081318
-13,3,13.341664
-12,34,36.055513
-7,1,7.071068
-1,33,33.015148
25,9,26.570661
-17,5,17.720045
-16,10,18.867962
46,-26,52.839379
1,3,3.162278
27,3,27.166155
-18,-10,20.591260
1,-15,15.033296
16,34,37.576588
-26,38,46.043458
-8,12,14.422205
-5,-1,5.099020
12,18,21.633308
5,3,5.830952
-7,-3,7.615773
-9,17,19.235384
-23,7,24.041631
-24,0,24.000000
23,-13,26.419690
19,-37,41.593269
36,12,37.947332
-2,-16,16.124515
62,-24,66.483081
-13,17,21.400935
9,7,11.401754
2,8,8.246211
20,8,21.540659
-8,24,25.298221
1,-27,27.018512
-17,29,33.615473
29,49,56.938563
-14,4,14.560220
33,25,41.400483
1,29,29.017236
-23,23,32.526912
-10,-48,49.030603
10,-34,35.440090
10,10,14.142136
4,-18,18.439089
23,-59,63.324561
-27,19,33.015148
-33,-7,33.734256
18,-4,18.439089
-39,-21,44.294469
-2,6,6.324555
-2,4,4.472136
-6,26,26.683328
-18,-24,30.000000
-27,-5,27.459060
1,-27,27.018512
-20,14,24.413111
20,0,20.000000
-55,-19,58.189346
-30,6,30.594117
-23,-35,41.880783
4,-86,86.092973
-7,25,25.961510
12,-16,20.000000
22,-24,32.557641
28,34,44.045431
10,24,26.000000
-4,-24,24.331050
-21,3,21.213203
21,-7,22.135944
-12,46,47.539457
-35,-9,36.138622
71,15,72.567210
10,-12,15.620499
18,-36,40.249224
-22,-16,27.202941
-5,-27,27.459060
-13,1,13.038405
14,32,34.928498
-30,30,42.426407
-3,39,39.115214
-32,24,40.000000
9,41,41.976184
-11,1,11.045361
2,0,2.000000
-10,-4,10.770330
0,-18,18.000000
-9,9,12.727922
-8,-6,10.000000
-3,-9,9.486833
38,2,38.052595
32,-22,38.832976
47,15,49.335586
42,-52,66.843100
-9,-15,17.492856
-17,-21,27.018512
-11,35,36.687873
-17,11,20.248457
3,39,39.115214
34,16,37.576588
2,2,2.828427
18,-10,20.591260
-38,-38,53.740115
20,20,28.284271
-13,5,13.928388
29,-35,45.453273
-12,-2,12.165525
3,-1,3.162278
25,23,33.970576
-3,15,15.297059
-8,-12,14.422205
16,28,32.249031
-26,-26,36.769553
-18,16,24.083189
22,18,28.425341
16,-20,25.612497
-40,20,44.721360
3,-5,5.830952
21,-11,23.706539
-24,-8,25.298221
-9,-17,19.235384
-4,0,4.000000
13,-1,13.038405
46,6,46.389654
14,10,17.204651
3,17,17.262677
0,12,12.000000
23,-21,31.144823
68,24,72.111026
-5,43,43.289722
-29,25,38.288379
-38,16,41.231056
16,6,17.088007
-33,-41,52.630789
-5,-35,35.355339
-4,4,5.656854
-1,3,3.162278
11,-5,12.083046
12,-12,16.970563
13,21,24.698178
22,-10,24.166092
-17,-39,42.544095
-31,17,35.355339
24,18,30.000000
-29,23,37.013511
-1,59,59.008474
5,13,13.928388
-15,35,38.078866
1,5,5.099020
-5,13,13.928388
19,17,25.495098
28,22,35.608988
8,26,27.202941
-38,-20,42.941821
2,12,12.165525
-1,5,5.099020
-17,-19,25.495098
-4,-4,5.656854
6,20,20.880613
22,14,26.076810
3,-19,19.235384
-24,-2,24.083189
-10,40,41.231056
-9,-25,26.570661
-4,2,4.472136
7,-13,14.764823
-32,8,32.984845
-5,-11,12.083046
31,-33,45.276926
20,-58,61.351447
5,-61,61.204575
-26,24,35.383612
-1,-37,37.013511
-33,15,36.249138
23,-3,23.194827
-14,-36,38.626416
-22,-24,32.557641
17,-1,17.029386
12,-18,21.633308
23,-7,24.041631
-22,-22,31.112698
-4,-34,34.234486
-25,-33,41.400483
-10,-38,39.293765
38,0,38.000000
6,38,38.470768
-27,-19,33.015148
3,21,21.213203
-33,17,37.121422
3,21,21.213203
-2,0,2.000000
-3,19,19.235384
9,5,10.295630
-34,6,34.525353
-7,17,18.384776
6,32,32.557641
17,-19,25.495098
50,30,58.309519
-20,16,25.612497
36,-12,37.947332
9,-5,10.295630
6,12,13.416408
-20,-40,44.721360
10,2,10.198039
-24,-8,25.298221
16,-6,17.088007
-22,10,24.166092
-10,20,22.360680
8,-10,12.806248
-23,-15,27.459060
0,-4,4.000000
-29,5,29.427878
4,-16,16.492423
4,-6,7.211103
7,-1,7.071068
-2,32,32.062439
-31,-27,41.109610
-40,4,40.199502
18,-24,30.000000
-9,-31,32.280025
-7,-9,11.401754
15,-39,41.785165
0,4,4.000000
25,-3,25.179357
18,-24,30.000000
-39,-11,40.521599
-12,12,16.970563
-27,-3,27.166155
-35,19,39.824616
40,-4,40.199502
-24,4,24.331050
9,-17,19.235384
-31,-9,32.280025
17,-9,19.235384
21,-45,49.658836
52,-20,55.713553
11,-3,11.401754
-27,15,30.886890
22,-2,22.090722
-13,-19,23.021729
-16,16,22.627417
4,-16,16.492423
-33,-5,33.376639
11,27,29.154759
-16,-38,41.231056
-5,13,13.928388
20,14,24.413111
30,-2,30.066593
1,23,23.021729
-4,28,28.284271
-35,29,45.453273
3,25,25.179357
22,-10,24.166092
-44,-30,53.254108
-34,12,36.055513
-12,-8,14.422205
5,-15,15.811388
-21,-19,28.319605
-15,39,41.785165
-5,23,23.537205
20,26,32.802439
-11,9,14.212670
-8,10,12.806248
26,-16,30.528675
10,4,10.770330
14,20,24.413111
11,-5,12.083046
9,29,30.364453
-30,-28,41.036569
-14,4,14.560220
0,-32,32.000000
-11,-3,11.401754
-13,31,33.615473
26,32,41.231056
-7,15,16.552945
6,30,30.594117
-17,55,57.567352
43,-1,43.011626
-15,33,36.249138
-1,-25,25.019992
-5,-5,7.071068
-11,-11,15.556349
13,7,14.764823
3,-9,9.486833
18,4,18.439089
29,-11,31.016125
-16,0,16.000000
4,52,52.153619
-6,-34,34.525353
14,-14,19.798990
42,2,42.047592
57,-3,57.078893
10,-4,10.770330
12,-16,20.000000
16,-18,24.083189
12,22,25.059928
5,-27,27.459060
17,-35,38.910153
-22,24,32.557641
54,4,54.147945
-14,42,44.271887
-55,-1,55.009090
-2,-16,16.124515
-25,7,25.961510
-1,25,25.019992
-7,11,13.038405
-10,-24,26.000000
5,-15,15.811388
-5,25,25.495098
2,38,38.052595
16,-24,28.844410
-16,42,44.944410
13,25,28.178006
42,-8,42.755117
-34,18,38.470768
-43,15,45.541190
10,-10,14.142136
-31,-13,33.615473
-2,26,26.076810
-6,20,20.880613
-1,-9,9.055385
12,-14,18.439089
2,0,2.000000
-16,-24,28.844410
-8,-12,14.422205
27,-23,35.468296
15,-1,15.033296
20,14,24.413111
7,-7,9.899495
9,11,14.212670
31,-33,45.276926
16,10,18.867962
-11,7,13.038405
-39,-19,43.382024
10,-16,18.867962
28,-16,32.249031
-16,-14,21.260292
7,-45,45.541190
-9,-5,10.295630
34,10,35.440090
8,32,32.984845
-16,22,27.202941
10,0,10.000000
0,-38,38.000000
32,2,32.062439
38,-22,43.908997
-1,-3,3.162278
30,6,30.594117
9,49,49.819675
10,-14,17.204651
-27,13,29.966648
-38,26,46.043458
34,-2,34.058773
3,-3,4.242641
8,24,25.298221
-26,-22,34.058773
-4,10,10.770330
17,27,31.906112
22,16,27.202941
37,1,37.013511
-9,1,9.055385
-4,-6,7.211103
-14,4,14.560220
39,-19,43.382024
7,23,24.041631
-11,39,40.521599
45,-33,55.803226
28,-10,29.732137
38,-40,55.172457
-25,7,25.961510
-8,12,14.422205
-34,-4,34.234486
43,11,44.384682
22,-6,22.803509
16,-16,22.627417
13,-17,21.400935
11,9,14.212670
9,1,9.055385
-13,25,28.178006
-27,-25,36.796739
10,-20,22.360680
-31,7,31.780497
-13,-39,41.109610
-22,4,22.360680
-28,-32,42.520583
3,11,11.401754
-5,1,5.099020
39,-23,45.276926
4,-14,14.560220
-11,1,11.045361
18,40,43.863424
14,26,29.529646
19,-3,19.235384
13,5,13.928388
-2,28,28.071338
1,23,23.021729
-16,4,16.492423
-2,-12,12.165525
19,-55,58.189346
-1,5,5.099020
-6,40,40.447497
22,36,42.190046
-29,-27,39.623226
-9,13,15.811388
-40,6,40.447497
-1,-9,9.055385
26,-4,26.305893
9,11,14.212670
11,-1,11.045361
39,-43,58.051701
-13,-5,13.928388
46,36,58.412327
21,3,21.213203
-5,-1,5.099020
17,-5,17.720045
1,25,25.019992
-42,-6,42.426407
8,-18,19.697716
-8,-26,27.202941
29,1,29.017236
-14,-20,24.413111
-24,-18,30.000000
-4,-24,24.331050
12,-12,16.970563
-30,-10,31.622777
-30,-2,30.066593
18,26,31.622777
-14,-16,21.260292
-25,-17,30.232433
43,17,46.238512
22,18,28.425341
3,-31,31.144823
19,7,20.248457
8,-38,38.832976
58,-12,59.228372
6,36,36.496575
24,16,28.844410
43,23,48.764741
-1,5,5.099020
27,23,35.468296
-2,32,32.062439
-30,-10,31.622777
36,36,50.911688
-27,35,44.204072
-5,-19,19.646883
-36,-40,53.814496
4,14,14.560220
-12,-8,14.422205
15,-3,15.297059
-41,15,43.657760
-6,-16,17.088007
26,28,38.209946
-1,19,19.026298
-2,40,40.049969
-21,-21,29.698485
22,4,22.360680
-48,-2,48.041649
9,-15,17.492856
3,17,17.262677
30,2,30.066593
30,6,30.594117
-6,-14,15.231546
-22,-20,29.732137
-13,13,18.384776
-23,17,28.600699
-41,-19,45.188494
9,-11,14.212670
-12,-16,20.000000
15,3,15.297059
36,-12,37.947332
13,-13,18.384776
-32,22,38.832976
-4,14,14.560220
-7,-13,14.764823
-24,-2,24.083189
-10,50,50.990195
-27,-7,27.892651
37,3,37.121422
-11,33,34.785054
18,2,18.110770
-1,31,31.016125
34,2,34.058773
-3,5,5.830952
2,32,32.062439
30,-10,31.622777
-18,-4,18.439089
19,-3,19.235384
-7,53,53.460266
15,-13,19.849433
1,3,3.162278
32,-34,46.690470
8,-38,38.832976
-25,-23,33.970576
33,-1,33.015148
-8,58,58.549125
27,29,39.623226
-1,5,5.099020
14,10,17.204651
28,-42,50.477718
-1,-5,5.099020
-5,-15,15.811388
-4,-10,10.770330
19,11,21.954498
-14,-10,17.204651
62,-10,62.801274
-18,-8,19.697716
-30,18,34.985711
-23,33,40.224371
-43,-11,44.384682
-15,-15,21.213203
1,-23,23.021729
-36,4,36.221541
-26,8,27.202941
38,14,40.496913
50,10,50.990195
-19,17,25.495098
-35,13,37.336309
-20,-22,29.732137
-6,-10,11.661904
-14,6,15.231546
0,-2,2.000000
28,-34,44.045431
14,12,18.439089
3,21,21.213203
2,8,8.246211
29,47,55.226805
8,-20,21.540659
15,-9,17.492856
-29,49,56.938563
8,18,19.697716
-19,-49,52.554733
6,-22,22.803509
7,11,13.038405
-31,33,45.276926
16,18,24.083189
12,2,12.165525
16,16,22.627417
-14,8,16.124515
-71,-43,83.006024
9,-15,17.492856
-30,30,42.426407
-17,3,17.262677
40,20,44.721360
3,1,3.162278
-20,-18,26.907248
7,5,8.602325
3,13,13.341664
-1,-45,45.011110
24,-16,28.844410
-35,17,38.910153
-30,20,36.055513
8,16,17.888544
-27,27,38.183766
-23,-21,31.144823
-16,-2,16.124515
25,19,31.400637
-3,5,5.830952
18,-24,30.000000
2,48,48.041649
7,-23,24.041631
40,-20,44.721360
6,22,22.803509
0,-8,8.000000
-20,-14,24.413111
-13,-1,13.038405
-3,43,43.104524
30,-78,83.570330
5,23,23.537205
-30,12,32.310989
24,-10,26.000000
-18,18,25.455844
11,33,34.785054
-54,50,73.593478
43,-19,47.010637
5,51,51.244512
18,-20,26.907248
-17,1,17.029386
-12,-14,18.439089
1,-41,41.012193
29,-35,45.453273
40,-6,40.447497
-38,-10,39.293765
10,-18,20.591260
4,-32,32.249031
10,-2,10.198039
-8,-44,44.721360
12,0,12.000000
-3,-35,35.128336
8,4,8.944272
-17,-13,21.400935
24,64,68.352030
9,1,9.055385
-27,3,27.166155
34,-4,34.234486
9,31,32.280025
-29,21,35.805028
-17,-17,24.041631
2,12,12.165525
-6,32,32.557641
45,25,51.478151
44,14,46.173586
1,-19,19.026298
-10,-22,24.166092
-30,32,43.863424
-14,0,14.000000
-4,-20,20.396078
18,-8,19.697716
-23,-5,23.537205
-5,11,12.083046
16,-18,24.083189
-26,10,27.856777
-35,-25,43.011626
-4,-8,8.944272
1,-7,7.071068
-25,-23,33.970576
13,-19,23.021729
-36,20,41.182521
-26,12,28.635642
-11,-47,48.270074
6,-14,15.231546
15,33,36.249138
39,5,39.319207
15,-35,38.078866
-9,21,22.847319
-30,-20,36.055513
21,1,21.023796
27,-17,31.906112
1,3,3.162278
3,15,15.297059
-24,18,30.000000
-44,-28,52.153619
2,-16,16.124515
-39,-17,42.544095
-11,9,14.212670
7,-9,11.401754
1,23,23.021729
8,24,25.298221
2,-10,10.198039
19,-13,23.021729
-15,71,72.567210
16,20,25.612497
5,69,69.180922
48,-32,57.688820
-17,-35,38.910153
29,3,29.154759
-16,32,35.777088
12,12,16.970563
37,-11,38.600518
-4,4,5.656854
-23,23,32.526912
-15,-13,19.849433
19,9,21.023796
-14,-12,18.439089
-14,-6,15.231546
-4,16,16.492423
19,33,38.078866
-46,10,47.074409
26,56,61.741396
7,1,7.071068
-19,11,21.954498
7,-25,25.961510
21,5,21.587033
-13,-21,24.698178
-8,6,10.000000
-26,2,26.076810
-5,11,12.083046
-25,-39,46.324939
-25,35,43.011626
9,-15,17.492856
-13,-35,37.336309
-19,-3,19.235384
-26,10,27.856777
13,-19,23.021729
22,-8,23.409400
6,22,22.803509
-10,-6,11.661904
4,12,12.649111
-24,-32,40.000000
-17,-31,35.355339
1,-7,7.071068
8,76,76.419893
-6,24,24.738634
3,25,25.179357
-4,-22,22.360680
-5,3,5.830952
1,-9,9.055385
-18,-14,22.803509
-7,-35,35.693137
-7,29,29.832868
-22,-4,22.360680
-22,-12,25.059928
7,-11,13.038405
0,0,0.000000
-36,-8,36.878178
3,11,11.401754
-16,-36,39.395431
-49,7,49.497475
-43,-17,46.238512
10,36,37.363083
-30,-18,34.985711
-35,13,37.336309
-4,-6,7.211103
-26,-14,29.529646
-19,13,23.021729
-7,-45,45.541190
-28,6,28.635642
40,-12,41.761226
32,14,34.928498
8,20,21.540659
0,28,28.000000
45,-5,45.276926
-12,2,12.165525
34,-38,50.990195
14,-40,42.379240
-31,-21,37.443290
-40,8,40.792156
-12,22,25.059928
12,-10,15.620499
15,-13,19.849433
-1,27,27.018512
-5,19,19.646883
-6,-24,24.738634
25,-5,25.495098
-23,-5,23.537205
28,-24,36.878178
-30,32,43.863424
5,-23,23.537205
-34,6,34.525353
-34,-6,34.525353
-17,-21,27.018512
5,-3,5.830952
21,17,27.018512
-30,-2,30.066593
-35,-21,40.816663
12,-28,30.463092
25,-13,28.178006
13,-27,29.966648
2,24,24.083189
-10,12,15.620499
24,-10,26.000000
-24,0,24.000000
2,10,10.198039
18,-16,24.083189
21,-27,34.205263
-4,0,4.000000
11,25,27.313001
1,7,7.071068
10,48,49.030603
28,-28,39.597980
-31,29,42.449971
-62,-18,64.560050
2,-16,16.124515
34,-16,37.576588
-7,19,20.248457
-20,-6,20.880613
-2,-12,12.165525
-16,-8,17.888544
0,8,8.000000
-20,2,20.099751
14,-20,24.413111
9,11,14.212670
-12,38,39.849718
-32,-16,35.777088
-4,-8,8.944272
1,29,29.017236
2,-14,14.142136
6,50,50.358713
19,-37,41.593269
26,-2,26.076810
22,28,35.608988
-33,-15,36.249138
7,23,24.041631
-18,-4,18.439089
10,52,52.952809
-20,10,22.360680
0,2,2.000000
26,-14,29.529646
6,-2,6.324555
15,-3,15.297059
13,-17,21.400935
24,-30,38.418745
-4,-22,22.360680
-18,-16,24.083189
18,-12,21.633308
-11,23,25.495098
-14,18,22.803509
1,55,55.009090
18,-28,33.286634
19,-15,24.207437
26,-46,52.839379
-8,42,42.755117
-64,-46,78.816242
-1,-1,1.414214
-6,14,15.231546
15,-1,15.033296
-18,0,18.000000
11,37,38.600518
-4,8,8.944272
12,18,21.633308
15,-17,22.671568
14,-62,63.560994
4,32,32.249031
-1,19,19.026298
11,39,40.521599
-18,-6,18.973666
-16,14,21.260292
-22,10,24.166092
-78,-16,79.624117
7,-7,9.899495
-15,43,45.541190
12,22,25.059928
20,-20,28.284271
24,-42,48.373546
15,21,25.806976
-1,21,21.023796
22,-42,47.413078
-22,-4,22.360680
-7,23,24.041631
20,-18,26.907248
22,-22,31.112698
-25,13,28.178006
24,6,24.738634
19,7,20.248457
9,29,30.364453
-7,-27,27.892651
-36,-6,36.496575
6,6,8.485281
13,17,21.400935
-8,-16,17.888544
53,-27,59.481089
-14,2,14.142136
-12,16,20.000000
26,8,27.202941
-50,4,50.159745
0,28,28.000000
-15,37,39.924930
7,-29,29.832868
-17,1,17.029386
21,-13,24.698178
12,-40,41.761226
-21,-11,23.706539
8,10,12.806248
-12,-10,15.620499
5,1,5.099020
-1,15,15.033296
15,11,18.601075
-25,-1,25.019992
2,-24,24.083189
21,-1,21.023796
-28,-4,28.284271
22,2,22.090722
-4,38,38.209946
-14,2,14.142136
25,33,41.400483
6,4,7.211103
-22,-2,22.090722
-32,0,32.000000
-3,11,11.401754
25,3,25.179357
63,-39,74.094534
51,-35,61.854668
8,14,16.124515
14,-38,40.496913
-32,-10,33.526109
-19,-17,25.495098
4,0,4.000000
-4,-14,14.560220
-4,24,24.331050
-13,-19,23.021729
9,-25,26.570661
17,-53,55.659680
16,18,24.083189
2,-18,18.110770
-24,24,33.941125
-11,1,11.045361
-21,53,57.008771
56,12,57.271284
-15,-19,24.207437
13,47,48.764741
26,-10,27.856777
-2,32,32.062439
23,-9,24.698178
-30,0,30.000000
-6,-6,8.485281
1,19,19.026298
-29,1,29.017236
-30,-22,37.202150
-15,-45,47.434165
28,-16,32.249031
9,-3,9.486833
-25,13,28.178006
13,23,26.419690
-11,1,11.045361
-25,-5,25.495098
-9,-17,19.235384
-8,-4,8.944272
-13,-17,21.400935
-10,38,39.293765
-3,17,17.262677
-8,-32,32.984845
2,-16,16.124515
17,17,24.041631
-5,-17,17.720045
12,20,23.323808
18,-28,33.286634
-58,-24,62.769419
10,-2,10.198039
9,5,10.295630
-18,-6,18.973666
-12,20,23.323808
-31,33,45.276926
-13,-25,28.178006
4,-26,26.305893
11,5,12.083046
8,10,12.806248
-6,4,7.211103
-35,-5,35.355339
16,-34,37.576588
-9,-39,40.024992
8,16,17.888544
-20,-18,26.907248
11,11,15.556349
-11,-45,46.324939
20,8,21.540659
16,-56,58.240879
13,-19,23.021729
22,-26,34.058773
-31,-5,31.400637
6,28,28.635642
12,6,13.416408
-1,-37,37.013511
12,24,26.832816
20,12,23.323808
7,3,7.615773
20,24,31.240999
-11,15,18.601075
4,8,8.944272
5,-21,21.587033
6,-30,30.594117
-24,-8,25.298221
7,-19,20.248457
-8,-14,16.124515
-1,-27,27.018512
-21,-17,27.018512
26,34,42.801869
1,-5,5.099020
43,21,47.853944
16,14,21.260292
-21,-19,28.319605
-4,8,8.944272
3,43,43.104524
38,-38,53.740115
33,-1,33.015148
8,6,10.000000
38,2,38.052595
38,2,38.052595
25,17,30.232433
-25,9,26.570661
24,26,35.383612
13,3,13.341664
0,6,6.000000
0,6,6.000000
8,26,27.202941
9,19,21.023796
1,-3,3.162278
6,-6,8.485281
10,-2,10.198039
-65,45,79.056942
21,-21,29.698485
-31,29,42.449971
-13,-5,13.928388
-14,24,27.784888
10,-14,17.204651
-3,25,25.179357
15,-23,27.459060
21,27,34.205263
35,-9,36.138622
26,26,36.769553
-11,-1,11.045361
-19,-3,19.235384
12,-12,16.970563
18,24,30.000000
-33,-31,45.276926
0,-18,18.000000
-4,-54,54.147945
31,3,31.144823
20,-2,20.099751
31,9,32.280025
-12,-4,12.649111
-28,14,31.304952
-23,-5,23.537205
22,-22,31.112698
2,30,30.066593
39,-21,44.294469
-13,33,35.468296
-16,36,39.395431
-2,-26,26.076810
11,3,11.401754
28,-40,48.826222
21,-19,28.319605
22,-10,24.166092
-22,2,22.090722
21,-7,22.135944
-14,-8,16.124515
-14,-4,14.560220
-4,-12,12.649111
43,27,50.774009
7,13,14.764823
14,-16,21.260292
6,-20,20.880613
29,-9,30.364453
14,-24,27.784888
-14,-22,26.076810
26,12,28.635642
-10,18,20.591260
-9,27,28.460499
-10,-20,22.360680
-14,-6,15.231546
-13,5,13.928388
-54,0,54.000000
35,-3,35.128336
-12,2,12.165525
-25,-25,35.355339
-5,3,5.830952
-23,27,35.468296
-6,-14,15.231546
50,4,50.159745
15,-45,47.434165
-40,38,55.172457
-23,31,38.600518
-46,-14,48.083261
36,12,37.947332
7,-29,29.832868
-33,-31,45.276926
8,-18,19.697716
0,-16,16.000000
1,-7,7.071068
3,21,21.213203
21,-5,21.587033
-1,17,17.029386
5,-17,17.720045
-14,-38,40.496913
10,-16,18.867962
2,-26,26.076810
-64,58,86.371292
-27,-39,47.434165
1,9,9.055385
2,-8,8.246211
-7,-47,47.518417
-48,-14,50.000000
-17,-35,38.910153
-24,-42,48.373546
9,5,10.295630
9,-31,32.280025
26,-8,27.202941
11,-37,38.600518
17,25,30.232433
-22,4,22.360680
10,58,58.855756
-17,7,18.384776
-2,-24,24.083189
-7,27,27.892651
-3,-43,43.104524
-8,-38,38.832976
-29,-19,34.669872
29,17,33.615473
35,-37,50.931326
3,-7,7.615773
-9,7,11.401754
4,-24,24.331050
14,18,22.803509
34,-18,38.470768
19,1,19.026298
24,-14,27.784888
14,-6,15.231546
14,-18,22.803509
-21,-19,28.319605
19,-85,87.097646
1,9,9.055385
-19,-29,34.669872
17,15,22.671568
-25,27,36.796739
-31,5,31.400637
2,-6,6.324555
-22,-14,26.076810
17,-33,37.121422
20,-10,22.360680
6,16,17.088007
-14,-12,18.439089
-20,-2,20.099751
7,11,13.038405
1,3,3.162278
25,-15,29.154759
3,-21,21.213203
19,9,21.023796
-38,-32,49.678969
37,-1,37.013511
-37,41,55.226805
11,-13,17.029386
26,26,36.769553
-25,-11,27.313001
12,4,12.649111
7,17,18.384776
9,1,9.055385
-22,-44,49.193496
-15,39,41.785165
2,-28,28.071338
-30,12,32.310989
8,-24,25.298221
19,35,39.824616
4,20,20.396078
34,-24,41.617304
-17,1,17.029386
-17,11,20.248457
64,0,64.000000
27,-9,28.460499
-6,-2,6.324555
-24,-20,31.240999
-15,21,25.806976
-26,28,38.209946
41,-19,45.188494
10,-8,12.806248
-26,-6,26.683328
-47,-27,54.203321
-8,36,36.878178
-7,45,45.541190
-34,-20,39.446166
-31,5,31.400637
6,-28,28.635642
11,5,12.083046
-46,62,77.201036
4,-4,5.656854
5,5,7.071068
23,19,29.832868
19,-21,28.319605
-1,-23,23.021729
-24,-14,27.784888
4,30,30.265492
-22,-32,38.832976
-8,-26,27.202941
81,5,81.154174
-3,-31,31.144823
-2,16,16.124515
52,18,55.027266
1,7,7.071068
13,-9,15.811388
-24,30,38.418745
39,-15,41.785165
73,9,73.552702
17,-11,20.248457
4,24,24.331050
26,-24,35.383612
4,2,4.472136
14,-28,31.304952
27,-3,27.166155
-23,-27,35.468296
0,-6,6.000000
-21,-19,28.319605
19,5,19.646883
6,2,6.324555
4,28,28.284271
-12,2,12.165525
39,13,41.109610
12,-40,41.761226
9,-39,40.024992
-24,28,36.878178
-8,0,8.000000
-17,-9,19.235384
20,8,21.540659
-3,13,13.341664
11,-13,17.029386
24,26,35.383612
-4,4,5.656854
21,17,27.018512
6,-30,30.594117
-12,16,20.000000
10,14,17.204651
26,26,36.769553
-47,-29,55.226805
-28,30,41.036569
-24,-12,26.832816
25,-25,35.355339
40,8,40.792156
14,26,29.529646
29,21,35.805028
-1,17,17.029386
7,13,14.764823
-19,-39,43.382024
-15,-11,18.601075
-12,10,15.620499
22,-26,34.058773
0,-12,12.000000
-8,-28,29.120440
9,-3,9.486833
-49,-29,56.938563
-25,27,36.796739
54,26,59.933296
-4,-18,18.439089
-3,-9,9.486833
-15,-37,39.924930
35,-23,41.880783
-4,4,5.656854
20,0,20.000000
-41,-41,57.982756
-28,28,39.597980
-6,-48,48.373546
11,-17,20.248457
3,-23,23.194827
35,-11,36.687873
6,12,13.416408
-33,-15,36.249138
-8,64,64.498062
13,17,21.400935
-18,10,20.591260
-37,11,38.600518
-5,9,10.295630
-11,-27,29.154759
-6,-20,20.880613
12,-6,13.416408
11,9,14.212670
-36,16,39.395431
-5,23,23.537205
-54,50,73.593478
-4,-2,4.472136
20,-26,32.802439
39,-25,46.324939
1,13,13.038405
10,34,35.440090
15,-53,55.081757
1,-39,39.012818
1,-19,19.026298
-29,3,29.154759
4,4,5.656854
10,-18,20.591260
-1,-5,5.099020
-1,-1,1.414214
-6,-14,15.231546
35,23,41.880783
14,16,21.260292
17,-25,30.232433
1,-35,35.014283
-19,1,19.026298
21,31,37.443290
10,-26,27.856777
-49,7,49.497475
30,-22,37.202150
11,-39,40.521599
4,10,10.770330
22,2,22.090722
0,14,14.000000
11,9,14.212670
-2,-4,4.472136
-17,31,35.355339
4,-38,38.209946
33,-19,38.078866
26,12,28.635642
-24,-24,33.941125
32,-14,34.928498
19,-27,33.015148
20,32,37.735925
-20,-6,20.880613
-5,19,19.646883
-14,18,22.803509
9,-23,24.698178
-29,-1,29.017236
-14,2,14.142136
46,14,48.083261
-14,0,14.000000
16,-10,18.867962
-42,16,44.944410
-23,-11,25.495098
45,-29,53.535035
4,26,26.305893
-6,-12,13.416408
46,12,47.539457
36,-24,43.266615
33,-17,37.121422
-16,32,35.777088
-14,-26,29.529646
-15,9,17.492856
15,17,22.671568
-10,16,18.867962
-15,-3,15.297059
21,27,34.205263
27,-37,45.803930
-52,-8,52.611786
-5,-33,33.376639
-12,-4,12.649111
2,14,14.142136
30,8,31.048349
-2,38,38.052595
-29,5,29.427878
-30,30,42.426407
29,-37,47.010637
28,0,28.000000
-19,17,25.495098
-4,-24,24.331050
1,-1,1.414214
-10,-24,26.000000
33,21,39.115214
20,22,29.732137
-9,-15,17.492856
22,-10,24.166092
-6,-20,20.880613
-11,-33,34.785054
-15,-17,22.671568
43,-27,50.774009
22,-22,31.112698
-10,26,27.856777
-22,-10,24.166092
-3,-47,47.095647
-32,-14,34.928498
-22,22,31.112698
-6,8,10.000000
-4,-42,42.190046
18,10,20.591260
4,-6,7.211103
-1,-15,15.033296
-2,2,2.828427
-21,15,25.806976
-7,-31,31.780497
1,19,19.026298
10,-8,12.806248
8,-46,46.690470
-40,10,41.231056
20,2,20.099751
-3,23,23.194827
-21,-11,23.706539
26,16,30.528675
-1,1,1.414214
4,-56,56.142675
-31,-17,35.355339
-2,8,8.246211
18,-22,28.425341
18,-22,28.425341
1,-23,23.021729
15,-9,17.492856
17,-33,37.121422
16,-16,22.627417
-11,5,12.083046
15,-1,15.033296
34,-18,38.470768
15,35,38.078866
-17,5,17.720045
-5,5,7.071068
-33,-1,33.015148
-21,1,21.023796
-12,12,16.970563
-30,14,33.105891
-16,-18,24.083189
-16,18,24.083189
27,-15,30.886890
17,-19,25.495098
-10,44,45.122057
-5,-5,7.071068
-7,-49,49.497475
12,8,14.422205
-18,42,45.694639
10,-6,11.661904
7,-29,29.832868
13,19,23.021729
14,-4,14.560220
-29,3,29.154759
-5,-5,7.071068
-1,-13,13.038405
-28,8,29.120440
7,-7,9.899495
20,-12,23.323808
7,25,25.961510
-15,45,47.434165
41,41,57.982756
13,13,18.384776
-21,45,49.658836
-33,9,34.205263
0,10,10.000000
2,14,14.142136
-17,25,30.232433
-13,-3,13.341664
8,4,8.944272
-4,-20,20.396078
-4,0,4.000000
-18,-12,21.633308
27,19,33.015148
2,-24,24.083189
-9,13,15.811388
8,-42,42.755117
-25,23,33.970576
2,-18,18.110770
-11,47,48.270074
23,-15,27.459060
-14,30,33.105891
-2,-10,10.198039
30,-24,38.418745
16,-12,20.000000
36,-44,56.850682
9,-5,10.295630
17,-53,55.659680
30,-16,34.000000
23,-19,29.832868
21,5,21.587033
-36,-6,36.496575
21,-5,21.587033
-17,25,30.232433
-24,-24,33.941125
-21,9,22.847319
30,-8,31.048349
21,3,21.213203
-20,34,39.446166
14,-10,17.204651
-18,8,19.697716
-26,-6,26.683328
0,-26,26.000000
-1,17,17.029386
36,2,36.055513
-17,3,17.262677
10,-4,10.770330
12,-38,39.849718
32,-20,37.735925
43,-27,50.774009
-4,50,50.159745
-5,23,23.537205
37,11,38.600518
-21,-15,25.806976
-51,-3,51.088159
20,12,23.323808
20,-22,29.732137
5,-13,13.928388
-10,-34,35.440090
-14,8,16.124515
-20,-10,22.360680
-42,-46,62.289646
18,26,31.622777
-15,33,36.249138
-38,-26,46.043458
8,-2,8.246211
1,25,25.019992
20,8,21.540659
-46,-4,46.173586
20,6,20.880613
-3,47,47.095647
15,-17,22.671568
-27,-19,33.015148
19,-5,19.646883
13,23,26.419690
5,21,21.587033
-22,34,40.496913
-3,-11,11.401754
-5,17,17.720045
8,58,58.549125
29,-47,55.226805
1,5,5.099020
14,-12,18.439089
29,47,55.226805
-2,16,16.124515
15,-7,16.552945
25,-17,30.232433
-9,9,12.727922
-15,-3,15.297059
7,5,8.602325
50,-4,50.159745
-14,14,19.798990
4,-16,16.492423
-14,8,16.124515
25,-27,36.796739
-52,32,61.057350
-1,9,9.055385
46,28,53.851648
3,11,11.401754
-29,-3,29.154759
-12,4,12.649111
-11,-5,12.083046
-6,22,22.803509
28,16,32.249031
-25,-25,35.355339
-15,19,24.207437
13,5,13.928388
16,-14,21.260292
22,6,22.803509
6,34,34.525353
-32,30,43.863424
22,0,22.000000
-7,-27,27.892651
-21,-17,27.018512
23,11,25.495098
-17,-11,20.248457
-8,34,34.928498
16,-4,16.492423
-47,27,54.203321
-28,18,33.286634
6,-14,15.231546
-11,27,29.154759
10,14,17.204651
17,-27,31.906112
-20,20,28.284271
18,-6,18.973666
21,7,22.135944
-32,12,34.176015
-21,29,35.805028
-29,-33,43.931765
-11,-35,36.687873
-4,38,38.209946
-1,23,23.021729
-1,-11,11.045361
6,14,15.231546
-13,7,14.764823
5,-29,29.427878
3,-19,19.235384
-24,-8,25.298221
-76,-10,76.655072
8,-16,17.888544
11,-21,23.706539
-18,10,20.591260
-25,-41,48.020829
-14,-42,44.271887
-9,31,32.280025
-9,-3,9.486833
-21,27,34.205263
-33,5,33.376639
-2,-8,8.246211
-13,-45,46.840154
-16,-40,43.081318
-9,-3,9.486833
-15,-5,15.811388
14,-10,17.204651
17,31,35.355339
25,57,62.241465
-26,16,30.528675
-15,3,15.297059
-4,-54,54.147945
-9,23,24.698178
-3,-1,3.162278
21,23,31.144823
22,-2,22.090722
8,36,36.878178
-28,-26,38.209946
0,10,10.000000
35,7,35.693137
23,-29,37.013511
15,17,22.671568
5,31,31.400637
-25,1,25.019992
-53,-21,57.008771
-13,-33,35.468296
3,25,25.179357
-22,22,31.112698
6,24,24.738634
27,43,50.774009
7,7,9.899495
-26,6,26.683328
-10,12,15.620499
12,30,32.310989
39,13,41.109610
-14,18,22.803509
57,-13,58.463664
3,-5,5.830952
-12,-28,30.463092
-16,12,20.000000
-3,-5,5.830952
-1,-21,21.023796
16,-6,17.088007
29,-35,45.453273
-8,16,17.888544
-21,7,22.135944
15,-15,21.213203
-31,-3,31.144823
-10,8,12.806248
-9,13,15.811388
29,5,29.427878
7,-37,37.656341
46,26,52.839379
-7,1,7.071068
10,-4,10.770330
-13,-7,14.764823
54,36,64.899923
-1,11,11.045361
14,20,24.413111
-15,-13,19.849433
-15,-5,15.811388
-2,-24,24.083189
20,38,42.941821
13,5,13.928388
-15,19,24.207437
-4,10,10.770330
-17,3,17.262677
-49,17,51.865210
33,37,49.578221
-18,-30,34.985711
9,-5,10.295630
4,20,20.396078
-6,28,28.635642
33,15,36.249138
-41,-21,46.065171
16,2,16.124515
73,-19,75.432089
-2,-16,16.124515
-4,-10,10.770330
-36,6,36.496575
18,-12,21.633308
63,-13,64.327288
20,-4,20.396078
10,-32,33.526109
9,33,34.205263
-27,-9,28.460499
-16,30,34.000000
-38,12,39.849718
-4,-58,58.137767
-38,-10,39.293765
28,-40,48.826222
19,11,21.954498
27,-5,27.459060
41,25,48.020829
17,-7,18.384776
12,8,14.422205
1,59,59.008474
-31,19,36.359318
7,-13,14.764823
-19,-13,23.021729
-19,-27,33.015148
5,11,12.083046
58,-38,69.339743
30,-14,33.105891
28,-12,30.463092
-8,-18,19.697716
3,-61,61.073726
5,17,17.720045
-17,31,35.355339
22,-12,25.059928
-32,16,35.777088
-30,4,30.265492
22,-32,38.832976
17,-49,51.865210
-7,9,11.401754
5,3,5.830952
-6,-6,8.485281
-32,20,37.735925
0,-10,10.000000
15,17,22.671568
14,0,14.000000
42,-2,42.047592
22,-20,29.732137
11,9,14.212670
-34,32,46.690470
6,12,13.416408
-10,-6,11.661904
46,8,46.690470
-31,19,36.359318
29,-7,29.832868
40,-6,40.447497
-6,2,6.324555
3,7,7.615773
26,16,30.528675
10,14,17.204651
-42,0,42.000000
5,-9,10.295630
-10,30,31.622777
-35,9,36.138622
31,11,32.893768
35,3,35.128336
-27,49,55.946403
13,-17,21.400935
10,0,10.000000
-8,14,16.124515
20,48,52.000000
21,27,34.205263
31,5,31.400637
-19,17,25.495098
-3,15,15.297059
-2,22,22.090722
27,-23,35.468296
57,1,57.008771
6,-22,22.803509
28,-54,60.827625
25,21,32.649655
2,18,18.110770
33,-1,33.015148
-8,-6,10.000000
-18,-20,26.907248
-30,14,33.105891
-22,28,35.608988
-15,-45,47.434165
-2,-14,14.142136
17,-17,24.041631
20,-8,21.540659
18,-28,33.286634
4,18,18.439089
-17,13,21.400935
-12,-8,14.422205
-39,1,39.012818
-11,13,17.029386
-8,-6,10.000000
32,-12,34.176015
-8,-2,8.246211
9,49,49.819675
4,4,5.656854
32,-4,32.249031
22,10,24.166092
-7,-43,43.566042
2,0,2.000000
24,-18,30.000000
3,13,13.341664
-5,-21,21.587033
11,-9,14.212670
24,6,24.738634
12,14,18.439089
16,-6,17.088007
-23,-1,23.021729
-3,-23,23.194827
22,36,42.190046
-11,39,40.521599
12,-4,12.649111
-29,17,33.615473
41,27,49.091751
5,-7,8.602325
20,20,28.284271
31,1,31.016125
-5,-3,5.830952
-3,-17,17.262677
-15,15,21.213203
6,4,7.211103
-14,16,21.260292
10,-4,10.770330
-15,-3,15.297059
5,7,8.602325
-4,10,10.770330
6,-28,28.635642
-17,37,40.718546
-22,-18,28.425341
-18,0,18.000000
-20,-6,20.880613
12,-8,14.422205
35,19,39.824616
5,13,13.928388
2,6,6.324555
10,-38,39.293765
41,21,46.065171
14,-18,22.803509
-18,-34,38.470768
25,-23,33.970576
16,-30,34.000000
23,-27,35.468296
-12,14,18.439089
12,-26,28.635642
-8,-2,8.246211
36,-38,52.345009
-8,-42,42.755117
-7,15,16.552945
-16,-14,21.260292
-20,30,36.055513
9,13,15.811388
-3,15,15.297059
-28,-24,36.878178
11,45,46.324939
1,15,15.033296
-60,6,60.299254
24,-28,36.878178
-11,-15,18.601075
30,6,30.594117
-15,-27,30.886890
15,23,27.459060
-1,-1,1.414214
-13,41,43.011626
-31,25,39.824616
14,-20,24.413111
-21,-27,34.205263
6,38,38.470768
42,22,47.413078
8,-14,16.124515
54,0,54.000000
11,-13,17.029386
25,-7,25.961510
14,32,34.928498
-12,16,20.000000
-54,-30,61.773781
8,30,31.048349
-14,-8,16.124515
33,-33,46.669048
-1,-3,3.162278
-5,-19,19.646883
15,-3,15.297059
-38,-2,38.052595
-1,-9,9.055385
-17,13,21.400935
-23,-7,24.041631
-6,-12,13.416408
-9,11,14.212670
37,-7,37.656341
-13,-15,19.849433
-13,11,17.029386
-22,18,28.425341
30,30,42.426407
22,-18,28.425341
19,-23,29.832868
-11,15,18.601075
12,-2,12.165525
-28,-8,29.120440
30,2,30.066593
3,1,3.162278
15,15,21.213203
9,-53,53.758720
37,-15,39.924930
-8,-14,16.124515
10,2,10.198039
-25,-35,43.011626
12,8,14.422205
-11,-3,11.401754
-12,-12,16.970563
30,20,36.055513
7,33,33.734256
15,9,17.492856
-13,25,28.178006
22,20,29.732137
-5,-11,12.083046
6,-30,30.594117
21,23,31.144823
-32,-14,34.928498
53,-15,55.081757
12,12,16.970563
-10,-32,33.526109
9,5,10.295630
-24,-40,46.647615
24,14,27.784888
37,11,38.600518
13,-37,39.217343
-39,-29,48.600412
-16,-18,24.083189
-10,-10,14.142136
-25,47,53.235327
29,9,30.364453
-17,33,37.121422
-4,46,46.173586
8,26,27.202941
0,40,40.000000
33,21,39.115214
-6,6,8.485281
-26,-24,35.383612
3,-3,4.242641
-19,41,45.188494
13,-39,41.109610
-10,-28,29.732137
40,10,41.231056
-8,-4,8.944272
-19,27,33.015148
-13,11,17.029386
11,-21,23.706539
-21,-45,49.658836
37,-7,37.656341
25,-19,31.400637
52,24,57.271284
-9,-17,19.235384
14,28,31.304952
-5,-5,7.071068
-43,-5,43.289722
10,-26,27.856777
-10,-22,24.166092
-21,17,27.018512
26,-8,27.202941
14,-18,22.803509
-33,-49,59.076222
-31,21,37.443290
3,-31,31.144823
15,-5,15.811388
11,5,12.083046
16,-46,48.703183
-6,-34,34.525353
-21,53,57.008771
-33,-9,34.205263
16,-38,41.231056
9,-5,10.295630
-9,9,12.727922
31,-29,42.449971
-40,-20,44.721360
7,-25,25.961510
-8,-6,10.000000
-4,4,5.656854
25,1,25.019992
-14,-8,16.124515
-3,-65,65.069194
21,3,21.213203
-12,-22,25.059928
20,-4,20.396078
-27,1,27.018512
-27,-3,27.166155
-27,55,61.269895
-9,-13,15.811388
-12,16,20.000000
42,6,42.426407
-33,5,33.376639
35,-15,38.078866
7,19,20.248457
-13,25,28.178006
7,-39,39.623226
-6,-30,30.594117
4,-24,24.331050
-18,-16,24.083189
-2,22,22.090722
9,1,9.055385
13,3,13.341664
8,-16,17.888544
4,12,12.649111
34,8,34.928498
61,7,61.400326
3,-25,25.179357
-8,-12,14.422205
55,25,60.415230
11,-1,11.045361
10,-20,22.360680
-32,54,62.769419
-21,-15,25.806976
2,-8,8.246211
-34,28,44.045431
-9,-7,11.401754
23,-25,33.970576
9,-37,38.078866
-2,-20,20.099751
-28,4,28.284271
-14,-2,14.142136
-20,22,29.732137
-15,33,36.249138
32,22,38.832976
-18,-2,18.110770
2,-20,20.099751
0,42,42.000000
-17,-35,38.910153
-24,10,26.000000
12,18,21.633308
22,-8,23.409400
0,-4,4.000000
4,6,7.211103
13,7,14.764823
42,-24,48.373546
16,0,16.000000
43,-11,44.384682
13,-5,13.928388
14,10,17.204651
-27,-13,29.966648
-12,-34,36.055513
-19,33,38.078866
-9,-5,10.295630
10,-6,11.661904
8,-28,29.120440
-16,20,25.612497
2,10,10.198039
7,7,9.899495
-16,2,16.124515
-4,54,54.147945
39,41,56.586217
-10,18,20.591260
-19,1,19.026298
23,5,23.537205
6,-68,68.264193
28,-4,28.284271
-9,-1,9.055385
-12,16,20.000000
7,-15,16.552945
-11,-29,31.016125
-23,11,25.495098
13,-19,23.021729
9,39,40.024992
-15,-51,53.160135
5,-31,31.400637
-9,3,9.486833
8,-6,10.000000
21,-27,34.205263
49,-29,56.938563
-6,16,17.088007
-28,6,28.635642
17,-1,17.029386
20,-2,20.099751
3,-31,31.144823
32,0,32.000000
-34,26,42.801869
1,23,23.021729
-20,22,29.732137
-16,-34,37.576588
40,8,40.792156
-14,-16,21.260292
5,-7,8.602325
-18,-14,22.803509
13,13,18.384776
-19,17,25.495098
-10,18,20.591260
30,6,30.594117
3,7,7.615773
-5,-3,5.830952
-19,-21,28.319605
35,1,35.014283
-27,11,29.154759
-4,-44,44.181444
7,-1,7.071068
15,-3,15.297059
-4,10,10.770330
-17,15,22.671568
27,31,41.109610
-4,-8,8.944272
1,69,69.007246
-5,-37,37.336309
3,-5,5.830952
-25,19,31.400637
7,13,14.764823
-31,-11,32.893768
8,6,10.000000
18,-28,33.286634
15,7,16.552945
-19,-11,21.954498
12,-20,23.323808
-44,-22,49.193496
-2,22,22.090722
-1,-1,1.414214
22,-2,22.090722
0,0,0.000000
16,-10,18.867962
3,-13,13.341664
9,-19,21.023796
-18,52,55.027266
5,-15,15.811388
-24,-12,26.832816
17,19,25.495098
32,2,32.062439
-26,-4,26.305893
69,3,69.065187
-45,-23,50.537115
7,17,18.384776
21,-19,28.319605
-12,8,14.422205
33,11,34.785054
-21,-11,23.706539
8,-6,10.000000
12,20,23.323808
-4,26,26.305893
-43,23,48.764741
48,-48,67.882251
6,-28,28.635642
28,-18,33.286634
-12,-18,21.633308
52,-34,62.128898
18,-8,19.697716
23,3,23.194827
-6,0,6.000000
-21,25,32.649655
44,-26,51.107729
-17,27,31.906112
-6,-18,18.973666
-23,-51,55.946403
-7,51,51.478151
-1,19,19.026298
-21,19,28.319605
5,13,13.928388
9,47,47.853944
-11,-43,44.384682
4,32,32.249031
3,9,9.486833
-32,22,38.832976
-15,21,25.806976
-12,0,12.000000
0,14,14.000000
19,-5,19.646883
-24,8,25.298221
37,5,37.336309
-17,-5,17.720045
42,-42,59.396970
-14,-32,34.928498
-41,-37,55.226805
-9,11,14.212670
-17,-25,30.232433
-38,0,38.000000
39,3,39.115214
-13,39,41.109610
36,-44,56.850682
-25,5,25.495098
-32,-26,41.231056
20,46,50.159745
18,-46,49.396356
-4,-2,4.472136
-2,-36,36.055513
3,-11,11.401754
3,5,5.830952
-5,15,15.811388
8,6,10.000000
19,-23,29.832868
-15,11,18.601075
10,2,10.198039
8,16,17.888544
16,-4,16.492423
-14,-28,31.304952
13,35,37.336309
-16,10,18.867962
-6,-10,11.661904
54,10,54.918121
-27,15,30.886890
11,-31,32.893768
-22,22,31.112698
0,72,72.000000
-26,-18,31.622777
-16,-30,34.000000
32,-2,32.062439
-22,30,37.202150
-47,-9,47.853944
19,-25,31.400637
-17,23,28.600699
21,17,27.018512
-12,-18,21.633308
8,-6,10.000000
-29,5,29.427878
7,-21,22.135944
2,4,4.472136
-26,-50,56.356011
-33,-29,43.931765
-27,5,27.459060
15,-7,16.552945
21,11,23.706539
27,-13,29.966648
-5,11,12.083046
-3,15,15.297059
32,-40,51.224994
3,5,5.830952
5,55,55.226805
-3,-21,21.213203
17,-57,59.481089
-40,18,43.863424
1,7,7.071068
-37,3,37.121422
44,38,58.137767
34,-10,35.440090
-34,20,39.446166
14,6,15.231546
16,-16,22.627417
1,-13,13.038405
12,-54,55.317267
-4,20,20.396078
15,-37,39.924930
-12,8,14.422205
-8,2,8.246211
-1,33,33.015148
-15,-45,47.434165
-4,24,24.331050
37,-27,45.803930
5,-27,27.459060
-17,19,25.495098
-21,-19,28.319605
51,39,64.202804
5,-21,21.587033
-6,14,15.231546
-37,-39,53.758720
-31,-21,37.443290
-12,30,32.310989
-9,-5,10.295630
10,-42,43.174066
16,-4,16.492423
-9,15,17.492856
-1,1,1.414214
2,34,34.058773
-18,-12,21.633308
44,-10,45.122057
6,0,6.000000
12,32,34.176015
-69,-17,71.063352
9,-15,17.492856
2,10,10.198039
25,-31,39.824616
14,6,15.231546
8,26,27.202941
12,-36,37.947332
-31,21,37.443290
40,-22,45.650849
-9,-19,21.023796
8,-16,17.888544
41,3,41.109610
-25,3,25.179357
-43,7,43.566042
43,-3,43.104524
-36,-26,44.407207
-27,-23,35.468296
-23,29,37.013511
38,16,41.231056
-8,14,16.124515
-18,-36,40.249224
-53,-15,55.081757
26,40,47.707442
22,8,23.409400
-6,-24,24.738634
18,24,30.000000
11,-27,29.154759
-29,-19,34.669872
8,-38,38.832976
20,22,29.732137
2,14,14.142136
15,3,15.297059
-26,44,51.107729
-12,-4,12.649111
-5,-15,15.811388
-18,2,18.110770
13,11,17.029386
12,32,34.176015
27,-29,39.623226
14,-10,17.204651
26,-12,28.635642
-6,42,42.426407
3,33,33.136083
11,11,15.556349
15,37,39.924930
-2,-28,28.071338
21,29,35.805028
-17,31,35.355339
-17,-51,53.758720
-17,25,30.232433
11,-21,23.706539
-16,-42,44.944410
8,24,25.298221
29,3,29.154759
-23,-5,23.537205
-5,-19,19.646883
-3,5,5.830952
-23,-21,31.144823
-34,30,45.343136
34,-18,38.470768
-16,-12,20.000000
12,6,13.416408
30,28,41.036569
40,-8,40.792156
14,14,19.798990
8,-20,21.540659
52,-8,52.611786
22,-8,23.409400
-8,-2,8.246211
0,14,14.000000
-39,7,39.623226
-38,18,42.047592
-3,-17,17.262677
-3,-1,3.162278
33,33,46.669048
8,-10,12.806248
-29,33,43.931765
13,-5,13.928388
-21,3,21.213203
-19,57,60.083276
30,0,30.000000
30,12,32.310989
-16,-4,16.492423
-38,-38,53.740115
32,24,40.000000
23,17,28.600699
-11,31,32.893768
7,-7,9.899495
18,0,18.000000
21,1,21.023796
19,23,29.832868
15,-53,55.081757
40,-8,40.792156
31,-23,38.600518
-19,5,19.646883
-18,-18,25.455844
23,7,24.041631
-13,21,24.698178
6,-16,17.088007
-6,8,10.000000
-25,-43,49.739320
-41,25,48.020829
41,-15,43.657760
4,-36,36.221541
17,-9,19.235384
1,-19,19.026298
4,8,8.944272
18,6,18.973666
-14,2,14.142136
-15,-27,30.886890
-11,27,29.154759
-10,36,37.363083
-14,10,17.204651
0,-10,10.000000
8,18,19.697716
10,-16,18.867962
15,-31,34.438351
-11,15,18.601075
-47,29,55.226805
-3,-5,5.830952
-14,38,40.496913
-12,2,12.165525
6,4,7.211103
-18,-58,60.728906
-14,-6,15.231546
-8,-18,19.697716
-26,0,26.000000
-16,6,17.088007
0,16,16.000000
1,-15,15.033296
25,1,25.019992
7,23,24.041631
-38,16,41.231056
24,12,26.832816
-5,-27,27.459060
-24,-22,32.557641
-30,16,34.000000
-11,-29,31.016125
-2,-10,10.198039
25,-1,25.019992
-23,57,61.465437
0,2,2.000000
24,-24,33.941125
21,21,29.698485
5,5,7.071068
20,38,42.941821
19,-5,19.646883
-12,-6,13.416408
-18,30,34.985711
39,-37,53.758720
6,-10,11.661904
-42,0,42.000000
-3,5,5.830952
6,-54,54.332311
-4,-14,14.560220
0,4,4.000000
18,-10,20.591260
15,9,17.492856
17,29,33.615473
-35,-17,38.910153
-2,24,24.083189
-20,-24,31.240999
-9,-1,9.055385
32,-32,45.254834
21,-21,29.698485
7,17,18.384776
15,-9,17.492856
5,13,13.928388
-3,-13,13.341664
-17,43,46.238512
22,-12,25.059928
-1,-27,27.018512
-1,-35,35.014283
-15,-7,16.552945
-2,-46,46.043458
-38,-30,48.414874
-79,41,89.005618
7,9,11.401754
25,11,27.313001
-7,-15,16.552945
-28,54,60.827625
2,-42,42.047592
-3,21,21.213203
-9,29,30.364453
27,-25,36.796739
18,18,25.455844
-37,-15,39.924930
-15,17,22.671568
19,-21,28.319605
17,-15,22.671568
-20,8,21.540659
-17,39,42.544095
3,23,23.194827
-36,34,49.517674
12,18,21.633308
-9,-9,12.727922
-44,-6,44.407207
8,-8,11.313708
-2,-6,6.324555
-24,-20,31.240999
7,-9,11.401754
-5,-9,10.295630
45,-23,50.537115
8,-20,21.540659
-10,24,26.000000
23,-21,31.144823
-4,42,42.190046
-11,57,58.051701
2,10,10.198039
12,-22,25.059928
-26,-12,28.635642
30,-4,30.265492
14,-30,33.105891
-7,51,51.478151
-16,-10,18.867962
-11,5,12.083046
-28,12,30.463092
-14,-14,19.798990
26,-10,27.856777
-20,-8,21.540659
7,27,27.892651
10,14,17.204651
16,-40,43.081318
-43,27,50.774009
-11,23,25.495098
15,31,34.438351
25,-3,25.179357
38,-30,48.414874
11,-7,13.038405
4,-10,10.770330
-2,14,14.142136
-30,-30,42.426407
38,-4,38.209946
-2,-32,32.062439
25,1,25.019992
-23,-17,28.600699
8,40,40.792156
6,18,18.973666
3,-27,27.166155
10,-4,10.770330
10,-24,26.000000
24,-12,26.832816
-6,-20,20.880613
50,30,58.309519
-25,-39,46.324939
-4,22,22.360680
29,-11,31.016125
-27,1,27.018512
-8,12,14.422205
-11,-23,25.495098
39,-35,52.402290
-4,20,20.396078
-10,-4,10.770330
-68,-2,68.029405
-8,20,21.540659
10,68,68.731361
41,-33,52.630789
3,13,13.341664
-27,-7,27.892651
-34,20,39.446166
-24,8,25.298221
-6,-4,7.211103
-6,-8,10.000000
27,59,64.884513
0,-10,10.000000
6,-56,56.320511
19,-33,38.078866
17,-19,25.495098
-7,15,16.552945
-3,-11,11.401754
13,-7,14.764823
29,-29,41.012193
-7,25,25.961510
11,-5,12.083046
31,-23,38.600518
-16,-8,17.888544
9,7,11.401754
27,-21,34.205263
17,-27,31.906112
17,-13,21.400935
38,-50,62.801274
10,-8,12.806248
-19,3,19.235384
38,2,38.052595
16,-8,17.888544
52,4,52.153619
8,-2,8.246211
-13,-7,14.764823
11,13,17.029386
-6,10,11.661904
1,-27,27.018512
-8,-48,48.662100
11,-7,13.038405
17,-11,20.248457
-9,-21,22.847319
-10,14,17.204651
-1,-27,27.018512
-46,18,49.396356
-26,-12,28.635642
-36,-18,40.249224
32,-6,32.557641
54,44,69.656299
-26,-16,30.528675
1,-29,29.017236
-25,-13,28.178006
19,29,34.669872
27,-31,41.109610
9,15,17.492856
23,-23,32.526912
-11,-15,18.601075
6,-4,7.211103
14,-14,19.798990
6,-14,15.231546
4,-6,7.211103
-2,30,30.066593
-1,3,3.162278
20,-12,23.323808
2,16,16.124515
-7,-23,24.041631
-12,2,12.165525
0,-42,42.000000
-6,54,54.332311
7,-27,27.892651
-20,24,31.240999
14,-28,31.304952
-33,-25,41.400483
-31,27,41.109610
-11,5,12.083046
52,36,63.245553
7,21,22.135944
-30,-34,45.343136
14,2,14.142136
0,26,26.000000
11,-19,21.954498
1,-1,1.414214
2,16,16.124515
2,10,10.198039
-10,8,12.806248
15,-11,18.601075
1,19,19.026298
0,2,2.000000
12,2,12.165525
12,22,25.059928
-9,47,47.853944
-11,55,56.089215
-13,-37,39.217343
4,-20,20.396078
-11,-7,13.038405
31,37,48.270074
7,-1,7.071068
15,-15,21.213203
12,-18,21.633308
-3,41,41.109610
-7,-37,37.656341
-25,-15,29.154759
-3,11,11.401754
-32,28,42.520583
-62,-20,65.145990
-13,19,23.021729
8,36,36.878178
-9,-15,17.492856
20,-2,20.099751
3,11,11.401754
1,19,19.026298
46,26,52.839379
32,-8,32.984845
32,20,37.735925
-4,-24,24.331050
0,38,38.000000
-11,19,21.954498
-4,-10,10.770330
10,0,10.000000
0,-8,8.000000
-25,-17,30.232433
-6,30,30.594117
0,-6,6.000000
15,-9,17.492856
-19,-3,19.235384
1,9,9.055385
-4,-18,18.439089
0,14,14.000000
32,12,34.176015
-24,-6,24.738634
-2,-40,40.049969
-6,8,10.000000
0,-18,18.000000
-3,-15,15.297059
34,-12,36.055513
22,-8,23.409400
7,-9,11.401754
-17,13,21.400935
-13,9,15.811388
24,-2,24.083189
15,-5,15.811388
45,-33,55.803226
13,15,19.849433
60,-12,61.188234
4,-16,16.492423
-22,-22,31.112698
-6,-20,20.880613
-19,-21,28.319605
-20,0,20.000000
-1,-13,13.038405
0,-6,6.000000
-3,-1,3.162278
-20,38,42.941821
1,-5,5.099020
-20,18,26.907248
0,-6,6.000000
-3,17,17.262677
10,-46,47.074409
-26,-20,32.802439
12,30,32.310989
-9,9,12.727922
-14,-18,22.803509
1,-31,31.016125
36,-12,37.947332
4,-34,34.234486
-14,-18,22.803509
2,36,36.055513
-1,9,9.055385
-19,15,24.207437
-5,27,27.459060
-1,15,15.033296
-16,20,25.612497
-26,-26,36.769553
-16,16,22.627417
-70,36,78.714675
41,-3,41.109610
6,-12,13.416408
8,2,8.246211
-24,28,36.878178
-22,-18,28.425341
15,21,25.806976
-11,5,12.083046
-16,30,34.000000
-46,4,46.173586
-5,27,27.459060
18,-44,47.539457
25,21,32.649655
-34,22,40.496913
-31,17,35.355339
-12,-20,23.323808
4,-34,34.234486
48,-20,52.000000
-14,-12,18.439089
-8,6,10.000000
-13,-21,24.698178
26,2,26.076810
-8,14,16.124515
43,3,43.104524
-28,6,28.635642
4,18,18.439089
-1,-31,31.016125
27,23,35.468296
4,40,40.199502
6,8,10.000000
15,5,15.811388
2,-8,8.246211
-26,-12,28.635642
7,17,18.384776
23,11,25.495098
-22,8,23.409400
-16,2,16.124515
-2,8,8.246211
-1,-3,3.162278
-26,-10,27.856777
36,-38,52.345009
-45,-27,52.478567
7,-7,9.899495
7,5,8.602325
1,17,17.029386
25,-29,38.288379
-13,-29,31.780497
-4,-48,48.166378
-28,2,28.071338
-24,-10,26.000000
33,31,45.276926
35,-63,72.069411
-20,16,25.612497
-12,28,30.463092
19,5,19.646883
10,14,17.204651
-22,16,27.202941
-4,28,28.284271
0,12,12.000000
-26,22,34.058773
-6,-4,7.211103
11,17,20.248457
14,0,14.000000
-38,-2,38.052595
-14,0,14.000000
26,-22,34.058773
45,41,60.876925
-29,11,31.016125
30,-16,34.000000
-1,19,19.026298
4,-6,7.211103
-17,19,25.495098
4,-32,32.249031
60,-10,60.827625
-9,-1,9.055385
40,12,41.761226
-7,41,41.593269
7,-23,24.041631
-11,11,15.556349
34,-6,34.525353
-9,-11,14.212670
-1,19,19.026298
-25,-1,25.019992
15,-29,32.649655
-1,11,11.045361
-14,-10,17.204651
26,4,26.305893
-22,4,22.360680
-37,21,42.544095
-11,-5,12.083046
30,22,37.202150
-9,-7,11.401754
8,-46,46.690470
37,19,41.593269
25,-13,28.178006
-37,17,40.718546
7,-1,7.071068
43,11,44.384682
7,-3,7.615773
20,10,22.360680
-2,-26,26.076810
-4,24,24.331050
-8,-6,10.000000
-15,27,30.886890
26,28,38.209946
31,-39,49.819675
-6,-24,24.738634
8,32,32.984845
4,-34,34.234486
-7,-1,7.071068
12,-24,26.832816
-1,-11,11.045361
-14,20,24.413111
0,-12,12.000000
13,-25,28.178006
-9,5,10.295630
41,-9,41.976184
-22,16,27.202941
5,-33,33.376639
-1,-11,11.045361
14,-38,40.496913
16,-4,16.492423
-11,27,29.154759
-11,7,13.038405
5,21,21.587033
-2,-38,38.052595
42,6,42.426407
-9,27,28.460499
-22,-6,22.803509
8,-20,21.540659
36,-8,36.878178
3,-25,25.179357
-35,-3,35.128336
-35,13,37.336309
-10,-28,29.732137
-36,0,36.000000
-20,-18,26.907248
23,-13,26.419690
-21,-21,29.698485
-20,0,20.000000
-21,1,21.023796
2,8,8.246211
-17,-1,17.029386
-20,-36,41.182521
-30,6,30.594117
-17,-41,44.384682
17,-11,20.248457
25,-19,31.400637
-44,-24,50.119856
-16,10,18.867962
6,64,64.280635
-11,19,21.954498
-4,-12,12.649111
8,2,8.246211
11,11,15.556349
10,-18,20.591260
21,31,37.443290
23,13,26.419690
-25,1,25.019992
18,20,26.907248
-13,25,28.178006
-8,32,32.984845
-11,-1,11.045361
14,28,31.304952
-18,12,21.633308
18,-2,18.110770
24,38,44.944410
-9,-23,24.698178
16,0,16.000000
-9,1,9.055385
11,-31,32.893768
16,-20,25.612497
-10,42,43.174066
-15,-3,15.297059
46,0,46.000000
1,21,21.023796
10,34,35.440090
-11,9,14.212670
37,13,39.217343
-14,-16,21.260292
11,-23,25.495098
43,17,46.238512
-21,5,21.587033
-30,4,30.265492
-3,17,17.262677
-5,-15,15.811388
-2,2,2.828427
-31,39,49.819675
-26,-2,26.076810
35,-3,35.128336
29,-9,30.364453
-7,53,53.460266
4,-18,18.439089
42,-14,44.271887
-1,15,15.033296
5,-15,15.811388
-58,-32,66.241981
-8,-56,56.568542
11,9,14.212670
18,6,18.973666
-34,10,35.440090
42,-6,42.426407
-8,-60,60.530984
-20,-16,25.612497
-17,-13,21.400935
16,-18,24.083189
61,-11,61.983869
-6,14,15.231546
-15,-7,16.552945
-24,20,31.240999
17,-21,27.018512
-4,-4,5.656854
6,-4,7.211103
-3,7,7.615773
24,10,26.000000
8,20,21.540659
10,-32,33.526109
-33,-23,40.224371
-24,-18,30.000000
20,2,20.099751
43,31,53.009433
36,28,45.607017
-52,24,57.271284
27,-25,36.796739
8,-2,8.246211
-13,25,28.178006
25,23,33.970576
4,14,14.560220
19,13,23.021729
-15,-23,27.459060
24,-34,41.617304
17,27,31.906112
-1,21,21.023796
-36,38,52.345009
-13,-3,13.341664
-54,-14,55.785303
-16,-18,24.083189
8,-10,12.806248
-44,46,63.655322
2,10,10.198039
-39,-51,64.202804
6,-14,15.231546
-20,-30,36.055513
-16,-28,32.249031
41,13,43.011626
33,-15,36.249138
-21,-13,24.698178
4,-4,5.656854
15,-39,41.785165
-1,3,3.162278
19,-17,25.495098
-6,40,40.447497
37,7,37.656341
3,17,17.262677
-4,14,14.560220
4,10,10.770330
-8,46,46.690470
-30,-4,30.265492
10,10,14.142136
3,13,13.341664
-21,-5,21.587033
-14,-6,15.231546
9,15,17.492856
-30,2,30.066593
-3,11,11.401754
21,-1,21.023796
-34,18,38.470768
-20,-20,28.284271
-16,-18,24.083189
5,3,5.830952
28,12,30.463092
-26,-10,27.856777
35,-23,41.880783
-34,10,35.440090
-16,34,37.576588
-4,-6,7.211103
2,-2,2.828427
-13,-3,13.341664
-18,12,21.633308
30,0,30.000000
-4,-42,42.190046
28,-20,34.409301
5,27,27.459060
-17,-11,20.248457
2,32,32.062439
-35,9,36.138622
-4,4,5.656854
-6,-6,8.485281
1,15,15.033296
29,19,34.669872
9,-11,14.212670
-58,-4,58.137767
-4,-4,5.656854
-4,-4,5.656854
11,-21,23.706539
15,17,22.671568
-44,-24,50.119856
-11,23,25.495098
5,11,12.083046
-18,-12,21.633308
-8,-48,48.662100
-37,-27,45.803930
-8,-46,46.690470
-31,31,43.840620
-10,2,10.198039
-20,2,20.099751
-26,76,80.324343
-24,0,24.000000
-22,-20,29.732137
-1,31,31.016125
6,-12,13.416408
4,-6,7.211103
36,4,36.221541
-15,17,22.671568
-14,-30,33.105891
11,7,13.038405
-8,-22,23.409400
-18,16,24.083189
-2,6,6.324555
-15,-1,15.033296
-7,7,9.899495
21,-9,22.847319
-31,3,31.144823
-15,11,18.601075
-27,33,42.638011
-11,17,20.248457
4,-10,10.770330
-14,-8,16.124515
52,-20,55.713553
0,-18,18.000000
1,17,17.029386
-51,-9,51.788030
-13,-51,52.630789
-25,3,25.179357
20,-26,32.802439
-26,24,35.383612
-1,-31,31.016125
-37,37,52.325902
-24,14,27.784888
-19,33,38.078866
-17,-9,19.235384
-5,-5,7.071068
41,-17,44.384682
-31,47,56.302753
7,-29,29.832868
30,-20,36.055513
-21,-21,29.698485
4,-14,14.560220
36,10,37.363083
-4,-6,7.211103
11,-21,23.706539
-36,-24,43.266615
-2,16,16.124515
-38,6,38.470768
-2,-34,34.058773
8,16,17.888544
20,2,20.099751
31,-7,31.780497
2,36,36.055513
-10,6,11.661904
-34,-2,34.058773
22,40,45.650849
10,-18,20.591260
-10,-22,24.166092
-11,-25,27.313001
9,-21,22.847319
-23,-21,31.144823
21,3,21.213203
-30,-30,42.426407
10,22,24.166092
-26,10,27.856777
-3,9,9.486833
0,6,6.000000
-34,28,44.045431
13,3,13.341664
8,-36,36.878178
-1,1,1.414214
-2,-8,8.246211
-60,-22,63.906181
26,12,28.635642
-3,-9,9.486833
-1,-5,5.099020
-11,-31,32.893768
-13,9,15.811388
5,-7,8.602325
-31,9,32.280025
-1,-17,17.029386
12,-6,13.416408
-26,-16,30.528675
-3,-13,13.341664
-23,17,28.600699
27,17,31.906112
-41,-1,41.012193
15,-17,22.671568
-5,7,8.602325
-9,-7,11.401754
-14,16,21.260292
13,9,15.811388
19,-3,19.235384
33,-21,39.115214
9,23,24.698178
-28,-42,50.477718
-2,-6,6.324555
11,-5,12.083046
21,-9,22.847319
-26,-28,38.209946
7,-9,11.401754
-21,13,24.698178
-10,-30,31.622777
6,6,8.485281
24,70,74.000000
10,-26,27.856777
17,-29,33.615473
-11,-11,15.556349
-21,1,21.023796
14,-10,17.204651
-10,34,35.440090
-4,-22,22.360680
1,19,19.026298
-2,-20,20.099751
-2,-14,14.142136
3,1,3.162278
-48,-24,53.665631
33,15,36.249138
17,19,25.495098
-6,24,24.738634
-4,-20,20.396078
17,39,42.544095
16,-10,18.867962
35,37,50.931326
0,4,4.000000
30,-18,34.985711
22,-2,22.090722
2,-6,6.324555
21,-15,25.806976
-14,-4,14.560220
2,32,32.062439
7,1,7.071068
-3,-15,15.297059
-33,-13,35.468296
-2,48,48.041649
12,-18,21.633308
-15,21,25.806976
24,16,28.844410
-6,-28,28.635642
37,19,41.593269
-12,-28,30.463092
31,-23,38.600518
-20,0,20.000000
-8,-6,10.000000
11,45,46.324939
-16,-32,35.777088
-41,17,44.384682
16,2,16.124515
-41,25,48.020829
37,7,37.656341
-41,-3,41.109610
-10,12,15.620499
-1,19,19.026298
22,-14,26.076810
2,6,6.324555
-20,-2,20.099751
-28,-8,29.120440
6,-14,15.231546
-33,-15,36.249138
-9,-21,22.847319
-3,11,11.401754
21,31,37.443290
-9,7,11.401754
-14,-10,17.204651
-32,16,35.777088
-34,-24,41.617304
-5,27,27.459060
9,11,14.212670
-26,-18,31.622777
-19,-7,20.248457
-3,11,11.401754
5,-25,25.495098
18,-8,19.697716
3,-35,35.128336
35,35,49.497475
-11,37,38.600518
-4,-36,36.221541
18,16,24.083189
6,8,10.000000
36,-16,39.395431
-12,-24,26.832816
34,10,35.440090
1,-7,7.071068
20,6,20.880613
-22,42,47.413078
-11,-45,46.324939
10,36,37.363083
-1,-23,23.021729
0,-22,22.000000
1,-21,21.023796
8,18,19.697716
-19,-43,47.010637
-37,39,53.758720
-4,-16,16.492423
57,23,61.465437
31,-13,33.615473
-3,9,9.486833
21,-1,21.023796
0,8,8.000000
8,12,14.422205
-10,-10,14.142136
42,-14,44.271887
4,-42,42.190046
-6,-20,20.880613
18,-20,26.907248
42,40,58.000000
-6,-14,15.231546
0,-22,22.000000
-32,-10,33.526109
0,-22,22.000000
15,-31,34.438351
5,-11,12.083046
-23,-33,40.224371
-29,11,31.016125
-5,-1,5.099020
-6,16,17.088007
8,26,27.202941
-4,28,28.284271
30,14,33.105891
0,-24,24.000000
17,5,17.720045
10,-10,14.142136
34,10,35.440090
-3,37,37.121422
-15,11,18.601075
24,-20,31.240999
-23,15,27.459060
5,-7,8.602325
-4,2,4.472136
49,29,56.938563
15,-9,17.492856
0,-16,16.000000
9,13,15.811388
-14,-20,24.413111
-10,18,20.591260
-4,0,4.000000
34,-42,54.037024
-14,-8,16.124515
-2,20,20.099751
28,-8,29.120440
6,0,6.000000
34,-12,36.055513
-12,28,30.463092
-2,8,8.246211
15,19,24.207437
0,-40,40.000000
36,22,42.190046
16,20,25.612497
-22,2,22.090722
-11,-13,17.029386
-29,-7,29.832868
37,1,37.013511
13,25,28.178006
-12,16,20.000000
-19,55,58.189346
25,11,27.313001
12,4,12.649111
-35,-65,73.824115
21,37,42.544095
-13,-7,14.764823
56,-38,67.675697
2,-36,36.055513
38,30,48.414874
-8,-6,10.000000
12,-8,14.422205
38,8,38.832976
-6,-12,13.416408
9,-35,36.138622
14,-16,21.260292
50,-10,50.990195
2,-34,34.058773
-25,-17,30.232433
15,25,29.154759
0,-12,12.000000
20,-12,23.323808
-39,-23,45.276926
-5,-27,27.459060
-3,15,15.297059
-5,-31,31.400637
29,27,39.623226
-15,23,27.459060
9,1,9.055385
-36,50,61.611687
11,-39,40.521599
12,18,21.633308
15,-5,15.811388
-9,17,19.235384
11,-7,13.038405
25,-17,30.232433
-3,7,7.615773
5,1,5.099020
-30,-28,41.036569
50,30,58.309519
-4,12,12.649111
-10,4,10.770330
-32,30,43.863424
25,-1,25.019992
32,2,32.062439
27,-3,27.166155
33,23,40.224371
-3,31,31.144823
11,-7,13.038405
14,-14,19.798990
-2,16,16.124515
-15,-3,15.297059
-3,-15,15.297059
-3,-27,27.166155
-25,11,27.313001
-2,-2,2.828427
-6,-22,22.803509
33,5,33.376639
1,19,19.026298
28,-6,28.635642
-39,39,55.154329
-5,-19,19.646883
-20,-14,24.413111
1,-15,15.033296
35,-23,41.880783
27,-3,27.166155
-42,16,44.944410
-16,-18,24.083189
3,11,11.401754
8,2,8.246211
49,-49,69.296465
44,-34,55.605755
22,12,25.059928
-4,-6,7.211103
4,-22,22.360680
17,27,31.906112
17,25,30.232433
17,-31,35.355339
4,-20,20.396078
-2,-8,8.246211
-19,9,21.023796
3,5,5.830952
-30,-14,33.105891
-5,3,5.830952
12,-8,14.422205
3,-27,27.166155
1,7,7.071068
5,35,35.355339
-34,14,36.769553
18,56,58.821765
44,-2,44.045431
-5,7,8.602325
23,-41,47.010637
-4,-6,7.211103
-45,-7,45.541190
8,44,44.721360
30,44,53.254108
2,10,10.198039
-7,-19,20.248457
-2,-6,6.324555
-36,0,36.000000
-3,51,51.088159
-21,-21,29.698485
-52,-8,52.611786
-44,-2,44.045431
4,14,14.560220
-30,22,37.202150
-15,-37,39.924930
1,25,25.019992
-34,-4,34.234486
-40,-4,40.199502
19,-5,19.646883
6,4,7.211103
53,11,54.129474
5,-27,27.459060
20,30,36.055513
13,45,46.840154
7,11,13.038405
-30,22,37.202150
15,-5,15.811388
-14,10,17.204651
57,9,57.706152
-12,26,28.635642
-3,3,4.242641
-20,44,48.332184
13,53,54.571055
20,-30,36.055513
34,24,41.617304
4,-4,5.656854
21,5,21.587033
-29,-7,29.832868
-5,-27,27.459060
-42,-4,42.190046
4,-28,28.284271
10,38,39.293765
4,-12,12.649111
19,-3,19.235384
-20,-10,22.360680
-1,-29,29.017236
-37,-15,39.924930
5,21,21.587033
28,-4,28.284271
3,9,9.486833
-30,0,30.000000
-32,2,32.062439
-2,12,12.165525
-31,27,41.109610
0,8,8.000000
-4,24,24.331050
44,-4,44.181444
-12,20,23.323808
24,16,28.844410
26,-8,27.202941
16,-8,17.888544
-3,23,23.194827
9,25,26.570661
-39,-9,40.024992
-23,25,33.970576
-5,15,15.811388
-50,6,50.358713
7,7,9.899495
-45,1,45.011110
11,35,36.687873
14,-8,16.124515
1,35,35.014283
-19,-25,31.400637
-26,10,27.856777
18,26,31.622777
-24,-18,30.000000
-2,32,32.062439
27,-27,38.183766
21,3,21.213203
-26,-4,26.305893
-1,33,33.015148
2,40,40.049969
12,24,26.832816
2,4,4.472136
6,20,20.880613
-9,1,9.055385
-43,-27,50.774009
-3,-7,7.615773
-3,13,13.341664
-26,-48,54.589376
14,-42,44.271887
-2,26,26.076810
21,25,32.649655
-30,-30,42.426407
20,20,28.284271
23,-15,27.459060
33,-5,33.376639
50,6,50.358713
3,-5,5.830952
16,30,34.000000
14,10,17.204651
-8,-8,11.313708
15,19,24.207437
40,22,45.650849
54,-18,56.920998
8,0,8.000000
-4,-16,16.492423
3,-13,13.341664
-21,17,27.018512
10,18,20.591260
14,32,34.928498
12,-40,41.761226
49,13,50.695167
-4,-4,5.656854
10,-40,41.231056
-17,15,22.671568
10,30,31.622777
46,6,46.389654
0,-14,14.000000
-8,22,23.409400
2,20,20.099751
-33,43,54.203321
14,-2,14.142136
36,10,37.363083
-6,16,17.088007
-28,40,48.826222
27,-33,42.638011
12,-12,16.970563
45,27,52.478567
5,-39,39.319207
24,-2,24.083189
23,3,23.194827
31,19,36.359318
-24,-12,26.832816
-22,-12,25.059928
-6,2,6.324555
24,8,25.298221
-31,-13,33.615473
23,-7,24.041631
-11,-15,18.601075
-20,-2,20.099751
-39,-3,39.115214
-6,-18,18.973666
11,-11,15.556349
15,-13,19.849433
14,34,36.769553
33,-9,34.205263
3,59,59.076222
-21,-1,21.023796
-33,-17,37.121422
-15,-13,19.849433
-6,6,8.485281
36,-2,36.055513
40,18,43.863424
3,7,7.615773
13,9,15.811388
-6,2,6.324555
23,13,26.419690
37,3,37.121422
43,-15,45.541190
26,12,28.635642
-3,-5,5.830952
15,13,19.849433
30,20,36.055513
6,0,6.000000
20,8,21.540659
-20,18,26.907248
1,-5,5.099020
62,30,68.876701
-16,-10,18.867962
21,1,21.023796
-30,-2,30.066593
-20,18,26.907248
-8,-24,25.298221
-28,-6,28.635642
-8,14,16.124515
-3,9,9.486833
27,-15,30.886890
-7,19,20.248457
-8,-36,36.878178
-16,22,27.202941
-11,15,18.601075
-17,1,17.029386
-23,-25,33.970576
2,-4,4.472136
9,9,12.727922
4,50,50.159745
38,8,38.832976
-11,9,14.212670
-2,14,14.142136
-5,9,10.295630
-20,-24,31.240999
12,-14,18.439089
9,-7,11.401754
1,15,15.033296
15,1,15.033296
12,-10,15.620499
16,-32,35.777088
22,-36,42.190046
1,-7,7.071068
61,43,74.632433
-1,-5,5.099020
18,-10,20.591260
-20,0,20.000000
-26,16,30.528675
-4,18,18.439089
-11,11,15.556349
14,-54,55.785303
-19,-23,29.832868
55,-5,55.226805
36,6,36.496575
-37,-33,49.578221
12,12,16.970563
7,19,20.248457
20,-12,23.323808
8,24,25.298221
13,19,23.021729
-41,-1,41.012193
2,38,38.052595
35,13,37.336309
-5,-23,23.537205
-7,-7,9.899495
-24,-8,25.298221
25,61,65.924199
-15,-5,15.811388
-52,8,52.611786
-33,3,33.136083
-27,3,27.166155
-2,-6,6.324555
55,-15,57.008771
-5,1,5.099020
-23,37,43.566042
9,1,9.055385
8,10,12.806248
20,-16,25.612497
23,-5,23.537205
0,-12,12.000000
6,-12,13.416408
21,1,21.023796
-5,-23,23.537205
-18,6,18.973666
4,30,30.265492
-28,-20,34.409301
-6,-16,17.088007
-8,-28,29.120440
-17,-3,17.262677
-35,3,35.128336
-52,12,53.366656
29,-21,35.805028
18,-8,19.697716
23,15,27.459060
6,20,20.880613
-2,38,38.052595
-1,19,19.026298
34,14,36.769553
-31,19,36.359318
28,2,28.071338
-34,12,36.055513
7,-23,24.041631
8,-8,11.313708
3,47,47.095647
11,-11,15.556349
67,15,68.658576
-53,-67,85.428333
42,-12,43.680659
-47,-3,47.095647
-15,-5,15.811388
-28,18,33.286634
-11,-21,23.706539
-4,42,42.190046
1,3,3.162278
-2,-22,22.090722
16,12,20.000000
6,22,22.803509
-8,-6,10.000000
2,10,10.198039
13,-19,23.021729
-18,-14,22.803509
-12,4,12.649111
21,3,21.213203
9,1,9.055385
-29,29,41.012193
2,2,2.828427
-3,-15,15.297059
-5,-1,5.099020
-10,42,43.174066
9,17,19.235384
13,23,26.419690
17,-41,44.384682
38,24,44.944410
24,-8,25.298221
32,26,41.231056
14,-10,17.204651
-27,25,36.796739
1,-13,13.038405
27,11,29.154759
16,10,18.867962
-30,-16,34.000000
-23,-39,45.276926
13,-13,18.384776
-2,0,2.000000
31,7,31.780497
33,-27,42.638011
-16,-10,18.867962
-3,-9,9.486833
-24,-20,31.240999
1,-37,37.013511
-4,32,32.249031
12,38,39.849718
9,13,15.811388
-2,-16,16.124515
-10,0,10.000000
11,1,11.045361
17,19,25.495098
-44,0,44.000000
8,-30,31.048349
-15,-25,29.154759
-42,-32,52.801515
12,-4,12.649111
72,-22,75.286121
19,27,33.015148
-23,-25,33.970576
-31,-27,41.109610
-8,2,8.246211
-17,9,19.235384
13,25,28.178006
-40,20,44.721360
-22,50,54.626001
20,-32,37.735925
23,-37,43.566042
-25,21,32.649655
25,15,29.154759
19,13,23.021729
18,16,24.083189
-32,-46,56.035703
28,6,28.635642
-4,14,14.560220
25,25,35.355339
0,-4,4.000000
-1,-7,7.071068
36,24,43.266615
-8,-18,19.697716
9,-21,22.847319
41,11,42.449971
5,17,17.720045
-18,22,28.425341
0,36,36.000000
27,19,33.015148
11,15,18.601075
11,11,15.556349
30,38,48.414874
36,38,52.345009
7,-3,7.615773
31,11,32.893768
-12,30,32.310989
1,-7,7.071068
-75,9,75.538070
1,-9,9.055385
24,-10,26.000000
-19,-3,19.235384
6,12,13.416408
-16,-26,30.528675
3,-3,4.242641
26,28,38.209946
-20,12,23.323808
18,24,30.000000
-10,14,17.204651
-24,6,24.738634
-17,21,27.018512
43,25,49.739320
-33,13,35.468296
-24,-24,33.941125
15,15,21.213203
1,19,19.026298
32,6,32.557641
-4,12,12.649111
-15,-1,15.033296
-7,61,61.400326
-11,39,40.521599
6,-40,40.447497
-9,7,11.401754
28,-34,44.045431
-38,-50,62.801274
-1,21,21.023796
-33,-27,42.638011
17,-11,20.248457
20,6,20.880613
-12,34,36.055513
1,15,15.033296
-5,-5,7.071068
31,19,36.359318
50,38,62.801274
-36,-22,42.190046
-7,-3,7.615773
-46,0,46.000000
2,2,2.828427
1,11,11.045361
-17,21,27.018512
-3,33,33.136083
-31,-11,32.893768
-22,-20,29.732137
-14,-10,17.204651
-1,27,27.018512
3,-25,25.179357
-4,14,14.560220
-10,-20,22.360680
28,-24,36.878178
5,17,17.720045
21,11,23.706539
-6,2,6.324555
1,5,5.099020
0,6,6.000000
13,-33,35.468296
-3,-27,27.166155
21,-1,21.023796
-22,16,27.202941
-21,31,37.443290
-27,-17,31.906112
15,-11,18.601075
30,26,39.698866
-50,-18,53.141321
-30,-8,31.048349
43,29,51.865210
18,-16,24.083189
6,-2,6.324555
2,38,38.052595
4,-2,4.472136
43,-15,45.541190
11,25,27.313001
0,8,8.000000
4,18,18.439089
26,26,36.769553
3,-29,29.154759
-17,-9,19.235384
4,-30,30.265492
11,-19,21.954498
12,36,37.947332
-22,16,27.202941
10,-8,12.806248
18,0,18.000000
-9,-39,40.024992
22,-10,24.166092
-4,0,4.000000
-26,-54,59.933296
-1,-3,3.162278
26,0,26.000000
-34,-12,36.055513
3,19,19.235384
-36,-26,44.407207
-8,-14,16.124515
-10,-14,17.204651
-41,-13,43.011626
21,-17,27.018512
20,-6,20.880613
-60,-44,74.404301
14,12,18.439089
45,-15,47.434165
-43,-37,56.727418
-4,16,16.492423
22,8,23.409400
-32,-4,32.249031
-30,-12,32.310989
-11,9,14.212670
15,-3,15.297059
8,-54,54.589376
-3,19,19.235384
-20,44,48.332184
34,52,62.128898
11,-27,29.154759
-20,-12,23.323808
43,1,43.011626
1,-25,25.019992
-23,-13,26.419690
-18,2,18.110770
-12,30,32.310989
38,6,38.470768
-26,4,26.305893
30,18,34.985711
15,-19,24.207437
17,-3,17.262677
19,-7,20.248457
-10,-30,31.622777
-1,-23,23.021729
12,20,23.323808
-1,-9,9.055385
-13,9,15.811388
3,-9,9.486833
-11,-43,44.384682
-10,4,10.770330
-2,28,28.071338
-21,-9,22.847319
11,-1,11.045361
-11,1,11.045361
27,-3,27.166155
2,-20,20.099751
-62,18,64.560050
0,-36,36.000000
-7,11,13.038405
-10,6,11.661904
-11,15,18.601075
-1,1,1.414214
-4,30,30.265492
29,45,53.535035
9,5,10.295630
-18,-8,19.697716
16,-20,25.612497
29,-21,35.805028
12,42,43.680659
4,-10,10.770330
-14,-38,40.496913
-2,10,10.198039
-5,11,12.083046
4,-16,16.492423
27,17,31.906112
28,-20,34.409301
-26,34,42.801869
-44,0,44.000000
0,-48,48.000000
-11,5,12.083046
29,41,50.219518
-16,-16,22.627417
45,41,60.876925
-2,-18,18.110770
33,-1,33.015148
-22,24,32.557641
-24,28,36.878178
-26,6,26.683328
-10,-12,15.620499
-23,-31,38.600518
42,24,48.373546
57,13,58.463664
-15,-19,24.207437
-1,9,9.055385
-3,9,9.486833
30,2,30.066593
17,5,17.720045
4,30,30.265492
-11,-5,12.083046
11,-15,18.601075
-5,-5,7.071068
-3,29,29.154759
37,7,37.656341
9,-3,9.486833
23,-15,27.459060
-15,-15,21.213203
-33,-15,36.249138
-4,30,30.265492
13,-31,33.615473
23,-11,25.495098
4,-8,8.944272
1,23,23.021729
-1,41,41.012193
12,-8,14.422205
-6,32,32.557641
2,10,10.198039
-13,43,44.922155
26,-42,49.396356
0,-16,16.000000
16,12,20.000000
12,58,59.228372
6,-12,13.416408
21,-27,34.205263
-26,-2,26.076810
-24,20,31.240999
27,-27,38.183766
3,-25,25.179357
10,56,56.885851
-2,-48,48.041649
6,8,10.000000
-15,3,15.297059
12,-36,37.947332
-29,35,45.453273
-5,33,33.376639
-20,-26,32.802439
13,-5,13.928388
-24,2,24.083189
-3,13,13.341664
18,-36,40.249224
43,-7,43.566042
10,10,14.142136
9,35,36.138622
-2,8,8.246211
22,20,29.732137
12,14,18.439089
12,-36,37.947332
19,-21,28.319605
24,-36,43.266615
-16,8,17.888544
-45,61,75.802375
-14,10,17.204651
5,3,5.830952
-2,8,8.246211
16,-44,46.818800
-5,21,21.587033
9,9,12.727922
0,8,8.000000
-8,18,19.697716
-7,-59,59.413803
17,7,18.384776
-17,-1,17.029386
-32,26,41.231056
41,13,43.011626
10,-52,52.952809
6,28,28.635642
-25,45,51.478151
-3,-23,23.194827
9,-5,10.295630
6,8,10.000000
-32,58,66.241981
-37,-25,44.654227
1,23,23.021729
-21,-23,31.144823
-24,20,31.240999
-17,-9,19.235384
-25,3,25.179357
-13,-5,13.928388
24,-58,62.769419
-1,21,21.023796
15,-7,16.552945
8,6,10.000000
22,-10,24.166092
-5,45,45.276926
18,-10,20.591260
-18,4,18.439089
-23,-19,29.832868
13,13,18.384776
16,-14,21.260292
-10,-22,24.166092
-13,-11,17.029386
-19,-43,47.010637
24,12,26.832816
-29,23,37.013511
19,57,60.083276
-5,-27,27.459060
-23,-3,23.194827
27,23,35.468296
-38,20,42.941821
-26,-14,29.529646
-6,-28,28.635642
-13,19,23.021729
-34,-12,36.055513
-47,31,56.302753
-30,12,32.310989
6,30,30.594117
2,14,14.142136
-14,54,55.785303
-14,6,15.231546
32,22,38.832976
25,33,41.400483
-22,2,22.090722
-9,-11,14.212670
30,16,34.000000
17,15,22.671568
-17,-3,17.262677
-11,13,17.029386
-27,1,27.018512
-1,-5,5.099020
18,42,45.694639
38,20,42.941821
22,18,28.425341
-28,2,28.071338
24,0,24.000000
1,25,25.019992
43,-33,54.203321
-24,-22,32.557641
21,29,35.805028
9,13,15.811388
12,-24,26.832816
-33,-5,33.376639
26,12,28.635642
-31,-39,49.819675
-3,-23,23.194827
-20,14,24.413111
-46,-10,47.074409
-17,-19,25.495098
14,-26,29.529646
-1,13,13.038405
-49,-1,49.010203
7,31,31.780497
16,-4,16.492423
-40,-58,70.455660
-1,37,37.013511
-19,21,28.319605
-12,-2,12.165525
-33,-13,35.468296
-12,16,20.000000
-4,6,7.211103
27,-31,41.109610
-2,-24,24.083189
9,31,32.280025
-3,-23,23.194827
17,5,17.720045
-29,-17,33.615473
-26,24,35.383612
-10,-14,17.204651
-27,-27,38.183766
1,35,35.014283
6,12,13.416408
-37,11,38.600518
21,-13,24.698178
-25,57,62.241465
1,7,7.071068
-28,26,38.209946
13,-17,21.400935
8,14,16.124515
17,13,21.400935
-61,3,61.073726
-6,-14,15.231546
33,-15,36.249138
-10,-18,20.591260
-36,-10,37.363083
2,-8,8.246211
5,-11,12.083046
-10,-30,31.622777
-2,-12,12.165525
-13,-27,29.966648
32,-28,42.520583
-24,14,27.784888
-34,-52,62.128898
-19,-27,33.015148
-29,-11,31.016125
23,-49,54.129474
-11,-19,21.954498
-24,-10,26.000000
30,-12,32.310989
-35,-9,36.138622
14,-20,24.413111
16,-30,34.000000
-5,15,15.811388
25,17,30.232433
-3,-27,27.166155
-10,-18,20.591260
15,-27,30.886890
11,43,44.384682
22,-10,24.166092
26,0,26.000000
-5,-15,15.811388
-2,-34,34.058773
-8,-22,23.409400
15,-39,41.785165
19,25,31.400637
-32,-2,32.062439
-18,-34,38.470768
20,12,23.323808
-6,0,6.000000
28,0,28.000000
-9,29,30.364453
-33,11,34.785054
12,20,23.323808
24,-4,24.331050
11,-11,15.556349
19,-33,38.078866
-19,7,20.248457
14,-10,17.204651
-20,-22,29.732137
-4,22,22.360680
39,-3,39.115214
20,10,22.360680
5,-25,25.495098
16,24,28.844410
2,18,18.110770
-30,-12,32.310989
-30,-42,51.613952
-11,-13,17.029386
5,-37,37.336309
-15,-3,15.297059
-4,-32,32.249031
-8,0,8.000000
9,19,21.023796
-5,21,21.587033
-33,9,34.205263
-26,38,46.043458
-3,-5,5.830952
-14,32,34.928498
31,1,31.016125
-2,-30,30.066593
-2,-20,20.099751
-8,-20,21.540659
5,25,25.495098
2,2,2.828427
59,13,60.415230
6,-8,10.000000
39,15,41.785165
2,-12,12.165525
1,-17,17.029386
14,34,36.769553
-12,-26,28.635642
31,-15,34.438351
-63,-1,63.007936
-1,21,21.023796
-12,-44,45.607017
4,0,4.000000
-34,26,42.801869
51,-23,55.946403
27,11,29.154759
-12,8,14.422205
-2,-6,6.324555
8,18,19.697716
-10,2,10.198039
-24,-34,41.617304
-33,-25,41.400483
13,-59,60.415230
18,-10,20.591260
-28,-10,29.732137
-5,-51,51.244512
-14,-32,34.928498
28,-6,28.635642
-37,45,58.258047
21,-17,27.018512
5,37,37.336309
-14,0,14.000000
3,-25,25.179357
41,21,46.065171
7,-9,11.401754
-5,11,12.083046
-31,19,36.359318
31,-5,31.400637
7,23,24.041631
1,-5,5.099020
-34,6,34.525353
32,-38,49.678969
-17,5,17.720045
-15,1,15.033296
-22,20,29.732137
12,-18,21.633308
-12,32,34.176015
31,-9,32.280025
-5,-7,8.602325
-25,-7,25.961510
12,22,25.059928
-16,-34,37.576588
25,35,43.011626
-47,33,57.428216
28,-26,38.209946
5,-9,10.295630
-18,-20,26.907248
6,-4,7.211103
9,7,11.401754
10,-30,31.622777
-23,-31,38.600518
-32,-12,34.176015
25,-15,29.154759
26,0,26.000000
-19,31,36.359318
5,11,12.083046
1,-25,25.019992
39,-25,46.324939
0,-22,22.000000
-9,-15,17.492856
-7,5,8.602325
1,33,33.015148
8,-10,12.806248
-27,23,35.468296
31,11,32.893768
-9,-1,9.055385
-1,-5,5.099020
38,2,38.052595
43,23,48.764741
-8,42,42.755117
10,-4,10.770330
6,32,32.557641
-14,-2,14.142136
-12,-32,34.176015
-22,-6,22.803509
-1,-13,13.038405
17,23,28.600699
-38,2,38.052595
-14,-2,14.142136
-35,-3,35.128336
-3,13,13.341664
-5,-21,21.587033
-18,-6,18.973666
6,2,6.324555
41,1,41.012193
6,-4,7.211103
38,12,39.849718
23,23,32.526912
-9,39,40.024992
15,-23,27.459060
9,-13,15.811388
27,11,29.154759
-9,1,9.055385
-7,-21,22.135944
0,12,12.000000
25,5,25.495098
-15,3,15.297059
32,18,36.715120
-10,24,26.000000
-4,-30,30.265492
8,-18,19.697716
-21,-21,29.698485
-15,25,29.154759
8,-16,17.888544
-4,2,4.472136
-28,-32,42.520583
30,34,45.343136
-10,-6,11.661904
5,-13,13.928388
-4,26,26.305893
-9,21,22.847319
-16,-12,20.000000
3,-9,9.486833
17,-39,42.544095
7,-21,22.135944
-41,-29,50.219518
-11,41,42.449971
25,-5,25.495098
-18,4,18.439089
-53,-9,53.758720
-57,7,57.428216
-22,0,22.000000
20,-40,44.721360
2,10,10.198039
30,28,41.036569
-21,39,44.294469
33,-37,49.578221
-16,-4,16.492423
32,-38,49.678969
-1,-11,11.045361
-6,-2,6.324555
14,36,38.626416
-6,-28,28.635642
-3,23,23.194827
-28,0,28.000000
4,-46,46.173586
5,-17,17.720045
8,-12,14.422205
-22,-14,26.076810
27,-7,27.892651
-35,59,68.600292
14,-48,50.000000
2,12,12.165525
-5,1,5.099020
-20,-2,20.099751
16,20,25.612497
2,18,18.110770
10,22,24.166092
9,29,30.364453
5,13,13.928388
-6,0,6.000000
-17,21,27.018512
32,-2,32.062439
-7,-19,20.248457
-12,-34,36.055513
-35,21,40.816663
-26,-22,34.058773
-15,7,16.552945
-8,0,8.000000
16,22,27.202941
-12,0,12.000000
-24,28,36.878178
-33,-25,41.400483
-6,58,58.309519
44,-8,44.721360
-3,7,7.615773
40,4,40.199502
-4,-14,14.560220
-28,-8,29.120440
-4,14,14.560220
22,0,22.000000
-14,2,14.142136
-8,-12,14.422205
-12,16,20.000000
24,-8,25.298221
-2,26,26.076810
3,75,75.059976
-1,11,11.045361
-16,28,32.249031
-31,3,31.144823
12,20,23.323808
10,0,10.000000
-13,7,14.764823
-4,50,50.159745
-24,-16,28.844410
-31,-7,31.780497
-13,15,19.849433
19,-15,24.207437
-17,-5,17.720045
10,12,15.620499
20,12,23.323808
-24,34,41.617304
-32,18,36.715120
22,52,56.462377
-5,21,21.587033
-16,-14,21.260292
-28,-2,28.071338
26,20,32.802439
-10,-12,15.620499
-51,39,64.202804
40,-24,46.647615
-3,-31,31.144823
9,-15,17.492856
29,-5,29.427878
1,15,15.033296
-67,13,68.249542
-29,1,29.017236
18,12,21.633308
-14,-42,44.271887
-4,22,22.360680
-19,-13,23.021729
-40,-20,44.721360
18,-10,20.591260
-4,36,36.221541
-14,-10,17.204651
-26,-4,26.305893
-32,-20,37.735925
31,-23,38.600518
19,17,25.495098
-30,22,37.202150
-7,-31,31.780497
23,-15,27.459060
-8,-16,17.888544
-3,-19,19.235384
-22,-14,26.076810
0,36,36.000000
-14,-2,14.142136
-6,-30,30.594117
-38,-20,42.941821
-38,34,50.990195
-35,-13,37.336309
8,-26,27.202941
-46,-28,53.851648
8,8,11.313708
19,51,54.424259
30,-18,34.985711
13,-31,33.615473
9,13,15.811388
17,-31,35.355339
7,-55,55.443665
52,8,52.611786
-20,0,20.000000
27,-15,30.886890
19,37,41.593269
-18,-16,24.083189
-9,5,10.295630
-6,2,6.324555
11,-9,14.212670
-4,28,28.284271
10,-12,15.620499
2,12,12.165525
-10,-24,26.000000
-11,1,11.045361
-43,3,43.104524
54,-20,57.584720
50,4,50.159745
-9,35,36.138622
-9,13,15.811388
-7,-29,29.832868
8,2,8.246211
22,20,29.732137
-9,37,38.078866
15,27,30.886890
2,-2,2.828427
-24,14,27.784888
13,11,17.029386
-10,20,22.360680
-16,22,27.202941
11,-3,11.401754
14,-2,14.142136
-39,-23,45.276926
10,26,27.856777
-1,-19,19.026298
47,-23,52.325902
4,-4,5.656854
31,21,37.443290
-16,-10,18.867962
-15,13,19.849433
42,20,46.518813
8,-4,8.944272
18,-2,18.110770
26,50,56.356011
25,35,43.011626
-2,2,2.828427
-4,30,30.265492
24,-38,44.944410
-1,-5,5.099020
11,1,11.045361
-9,-11,14.212670
63,47,78.600254
-12,-4,12.649111
-16,-40,43.081318
-18,10,20.591260
-20,10,22.360680
10,-12,15.620499
-3,-7,7.615773
-30,-18,34.985711
-14,10,17.204651
-33,29,43.931765
24,20,31.240999
-18,-8,19.697716
11,7,13.038405
-25,-3,25.179357
-10,-8,12.806248
-8,20,21.540659
11,-1,11.045361
14,-14,19.798990
61,1,61.008196
-38,-18,42.047592
-8,6,10.000000
-1,5,5.099020
-13,3,13.341664
26,-38,46.043458
4,6,7.211103
-17,-13,21.400935
-8,-8,11.313708
4,4,5.656854
-15,-11,18.601075
25,-5,25.495098
-3,-13,13.341664
10,-36,37.363083
-4,-16,16.492423
20,24,31.240999
17,27,31.906112
-7,19,20.248457
-21,-27,34.205263
-31,-7,31.780497
4,-38,38.209946
-31,-29,42.449971
-33,5,33.376639
-7,27,27.892651
-24,6,24.738634
17,55,57.567352
-50,-12,51.419841
8,40,40.792156
25,-9,26.570661
-15,9,17.492856
-20,-34,39.446166
-19,23,29.832868
-15,-11,18.601075
22,2,22.090722
17,-5,17.720045
31,-17,35.355339
-21,19,28.319605
8,54,54.589376
2,10,10.198039
-7,5,8.602325
-21,19,28.319605
-37,-11,38.600518
8,-30,31.048349
-43,-5,43.289722
-27,27,38.183766
4,10,10.770330
44,-2,44.045431
-9,-3,9.486833
22,36,42.190046
22,0,22.000000
10,-2,10.198039
-4,10,10.770330
14,24,27.784888
16,10,18.867962
-5,5,7.071068
-9,11,14.212670
-25,7,25.961510
14,2,14.142136
31,-7,31.780497
-45,-11,46.324939
9,-19,21.023796
17,21,27.018512
8,-18,19.697716
15,27,30.886890
-41,5,41.303753
54,16,56.320511
-9,-5,10.295630
-16,10,18.867962
-9,-7,11.401754
-12,36,37.947332
10,-12,15.620499
-3,-27,27.166155
-1,7,7.071068
-9,-13,15.811388
21,5,21.587033
33,13,35.468296
16,4,16.492423
4,4,5.656854
-33,-3,33.136083
12,-28,30.463092
8,-8,11.313708
-15,-5,15.811388
-5,11,12.083046
17,25,30.232433
20,-40,44.721360
19,-11,21.954498
-3,-57,57.078893
-12,-28,30.463092
29,-9,30.364453
5,-11,12.083046
32,-2,32.062439
0,28,28.000000
-23,13,26.419690
-32,26,41.231056
31,-51,59.682493
30,12,32.310989
9,-17,19.235384
-3,-7,7.615773
22,6,22.803509
-21,25,32.649655
7,11,13.038405
18,20,26.907248
-12,6,13.416408
23,15,27.459060
38,-26,46.043458
-15,-7,16.552945
23,1,23.021729
37,-11,38.600518
-26,0,26.000000
-19,25,31.400637
-38,2,38.052595
16,-28,32.249031
-14,-40,42.379240
26,24,35.383612
0,-10,10.000000
-36,24,43.266615
-21,59,62.625873
-5,35,35.355339
58,2,58.034473
-12,0,12.000000
-12,10,15.620499
21,-29,35.805028
-14,14,19.798990
10,46,47.074409
24,-10,26.000000
-12,28,30.463092
31,9,32.280025
21,-1,21.023796
14,18,22.803509
23,17,28.600699
9,55,55.731499
23,27,35.468296
2,-2,2.828427
34,-30,45.343136
-7,21,22.135944
-18,-26,31.622777
-28,24,36.878178
-16,-16,22.627417
-38,6,38.470768
-18,-14,22.803509
45,-11,46.324939
30,-42,51.613952
14,20,24.413111
-42,8,42.755117
28,20,34.409301
-29,27,39.623226
-3,-29,29.154759
9,-33,34.205263
25,-15,29.154759
10,-20,22.360680
1,13,13.038405
21,7,22.135944
-7,35,35.693137
3,-5,5.830952
-6,-4,7.211103
9,5,10.295630
-16,-14,21.260292
13,15,19.849433
-3,25,25.179357
21,31,37.443290
-8,10,12.806248
20,28,34.409301
25,9,26.570661
20,-6,20.880613
16,0,16.000000
-12,4,12.649111
18,6,18.973666
16,10,18.867962
-6,14,15.231546
-8,2,8.246211
17,-7,18.384776
-69,27,74.094534
15,29,32.649655
23,-13,26.419690
11,27,29.154759
-12,-36,37.947332
12,24,26.832816
14,-24,27.784888
-12,-46,47.539457
-32,20,37.735925
9,69,69.584481
71,25,75.272837
-9,-15,17.492856
-1,3,3.162278
-24,10,26.000000
0,-24,24.000000
-31,19,36.359318
28,24,36.878178
25,-9,26.570661
11,23,25.495098
10,-24,26.000000
-3,17,17.262677
7,23,24.041631
17,-13,21.400935
-6,-28,28.635642
4,-4,5.656854
14,16,21.260292
5,-13,13.928388
13,31,33.615473
-2,-8,8.246211
-15,43,45.541190
13,-11,17.029386
-10,60,60.827625
12,-22,25.059928
5,13,13.928388
-10,4,10.770330
0,16,16.000000
-24,16,28.844410
-16,22,27.202941
-29,1,29.017236
-9,-15,17.492856
20,-4,20.396078
-11,29,31.016125
-37,-9,38.078866
-2,4,4.472136
-22,-8,23.409400
10,16,18.867962
7,-33,33.734256
7,-5,8.602325
49,-45,66.528190
-12,0,12.000000
-3,-31,31.144823
21,-15,25.806976
0,16,16.000000
38,-20,42.941821
25,9,26.570661
-7,17,18.384776
-11,-13,17.029386
-7,21,22.135944
-2,8,8.246211
-27,-3,27.166155
13,-1,13.038405
-18,14,22.803509
-3,-15,15.297059
4,4,5.656854
29,-33,43.931765
14,26,29.529646
8,-18,19.697716
4,-18,18.439089
11,7,13.038405
0,0,0.000000
2,-4,4.472136
13,-49,50.695167
7,15,16.552945
-9,-33,34.205263
15,3,15.297059
-26,-4,26.305893
15,-49,51.244512
-8,-8,11.313708
-3,-7,7.615773
-11,21,23.706539
2,-20,20.099751
-79,-19,81.252692
19,25,31.400637
2,-10,10.198039
12,20,23.323808
8,-26,27.202941
24,-6,24.738634
32,6,32.557641
20,-4,20.396078
-18,16,24.083189
34,14,36.769553
-6,24,24.738634
-24,30,38.418745
-41,-9,41.976184
10,10,14.142136
4,-24,24.331050
12,18,21.633308
1,-7,7.071068
-2,-28,28.071338
32,6,32.557641
-5,7,8.602325
-4,6,7.211103
4,12,12.649111
0,-20,20.000000
-1,17,17.029386
12,10,15.620499
-9,-1,9.055385
6,48,48.373546
7,-55,55.443665
-26,-2,26.076810
-16,40,43.081318
5,11,12.083046
11,-11,15.556349
-3,-13,13.341664
10,22,24.166092
-13,15,19.849433
-24,8,25.298221
-28,28,39.597980
1,13,13.038405
-27,7,27.892651
9,-23,24.698178
-3,-15,15.297059
4,-18,18.439089
55,25,60.415230
-1,11,11.045361
-8,22,23.409400
18,50,53.141321
9,-5,10.295630
-23,-33,40.224371
44,14,46.173586
-36,-54,64.899923
70,8,70.455660
-49,-1,49.010203
-7,-5,8.602325
1,-5,5.099020
35,35,49.497475
-3,11,11.401754
32,40,51.224994
14,6,15.231546
-24,-10,26.000000
-35,1,35.014283
-2,30,30.066593
0,-4,4.000000
29,-25,38.288379
22,6,22.803509
27,17,31.906112
54,-14,55.785303
-11,-5,12.083046
-70,-4,70.114193
3,5,5.830952
20,16,25.612497
24,-10,26.000000
11,-27,29.154759
3,15,15.297059
25,9,26.570661
45,-19,48.846699
25,-29,38.288379
-10,20,22.360680
-2,-20,20.099751
5,11,12.083046
13,-11,17.029386
-27,13,29.966648
9,-15,17.492856
-9,-3,9.486833
-1,5,5.099020
-13,-17,21.400935
-2,-34,34.058773
-12,46,47.539457
-23,37,43.566042
-4,-12,12.649111
2,26,26.076810
16,-32,35.777088
20,-12,23.323808
59,-7,59.413803
-31,39,49.819675
-22,-40,45.650849
36,-4,36.221541
-22,32,38.832976
-1,-17,17.029386
59,17,61.400326
16,-30,34.000000
36,8,36.878178
-22,-22,31.112698
25,-9,26.570661
-11,-9,14.212670
8,-6,10.000000
16,-10,18.867962
23,-13,26.419690
-10,-28,29.732137
6,8,10.000000
-44,-38,58.137767
-17,15,22.671568
-11,-17,20.248457
10,18,20.591260
15,-9,17.492856
31,-15,34.438351
-12,16,20.000000
-18,48,51.264022
5,29,29.427878
5,-21,21.587033
37,15,39.924930
13,-9,15.811388
-23,-1,23.021729
14,32,34.928498
-21,59,62.625873
12,-26,28.635642
8,-42,42.755117
20,8,21.540659
-5,19,19.646883
3,21,21.213203
-25,3,25.179357
-21,-15,25.806976
-8,-22,23.409400
11,-11,15.556349
0,-22,22.000000
10,-16,18.867962
-20,-12,23.323808
8,-38,38.832976
28,32,42.520583
2,0,2.000000
-42,22,47.413078
-18,-12,21.633308
20,50,53.851648
25,-5,25.495098
-6,-22,22.803509
-1,55,55.009090
-28,16,32.249031
-42,-18,45.694639
-35,-9,36.138622
-10,-20,22.360680
12,-22,25.059928
10,-14,17.204651
-30,20,36.055513
2,-24,24.083189
-42,6,42.426407
16,10,18.867962
-23,5,23.537205
9,-7,11.401754
35,-1,35.014283
-23,23,32.526912
-27,-7,27.892651
45,-13,46.840154
-20,-30,36.055513
-22,-2,22.090722
13,-13,18.384776
8,-2,8.246211
-8,32,32.984845
29,3,29.154759
-27,-7,27.892651
49,-13,50.695167
-17,-13,21.400935
7,-55,55.443665
-13,35,37.336309
10,-26,27.856777
-1,-1,1.414214
-20,38,42.941821
-3,3,4.242641
12,16,20.000000
-36,-24,43.266615
5,11,12.083046
0,-16,16.000000
-8,-8,11.313708
-9,-27,28.460499
-18,4,18.439089
-10,-22,24.166092
-14,-26,29.529646
8,-4,8.944272
25,41,48.020829
-11,17,20.248457
-14,-52,53.851648
1,-11,11.045361
6,26,26.683328
19,-3,19.235384
5,-23,23.537205
11,-9,14.212670
-13,-7,14.764823
-12,38,39.849718
13,3,13.341664
-31,3,31.144823
2,-18,18.110770
25,5,25.495098
-3,3,4.242641
41,-7,41.593269
5,1,5.099020
-11,-69,69.871310
-12,8,14.422205
30,-22,37.202150
15,-13,19.849433
9,-9,12.727922
6,-4,7.211103
-13,47,48.764741
33,-27,42.638011
2,12,12.165525
33,57,65.863495
-45,-3,45.099889
-4,2,4.472136
57,-15,58.940648
-18,24,30.000000
-4,14,14.560220
7,-17,18.384776
15,39,41.785165
-29,11,31.016125
-5,-1,5.099020
-2,-8,8.246211
48,-10,49.030603
29,-19,34.669872
1,19,19.026298
13,-41,43.011626
31,21,37.443290
-30,-12,32.310989
41,41,57.982756
27,-13,29.966648
1,29,29.017236
-18,-36,40.249224
57,17,59.481089
-16,-18,24.083189
-14,-14,19.798990
12,-26,28.635642
-55,41,68.600292
-24,-24,33.941125
5,15,15.811388
-26,-16,30.528675
-12,-2,12.165525
-14,2,14.142136
10,-4,10.770330
17,-7,18.384776
18,24,30.000000
-5,-11,12.083046
-39,23,45.276926
-25,9,26.570661
-23,-43,48.764741
26,16,30.528675
7,-13,14.764823
40,2,40.049969
20,56,59.464275
2,8,8.246211
7,3,7.615773
29,77,82.280010
7,-3,7.615773
-4,8,8.944272
23,-7,24.041631
17,5,17.720045
1,-11,11.045361
22,22,31.112698
16,-36,39.395431
-12,-22,25.059928
48,-10,49.030603
-34,8,34.928498
4,30,30.265492
16,-14,21.260292
23,31,38.600518
36,10,37.363083
10,22,24.166092
11,17,20.248457
25,-5,25.495098
1,-21,21.023796
-1,-19,19.026298
4,-22,22.360680
20,6,20.880613
43,-19,47.010637
-6,-2,6.324555
-32,-6,32.557641
-1,43,43.011626
-26,-8,27.202941
-13,-11,17.029386
5,-5,7.071068
-13,21,24.698178
25,11,27.313001
5,-3,5.830952
-11,-23,25.495098
12,28,30.463092
30,-2,30.066593
12,-2,12.165525
-6,-2,6.324555
33,3,33.136083
-9,27,28.460499
20,-14,24.413111
21,7,22.135944
-29,-35,45.453273
-25,19,31.400637
16,-42,44.944410
19,-15,24.207437
22,-10,24.166092
-29,-31,42.449971
43,-19,47.010637
4,-22,22.360680
-1,-31,31.016125
-37,57,67.955868
-1,15,15.033296
28,2,28.071338
-10,30,31.622777
-14,2,14.142136
21,-9,22.847319
34,10,35.440090
-13,-59,60.415230
2,0,2.000000
34,10,35.440090
46,0,46.000000
57,23,61.465437
21,5,21.587033
2,-2,2.828427
-28,8,29.120440
-2,12,12.165525
-11,-31,32.893768
-11,-23,25.495098
5,-27,27.459060
27,-3,27.166155
-20,-2,20.099751
-56,2,56.035703
-6,-4,7.211103
-3,-63,63.071388
-47,17,49.979996
-8,14,16.124515
-6,-10,11.661904
21,11,23.706539
11,-7,13.038405
19,19,26.870058
6,-22,22.803509
2,-28,28.071338
16,-46,48.703183
-6,6,8.485281
-1,-3,3.162278
-15,-17,22.671568
34,-8,34.928498
-8,-16,17.888544
10,30,31.622777
-4,-14,14.560220
-31,19,36.359318
4,-2,4.472136
-4,-30,30.265492
13,-27,29.966648
-6,2,6.324555
-23,25,33.970576
24,6,24.738634
9,29,30.364453
2,18,18.110770
38,-8,38.832976
23,-27,35.468296
-30,26,39.698866
-25,19,31.400637
-15,-43,45.541190
10,2,10.198039
-24,8,25.298221
10,30,31.622777
5,-9,10.295630
15,-1,15.033296
-8,-8,11.313708
-28,10,29.732137
11,11,15.556349
-13,-21,24.698178
34,-2,34.058773
-15,-13,19.849433
4,-16,16.492423
3,-43,43.104524
4,-8,8.944272
13,-7,14.764823
-7,-3,7.615773
14,-4,14.560220
20,-24,31.240999
8,-8,11.313708
4,-16,16.492423
-39,17,42.544095
1,-25,25.019992
27,-23,35.468296
3,-1,3.162278
23,-3,23.194827
12,-16,20.000000
-12,0,12.000000
24,32,40.000000
-31,11,32.893768
5,3,5.830952
10,46,47.074409
-27,21,34.205263
34,0,34.000000
-6,12,13.416408
50,18,53.141321
29,23,37.013511
27,-13,29.966648
9,51,51.788030
4,20,20.396078
11,11,15.556349
18,-46,49.396356
-4,0,4.000000
14,22,26.076810
17,-17,24.041631
-8,-4,8.944272
-11,-3,11.401754
11,-31,32.893768
43,55,69.814039
-7,-11,13.038405
1,23,23.021729
-13,33,35.468296
31,-15,34.438351
-23,1,23.021729
17,9,19.235384
-39,-13,41.109610
-34,-8,34.928498
8,-8,11.313708
-17,5,17.720045
20,-58,61.351447
-11,19,21.954498
-9,31,32.280025
-8,-20,21.540659
-12,-8,14.422205
35,-9,36.138622
8,30,31.048349
-10,6,11.661904
-19,-25,31.400637
13,-5,13.928388
-14,26,29.529646
1,23,23.021729
-14,-28,31.304952
-29,1,29.017236
-49,39,62.625873
-32,-16,35.777088
21,-19,28.319605
3,11,11.401754
-24,2,24.083189
-52,6,52.345009
-16,-42,44.944410
-41,41,57.982756
2,-22,22.090722
-29,-25,38.288379
24,-10,26.000000
50,-4,50.159745
30,4,30.265492
-7,-7,9.899495
21,-19,28.319605
-10,-8,12.806248
-1,-19,19.026298
-44,18,47.539457
-6,-12,13.416408
30,10,31.622777
5,-57,57.218878
0,-28,28.000000
25,23,33.970576
39,-3,39.115214
7,15,16.552945
22,-8,23.409400
-37,27,45.803930
12,28,30.463092
14,46,48.083261
-2,2,2.828427
2,6,6.324555
4,6,7.211103
16,-56,58.240879
-3,-19,19.235384
-22,-18,28.425341
0,-6,6.000000
-5,27,27.459060
12,-12,16.970563
20,-12,23.323808
-55,17,57.567352
-4,12,12.649111
-10,-38,39.293765
-17,-17,24.041631
8,24,25.298221
3,-31,31.144823
4,-16,16.492423
15,11,18.601075
38,30,48.414874
-23,-37,43.566042
-33,-47,57.428216
-8,40,40.792156
15,7,16.552945
11,-9,14.212670
-23,15,27.459060
29,-29,41.012193
-45,-3,45.099889
-19,11,21.954498
-40,12,41.761226
10,-4,10.770330
-19,1,19.026298
-12,-8,14.422205
-16,-18,24.083189
-1,3,3.162278
15,-17,22.671568
21,5,21.587033
0,-14,14.000000
-9,-3,9.486833
44,4,44.181444
-6,42,42.426407
-39,-7,39.623226
10,-20,22.360680
39,-61,72.401657
-37,13,39.217343
-33,-25,41.400483
29,-25,38.288379
18,-36,40.249224
14,-10,17.204651
-11,7,13.038405
-38,-48,61.220911
0,-10,10.000000
27,5,27.459060
20,26,32.802439
-14,-38,40.496913
-7,7,9.899495
-24,-28,36.878178
-8,-30,31.048349
34,-6,34.525353
10,36,37.363083
13,-31,33.615473
0,2,2.000000
-6,-26,26.683328
7,-11,13.038405
-30,16,34.000000
-19,47,50.695167
-14,36,38.626416
-5,23,23.537205
19,31,36.359318
-29,25,38.288379
11,9,14.212670
-5,19,19.646883
-30,36,46.861498
1,-23,23.021729
29,11,31.016125
-29,23,37.013511
-13,15,19.849433
-44,14,46.173586
-27,-15,30.886890
-1,-3,3.162278
5,-3,5.830952
23,-25,33.970576
31,-15,34.438351
-3,19,19.235384
2,-8,8.246211
-50,6,50.358713
-22,-4,22.360680
-18,-10,20.591260
-31,-27,41.109610
9,5,10.295630
-6,10,11.661904
3,7,7.615773
-15,1,15.033296
4,28,28.284271
8,6,10.000000
-24,-30,38.418745
36,2,36.055513
-3,-43,43.104524
-1,-17,17.029386
16,14,21.260292
-22,8,23.409400
-14,6,15.231546
0,36,36.000000
-35,-17,38.910153
9,-1,9.055385
17,-3,17.262677
-23,31,38.600518
-3,-19,19.235384
-15,21,25.806976
-11,-25,27.313001
-15,-51,53.160135
-1,-11,11.045361
-6,-14,15.231546
29,5,29.427878
8,34,34.928498
10,6,11.661904
-1,-3,3.162278
16,-10,18.867962
-7,3,7.615773
-3,7,7.615773
5,-5,7.071068
24,-30,38.418745
-41,-1,41.012193
-20,22,29.732137
12,-20,23.323808
-30,0,30.000000
-23,29,37.013511
38,-24,44.944410
43,-17,46.238512
7,-7,9.899495
-10,-12,15.620499
-19,11,21.954498
36,4,36.221541
-1,7,7.071068
12,-32,34.176015
29,23,37.013511
19,-17,25.495098
-28,20,34.409301
-37,1,37.013511
8,-12,14.422205
18,18,25.455844
42,-4,42.190046
-5,-21,21.587033
-15,19,24.207437
-8,22,23.409400
18,26,31.622777
21,33,39.115214
-2,-38,38.052595
-16,8,17.888544
11,-5,12.083046
11,9,14.212670
-3,-17,17.262677
-10,18,20.591260
1,-41,41.012193
-18,6,18.973666
10,14,17.204651
1,-15,15.033296
-30,20,36.055513
31,11,32.893768
12,-2,12.165525
-17,-5,17.720045
-42,-10,43.174066
11,-13,17.029386
6,4,7.211103
-13,-19,23.021729
-28,0,28.000000
-22,12,25.059928
1,-17,17.029386
21,-3,21.213203
12,-14,18.439089
35,-13,37.336309
13,-5,13.928388
23,-29,37.013511
-13,-1,13.038405
24,6,24.738634
4,56,56.142675
-37,3,37.121422
0,48,48.000000
41,21,46.065171
35,-39,52.402290
53,17,55.659680
46,-2,46.043458
0,30,30.000000
2,14,14.142136
-6,-18,18.973666
-4,22,22.360680
-19,-7,20.248457
-1,-15,15.033296
-3,13,13.341664
19,23,29.832868
17,-19,25.495098
-6,12,13.416408
7,-19,20.248457
-5,-3,5.830952
-3,13,13.341664
-39,11,40.521599
-8,32,32.984845
3,41,41.109610
-40,-32,51.224994
36,-44,56.850682
29,-15,32.649655
33,-1,33.015148
-6,2,6.324555
-19,-1,19.026298
-22,-12,25.059928
23,-39,45.276926
17,1,17.029386
-18,-20,26.907248
-9,5,10.295630
-54,-28,60.827625
-28,26,38.209946
-11,-33,34.785054
1,9,9.055385
3,15,15.297059
-9,17,19.235384
-37,-3,37.121422
18,16,24.083189
16,20,25.612497
-45,5,45.276926
2,-14,14.142136
24,-14,27.784888
16,32,35.777088
3,-23,23.194827
7,-5,8.602325
-32,-14,34.928498
11,-7,13.038405
-10,-14,17.204651
45,15,47.434165
-33,-15,36.249138
25,-19,31.400637
25,45,51.478151
-1,-3,3.162278
12,6,13.416408
-13,-43,44.922155
1,13,13.038405
-50,34,60.464866
-15,-3,15.297059
-23,15,27.459060
-14,-40,42.379240
-12,30,32.310989
10,56,56.885851
-37,37,52.325902
4,-2,4.472136
9,25,26.570661
-6,-6,8.485281
-3,15,15.297059
-36,16,39.395431
-7,-27,27.892651
6,-12,13.416408
16,-24,28.844410
-2,4,4.472136
-9,23,24.698178
-14,-32,34.928498
-14,2,14.142136
3,15,15.297059
-12,56,57.271284
20,0,20.000000
-27,25,36.796739
-14,44,46.173586
6,12,13.416408
-16,-10,18.867962
26,2,26.076810
-28,-30,41.036569
11,55,56.089215
-16,50,52.497619
-1,-11,11.045361
23,-51,55.946403
-13,-13,18.384776
-58,22,62.032250
14,18,22.803509
0,30,30.000000
-5,37,37.336309
-6,-18,18.973666
-9,9,12.727922
56,4,56.142675
24,-4,24.331050
11,21,23.706539
7,-15,16.552945
-7,27,27.892651
43,-11,44.384682
-10,6,11.661904
-25,15,29.154759
20,4,20.396078
30,0,30.000000
21,3,21.213203
-6,-12,13.416408
-15,9,17.492856
-51,-15,53.160135
-30,-2,30.066593
-16,-40,43.081318
9,-7,11.401754
44,14,46.173586
18,12,21.633308
-27,7,27.892651
10,-2,10.198039
15,11,18.601075
5,-25,25.495098
-26,-30,39.698866
-15,17,22.671568
2,-6,6.324555
-35,-11,36.687873
-13,3,13.341664
5,-23,23.537205
13,7,14.764823
32,-14,34.928498
11,5,12.083046
-35,-7,35.693137
14,-2,14.142136
25,-15,29.154759
-1,7,7.071068
-16,-34,37.576588
3,-49,49.091751
-45,9,45.891176
39,-35,52.402290
-2,18,18.110770
13,3,13.341664
-19,1,19.026298
27,3,27.166155
-27,37,45.803930
-2,10,10.198039
-18,-6,18.973666
-12,12,16.970563
25,29,38.288379
8,4,8.944272
59,-15,60.876925
-8,-46,46.690470
-19,-3,19.235384
16,6,17.088007
-2,-22,22.090722
14,14,19.798990
-20,26,32.802439
12,-2,12.165525
0,-4,4.000000
-51,15,53.160135
-1,-23,23.021729
7,9,11.401754
53,3,53.084838
54,-2,54.037024
44,26,51.107729
-8,-20,21.540659
-35,-1,35.014283
1,21,21.023796
17,-27,31.906112
4,-18,18.439089
2,-10,10.198039
24,4,24.331050
18,-4,18.439089
-6,44,44.407207
34,34,48.083261
29,9,30.364453
-9,19,21.023796
-14,-26,29.529646
23,-37,43.566042
-14,14,19.798990
-2,48,48.041649
55,-13,56.515485
-18,10,20.591260
13,-27,29.966648
-19,3,19.235384
-43,-5,43.289722
1,-5,5.099020
-14,-20,24.413111
-1,-29,29.017236
-16,-2,16.124515
-18,-24,30.000000
-9,17,19.235384
-25,-1,25.019992
14,-10,17.204651
36,-16,39.395431
32,-2,32.062439
21,-5,21.587033
24,22,32.557641
6,0,6.000000
10,-30,31.622777
-18,0,18.000000
-43,-43,60.811183
38,14,40.496913
-17,3,17.262677
30,-26,39.698866
5,17,17.720045
30,2,30.066593
22,-28,35.608988
-3,25,25.179357
16,-2,16.124515
12,30,32.310989
-21,15,25.806976
-22,-20,29.732137
-41,-19,45.188494
-6,-4,7.211103
28,22,35.608988
0,12,12.000000
-25,11,27.313001
-19,-1,19.026298
7,-15,16.552945
7,-15,16.552945
-10,40,41.231056
-8,0,8.000000
-38,8,38.832976
13,19,23.021729
-5,3,5.830952
-23,-21,31.144823
26,-2,26.076810
2,-18,18.110770
12,-20,23.323808
-6,6,8.485281
12,-10,15.620499
4,-80,80.099938
-29,17,33.615473
20,28,34.409301
20,-46,50.159745
16,20,25.612497
15,15,21.213203
71,-1,71.007042
-2,-8,8.246211
45,-3,45.099889
-18,12,21.633308
31,-19,36.359318
-34,16,37.576588
29,5,29.427878
-24,-34,41.617304
15,15,21.213203
36,-4,36.221541
2,-2,2.828427
-10,-8,12.806248
8,4,8.944272
-9,3,9.486833
11,-17,20.248457
-2,6,6.324555
18,18,25.455844
-25,25,35.355339
-18,0,18.000000
-6,-4,7.211103
-26,14,29.529646
2,-10,10.198039
31,1,31.016125
-19,35,39.824616
-24,-26,35.383612
-4,8,8.944272
8,-20,21.540659
14,-4,14.560220
18,16,24.083189
-36,2,36.055513
-15,-9,17.492856
14,-2,14.142136
23,3,23.194827
-2,2,2.828427
2,-18,18.110770
-16,26,30.528675
31,-13,33.615473
-20,-20,28.284271
24,12,26.832816
-27,5,27.459060
15,-27,30.886890
-13,13,18.384776
-43,27,50.774009
26,34,42.801869
-4,-6,7.211103
-1,25,25.019992
3,3,4.242641
-44,4,44.181444
-22,-22,31.112698
-7,-5,8.602325
-9,-15,17.492856
-24,2,24.083189
-13,19,23.021729
8,10,12.806248
9,-19,21.023796
-15,-3,15.297059
17,19,25.495098
11,-5,12.083046
18,0,18.000000
-24,26,35.383612
17,-5,17.720045
-26,24,35.383612
3,19,19.235384
19,39,43.382024
16,-14,21.260292
-17,-1,17.029386
-15,13,19.849433
20,10,22.360680
-10,22,24.166092
13,-31,33.615473
-13,-1,13.038405
-6,8,10.000000
13,-5,13.928388
17,-1,17.029386
32,-16,35.777088
46,32,56.035703
-11,11,15.556349
-21,-21,29.698485
-24,10,26.000000
31,-3,31.144823
1,21,21.023796
25,13,28.178006
2,-14,14.142136
-13,-3,13.341664
-4,40,40.199502
11,-5,12.083046
-27,3,27.166155
12,12,16.970563
10,-22,24.166092
16,-14,21.260292
0,-12,12.000000
6,14,15.231546
-14,20,24.413111
1,25,25.019992
2,4,4.472136
15,39,41.785165
14,-2,14.142136
18,18,25.455844
-14,4,14.560220
-31,41,51.400389
-32,4,32.249031
-44,8,44.721360
33,11,34.785054
-14,16,21.260292
-20,-18,26.907248
-27,1,27.018512
20,-22,29.732137
11,3,11.401754
2,-18,18.110770
-9,-47,47.853944
-22,4,22.360680
16,-72,73.756356
1,11,11.045361
9,3,9.486833
15,3,15.297059
8,-16,17.888544
12,-24,26.832816
10,2,10.198039
13,-7,14.764823
-2,-2,2.828427
-20,26,32.802439
-17,-33,37.121422
-22,-26,34.058773
-4,22,22.360680
15,19,24.207437
-2,-42,42.047592
0,6,6.000000
20,6,20.880613
-24,8,25.298221
1,-9,9.055385
-24,6,24.738634
9,-3,9.486833
-36,4,36.221541
53,-15,55.081757
-18,-24,30.000000
33,-37,49.578221
-6,20,20.880613
32,4,32.249031
-14,26,29.529646
1,49,49.010203
-64,16,65.969690
-33,19,38.078866
22,-24,32.557641
-3,25,25.179357
-27,5,27.459060
26,6,26.683328
8,12,14.422205
6,18,18.973666
30,-6,30.594117
8,44,44.721360
-27,-1,27.018512
-5,19,19.646883
-33,-1,33.015148
-17,19,25.495098
0,44,44.000000
-27,37,45.803930
-11,5,12.083046
-6,22,22.803509
-10,24,26.000000
-37,-5,37.336309
12,4,12.649111
-12,12,16.970563
4,-24,24.331050
15,13,19.849433
27,17,31.906112
-1,-19,19.026298
-2,6,6.324555
19,-11,21.954498
-22,-10,24.166092
50,22,54.626001
-36,26,44.407207
14,-14,19.798990
-26,2,26.076810
-30,-30,42.426407
11,-59,60.016664
-17,-13,21.400935
27,5,27.459060
-11,23,25.495098
21,-61,64.513564
25,-7,25.961510
6,30,30.594117
37,-19,41.593269
-30,-4,30.265492
-29,1,29.017236
-13,21,24.698178
21,9,22.847319
16,-22,27.202941
-18,6,18.973666
-44,-10,45.122057
2,28,28.071338
-17,-13,21.400935
-32,-30,43.863424
39,-25,46.324939
-3,-39,39.115214
35,19,39.824616
-3,-33,33.136083
-5,23,23.537205
-17,29,33.615473
-17,-21,27.018512
-1,-13,13.038405
14,-4,14.560220
3,7,7.615773
29,-19,34.669872
39,-51,64.202804
17,-3,17.262677
11,9,14.212670
29,19,34.669872
-38,38,53.740115
25,25,35.355339
-36,-18,40.249224
-14,18,22.803509
24,16,28.844410
11,-17,20.248457
6,14,15.231546
21,-27,34.205263
7,9,11.401754
16,-10,18.867962
14,30,33.105891
15,3,15.297059
33,-9,34.205263
-46,-2,46.043458
-49,-57,75.166482
11,-55,56.089215
-12,8,14.422205
29,-19,34.669872
6,-30,30.594117
-35,31,46.754679
-4,-12,12.649111
-11,-7,13.038405
13,5,13.928388
-5,23,23.537205
-6,-16,17.088007
-16,8,17.888544
8,-50,50.635956
-19,29,34.669872
-42,-16,44.944410
6,2,6.324555
-8,-22,23.409400
23,-11,25.495098
-6,12,13.416408
5,23,23.537205
-12,30,32.310989
-10,12,15.620499
11,-7,13.038405
-25,15,29.154759
-20,0,20.000000
-7,17,18.384776
-9,-9,12.727922
-29,3,29.154759
24,-8,25.298221
1,31,31.016125
-16,4,16.492423
1,21,21.023796
-29,-35,45.453273
-2,-12,12.165525
15,31,34.438351
7,15,16.552945
16,10,18.867962
15,5,15.811388
-4,24,24.331050
35,-23,41.880783
-42,28,50.477718
2,14,14.142136
6,-12,13.416408
-17,11,20.248457
-17,45,48.104054
-1,23,23.021729
20,-20,28.284271
-23,-19,29.832868
-13,-13,18.384776
44,0,44.000000
28,26,38.209946
-12,24,26.832816
21,-23,31.144823
3,41,41.109610
4,6,7.211103
44,-2,44.045431
35,13,37.336309
-5,-7,8.602325
7,13,14.764823
15,25,29.154759
13,-29,31.780497
15,17,22.671568
14,-48,50.000000
25,-11,27.313001
3,-1,3.162278
49,-23,54.129474
9,-21,22.847319
-9,59,59.682493
8,20,21.540659
-25,3,25.179357
-6,-6,8.485281
-3,-15,15.297059
-1,11,11.045361
-17,11,20.248457
-16,-24,28.844410
17,-61,63.324561
1,31,31.016125
72,-10,72.691127
13,-11,17.029386
14,6,15.231546
-36,12,37.947332
16,60,62.096699
-14,-48,50.000000
-3,-41,41.109610
-11,5,12.083046
-11,21,23.706539
-6,22,22.803509
21,17,27.018512
-15,3,15.297059
-16,-10,18.867962
16,-12,20.000000
-3,-17,17.262677
-4,-32,32.249031
-12,-6,13.416408
-18,6,18.973666
-27,7,27.892651
-11,-23,25.495098
-19,-13,23.021729
-17,-19,25.495098
-22,28,35.608988
-28,28,39.597980
32,22,38.832976
3,-15,15.297059
48,18,51.264022
-20,-10,22.360680
-6,26,26.683328
-46,20,50.159745
-4,34,34.234486
-24,-38,44.944410
22,28,35.608988
-42,18,45.694639
-21,-27,34.205263
-43,-29,51.865210
0,-4,4.000000
-9,-31,32.280025
17,-15,22.671568
-26,-14,29.529646
-9,23,24.698178
8,0,8.000000
-22,-6,22.803509
1,9,9.055385
10,-8,12.806248
-13,13,18.384776
4,46,46.173586
41,29,50.219518
-15,3,15.297059
34,10,35.440090
-12,28,30.463092
-26,-34,42.801869
-9,13,15.811388
-5,-23,23.537205
-1,17,17.029386
11,-41,42.449971
-13,-5,13.928388
-13,35,37.336309
0,-44,44.000000
12,-20,23.323808
9,-27,28.460499
3,-37,37.121422
-25,-9,26.570661
-6,-6,8.485281
8,4,8.944272
35,-15,38.078866
-7,3,7.615773
12,16,20.000000
17,13,21.400935
20,8,21.540659
-3,-25,25.179357
11,-11,15.556349
-9,1,9.055385
-14,-4,14.560220
8,-10,12.806248
-5,-1,5.099020
-9,27,28.460499
9,-21,22.847319
-3,21,21.213203
-13,-23,26.419690
34,-8,34.928498
-46,-14,48.083261
18,-42,45.694639
-3,-5,5.830952
1,-1,1.414214
-14,10,17.204651
6,28,28.635642
-29,-15,32.649655
-8,10,12.806248
-37,-23,43.566042
42,-34,54.037024
-10,-46,47.074409
-28,-6,28.635642
18,-20,26.907248
-6,20,20.880613
21,-13,24.698178
-15,-23,27.459060
3,-47,47.095647
-9,-9,12.727922
10,-8,12.806248
-18,8,19.697716
9,29,30.364453
-7,11,13.038405
21,-39,44.294469
48,40,62.481997
8,-14,16.124515
-10,-14,17.204651
4,20,20.396078
29,-31,42.449971
21,7,22.135944
29,-15,32.649655
-49,3,49.091751
-8,-2,8.246211
-18,44,47.539457
-18,46,49.396356
4,-8,8.944272
40,28,48.826222
0,22,22.000000
-30,14,33.105891
31,15,34.438351
13,15,19.849433
7,-27,27.892651
-7,1,7.071068
-4,12,12.649111
-16,2,16.124515
-35,21,40.816663
-15,19,24.207437
-2,-44,44.045431
24,30,38.418745
15,-39,41.785165
-4,0,4.000000
13,-25,28.178006
-38,-14,40.496913
-2,12,12.165525
20,-14,24.413111
-10,2,10.198039
29,-3,29.154759
-17,3,17.262677
4,-4,5.656854
20,-4,20.396078
-10,6,11.661904
2,-36,36.055513
-23,13,26.419690
12,-34,36.055513
26,-24,35.383612
-9,19,21.023796
17,-31,35.355339
-18,-6,18.973666
32,2,32.062439
-20,-2,20.099751
25,-37,44.654227
-4,-26,26.305893
41,17,44.384682
2,2,2.828427
-6,-14,15.231546
-6,44,44.407207
-10,14,17.204651
-30,0,30.000000
4,38,38.209946
25,19,31.400637
1,9,9.055385
12,12,16.970563
2,24,24.083189
12,-2,12.165525
29,-11,31.016125
22,-52,56.462377
-9,11,14.212670
53,-29,60.415230
-8,2,8.246211
10,0,10.000000
-2,8,8.246211
-25,-19,31.400637
21,-9,22.847319
-13,19,23.021729
-29,-23,37.013511
5,3,5.830952
20,-4,20.396078
-29,15,32.649655
4,-16,16.492423
-13,-1,13.038405
-7,3,7.615773
-6,10,11.661904
-10,-10,14.142136
-30,-14,33.105891
14,-30,33.105891
-2,-10,10.198039
36,32,48.166378
-22,12,25.059928
3,19,19.235384
-32,0,32.000000
38,46,59.665736
18,-10,20.591260
5,-13,13.928388
-21,19,28.319605
2,14,14.142136
-26,18,31.622777
-34,30,45.343136
-50,-8,50.635956
5,-11,12.083046
-9,23,24.698178
-1,-29,29.017236
22,-26,34.058773
28,22,35.608988
-6,38,38.470768
17,-5,17.720045
-44,22,49.193496
17,25,30.232433
-14,-14,19.798990
-7,-9,11.401754
26,6,26.683328
-5,7,8.602325
40,-16,43.081318
-33,-33,46.669048
19,5,19.646883
-37,5,37.336309
-13,-11,17.029386
21,21,29.698485
-7,15,16.552945
-7,-1,7.071068
6,20,20.880613
-2,-26,26.076810
24,26,35.383612
-12,-10,15.620499
12,-28,30.463092
-22,-4,22.360680
12,10,15.620499
-23,-9,24.698178
-14,-18,22.803509
-1,-15,15.033296
-36,-2,36.055513
1,5,5.099020
-5,-27,27.459060
10,-18,20.591260
-8,-30,31.048349
-36,-24,43.266615
-7,-7,9.899495
36,-44,56.850682
8,4,8.944272
17,-37,40.718546
40,-6,40.447497
12,-22,25.059928
19,29,34.669872
8,34,34.928498
-2,38,38.052595
16,2,16.124515
-70,-24,74.000000
-49,-21,53.310412
10,-20,22.360680
28,0,28.000000
-25,7,25.961510
20,26,32.802439
-23,7,24.041631
9,-7,11.401754
-33,23,40.224371
18,26,31.622777
20,-2,20.099751
6,14,15.231546
-16,24,28.844410
4,34,34.234486
13,9,15.811388
-15,17,22.671568
7,49,49.497475
19,13,23.021729
-24,28,36.878178
-19,-7,20.248457
7,-31,31.780497
-24,0,24.000000
16,-16,22.627417
9,13,15.811388
-15,3,15.297059
5,7,8.602325
-14,-10,17.204651
-23,3,23.194827
-12,20,23.323808
19,5,19.646883
34,-16,37.576588
35,7,35.693137
13,19,23.021729
11,-71,71.847060
-7,15,16.552945
17,-31,35.355339
3,-17,17.262677
-15,-25,29.154759
24,20,31.240999
-27,-25,36.796739
-21,27,34.205263
6,-18,18.973666
-11,25,27.313001
2,-6,6.324555
14,-14,19.798990
11,45,46.324939
19,-11,21.954498
27,-5,27.459060
-25,-47,53.235327
-11,-3,11.401754
9,-15,17.492856
-8,6,10.000000
-23,31,38.600518
-24,-4,24.331050
27,47,54.203321
-44,8,44.721360
-2,-44,44.045431
12,-34,36.055513
21,9,22.847319
5,63,63.198101
52,-14,53.851648
12,6,13.416408
-14,10,17.204651
1,19,19.026298
-13,7,14.764823
-19,-29,34.669872
52,-18,55.027266
-14,16,21.260292
0,12,12.000000
7,17,18.384776
-37,17,40.718546
16,-18,24.083189
4,-30,30.265492
-38,32,49.678969
-35,15,38.078866
28,28,39.597980
31,39,49.819675
-6,6,8.485281
17,-7,18.384776
14,12,18.439089
19,-9,21.023796
-13,-3,13.341664
-10,30,31.622777
16,-10,18.867962
-35,-3,35.128336
-27,-19,33.015148
22,14,26.076810
-21,23,31.144823
58,16,60.166436
21,15,25.806976
17,25,30.232433
2,8,8.246211
3,-15,15.297059
2,50,50.039984
-22,18,28.425341
-14,-8,16.124515
24,52,57.271284
6,8,10.000000
-7,-33,33.734256
-32,-24,40.000000
36,-32,48.166378
34,6,34.525353
-25,-41,48.020829
4,4,5.656854
-11,-19,21.954498
-33,21,39.115214
13,-13,18.384776
-14,10,17.204651
22,18,28.425341
-23,9,24.698178
-23,-29,37.013511
-6,12,13.416408
-34,-12,36.055513
-3,-13,13.341664
22,-8,23.409400
-40,-14,42.379240
-16,28,32.249031
-32,-6,32.557641
14,2,14.142136
8,4,8.944272
-19,23,29.832868
-23,27,35.468296
-21,17,27.018512
20,60,63.245553
-16,28,32.249031
3,15,15.297059
-16,28,32.249031
4,-44,44.181444
-6,-28,28.635642
11,15,18.601075
31,17,35.355339
-7,-5,8.602325
11,3,11.401754
26,-18,31.622777
25,55,60.415230
-14,-16,21.260292
-18,10,20.591260
-7,-31,31.780497
1,43,43.011626
-3,-19,19.235384
51,11,52.172790
3,29,29.154759
14,-20,24.413111
15,1,15.033296
-26,22,34.058773
-21,39,44.294469
2,4,4.472136
3,-3,4.242641
-21,17,27.018512
-25,-23,33.970576
-40,-8,40.792156
-12,22,25.059928
12,10,15.620499
-37,-11,38.600518
-24,-56,60.926185
14,-10,17.204651
-3,19,19.235384
9,41,41.976184
-16,24,28.844410
10,14,17.204651
-20,10,22.360680
14,-40,42.379240
7,-37,37.656341
-2,4,4.472136
8,-2,8.246211
0,20,20.000000
-1,-29,29.017236
-11,33,34.785054
21,-37,42.544095
-14,-36,38.626416
-5,-3,5.830952
11,11,15.556349
-18,-16,24.083189
0,-38,38.000000
25,-9,26.570661
7,15,16.552945
26,-38,46.043458
35,13,37.336309
-5,-1,5.099020
0,14,14.000000
33,-41,52.630789
-13,49,50.695167
17,5,17.720045
0,-26,26.000000
4,8,8.944272
18,-24,30.000000
14,-16,21.260292
-20,-38,42.941821
-19,-5,19.646883
-12,-26,28.635642
-1,-19,19.026298
-4,30,30.265492
5,-29,29.427878
-25,-1,25.019992
7,3,7.615773
-16,-6,17.088007
-37,-19,41.593269
-21,-9,22.847319
-5,27,27.459060
-29,-15,32.649655
4,-12,12.649111
-10,20,22.360680
-29,-23,37.013511
-19,19,26.870058
-3,-23,23.194827
31,17,35.355339
-17,-5,17.720045
17,-31,35.355339
-51,3,51.088159
3,-5,5.830952
-1,9,9.055385
-15,-1,15.033296
-22,-2,22.090722
5,-29,29.427878
11,29,31.016125
20,-26,32.802439
18,-8,19.697716
1,21,21.023796
53,13,54.571055
-18,38,42.047592
-22,20,29.732137
-10,-40,41.231056
-5,21,21.587033
-12,-14,18.439089
5,-17,17.720045
12,22,25.059928
-10,-38,39.293765
7,-13,14.764823
-4,-16,16.492423
11,-15,18.601075
27,21,34.205263
31,-15,34.438351
-17,-11,20.248457
-8,-18,19.697716
23,17,28.600699
-19,-7,20.248457
5,-7,8.602325
3,-3,4.242641
24,38,44.944410
-3,15,15.297059
20,8,21.540659
25,29,38.288379
10,-24,26.000000
-23,11,25.495098
16,-54,56.320511
-22,8,23.409400
8,26,27.202941
12,-26,28.635642
4,-22,22.360680
7,-29,29.832868
0,-2,2.000000
-31,11,32.893768
-43,-19,47.010637
0,-10,10.000000
4,0,4.000000
44,-52,68.117545
-21,-25,32.649655
3,17,17.262677
-37,-5,37.336309
37,13,39.217343
17,-9,19.235384
43,-7,43.566042
-7,-29,29.832868
-36,-16,39.395431
-3,11,11.401754
-4,-6,7.211103
12,24,26.832816
-27,-19,33.015148
18,-8,19.697716
-13,9,15.811388
12,-18,21.633308
-12,-22,25.059928
20,-36,41.182521
32,-6,32.557641
11,27,29.154759
-8,-4,8.944272
-14,-2,14.142136
-30,8,31.048349
-11,5,12.083046
6,-6,8.485281
8,-38,38.832976
4,18,18.439089
26,6,26.683328
-17,37,40.718546
-20,-6,20.880613
-2,-20,20.099751
18,0,18.000000
1,21,21.023796
-3,-13,13.341664
-4,-4,5.656854
18,10,20.591260
16,-44,46.818800
24,4,24.331050
8,8,11.313708
15,-11,18.601075
9,15,17.492856
25,69,73.389373
25,-11,27.313001
8,-4,8.944272
0,26,26.000000
2,28,28.071338
-1,-27,27.018512
-26,-34,42.801869
13,-15,19.849433
21,47,51.478151
-9,-43,43.931765
-29,-29,41.012193
-28,-28,39.597980
6,20,20.880613
44,4,44.181444
-15,-41,43.657760
8,2,8.246211
15,3,15.297059
0,-28,28.000000
3,3,4.242641
25,-11,27.313001
3,-29,29.154759
-7,3,7.615773
31,-15,34.438351
36,-24,43.266615
-9,-15,17.492856
0,-52,52.000000
-10,8,12.806248
2,18,18.110770
29,-11,31.016125
27,13,29.966648
-58,26,63.560994
6,-28,28.635642
28,-14,31.304952
15,15,21.213203
-2,0,2.000000
-6,14,15.231546
-25,17,30.232433
-19,59,61.983869
-8,10,12.806248
17,-41,44.384682
-37,21,42.544095
-3,41,41.109610
10,-6,11.661904
-19,-3,19.235384
-22,-28,35.608988
23,19,29.832868
1,37,37.013511
17,3,17.262677
-3,19,19.235384
23,-3,23.194827
-3,29,29.154759
-40,12,41.761226
27,-7,27.892651
2,-2,2.828427
-3,-3,4.242641
1,-5,5.099020
18,78,80.049984
14,-10,17.204651
19,-13,23.021729
8,4,8.944272
-1,-11,11.045361
37,13,39.217343
20,46,50.159745
-53,5,53.235327
-47,-17,49.979996
31,13,33.615473
-57,-19,60.083276
14,14,19.798990
0,8,8.000000
-29,23,37.013511
-46,-10,47.074409
-4,-10,10.770330
8,-8,11.313708
7,-3,7.615773
-8,-10,12.806248
-53,29,60.415230
36,18,40.249224
28,-16,32.249031
18,-2,18.110770
13,-9,15.811388
-10,20,22.360680
-15,-3,15.297059
15,-1,15.033296
-28,24,36.878178
-28,-38,47.201695
10,8,12.806248
5,-15,15.811388
-14,-16,21.260292
8,-2,8.246211
-40,12,41.761226
15,25,29.154759
6,4,7.211103
1,-39,39.012818
-7,9,11.401754
9,-7,11.401754
8,-26,27.202941
-18,14,22.803509
30,18,34.985711
-64,-20,67.052218
-11,27,29.154759
-19,11,21.954498
13,5,13.928388
9,-13,15.811388
4,2,4.472136
-27,41,49.091751
-5,25,25.495098
13,1,13.038405
14,24,27.784888
12,12,16.970563
10,-10,14.142136
18,-8,19.697716
51,5,51.244512
11,1,11.045361
18,8,19.697716
11,5,12.083046
0,32,32.000000
26,-22,34.058773
56,-8,56.568542
-18,0,18.000000
0,0,0.000000
-53,11,54.129474
1,15,15.033296
-19,9,21.023796
-36,-40,53.814496
26,12,28.635642
14,-14,19.798990
10,-12,15.620499
-10,28,29.732137
33,-3,33.136083
-1,-1,1.414214
8,-42,42.755117
-3,9,9.486833
3,53,53.084838
27,-29,39.623226
-2,10,10.198039
40,-4,40.199502
-24,22,32.557641
4,0,4.000000
0,12,12.000000
-46,8,46.690470
-21,-17,27.018512
-18,32,36.715120
-14,-28,31.304952
-26,42,49.396356
-36,2,36.055513
-41,7,41.593269
28,-20,34.409301
21,21,29.698485
-16,0,16.000000
1,-19,19.026298
4,32,32.249031
3,-3,4.242641
-27,-23,35.468296
10,-20,22.360680
34,24,41.617304
-27,-13,29.966648
-26,28,38.209946
3,39,39.115214
3,41,41.109610
-18,8,19.697716
-23,-5,23.537205
15,-47,49.335586
-2,30,30.066593
-1,9,9.055385
-17,-9,19.235384
-20,6,20.880613
8,20,21.540659
-7,-47,47.518417
-41,-23,47.010637
28,52,59.059292
18,24,30.000000
4,8,8.944272
0,-6,6.000000
16,10,18.867962
9,3,9.486833
4,-6,7.211103
2,-4,4.472136
-12,-30,32.310989
5,-5,7.071068
19,-13,23.021729
-9,-19,21.023796
15,-53,55.081757
-4,-22,22.360680
33,9,34.205263
18,-24,30.000000
1,-3,3.162278
-4,30,30.265492
64,-10,64.776539
11,1,11.045361
-1,43,43.011626
-4,-2,4.472136
-5,23,23.537205
26,6,26.683328
11,9,14.212670
4,-12,12.649111
-27,15,30.886890
-27,-21,34.205263
2,2,2.828427
18,-10,20.591260
-26,-28,38.209946
-1,23,23.021729
-6,-40,40.447497
10,-6,11.661904
20,-32,37.735925
20,2,20.099751
-38,0,38.000000
39,17,42.544095
23,21,31.144823
-18,6,18.973666
13,27,29.966648
-9,-1,9.055385
17,15,22.671568
-6,-12,13.416408
-12,12,16.970563
18,28,33.286634
3,9,9.486833
-56,-26,61.741396
-5,45,45.276926
36,-18,40.249224
17,-15,22.671568
25,29,38.288379
-37,3,37.121422
-6,-28,28.635642
15,-15,21.213203
-16,-26,30.528675
-39,-3,39.115214
-31,17,35.355339
13,9,15.811388
44,14,46.173586
-4,-16,16.492423
23,33,40.224371
-2,30,30.066593
13,-47,48.764741
18,-4,18.439089
39,13,41.109610
17,-35,38.910153
32,-74,80.622577
-7,21,22.135944
-4,-6,7.211103
24,-16,28.844410
21,29,35.805028
19,3,19.235384
0,-12,12.000000
-27,9,28.460499
-10,-8,12.806248
24,-6,24.738634
-11,-1,11.045361
17,25,30.232433
-6,-48,48.373546
26,22,34.058773
58,-36,68.264193
2,-10,10.198039
-17,-15,22.671568
-14,34,36.769553
19,-15,24.207437
25,9,26.570661
1,-25,25.019992
-5,-5,7.071068
20,-16,25.612497
7,-7,9.899495
38,-14,40.496913
-38,2,38.052595
13,17,21.400935
-23,1,23.021729
-22,-6,22.803509
-13,-5,13.928388
35,7,35.693137
29,3,29.154759
-3,-13,13.341664
-27,17,31.906112
-11,15,18.601075
-22,14,26.076810
8,-4,8.944272
23,13,26.419690
-15,-35,38.078866
22,12,25.059928
-5,-5,7.071068
36,16,39.395431
22,-12,25.059928
-5,9,10.295630
19,-31,36.359318
38,-14,40.496913
-32,10,33.526109
20,-4,20.396078
8,6,10.000000
16,28,32.249031
2,20,20.099751
-29,-13,31.780497
6,18,18.973666
11,21,23.706539
67,-1,67.007462
17,21,27.018512
-67,-9,67.601775
-6,-32,32.557641
15,9,17.492856
-20,-6,20.880613
24,-4,24.331050
41,23,47.010637
-8,-4,8.944272
42,24,48.373546
24,52,57.271284
27,13,29.966648
41,-31,51.400389
0,44,44.000000
15,-3,15.297059
13,9,15.811388
-10,14,17.204651
-16,16,22.627417
23,-63,67.067131
-32,-12,34.176015
-39,-43,58.051701
-25,-49,55.009090
-17,-33,37.121422
-29,-19,34.669872
-42,44,60.827625
35,-1,35.014283
-30,-4,30.265492
11,29,31.016125
-11,1,11.045361
-37,-13,39.217343
-15,-15,21.213203
-34,8,34.928498
-5,15,15.811388
-11,-19,21.954498
-18,-28,33.286634
19,-5,19.646883
-19,5,19.646883
-1,27,27.018512
11,1,11.045361
-25,-23,33.970576
2,-14,14.142136
14,-52,53.851648
10,-16,18.867962
-28,50,57.306195
28,-26,38.209946
-17,3,17.262677
69,9,69.584481
21,-17,27.018512
-17,13,21.400935
39,-19,43.382024
-30,38,48.414874
-2,-16,16.124515
10,4,10.770330
-1,-1,1.414214
-8,16,17.888544
-47,19,50.695167
9,-25,26.570661
-12,-4,12.649111
-1,3,3.162278
23,19,29.832868
22,-18,28.425341
-20,0,20.000000
-30,-14,33.105891
-18,-10,20.591260
1,19,19.026298
-45,-21,49.658836
5,5,7.071068
-6,-26,26.683328
22,32,38.832976
-5,-9,10.295630
13,-1,13.038405
1,-21,21.023796
-40,-8,40.792156
21,13,24.698178
-5,-33,33.376639
4,8,8.944272
4,-14,14.560220
-37,11,38.600518
28,2,28.071338
13,17,21.400935
31,-35,46.754679
8,10,12.806248
33,-27,42.638011
-16,-30,34.000000
-26,10,27.856777
8,30,31.048349
-33,15,36.249138
-5,19,19.646883
0,-12,12.000000
-37,19,41.593269
-13,-5,13.928388
6,2,6.324555
-8,12,14.422205
-34,-32,46.690470
-12,-40,41.761226
9,17,19.235384
38,4,38.209946
9,-19,21.023796
-17,31,35.355339
-19,11,21.954498
-6,8,10.000000
-35,-11,36.687873
-5,7,8.602325
-40,48,62.481997
-12,16,20.000000
-3,-23,23.194827
41,11,42.449971
34,32,46.690470
-17,-5,17.720045
52,-10,52.952809
-29,-11,31.016125
-6,-4,7.211103
-13,-41,43.011626
4,-36,36.221541
-4,2,4.472136
38,54,66.030296
-4,12,12.649111
6,-2,6.324555
-16,-62,64.031242
5,33,33.376639
-19,5,19.646883
-10,-4,10.770330
5,-43,43.289722
2,-20,20.099751
-1,-1,1.414214
8,18,19.697716
41,-15,43.657760
4,-18,18.439089
11,-31,32.893768
-6,22,22.803509
-16,-40,43.081318
-7,29,29.832868
8,-4,8.944272
17,39,42.544095
28,46,53.851648
11,-29,31.016125
9,53,53.758720
9,15,17.492856
-24,8,25.298221
-36,-36,50.911688
-7,9,11.401754
30,8,31.048349
39,1,39.012818
-25,-1,25.019992
-7,5,8.602325
-4,48,48.166378
4,-38,38.209946
-27,17,31.906112
4,-14,14.560220
25,21,32.649655
-5,3,5.830952
22,-10,24.166092
13,1,13.038405
-36,20,41.182521
-65,-17,67.186308
4,-24,24.331050
-37,29,47.010637
-11,-9,14.212670
-17,43,46.238512
15,27,30.886890
5,-41,41.303753
-24,32,40.000000
-21,33,39.115214
25,-1,25.019992
-10,20,22.360680
-1,29,29.017236
17,51,53.758720
-9,35,36.138622
30,4,30.265492
-12,40,41.761226
24,18,30.000000
4,10,10.770330
11,15,18.601075
2,-2,2.828427
14,46,48.083261
33,-1,33.015148
22,4,22.360680
23,-31,38.600518
24,10,26.000000
0,-24,24.000000
27,41,49.091751
15,37,39.924930
-22,12,25.059928
-1,11,11.045361
-1,-43,43.011626
0,6,6.000000
-7,-29,29.832868
31,-7,31.780497
-20,-38,42.941821
14,-12,18.439089
-25,1,25.019992
-14,32,34.928498
-18,-2,18.110770
-13,7,14.764823
25,-11,27.313001
5,19,19.646883
-20,-24,31.240999
-4,30,30.265492
-23,9,24.698178
27,1,27.018512
-1,-5,5.099020
-17,5,17.720045
-4,14,14.560220
-42,4,42.190046
25,-1,25.019992
28,-38,47.201695
10,-10,14.142136
-60,20,63.245553
-5,-49,49.254441
0,6,6.000000
-24,-6,24.738634
-33,1,33.015148
23,-43,48.764741
1,-5,5.099020
1,25,25.019992
23,7,24.041631
-9,-5,10.295630
-14,14,19.798990
24,22,32.557641
-1,-17,17.029386
9,19,21.023796
25,-17,30.232433
6,12,13.416408
-2,-6,6.324555
9,9,12.727922
-13,-33,35.468296
5,23,23.537205
1,-39,39.012818
26,2,26.076810
-45,-7,45.541190
18,-26,31.622777
-13,-33,35.468296
15,-5,15.811388
-69,-11,69.871310
5,33,33.376639
20,-4,20.396078
-25,7,25.961510
2,4,4.472136
-29,-37,47.010637
28,-6,28.635642
-8,-40,40.792156
0,2,2.000000
5,19,19.646883
3,-11,11.401754
10,24,26.000000
25,-41,48.020829
-10,20,22.360680
-24,-4,24.331050
59,-13,60.415230
-22,-6,22.803509
52,8,52.611786
34,-28,44.045431
-32,-2,32.062439
17,-3,17.262677
-38,0,38.000000
20,18,26.907248
-9,11,14.212670
-31,-1,31.016125
-15,-33,36.249138
5,27,27.459060
40,-12,41.761226
-49,-21,53.310412
-5,-1,5.099020
11,21,23.706539
10,-2,10.198039
2,-22,22.090722
-21,11,23.706539
-32,12,34.176015
17,-7,18.384776
24,-4,24.331050
8,12,14.422205
-25,7,25.961510
11,-1,11.045361
-8,-4,8.944272
31,5,31.400637
-14,24,27.784888
-7,-13,14.764823
21,23,31.144823
43,27,50.774009
10,-8,12.806248
20,62,65.145990
4,-16,16.492423
-1,-31,31.016125
8,-18,19.697716
-7,-11,13.038405
25,41,48.020829
1,-27,27.018512
-8,-16,17.888544
13,-29,31.780497
-13,-21,24.698178
-24,-36,43.266615
25,29,38.288379
-2,-12,12.165525
-16,-14,21.260292
-5,-43,43.289722
-3,25,25.179357
4,12,12.649111
-6,38,38.470768
0,4,4.000000
-7,-15,16.552945
30,14,33.105891
-18,48,51.264022
-23,9,24.698178
13,47,48.764741
-41,-27,49.091751
-1,-9,9.055385
-21,-7,22.135944
3,-33,33.136083
40,20,44.721360
-12,-12,16.970563
20,-20,28.284271
-10,38,39.293765
5,13,13.928388
-6,-18,18.973666
-3,-3,4.242641
8,-14,16.124515
-17,-1,17.029386
-23,-3,23.194827
-14,16,21.260292
30,26,39.698866
-21,-3,21.213203
39,13,41.109610
21,25,32.649655
25,-37,44.654227
-22,36,42.190046
-31,37,48.270074
-6,2,6.324555
3,19,19.235384
28,16,32.249031
9,-21,22.847319
-30,-52,60.033324
17,9,19.235384
12,-28,30.463092
18,-10,20.591260
2,0,2.000000
22,20,29.732137
10,-8,12.806248
35,-37,50.931326
-38,-42,56.639209
15,-13,19.849433
43,-25,49.739320
22,-18,28.425341
-13,21,24.698178
-25,1,25.019992
63,-23,67.067131
17,15,22.671568
-2,-6,6.324555
-25,-29,38.288379
8,-2,8.246211
-17,-1,17.029386
9,-5,10.295630
-13,-9,15.811388
-8,0,8.000000
-11,-15,18.601075
19,41,45.188494
19,31,36.359318
-23,5,23.537205
-27,5,27.459060
-6,-22,22.803509
-18,-24,30.000000
3,-23,23.194827
49,33,59.076222
17,-71,73.006849
-1,27,27.018512
4,12,12.649111
-8,42,42.755117
17,19,25.495098
-12,10,15.620499
3,3,4.242641
-3,47,47.095647
-30,-18,34.985711
-5,3,5.830952
11,31,32.893768
-14,2,14.142136
-11,-13,17.029386
4,32,32.249031
-26,8,27.202941
15,25,29.154759
-14,-32,34.928498
-19,-1,19.026298
-17,3,17.262677
-2,-44,44.045431
-31,-5,31.400637
27,-3,27.166155
1,-11,11.045361
1,-73,73.006849
3,-17,17.262677
21,21,29.698485
2,14,14.142136
-22,-12,25.059928
-18,-54,56.920998
-44,-30,53.254108
7,21,22.135944
3,-9,9.486833
13,-15,19.849433
11,-17,20.248457
-1,13,13.038405
9,7,11.401754
36,-40,53.814496
19,7,20.248457
59,-19,61.983869
27,-33,42.638011
15,9,17.492856
-16,24,28.844410
17,-7,18.384776
-19,-19,26.870058
-4,8,8.944272
44,4,44.181444
-14,34,36.769553
-7,5,8.602325
8,-4,8.944272
-28,32,42.520583
39,-11,40.521599
-8,4,8.944272
16,0,16.000000
-31,-3,31.144823
-23,-41,47.010637
-10,42,43.174066
-6,-18,18.973666
-10,-30,31.622777
18,12,21.633308
-9,-21,22.847319
0,-4,4.000000
5,-27,27.459060
2,-26,26.076810
-10,-6,11.661904
21,21,29.698485
-3,-25,25.179357
4,0,4.000000
8,-24,25.298221
-6,-22,22.803509
-17,15,22.671568
-2,-14,14.142136
-3,-33,33.136083
2,54,54.037024
12,18,21.633308
-26,10,27.856777
-4,-2,4.472136
-37,-7,37.656341
-2,-24,24.083189
-17,-11,20.248457
-6,8,10.000000
-16,8,17.888544
11,-23,25.495098
7,-21,22.135944
19,9,21.023796
10,-22,24.166092
-5,37,37.336309
-7,-19,20.248457
-1,13,13.038405
-31,-13,33.615473
2,12,12.165525
-15,-27,30.886890
-7,-21,22.135944
18,-6,18.973666
-27,-9,28.460499
4,4,5.656854
2,2,2.828427
17,25,30.232433
-6,34,34.525353
11,25,27.313001
-10,-4,10.770330
32,30,43.863424
12,0,12.000000
-11,-5,12.083046
-14,2,14.142136
8,8,11.313708
31,19,36.359318
6,22,22.803509
-1,21,21.023796
2,48,48.041649
39,25,46.324939
9,17,19.235384
-10,-28,29.732137
-6,-38,38.470768
7,35,35.693137
-31,-13,33.615473
23,-7,24.041631
-22,-14,26.076810
7,-9,11.401754
9,-3,9.486833
22,6,22.803509
-38,18,42.047592
21,1,21.023796
-3,23,23.194827
16,-14,21.260292
-36,-16,39.395431
-37,-17,40.718546
21,19,28.319605
-1,19,19.026298
-9,-21,22.847319
-12,32,34.176015
13,11,17.029386
-15,9,17.492856
3,-5,5.830952
-23,51,55.946403
-3,7,7.615773
0,-34,34.000000
-11,-11,15.556349
13,3,13.341664
20,30,36.055513
-29,9,30.364453
20,-36,41.182521
8,-20,21.540659
-44,-20,48.332184
16,16,22.627417
-3,-29,29.154759
20,-12,23.323808
4,12,12.649111
24,-36,43.266615
8,-14,16.124515
-19,11,21.954498
7,-21,22.135944
17,25,30.232433
-18,-38,42.047592
0,8,8.000000
46,4,46.173586
31,-13,33.615473
-6,16,17.088007
-6,-14,15.231546
20,6,20.880613
22,14,26.076810
6,14,15.231546
-24,4,24.331050
-1,-5,5.099020
-24,-12,26.832816
1,25,25.019992
-39,-49,62.625873
-17,-25,30.232433
21,-1,21.023796
-44,-16,46.818800
-49,-23,54.129474
20,-8,21.540659
16,-14,21.260292
12,12,16.970563
-34,10,35.440090
-9,7,11.401754
12,6,13.416408
15,9,17.492856
19,31,36.359318
0,-18,18.000000
-16,-10,18.867962
3,3,4.242641
1,-27,27.018512
5,-13,13.928388
2,12,12.165525
-14,18,22.803509
-15,1,15.033296
29,29,41.012193
-36,-6,36.496575
16,4,16.492423
16,-4,16.492423
-30,40,50.000000
16,-8,17.888544
28,32,42.520583
-14,10,17.204651
10,4,10.770330
-3,43,43.104524
9,5,10.295630
-43,31,53.009433
-13,-43,44.922155
20,-26,32.802439
-29,11,31.016125
-37,-1,37.013511
-12,16,20.000000
-43,-25,49.739320
-1,-5,5.099020
19,-7,20.248457
-10,12,15.620499
-20,-2,20.099751
1,-9,9.055385
9,19,21.023796
12,-36,37.947332
36,-4,36.221541
1,27,27.018512
-5,-13,13.928388
14,-16,21.260292
-11,5,12.083046
-12,8,14.422205
29,-11,31.016125
17,-11,20.248457
-31,-35,46.754679
-36,6,36.496575
25,-21,32.649655
2,16,16.124515
-42,-6,42.426407
12,46,47.539457
5,-21,21.587033
-7,5,8.602325
0,-4,4.000000
-34,14,36.769553
-5,-11,12.083046
28,2,28.071338
29,-13,31.780497
11,31,32.893768
21,15,25.806976
-12,-10,15.620499
22,-28,35.608988
29,5,29.427878
-7,-9,11.401754
26,-46,52.839379
30,-12,32.310989
5,5,7.071068
41,-19,45.188494
-10,-8,12.806248
7,-1,7.071068
20,10,22.360680
63,15,64.761099
3,29,29.154759
33,9,34.205263
-24,4,24.331050
1,43,43.011626
28,0,28.000000
7,-19,20.248457
-2,-6,6.324555
-16,-32,35.777088
9,17,19.235384
35,13,37.336309
17,51,53.758720
27,-17,31.906112
-24,-28,36.878178
-30,28,41.036569
10,4,10.770330
-22,-8,23.409400
2,22,22.090722
40,32,51.224994
-12,-44,45.607017
-40,-38,55.172457
38,-2,38.052595
12,-6,13.416408
-27,-9,28.460499
2,34,34.058773
-32,44,54.405882
-23,-11,25.495098
-23,-5,23.537205
4,22,22.360680
10,20,22.360680
-23,21,31.144823
-4,-14,14.560220
-27,9,28.460499
3,-43,43.104524
7,-13,14.764823
-28,2,28.071338
-36,-4,36.221541
12,-6,13.416408
22,14,26.076810
-32,-34,46.690470
3,17,17.262677
16,10,18.867962
-11,-23,25.495098
12,-14,18.439089
3,-43,43.104524
16,10,18.867962
2,16,16.124515
-15,31,34.438351
3,23,23.194827
31,-7,31.780497
13,7,14.764823
-47,-25,53.235327
11,27,29.154759
30,-38,48.414874
5,27,27.459060
22,28,35.608988
0,6,6.000000
-3,43,43.104524
18,2,18.110770
28,2,28.071338
23,25,33.970576
8,8,11.313708
0,4,4.000000
48,28,55.569776
23,-19,29.832868
5,-19,19.646883
5,-43,43.289722
-15,-33,36.249138
8,24,25.298221
17,9,19.235384
19,17,25.495098
-9,-1,9.055385
-9,-27,28.460499
-1,-15,15.033296
7,5,8.602325
-18,-2,18.110770
23,11,25.495098
18,6,18.973666
-21,-1,21.023796
-14,-6,15.231546
30,32,43.863424
-22,36,42.190046
3,-51,51.088159
3,-15,15.297059
30,28,41.036569
6,40,40.447497
26,26,36.769553
5,-13,13.928388
30,12,32.310989
21,15,25.806976
-7,-21,22.135944
-36,-44,56.850682
-10,26,27.856777
-19,-23,29.832868
-5,-33,33.376639
-7,-25,25.961510
-19,11,21.954498
26,14,29.529646
-2,-16,16.124515
13,-21,24.698178
-5,29,29.427878
17,-43,46.238512
-17,35,38.910153
-8,-28,29.120440
14,-14,19.798990
8,-12,14.422205
16,-20,25.612497
14,4,14.560220
-22,-26,34.058773
-31,5,31.400637
-2,30,30.066593
-7,-43,43.566042
-8,48,48.662100
-41,-45,60.876925
-6,24,24.738634
7,35,35.693137
54,0,54.000000
5,-21,21.587033
6,-24,24.738634
5,-13,13.928388
-6,-14,15.231546
-18,-2,18.110770
19,-11,21.954498
23,3,23.194827
-7,37,37.656341
-4,-2,4.472136
7,21,22.135944
-27,29,39.623226
-48,16,50.596443
9,19,21.023796
-6,10,11.661904
16,0,16.000000
36,40,53.814496
-21,23,31.144823
18,22,28.425341
-14,-2,14.142136
22,12,25.059928
-36,50,61.611687
37,-17,40.718546
-16,0,16.000000
5,-9,10.295630
22,-8,23.409400
2,18,18.110770
-20,0,20.000000
-16,-4,16.492423
5,23,23.537205
21,27,34.205263
16,-34,37.576588
17,-13,21.400935
8,-36,36.878178
4,2,4.472136
-7,17,18.384776
16,-20,25.612497
16,4,16.492423
3,3,4.242641
-20,-24,31.240999
44,36,56.850682
24,-16,28.844410
-3,15,15.297059
-18,-18,25.455844
2,-18,18.110770
-45,-1,45.011110
18,-10,20.591260
-30,-4,30.265492
-1,15,15.033296
10,18,20.591260
-31,17,35.355339
-13,-1,13.038405
-5,1,5.099020
-12,-10,15.620499
17,3,17.262677
-19,-11,21.954498
18,-8,19.697716
-21,-29,35.805028
-1,25,25.019992
-16,-16,22.627417
-21,-45,49.658836
-17,-51,53.758720
-28,18,33.286634
25,5,25.495098
3,-25,25.179357
-23,7,24.041631
1,-39,39.012818
31,-3,31.144823
11,-19,21.954498
3,-45,45.099889
-9,23,24.698178
9,-37,38.078866
1,7,7.071068
-8,-20,21.540659
-11,27,29.154759
5,-7,8.602325
-16,12,20.000000
-9,1,9.055385
-6,20,20.880613
2,-8,8.246211
-18,-14,22.803509
-8,-2,8.246211
8,4,8.944272
20,-20,28.284271
14,24,27.784888
37,-25,44.654227
12,-6,13.416408
18,6,18.973666
11,11,15.556349
-9,-9,12.727922
-53,-13,54.571055
-41,-25,48.020829
-3,23,23.194827
-2,-4,4.472136
-18,-12,21.633308
-11,-13,17.029386
2,20,20.099751
-10,14,17.204651
14,24,27.784888
9,5,10.295630
-10,34,35.440090
-8,-26,27.202941
23,-9,24.698178
51,-9,51.788030
21,-5,21.587033
7,-19,20.248457
2,14,14.142136
17,15,22.671568
14,-20,24.413111
-18,38,42.047592
-41,-9,41.976184
8,-16,17.888544
0,2,2.000000
16,-44,46.818800
23,-21,31.144823
-18,-6,18.973666
26,-4,26.305893
-5,-21,21.587033
23,15,27.459060
13,-21,24.698178
23,-19,29.832868
62,-12,63.150614
-19,11,21.954498
18,-28,33.286634
21,-3,21.213203
20,26,32.802439
20,-4,20.396078
-18,26,31.622777
-10,40,41.231056
10,4,10.770330
32,12,34.176015
-13,21,24.698178
-28,-4,28.284271
5,-3,5.830952
-7,-19,20.248457
6,-4,7.211103
-8,10,12.806248
41,-3,41.109610
-49,-41,63.890531
-42,-2,42.047592
15,11,18.601075
17,-9,19.235384
10,-16,18.867962
13,17,21.400935
-9,-3,9.486833
-28,44,52.153619
-12,-8,14.422205
17,13,21.400935
1,17,17.029386
-38,-18,42.047592
44,10,45.122057
6,50,50.358713
-3,53,53.084838
20,14,24.413111
36,26,44.407207
-4,-20,20.396078
-2,16,16.124515
17,35,38.910153
-25,13,28.178006
29,3,29.154759
-1,-45,45.011110
14,-12,18.439089
-12,-12,16.970563
-33,11,34.785054
2,-22,22.090722
-30,40,50.000000
-17,17,24.041631
-3,13,13.341664
-20,14,24.413111
-8,-26,27.202941
-40,32,51.224994
-30,-12,32.310989
-4,-2,4.472136
-33,7,33.734256
-2,14,14.142136
16,18,24.083189
22,2,22.090722
49,-39,62.625873
11,41,42.449971
15,9,17.492856
-32,6,32.557641
25,-25,35.355339
4,14,14.560220
52,-8,52.611786
-24,22,32.557641
7,-7,9.899495
-3,49,49.091751
-17,7,18.384776
-21,-21,29.698485
15,-5,15.811388
26,2,26.076810
-9,-19,21.023796
-18,32,36.715120
8,2,8.246211
-18,-2,18.110770
44,-4,44.181444
15,9,17.492856
36,-26,44.407207
17,3,17.262677
10,10,14.142136
1,-45,45.011110
28,14,31.304952
33,-3,33.136083
25,-19,31.400637
14,16,21.260292
11,-3,11.401754
-9,15,17.492856
-1,19,19.026298
16,-14,21.260292
14,-16,21.260292
-25,27,36.796739
13,-17,21.400935
-62,6,62.289646
-16,-40,43.081318
9,-27,28.460499
13,1,13.038405
33,-25,41.400483
-11,7,13.038405
-1,-15,15.033296
24,-40,46.647615
18,-32,36.715120
13,13,18.384776
33,15,36.249138
6,14,15.231546
43,-11,44.384682
-3,-1,3.162278
29,-31,42.449971
-40,-10,41.231056
42,-40,58.000000
-31,5,31.400637
-4,-22,22.360680
14,-30,33.105891
1,-29,29.017236
14,2,14.142136
-27,25,36.796739
-3,-27,27.166155
-8,-4,8.944272
11,11,15.556349
-22,12,25.059928
-17,15,22.671568
-4,6,7.211103
27,11,29.154759
60,26,65.391131
28,-6,28.635642
3,-11,11.401754
-6,-4,7.211103
3,-1,3.162278
19,-11,21.954498
-19,-5,19.646883
-3,-25,25.179357
-34,22,40.496913
1,9,9.055385
-7,3,7.615773
1,45,45.011110
-6,2,6.324555
-26,-26,36.769553
38,8,38.832976
-5,25,25.495098
11,9,14.212670
-21,-29,35.805028
-3,-15,15.297059
-2,-10,10.198039
-16,2,16.124515
-8,2,8.246211
-23,37,43.566042
-18,20,26.907248
-24,-14,27.784888
-7,-23,24.041631
2,12,12.165525
-1,-23,23.021729
9,21,22.847319
-21,-1,21.023796
-28,-46,53.851648
5,-21,21.587033
-13,-1,13.038405
-49,-27,55.946403
-2,20,20.099751
-7,-55,55.443665
34,-2,34.058773
12,-48,49.477268
-40,0,40.000000
8,-36,36.878178
29,19,34.669872
-9,27,28.460499
10,-10,14.142136
-22,2,22.090722
-21,5,21.587033
-17,5,17.720045
8,-34,34.928498
17,-15,22.671568
-18,-4,18.439089
-7,35,35.693137
-7,-21,22.135944
-35,13,37.336309
53,-31,61.400326
-32,24,40.000000
23,-35,41.880783
8,18,19.697716
7,13,14.764823
0,10,10.000000
24,6,24.738634
35,-1,35.014283
0,-8,8.000000
9,-23,24.698178
50,-18,53.141321
-2,0,2.000000
-14,-10,17.204651
-8,18,19.697716
11,-9,14.212670
-9,19,21.023796
37,39,53.758720
-12,-34,36.055513
26,18,31.622777
8,8,11.313708
1,-23,23.021729
26,26,36.769553
-8,-60,60.530984
-3,-71,71.063352
48,8,48.662100
-6,6,8.485281
-34,26,42.801869
-17,11,20.248457
-8,-22,23.409400
-20,-16,25.612497
22,32,38.832976
-57,-11,58.051701
-14,6,15.231546
-43,-41,59.413803
9,41,41.976184
-42,-26,49.396356
-1,17,17.029386
-29,19,34.669872
-38,12,39.849718
20,10,22.360680
11,49,50.219518
-29,-15,32.649655
9,-15,17.492856
-5,1,5.099020
5,-13,13.928388
-22,-24,32.557641
-22,6,22.803509
-35,-9,36.138622
-38,24,44.944410
-10,14,17.204651
20,24,31.240999
-1,1,1.414214
-22,10,24.166092
-3,-37,37.121422
-14,32,34.928498
29,-23,37.013511
-46,-4,46.173586
9,-41,41.976184
16,-24,28.844410
-24,16,28.844410
-9,53,53.758720
5,15,15.811388
-19,21,28.319605
-8,-16,17.888544
16,34,37.576588
30,24,38.418745
3,-67,67.067131
28,18,33.286634
-14,6,15.231546
-19,11,21.954498
-1,-3,3.162278
-31,15,34.438351
-9,17,19.235384
-20,36,41.182521
4,56,56.142675
7,-17,18.384776
-27,-47,54.203321
20,0,20.000000
25,-23,33.970576
-31,15,34.438351
-17,1,17.029386
14,8,16.124515
-18,-18,25.455844
20,2,20.099751
-25,-3,25.179357
8,-6,10.000000
-25,19,31.400637
19,5,19.646883
16,18,24.083189
4,2,4.472136
10,8,12.806248
-2,2,2.828427
-12,-2,12.165525
9,-21,22.847319
6,-6,8.485281
28,-2,28.071338
1,7,7.071068
40,24,46.647615
11,25,27.313001
-3,21,21.213203
37,-31,48.270074
27,-33,42.638011
-14,20,24.413111
37,-39,53.758720
-4,-16,16.492423
15,-9,17.492856
-12,10,15.620499
-13,-1,13.038405
22,-16,27.202941
-18,6,18.973666
-14,42,44.271887
-6,2,6.324555
-35,-43,55.443665
-15,-3,15.297059
13,15,19.849433
18,-10,20.591260
23,-7,24.041631
16,-38,41.231056
-31,21,37.443290
-18,-8,19.697716
25,-27,36.796739
-14,-2,14.142136
20,8,21.540659
-25,19,31.400637
12,-4,12.649111
20,-22,29.732137
-10,24,26.000000
-20,-28,34.409301
-6,20,20.880613
-29,-41,50.219518
-9,-33,34.205263
-7,15,16.552945
8,30,31.048349
7,25,25.961510
40,-6,40.447497
32,4,32.249031
-38,-38,53.740115
-27,35,44.204072
-26,-10,27.856777
-9,7,11.401754
-10,-10,14.142136
-11,-25,27.313001
-11,-17,20.248457
-14,-14,19.798990
2,24,24.083189
17,25,30.232433
2,14,14.142136
-8,28,29.120440
-24,16,28.844410
-13,11,17.029386
-11,-55,56.089215
8,34,34.928498
-19,23,29.832868
20,8,21.540659
-1,1,1.414214
-4,28,28.284271
-33,-19,38.078866
-8,-24,25.298221
15,33,36.249138
11,-11,15.556349
-25,11,27.313001
46,-12,47.539457
-9,11,14.212670
-23,-7,24.041631
7,9,11.401754
-9,3,9.486833
-4,-22,22.360680
3,7,7.615773
9,-15,17.492856
-8,20,21.540659
-3,-21,21.213203
-18,58,60.728906
-7,1,7.071068
14,26,29.529646
-14,34,36.769553
4,-30,30.265492
-22,-30,37.202150
-8,-28,29.120440
33,-15,36.249138
20,14,24.413111
33,-29,43.931765
3,-1,3.162278
8,-8,11.313708
-64,-14,65.513357
-15,5,15.811388
8,-14,16.124515
-13,-39,41.109610
0,-18,18.000000
32,-10,33.526109
21,5,21.587033
-15,19,24.207437
8,-32,32.984845
4,8,8.944272
-3,-29,29.154759
-6,14,15.231546
0,-18,18.000000
8,16,17.888544
36,4,36.221541
-34,10,35.440090
-60,24,64.621978
-28,4,28.284271
13,55,56.515485
24,20,31.240999
-20,18,26.907248
-6,-42,42.426407
-4,-16,16.492423
-1,-9,9.055385
-3,-27,27.166155
-26,-20,32.802439
-25,-11,27.313001
22,-16,27.202941
-6,42,42.426407
-1,-3,3.162278
0,6,6.000000
-51,23,55.946403
43,-1,43.011626
9,-17,19.235384
12,0,12.000000
13,-9,15.811388
-37,15,39.924930
43,15,45.541190
-1,53,53.009433
-22,6,22.803509
-2,2,2.828427
-56,14,57.723479
7,17,18.384776
-1,-15,15.033296
18,-36,40.249224
6,-20,20.880613
-10,2,10.198039
-8,-10,12.806248
17,15,22.671568
7,1,7.071068
-8,16,17.888544
-23,3,23.194827
8,-8,11.313708
19,-45,48.846699
-20,-12,23.323808
10,-40,41.231056
11,23,25.495098
-10,18,20.591260
-44,28,52.153619
29,-5,29.427878
-14,-32,34.928498
-14,-26,29.529646
11,-47,48.270074
-9,-39,40.024992
-35,-27,44.204072
-13,-13,18.384776
26,-16,30.528675
4,4,5.656854
-2,-16,16.124515
-37,-9,38.078866
6,-22,22.803509
7,45,45.541190
-16,-40,43.081318
-37,-35,50.931326
-13,1,13.038405
-21,3,21.213203
-7,3,7.615773
-9,-5,10.295630
6,22,22.803509
29,35,45.453273
18,-2,18.110770
16,14,21.260292
-10,0,10.000000
-14,8,16.124515
35,31,46.754679
21,-47,51.478151
-5,1,5.099020
7,-25,25.961510
12,6,13.416408
-16,6,17.088007
-28,-16,32.249031
24,22,32.557641
1,25,25.019992
-7,-11,13.038405
17,33,37.121422
21,-29,35.805028
-41,-37,55.226805
-36,26,44.407207
30,8,31.048349
1,-5,5.099020
1,-17,17.029386
3,61,61.073726
-10,-18,20.591260
22,8,23.409400
23,-51,55.946403
5,-27,27.459060
-14,-8,16.124515
17,-19,25.495098
16,12,20.000000
-55,-37,66.287254
-11,-21,23.706539
5,-1,5.099020
23,-7,24.041631
-8,22,23.409400
-23,13,26.419690
-20,-12,23.323808
-35,-1,35.014283
-6,10,11.661904
-2,-24,24.083189
6,-12,13.416408
-17,-35,38.910153
-45,-15,47.434165
17,-25,30.232433
-50,-32,59.363288
-22,34,40.496913
-1,41,41.012193
-1,-1,1.414214
-3,-19,19.235384
27,5,27.459060
22,-12,25.059928
17,13,21.400935
25,49,55.009090
24,22,32.557641
-18,16,24.083189
-50,-12,51.419841
-35,9,36.138622
-34,-18,38.470768
33,31,45.276926
11,17,20.248457
-21,19,28.319605
-3,1,3.162278
3,7,7.615773
7,-21,22.135944
-13,-3,13.341664
10,-4,10.770330
-21,33,39.115214
12,-4,12.649111
34,-4,34.234486
0,32,32.000000
20,16,25.612497
14,-12,18.439089
-3,17,17.262677
9,-3,9.486833
7,33,33.734256
-13,-29,31.780497
2,14,14.142136
-10,-18,20.591260
32,-4,32.249031
-1,-9,9.055385
18,-8,19.697716
-7,-13,14.764823
-32,18,36.715120
15,21,25.806976
17,37,40.718546
-1,3,3.162278
-14,-14,19.798990
-6,4,7.211103
-21,27,34.205263
-26,-14,29.529646
-50,20,53.851648
-5,1,5.099020
-36,-6,36.496575
6,22,22.803509
9,3,9.486833
-33,-17,37.121422
-4,-30,30.265492
-52,-28,59.059292
7,29,29.832868
-55,-35,65.192024
3,-11,11.401754
-1,17,17.029386
1,7,7.071068
14,2,14.142136
-12,24,26.832816
46,22,50.990195
9,11,14.212670
-5,-1,5.099020
-43,-1,43.011626
18,6,18.973666
-17,-13,21.400935
11,21,23.706539
-8,24,25.298221
64,20,67.052218
41,35,53.907328
-21,41,46.065171
-17,21,27.018512
27,-21,34.205263
-37,17,40.718546
-2,-26,26.076810
-11,-7,13.038405
2,2,2.828427
-9,23,24.698178
-3,13,13.341664
0,6,6.000000
-7,13,14.764823
-5,-3,5.830952
-30,8,31.048349
25,9,26.570661
12,-66,67.082039
-18,30,34.985711
-20,2,20.099751
-22,10,24.166092
27,-41,49.091751
18,-8,19.697716
28,-40,48.826222
-7,-1,7.071068
38,46,59.665736
-7,-5,8.602325
-12,-28,30.463092
28,2,28.071338
2,22,22.090722
45,-3,45.099889
0,-36,36.000000
1,-29,29.017236
-16,34,37.576588
-13,-11,17.029386
-32,0,32.000000
49,-9,49.819675
-2,-2,2.828427
31,13,33.615473
47,27,54.203321
9,15,17.492856
36,16,39.395431
-7,33,33.734256
12,-30,32.310989
5,-1,5.099020
20,-22,29.732137
-2,26,26.076810
-16,-12,20.000000
21,33,39.115214
19,21,28.319605
22,-12,25.059928
-24,48,53.665631
24,-30,38.418745
-38,16,41.231056
-37,17,40.718546
-12,10,15.620499
4,6,7.211103
47,1,47.010637
-2,-8,8.246211
38,-6,38.470768
-8,24,25.298221
-35,3,35.128336
30,2,30.066593
-41,-25,48.020829
-15,35,38.078866
10,-18,20.591260
-12,-20,23.323808
-11,5,12.083046
-7,21,22.135944
-34,10,35.440090
2,-6,6.324555
2,-12,12.165525
9,37,38.078866
11,-11,15.556349
-29,7,29.832868
-2,-22,22.090722
17,-1,17.029386
-9,-41,41.976184
-4,12,12.649111
-1,7,7.071068
-5,7,8.602325
-22,-22,31.112698
-2,-22,22.090722
-12,-4,12.649111
20,12,23.323808
2,-44,44.045431
29,31,42.449971
3,9,9.486833
-24,8,25.298221
9,7,11.401754
5,-13,13.928388
-10,-16,18.867962
19,-29,34.669872
-31,-11,32.893768
-21,-5,21.587033
5,1,5.099020
-27,7,27.892651
9,13,15.811388
-17,37,40.718546
-25,45,51.478151
16,20,25.612497
6,20,20.880613
-16,30,34.000000
22,-16,27.202941
16,16,22.627417
-16,4,16.492423
16,42,44.944410
-8,-38,38.832976
18,-34,38.470768
-25,-23,33.970576
-23,-47,52.325902
-31,3,31.144823
-22,-20,29.732137
-31,5,31.400637
-4,14,14.560220
-42,28,50.477718
7,21,22.135944
27,49,55.946403
-24,-4,24.331050
-20,40,44.721360
9,37,38.078866
24,6,24.738634
20,36,41.182521
-14,-20,24.413111
11,35,36.687873
0,-12,12.000000
23,29,37.013511
1,1,1.414214
17,-33,37.121422
-24,-34,41.617304
-16,-12,20.000000
-12,-18,21.633308
-60,-26,65.391131
-11,23,25.495098
-39,29,48.600412
-13,7,14.764823
-28,12,30.463092
-4,18,18.439089
16,-34,37.576588
-29,3,29.154759
-14,-22,26.076810
23,-49,54.129474
13,1,13.038405
11,-29,31.016125
-23,-15,27.459060
-11,-19,21.954498
-27,11,29.154759
-13,17,21.400935
-6,0,6.000000
27,17,31.906112
52,-6,52.345009
18,4,18.439089
33,35,48.104054
3,-21,21.213203
-18,-6,18.973666
38,2,38.052595
-48,-10,49.030603
19,3,19.235384
26,-12,28.635642
-7,-7,9.899495
-9,9,12.727922
12,20,23.323808
-9,1,9.055385
-32,18,36.715120
6,22,22.803509
3,13,13.341664
-1,-9,9.055385
35,3,35.128336
-12,-42,43.680659
-17,-23,28.600699
-12,2,12.165525
-19,-7,20.248457
-8,24,25.298221
-8,28,29.120440
-7,39,39.623226
-34,18,38.470768
37,7,37.656341
-37,-19,41.593269
33,11,34.785054
-3,21,21.213203
32,-2,32.062439
5,41,41.303753
8,14,16.124515
-7,1,7.071068
-2,34,34.058773
0,-24,24.000000
40,14,42.379240
-14,-6,15.231546
-19,23,29.832868
-28,6,28.635642
37,-29,47.010637
-18,-16,24.083189
-7,5,8.602325
1,13,13.038405
24,-32,40.000000
-6,-32,32.557641
-27,23,35.468296
15,-29,32.649655
2,-36,36.055513
19,17,25.495098
5,11,12.083046
38,32,49.678969
8,4,8.944272
-16,28,32.249031
28,24,36.878178
25,5,25.495098
-30,22,37.202150
14,-2,14.142136
26,28,38.209946
12,24,26.832816
-31,-1,31.016125
-34,-8,34.928498
22,-2,22.090722
56,32,64.498062
-24,14,27.784888
17,21,27.018512
35,-9,36.138622
-32,0,32.000000
-1,7,7.071068
-10,4,10.770330
28,-14,31.304952
40,-2,40.049969
16,-8,17.888544
26,-4,26.305893
-18,-14,22.803509
-8,-20,21.540659
-11,-31,32.893768
-15,13,19.849433
14,-26,29.529646
13,9,15.811388
33,9,34.205263
23,-11,25.495098
-3,-21,21.213203
23,-23,32.526912
18,-18,25.455844
3,31,31.144823
23,7,24.041631
-22,8,23.409400
-43,-13,44.922155
24,28,36.878178
2,-26,26.076810
25,-29,38.288379
-14,-22,26.076810
-25,-59,64.078077
-36,24,43.266615
43,-63,76.275815
9,-13,15.811388
-26,-4,26.305893
7,11,13.038405
17,-17,24.041631
50,32,59.363288
14,-28,31.304952
-1,-3,3.162278
29,-13,31.780497
-22,-22,31.112698
-23,-51,55.946403
-26,10,27.856777
3,-39,39.115214
22,12,25.059928
-1,-11,11.045361
-3,-13,13.341664
-5,-1,5.099020
8,-10,12.806248
3,-11,11.401754
13,-19,23.021729
27,-1,27.018512
5,-31,31.400637
-15,11,18.601075
8,-4,8.944272
-5,-37,37.336309
53,9,53.758720
22,-8,23.409400
5,-7,8.602325
-20,-8,21.540659
27,5,27.459060
-23,-3,23.194827
32,-32,45.254834
-16,-2,16.124515
-24,-22,32.557641
-32,20,37.735925
4,34,34.234486
11,-45,46.324939
-5,-31,31.400637
-16,18,24.083189
12,22,25.059928
-14,6,15.231546
-37,-25,44.654227
14,10,17.204651
15,55,57.008771
-21,31,37.443290
17,-11,20.248457
-9,-25,26.570661
6,4,7.211103
-22,16,27.202941
-25,-7,25.961510
9,11,14.212670
4,26,26.305893
19,-49,52.554733
-33,35,48.104054
-6,6,8.485281
-3,-19,19.235384
-31,13,33.615473
-25,37,44.654227
2,4,4.472136
-24,4,24.331050
3,17,17.262677
-19,-23,29.832868
1,11,11.045361
-6,-6,8.485281
-9,-25,26.570661
17,21,27.018512
-31,23,38.600518
-15,7,16.552945
-9,5,10.295630
-26,6,26.683328
26,-2,26.076810
20,14,24.413111
16,8,17.888544
0,-16,16.000000
-6,48,48.373546
-13,-7,14.764823
-10,-42,43.174066
-9,-3,9.486833
-5,43,43.289722
-20,4,20.396078
7,-41,41.593269
2,38,38.052595
-44,6,44.407207
8,-16,17.888544
2,-12,12.165525
23,31,38.600518
-9,33,34.205263
-8,18,19.697716
-24,-2,24.083189
-23,15,27.459060
26,-28,38.209946
-23,-21,31.144823
-22,2,22.090722
36,-18,40.249224
-23,-3,23.194827
-27,-19,33.015148
13,33,35.468296
22,2,22.090722
2,18,18.110770
17,-23,28.600699
9,-3,9.486833
-5,-13,13.928388
1,13,13.038405
22,34,40.496913
1,17,17.029386
29,-5,29.427878
-22,-24,32.557641
1,57,57.008771
24,26,35.383612
36,-22,42.190046
-4,-14,14.560220
40,-12,41.761226
-9,1,9.055385
-12,-4,12.649111
26,10,27.856777
-25,9,26.570661
20,-12,23.323808
-37,31,48.270074
-27,-21,34.205263
-9,-39,40.024992
-3,21,21.213203
-29,-19,34.669872
13,25,28.178006
41,21,46.065171
-8,-18,19.697716
-1,-7,7.071068
-38,18,42.047592
39,-1,39.012818
42,12,43.680659
-6,-14,15.231546
0,22,22.000000
11,15,18.601075
10,4,10.770330
25,-3,25.179357
11,23,25.495098
6,22,22.803509
1,5,5.099020
-12,28,30.463092
-34,-12,36.055513
10,-24,26.000000
0,36,36.000000
12,6,13.416408
-7,35,35.693137
5,15,15.811388
51,45,68.014704
7,23,24.041631
-13,-27,29.966648
-7,11,13.038405
26,24,35.383612
-4,-24,24.331050
-10,-16,18.867962
-13,7,14.764823
-44,16,46.818800
-28,12,30.463092
6,10,11.661904
-28,20,34.409301
-60,-36,69.971423
0,20,20.000000
23,9,24.698178
-12,-26,28.635642
-8,54,54.589376
-2,-2,2.828427
39,29,48.600412
-25,39,46.324939
-17,-9,19.235384
-4,14,14.560220
-41,-7,41.593269
22,20,29.732137
56,-22,60.166436
7,-15,16.552945
-12,32,34.176015
-3,-19,19.235384
-1,25,25.019992
-39,5,39.319207
-22,2,22.090722
11,-3,11.401754
0,-20,20.000000
20,32,37.735925
-17,15,22.671568
-11,-3,11.401754
2,4,4.472136
0,2,2.000000
-3,-23,23.194827
-10,2,10.198039
-22,20,29.732137
-12,-32,34.176015
34,6,34.525353
-7,11,13.038405
-29,27,39.623226
-39,17,42.544095
-17,-21,27.018512
-9,17,19.235384
9,-17,19.235384
28,-6,28.635642
12,0,12.000000
-27,-11,29.154759
47,-3,47.095647
7,19,20.248457
2,-8,8.246211
16,12,20.000000
15,-33,36.249138
42,16,44.944410
19,-17,25.495098
-20,-20,28.284271
19,-33,38.078866
-43,-1,43.011626
-3,-9,9.486833
9,3,9.486833
6,-18,18.973666
-14,-34,36.769553
5,-7,8.602325
-9,21,22.847319
5,-7,8.602325
22,22,31.112698
-35,-37,50.931326
-28,6,28.635642
-27,-5,27.459060
-3,-27,27.166155
-13,13,18.384776
22,-12,25.059928
-26,2,26.076810
-29,-11,31.016125
-3,-9,9.486833
19,9,21.023796
6,-26,26.683328
15,13,19.849433
6,-28,28.635642
-30,34,45.343136
32,16,35.777088
-21,-11,23.706539
20,-2,20.099751
40,26,47.707442
44,-30,53.254108
-19,-11,21.954498
-37,-19,41.593269
36,-6,36.496575
-63,-3,63.071388
31,-5,31.400637
6,-12,13.416408
-21,-7,22.135944
49,3,49.091751
4,-50,50.159745
-16,-34,37.576588
15,1,15.033296
-19,-17,25.495098
-19,17,25.495098
-10,8,12.806248
-41,3,41.109610
15,29,32.649655
-35,-27,44.204072
17,1,17.029386
17,-7,18.384776
33,-9,34.205263
2,36,36.055513
-30,18,34.985711
-2,-2,2.828427
-41,35,53.907328
35,-19,39.824616
-1,-33,33.015148
26,0,26.000000
11,37,38.600518
42,8,42.755117
27,1,27.018512
-45,23,50.537115
-2,-18,18.110770
12,-26,28.635642
30,22,37.202150
6,-2,6.324555
-21,29,35.805028
-6,14,15.231546
-2,26,26.076810
-16,-2,16.124515
11,-33,34.785054
-7,-7,9.899495
12,28,30.463092
-10,2,10.198039
-16,16,22.627417
56,-12,57.271284
-17,11,20.248457
4,4,5.656854
-19,-11,21.954498
11,9,14.212670
-39,-11,40.521599
-38,36,52.345009
-17,-27,31.906112
-18,-16,24.083189
-1,-13,13.038405
11,25,27.313001
-4,-14,14.560220
17,-23,28.600699
0,-30,30.000000
23,-31,38.600518
33,15,36.249138
7,-35,35.693137
-13,-3,13.341664
6,-38,38.470768
9,-1,9.055385
19,29,34.669872
14,-6,15.231546
19,15,24.207437
-21,-11,23.706539
5,-21,21.587033
0,-2,2.000000
23,-15,27.459060
-28,26,38.209946
13,1,13.038405
10,10,14.142136
-49,9,49.819675
31,7,31.780497
-5,-13,13.928388
-10,0,10.000000
22,14,26.076810
-15,-5,15.811388
-2,-6,6.324555
-15,-5,15.811388
-18,36,40.249224
19,21,28.319605
7,-15,16.552945
-20,34,39.446166
-25,29,38.288379
4,2,4.472136
-10,48,49.030603
-1,7,7.071068
-1,-41,41.012193
-10,-18,20.591260
-16,-12,20.000000
-10,28,29.732137
-48,-16,50.596443
0,26,26.000000
-28,-22,35.608988
-21,31,37.443290
36,2,36.055513
8,-24,25.298221
-40,22,45.650849
-8,-32,32.984845
-14,-20,24.413111
-3,21,21.213203
22,-14,26.076810
-12,-6,13.416408
7,-51,51.478151
-21,17,27.018512
-26,-38,46.043458
31,27,41.109610
-30,12,32.310989
-15,-15,21.213203
22,22,31.112698
-38,4,38.209946
12,46,47.539457
-9,7,11.401754
22,48,52.801515
12,-4,12.649111
-9,25,26.570661
15,-5,15.811388
13,1,13.038405
27,17,31.906112
0,-8,8.000000
-21,-11,23.706539
6,-24,24.738634
-11,5,12.083046
-13,-13,18.384776
-5,21,21.587033
19,-9,21.023796
7,11,13.038405
-1,9,9.055385
6,-36,36.496575
7,31,31.780497
7,21,22.135944
-21,-15,25.806976
-10,36,37.363083
11,1,11.045361
0,-8,8.000000
22,6,22.803509
18,-4,18.439089
-9,11,14.212670
11,17,20.248457
26,-48,54.589376
-24,16,28.844410
-11,-5,12.083046
-25,17,30.232433
0,-28,28.000000
3,-29,29.154759
-24,-28,36.878178
-13,5,13.928388
46,2,46.043458
-6,14,15.231546
-42,-2,42.047592
-9,3,9.486833
0,-36,36.000000
-19,9,21.023796
-17,-25,30.232433
-25,-3,25.179357
6,2,6.324555
-4,-6,7.211103
-35,1,35.014283
9,-5,10.295630
30,20,36.055513
20,-4,20.396078
14,-32,34.928498
-3,7,7.615773
-52,-6,52.345009
1,1,1.414214
50,6,50.358713
-20,-6,20.880613
-35,-49,60.216277
-27,19,33.015148
12,-42,43.680659
27,-5,27.459060
3,27,27.166155
9,-19,21.023796
6,-18,18.973666
38,38,53.740115
-31,-7,31.780497
1,19,19.026298
-20,2,20.099751
-12,12,16.970563
-42,-12,43.680659
30,-38,48.414874
9,-49,49.819675
-2,-6,6.324555
-34,30,45.343136
-3,11,11.401754
42,8,42.755117
-9,-35,36.138622
-9,17,19.235384
-5,9,10.295630
44,-30,53.254108
-3,15,15.297059
7,9,11.401754
25,21,32.649655
-15,-31,34.438351
16,-10,18.867962
0,26,26.000000
-13,-9,15.811388
-15,-3,15.297059
14,24,27.784888
-14,-6,15.231546
37,7,37.656341
18,-42,45.694639
-10,16,18.867962
26,-20,32.802439
-6,0,6.000000
13,13,18.384776
6,20,20.880613
-1,9,9.055385
-14,-20,24.413111
23,-3,23.194827
0,26,26.000000
19,-11,21.954498
-18,16,24.083189
25,-21,32.649655
-24,-22,32.557641
10,8,12.806248
-8,-18,19.697716
-12,26,28.635642
-14,24,27.784888
-12,-24,26.832816
10,-6,11.661904
7,-17,18.384776
-5,53,53.235327
4,-24,24.331050
-7,1,7.071068
24,-24,33.941125
-29,13,31.780497
8,-28,29.120440
-16,16,22.627417
-49,-11,50.219518
-17,15,22.671568
42,-18,45.694639
12,20,23.323808
-15,-31,34.438351
15,-27,30.886890
-5,-3,5.830952
-11,-7,13.038405
18,6,18.973666
24,6,24.738634
-38,-12,39.849718
23,11,25.495098
-14,-4,14.560220
-46,10,47.074409
15,-47,49.335586
-4,-48,48.166378
3,-15,15.297059
47,-11,48.270074
-26,4,26.305893
-47,-11,48.270074
12,-28,30.463092
-55,27,61.269895
-21,29,35.805028
-21,13,24.698178
10,26,27.856777
27,-3,27.166155
-7,23,24.041631
7,19,20.248457
24,4,24.331050
1,-21,21.023796
-34,0,34.000000
28,0,28.000000
-1,29,29.017236
11,21,23.706539
4,-18,18.439089
-24,34,41.617304
-18,-6,18.973666
-12,-52,53.366656
-3,-5,5.830952
29,3,29.154759
15,-13,19.849433
13,5,13.928388
7,-33,33.734256
-1,-15,15.033296
56,-2,56.035703
-55,-3,55.081757
-25,5,25.495098
24,8,25.298221
-13,-13,18.384776
-20,-24,31.240999
18,16,24.083189
-14,-6,15.231546
-2,-28,28.071338
-7,23,24.041631
10,8,12.806248
33,-11,34.785054
-16,-8,17.888544
-28,-2,28.071338
10,-4,10.770330
29,13,31.780497
13,1,13.038405
-33,7,33.734256
6,2,6.324555
-21,-17,27.018512
14,-16,21.260292
-26,6,26.683328
-15,-45,47.434165
15,-5,15.811388
19,-51,54.424259
-48,16,50.596443
-7,-27,27.892651
-2,8,8.246211
5,-17,17.720045
10,-12,15.620499
42,-8,42.755117
-11,-11,15.556349
-22,0,22.000000
-44,36,56.850682
27,-31,41.109610
-24,-22,32.557641
2,16,16.124515
-12,-16,20.000000
-27,-23,35.468296
3,29,29.154759
15,-33,36.249138
12,-10,15.620499
25,17,30.232433
6,10,11.661904
-3,17,17.262677
-3,21,21.213203
-14,-30,33.105891
-9,-1,9.055385
35,-7,35.693137
21,7,22.135944
-21,23,31.144823
-15,-11,18.601075
-21,37,42.544095
-31,1,31.016125
-28,-8,29.120440
6,14,15.231546
25,1,25.019992
23,19,29.832868
-16,8,17.888544
12,-36,37.947332
24,10,26.000000
0,28,28.000000
16,-20,25.612497
6,18,18.973666
-36,-14,38.626416
-32,12,34.176015
16,-22,27.202941
-17,57,59.481089
-13,33,35.468296
0,-12,12.000000
-7,-25,25.961510
5,-41,41.303753
-15,-13,19.849433
-3,-5,5.830952
28,-38,47.201695
-32,-14,34.928498
-27,9,28.460499
35,17,38.910153
15,3,15.297059
40,-2,40.049969
14,-26,29.529646
-23,11,25.495098
-30,14,33.105891
-10,34,35.440090
-3,-21,21.213203
-29,7,29.832868
4,20,20.396078
28,-10,29.732137
-20,6,20.880613
-37,3,37.121422
-3,7,7.615773
-1,-25,25.019992
-10,60,60.827625
-32,-16,35.777088
4,10,10.770330
-27,-25,36.796739
-10,14,17.204651
-8,-16,17.888544
-6,0,6.000000
24,-4,24.331050
26,-2,26.076810
25,-19,31.400637
-11,-21,23.706539
-45,9,45.891176
-34,-42,54.037024
-17,3,17.262677
0,12,12.000000
22,16,27.202941
-20,-16,25.612497
-7,-13,14.764823
4,4,5.656854
29,39,48.600412
-45,13,46.840154
-13,3,13.341664
19,-5,19.646883
-16,-46,48.703183
29,11,31.016125
-11,11,15.556349
16,42,44.944410
11,-5,12.083046
52,-34,62.128898
-10,0,10.000000
-8,12,14.422205
25,-19,31.400637
-21,3,21.213203
31,9,32.280025
-42,-16,44.944410
-38,10,39.293765
-25,-29,38.288379
28,26,38.209946
-19,7,20.248457
13,25,28.178006
-13,17,21.400935
-57,3,57.078893
-19,-19,26.870058
-13,13,18.384776
-15,-19,24.207437
33,21,39.115214
-46,40,60.959003
-14,28,31.304952
-1,-17,17.029386
-27,13,29.966648
20,-8,21.540659
24,26,35.383612
14,4,14.560220
20,-8,21.540659
-7,-21,22.135944
-5,45,45.276926
26,-10,27.856777
-19,-69,71.568149
18,-4,18.439089
30,-26,39.698866
-9,21,22.847319
12,10,15.620499
-10,48,49.030603
-4,-34,34.234486
21,1,21.023796
12,20,23.323808
-36,36,50.911688
-44,-52,68.117545
-22,-2,22.090722
21,15,25.806976
20,-10,22.360680
22,12,25.059928
13,-29,31.780497
-18,22,28.425341
-12,-16,20.000000
3,39,39.115214
-1,21,21.023796
30,12,32.310989
43,-27,50.774009
16,-10,18.867962
17,25,30.232433
19,-3,19.235384
-22,8,23.409400
-11,-25,27.313001
-17,-1,17.029386
25,39,46.324939
12,0,12.000000
21,-11,23.706539
5,-1,5.099020
16,4,16.492423
1,15,15.033296
31,-17,35.355339
8,-24,25.298221
10,-8,12.806248
23,25,33.970576
27,23,35.468296
26,32,41.231056
2,4,4.472136
11,7,13.038405
5,19,19.646883
13,-27,29.966648
-20,-18,26.907248
-17,17,24.041631
-7,13,14.764823
-8,6,10.000000
-9,-11,14.212670
-3,3,4.242641
-21,-27,34.205263
-11,-25,27.313001
6,-20,20.880613
-15,-37,39.924930
8,24,25.298221
-16,22,27.202941
15,5,15.811388
-1,-19,19.026298
-1,19,19.026298
33,9,34.205263
-7,3,7.615773
39,1,39.012818
-47,-25,53.235327
-5,1,5.099020
-33,-23,40.224371
-15,7,16.552945
11,-35,36.687873
-16,2,16.124515
25,-7,25.961510
16,10,18.867962
-24,-56,60.926185
35,11,36.687873
11,-39,40.521599
-27,49,55.946403
-8,4,8.944272
19,15,24.207437
-6,-8,10.000000
-30,-18,34.985711
-38,10,39.293765
6,-10,11.661904
23,-41,47.010637
8,0,8.000000
-23,21,31.144823
53,-37,64.637450
-2,22,22.090722
5,-29,29.427878
5,-21,21.587033
10,-26,27.856777
54,-26,59.933296
0,18,18.000000
-24,-2,24.083189
-18,16,24.083189
19,-7,20.248457
-4,-18,18.439089
-23,-39,45.276926
-16,-12,20.000000
-30,10,31.622777
-1,-27,27.018512
23,-19,29.832868
6,24,24.738634
-38,10,39.293765
15,23,27.459060
20,-2,20.099751
3,-15,15.297059
12,6,13.416408
14,-24,27.784888
-10,-28,29.732137
21,15,25.806976
9,-13,15.811388
-2,2,2.828427
-3,-35,35.128336
21,25,32.649655
12,10,15.620499
-3,-37,37.121422
0,26,26.000000
-17,-15,22.671568
-40,18,43.863424
10,-10,14.142136
1,29,29.017236
-4,-8,8.944272
-7,-17,18.384776
54,0,54.000000
15,19,24.207437
2,-18,18.110770
15,25,29.154759
3,25,25.179357
61,-3,61.073726
18,-6,18.973666
-21,35,40.816663
-3,-51,51.088159
-2,-16,16.124515
-8,20,21.540659
-12,-20,23.323808
3,33,33.136083
7,29,29.832868
59,15,60.876925
9,-1,9.055385
-6,16,17.088007
22,10,24.166092
7,17,18.384776
17,-19,25.495098
8,-12,14.422205
21,1,21.023796
-27,1,27.018512
-14,0,14.000000
16,2,16.124515
24,-16,28.844410
9,29,30.364453
28,0,28.000000
-25,59,64.078077
-19,-23,29.832868
-2,22,22.090722
17,27,31.906112
82,-42,92.130342
-13,35,37.336309
-25,-29,38.288379
-60,32,68.000000
-15,11,18.601075
-26,-8,27.202941
-15,13,19.849433
3,-39,39.115214
9,25,26.570661
-14,-2,14.142136
-23,-27,35.468296
16,46,48.703183
-8,-30,31.048349
-38,-2,38.052595
-9,29,30.364453
-30,-4,30.265492
-11,17,20.248457
-9,-41,41.976184
15,3,15.297059
-1,-11,11.045361
27,-11,29.154759
-30,2,30.066593
-27,13,29.966648
-16,18,24.083189
-12,12,16.970563
-25,-9,26.570661
-34,8,34.928498
-53,-9,53.758720
-32,10,33.526109
-17,-53,55.659680
4,8,8.944272
-15,-41,43.657760
-13,-7,14.764823
6,-54,54.332311
-21,-1,21.023796
26,-16,30.528675
-6,-16,17.088007
15,-11,18.601075
1,17,17.029386
4,2,4.472136
23,17,28.600699
9,19,21.023796
-5,-5,7.071068
30,-16,34.000000
-32,-6,32.557641
14,-10,17.204651
-30,60,67.082039
26,-14,29.529646
56,-6,56.320511
-16,24,28.844410
-42,26,49.396356
-10,-28,29.732137
39,9,40.024992
0,4,4.000000
14,4,14.560220
-29,21,35.805028
15,-5,15.811388
10,4,10.770330
-8,2,8.246211
7,17,18.384776
14,-18,22.803509
-8,-14,16.124515
41,11,42.449971
-35,-21,40.816663
25,-19,31.400637
17,-3,17.262677
40,-6,40.447497
19,11,21.954498
0,-20,20.000000
14,-24,27.784888
17,35,38.910153
-24,44,50.119856
29,-15,32.649655
69,5,69.180922
17,11,20.248457
35,-17,38.910153
30,-14,33.105891
15,3,15.297059
15,43,45.541190
-21,21,29.698485
-17,23,28.600699
50,6,50.358713
22,8,23.409400
-10,14,17.204651
-13,-19,23.021729
-18,16,24.083189
-19,-19,26.870058
-4,0,4.000000
11,-21,23.706539
19,1,19.026298
30,32,43.863424
1,-35,35.014283
-1,-11,11.045361
-8,6,10.000000
-2,-6,6.324555
-12,-40,41.761226
15,9,17.492856
1,13,13.038405
10,26,27.856777
-26,-6,26.683328
43,-7,43.566042
43,-7,43.566042
12,38,39.849718
-12,-6,13.416408
21,-7,22.135944
2,-28,28.071338
-12,48,49.477268
-14,0,14.000000
5,-17,17.720045
5,-9,10.295630
20,8,21.540659
26,26,36.769553
4,-16,16.492423
5,15,15.811388
36,-10,37.363083
-28,20,34.409301
30,24,38.418745
45,35,57.008771
29,3,29.154759
10,-16,18.867962
27,19,33.015148
-27,23,35.468296
15,7,16.552945
15,-15,21.213203
11,31,32.893768
-4,-40,40.199502
43,13,44.922155
19,-35,39.824616
1,31,31.016125
-24,-26,35.383612
-16,-48,50.596443
-20,12,23.323808
-49,-9,49.819675
-4,-4,5.656854
-20,6,20.880613
-29,-23,37.013511
-38,-4,38.209946
10,10,14.142136
11,-27,29.154759
-18,-26,31.622777
-14,-30,33.105891
-28,28,39.597980
-11,-5,12.083046
2,-8,8.246211
-4,-8,8.944272
-1,-23,23.021729
36,16,39.395431
-22,-16,27.202941
17,11,20.248457
12,-46,47.539457
4,-74,74.108029
5,-5,7.071068
22,24,32.557641
-24,4,24.331050
-4,-24,24.331050
0,36,36.000000
-12,-2,12.165525
-45,11,46.324939
20,32,37.735925
-15,-7,16.552945
-11,13,17.029386
-14,-58,59.665736
-23,7,24.041631
-9,-1,9.055385
-12,8,14.422205
18,-6,18.973666
15,-25,29.154759
7,3,7.615773
5,3,5.830952
3,31,31.144823
-14,-16,21.260292
-3,-21,21.213203
-23,-19,29.832868
22,-14,26.076810
-23,-29,37.013511
27,29,39.623226
12,-24,26.832816
-50,-4,50.159745
-10,-10,14.142136
-7,-31,31.780497
23,15,27.459060
7,-23,24.041631
20,18,26.907248
-24,12,26.832816
4,-14,14.560220
-18,8,19.697716
-34,-42,54.037024
34,10,35.440090
-16,16,22.627417
26,8,27.202941
-16,-8,17.888544
11,15,18.601075
-2,4,4.472136
7,39,39.623226
42,20,46.518813
24,10,26.000000
8,28,29.120440
-20,34,39.446166
-10,16,18.867962
6,-6,8.485281
10,-10,14.142136
6,10,11.661904
-28,-50,57.306195
11,-1,11.045361
0,6,6.000000
20,18,26.907248
2,-8,8.246211
12,46,47.539457
25,1,25.019992
-13,-13,18.384776
-11,15,18.601075
-9,-9,12.727922
17,-15,22.671568
30,-20,36.055513
0,6,6.000000
-37,-13,39.217343
-14,6,15.231546
-18,-2,18.110770
-53,1,53.009433
-9,-13,15.811388
-4,12,12.649111
42,6,42.426407
-31,5,31.400637
26,-38,46.043458
6,-16,17.088007
14,22,26.076810
-20,-40,44.721360
-22,-22,31.112698
26,0,26.000000
37,-1,37.013511
6,-4,7.211103
-7,-3,7.615773
-21,-25,32.649655
24,6,24.738634
-19,-33,38.078866
-43,33,54.203321
-34,-4,34.234486
21,23,31.144823
11,13,17.029386
36,28,45.607017
-11,-31,32.893768
5,13,13.928388
5,-23,23.537205
-4,26,26.305893
-15,27,30.886890
-30,14,33.105891
0,-40,40.000000
-8,6,10.000000
-23,-11,25.495098
-33,17,37.121422
25,3,25.179357
37,-25,44.654227
38,10,39.293765
7,-1,7.071068
-5,-11,12.083046
-9,21,22.847319
-20,46,50.159745
38,8,38.832976
15,-5,15.811388
68,14,69.426220
-36,14,38.626416
27,15,30.886890
-27,-21,34.205263
23,15,27.459060
-24,-10,26.000000
1,7,7.071068
-14,4,14.560220
-22,-22,31.112698
6,20,20.880613
-1,-3,3.162278
-1,-17,17.029386
22,8,23.409400
17,15,22.671568
7,1,7.071068
-34,4,34.234486
28,52,59.059292
-37,-21,42.544095
20,-2,20.099751
-22,4,22.360680
12,-6,13.416408
-4,10,10.770330
-10,-24,26.000000
-15,-17,22.671568
18,10,20.591260
26,6,26.683328
-22,-34,40.496913
4,30,30.265492
51,51,72.124892
-15,-33,36.249138
27,13,29.966648
42,-12,43.680659
-9,25,26.570661
-4,8,8.944272
20,16,25.612497
10,12,15.620499
-20,28,34.409301
26,-14,29.529646
-6,-4,7.211103
7,61,61.400326
-9,17,19.235384
-31,1,31.016125
-13,5,13.928388
-13,1,13.038405
19,-33,38.078866
-10,-26,27.856777
6,18,18.973666
-21,-5,21.587033
26,-8,27.202941
-48,36,60.000000
-24,-38,44.944410
-55,-13,56.515485
17,-15,22.671568
-24,12,26.832816
17,-15,22.671568
24,26,35.383612
-23,-9,24.698178
-44,56,71.217975
-17,-7,18.384776
0,-46,46.000000
-29,-47,55.226805
8,16,17.888544
3,-19,19.235384
26,-10,27.856777
0,-12,12.000000
-10,10,14.142136
-8,4,8.944272
-10,50,50.990195
-30,28,41.036569
6,10,11.661904
19,9,21.023796
-2,18,18.110770
-15,35,38.078866
-15,-3,15.297059
30,20,36.055513
-22,-22,31.112698
-19,31,36.359318
-17,7,18.384776
-7,-17,18.384776
30,36,46.861498
10,-20,22.360680
17,3,17.262677
-20,24,31.240999
-16,-22,27.202941
-1,-25,25.019992
-12,-44,45.607017
-3,19,19.235384
-23,5,23.537205
-14,-22,26.076810
-5,15,15.811388
4,16,16.492423
7,21,22.135944
-5,-13,13.928388
-12,24,26.832816
-6,24,24.738634
6,16,17.088007
-41,-13,43.011626
29,1,29.017236
9,25,26.570661
-32,28,42.520583
28,26,38.209946
-26,-12,28.635642
-8,-16,17.888544
14,-10,17.204651
-21,-3,21.213203
-33,5,33.376639
31,15,34.438351
-28,-14,31.304952
-17,5,17.720045
-1,-29,29.017236
-6,24,24.738634
-18,6,18.973666
-6,20,20.880613
-29,-55,62.177166
5,33,33.376639
30,2,30.066593
-20,0,20.000000
-4,-34,34.234486
-9,31,32.280025
-8,-20,21.540659
-35,-13,37.336309
25,-21,32.649655
18,0,18.000000
-3,5,5.830952
10,-40,41.231056
6,4,7.211103
7,7,9.899495
-24,-58,62.769419
16,30,34.000000
-25,7,25.961510
10,18,20.591260
3,1,3.162278
7,31,31.780497
10,8,12.806248
13,-21,24.698178
34,-28,44.045431
4,6,7.211103
18,-10,20.591260
34,16,37.576588
-24,-26,35.383612
-9,1,9.055385
-20,46,50.159745
18,34,38.470768
16,6,17.088007
-5,7,8.602325
1,-13,13.038405
-30,8,31.048349
-35,7,35.693137
-4,10,10.770330
11,5,12.083046
14,6,15.231546
-5,-9,10.295630
-29,-9,30.364453
-11,57,58.051701
12,18,21.633308
29,37,47.010637
-41,-7,41.593269
1,13,13.038405
40,-18,43.863424
-16,-22,27.202941
-12,-32,34.176015
2,2,2.828427
-22,10,24.166092
-25,-1,25.019992
-16,-10,18.867962
19,-3,19.235384
5,23,23.537205
-4,-8,8.944272
2,-54,54.037024
-33,3,33.136083
1,-27,27.018512
8,20,21.540659
-23,37,43.566042
43,-23,48.764741
-13,15,19.849433
13,21,24.698178
-4,-20,20.396078
3,29,29.154759
-36,24,43.266615
1,7,7.071068
-44,2,44.045431
-8,-14,16.124515
16,-12,20.000000
12,-52,53.366656
-1,13,13.038405
10,10,14.142136
-10,-14,17.204651
5,39,39.319207
27,-27,38.183766
-12,12,16.970563
-38,-4,38.209946
-8,-8,11.313708
-32,32,45.254834
-5,31,31.400637
25,-27,36.796739
-18,-24,30.000000
-41,15,43.657760
14,-38,40.496913
-13,17,21.400935
-18,-38,42.047592
-12,-10,15.620499
-16,4,16.492423
-4,24,24.331050
-12,-32,34.176015
4,8,8.944272
13,3,13.341664
-16,-52,54.405882
-31,9,32.280025
-1,-5,5.099020
-6,-28,28.635642
2,10,10.198039
13,-11,17.029386
-34,8,34.928498
-15,-35,38.078866
2,-24,24.083189
13,9,15.811388
-50,-28,57.306195
-32,46,56.035703
17,33,37.121422
-23,-19,29.832868
-24,-32,40.000000
-21,-13,24.698178
23,11,25.495098
-13,23,26.419690
24,-26,35.383612
-6,-26,26.683328
-38,-22,43.908997
-2,38,38.052595
-34,36,49.517674
20,-26,32.802439
-13,25,28.178006
-25,33,41.400483
-8,38,38.832976
-26,18,31.622777
3,15,15.297059
31,5,31.400637
-60,16,62.096699
-3,17,17.262677
-23,-37,43.566042
7,25,25.961510
-31,-11,32.893768
-5,-19,19.646883
-17,25,30.232433
-10,8,12.806248
9,-7,11.401754
-7,5,8.602325
-18,0,18.000000
7,-21,22.135944
11,19,21.954498
20,-28,34.409301
-38,26,46.043458
36,-20,41.182521
13,-11,17.029386
30,-16,34.000000
37,47,59.816386
9,-11,14.212670
8,28,29.120440
23,1,23.021729
-4,4,5.656854
-11,15,18.601075
22,20,29.732137
-9,-33,34.205263
7,23,24.041631
-8,-26,27.202941
34,-4,34.234486
20,-2,20.099751
-14,-24,27.784888
21,7,22.135944
2,-8,8.246211
42,32,52.801515
-9,-25,26.570661
-3,-5,5.830952
-6,-24,24.738634
25,5,25.495098
-14,6,15.231546
-27,25,36.796739
26,-4,26.305893
20,-24,31.240999
-15,27,30.886890
3,-35,35.128336
2,0,2.000000
20,-14,24.413111
22,-26,34.058773
-49,35,60.216277
0,4,4.000000
35,45,57.008771
10,2,10.198039
-19,9,21.023796
19,27,33.015148
3,-17,17.262677
30,-4,30.265492
1,5,5.099020
-10,-26,27.856777
21,21,29.698485
-18,-24,30.000000
22,0,22.000000
-2,16,16.124515
-23,-9,24.698178
9,21,22.847319
35,-15,38.078866
13,-31,33.615473
8,18,19.697716
10,-20,22.360680
3,-21,21.213203
28,-2,28.071338
25,-19,31.400637
34,-36,49.517674
10,-20,22.360680
22,6,22.803509
-39,-3,39.115214
22,4,22.360680
-28,10,29.732137
39,3,39.115214
9,23,24.698178
39,-27,47.434165
21,-9,22.847319
-29,25,38.288379
-17,-7,18.384776
37,11,38.600518
2,6,6.324555
9,-17,19.235384
10,6,11.661904
-16,28,32.249031
1,39,39.012818
17,-15,22.671568
1,81,81.006173
24,-6,24.738634
34,38,50.990195
-31,-37,48.270074
8,10,12.806248
-33,-13,35.468296
-9,-49,49.819675
3,41,41.109610
-16,-6,17.088007
37,-1,37.013511
20,16,25.612497
6,0,6.000000
-6,12,13.416408
-4,-12,12.649111
-3,15,15.297059
3,-39,39.115214
6,6,8.485281
45,19,48.846699
9,21,22.847319
-43,-19,47.010637
34,2,34.058773
-48,-6,48.373546
-46,8,46.690470
-25,-37,44.654227
33,-1,33.015148
-20,-8,21.540659
-27,5,27.459060
-4,-4,5.656854
-2,2,2.828427
17,17,24.041631
-19,-5,19.646883
-4,2,4.472136
6,-10,11.661904
5,5,7.071068
41,17,44.384682
13,-13,18.384776
-10,44,45.122057
20,-8,21.540659
10,2,10.198039
-24,-2,24.083189
19,5,19.646883
-11,-29,31.016125
6,0,6.000000
54,0,54.000000
31,23,38.600518
0,-4,4.000000
16,-6,17.088007
-32,-18,36.715120
40,-14,42.379240
3,5,5.830952
-52,32,61.057350
-22,40,45.650849
31,-15,34.438351
48,24,53.665631
30,-6,30.594117
-21,1,21.023796
-11,-13,17.029386
14,6,15.231546
17,15,22.671568
1,23,23.021729
-12,-12,16.970563
50,36,61.611687
22,-10,24.166092
-18,18,25.455844
-3,-47,47.095647
42,0,42.000000
-16,38,41.231056
1,-7,7.071068
9,-49,49.819675
-3,13,13.341664
24,42,48.373546
21,-9,22.847319
16,-54,56.320511
2,22,22.090722
8,-18,19.697716
-31,39,49.819675
-23,25,33.970576
-36,4,36.221541
7,13,14.764823
-43,-23,48.764741
-15,-23,27.459060
-7,5,8.602325
6,-22,22.803509
-6,-14,15.231546
14,-8,16.124515
23,15,27.459060
4,18,18.439089
2,-12,12.165525
-10,6,11.661904
-33,23,40.224371
-14,-2,14.142136
4,-24,24.331050
64,6,64.280635
-9,-13,15.811388
-12,34,36.055513
26,-16,30.528675
-11,9,14.212670
3,5,5.830952
-18,-28,33.286634
32,12,34.176015
-2,50,50.039984
2,18,18.110770
-38,-16,41.231056
-11,17,20.248457
60,-42,73.239334
-20,0,20.000000
24,4,24.331050
-9,-15,17.492856
-10,6,11.661904
9,-29,30.364453
12,-18,21.633308
-14,-2,14.142136
1,-17,17.029386
48,20,52.000000
-3,-7,7.615773
-9,3,9.486833
0,-12,12.000000
31,-27,41.109610
-20,18,26.907248
24,46,51.884487
-19,31,36.359318
-51,5,51.244512
13,19,23.021729
-2,26,26.076810
-9,13,15.811388
-7,7,9.899495
3,-37,37.121422
-2,12,12.165525
36,2,36.055513
-16,14,21.260292
-16,-32,35.777088
-27,-1,27.018512
40,-20,44.721360
12,2,12.165525
-13,41,43.011626
37,-39,53.758720
-10,18,20.591260
-14,-12,18.439089
16,-18,24.083189
-27,-13,29.966648
22,-10,24.166092
-14,-20,24.413111
10,-4,10.770330
20,0,20.000000
-6,0,6.000000
14,12,18.439089
-69,17,71.063352
-1,-31,31.016125
-19,-15,24.207437
39,-17,42.544095
29,-9,30.364453
22,-30,37.202150
2,-30,30.066593
22,18,28.425341
11,35,36.687873
30,14,33.105891
40,22,45.650849
-12,2,12.165525
1,11,11.045361
-23,43,48.764741
-18,-36,40.249224
17,33,37.121422
-31,-73,79.309520
-20,-22,29.732137
40,-10,41.231056
0,28,28.000000
-9,5,10.295630
12,10,15.620499
28,-58,64.404969
-1,21,21.023796
-21,29,35.805028
32,-30,43.863424
-37,37,52.325902
-5,-39,39.319207
-35,11,36.687873
11,-5,12.083046
-39,-43,58.051701
-3,11,11.401754
21,5,21.587033
28,12,30.463092
13,13,18.384776
-28,-6,28.635642
2,6,6.324555
-5,-17,17.720045
17,-5,17.720045
-39,-9,40.024992
-8,-42,42.755117
9,-3,9.486833
-7,19,20.248457
-7,31,31.780497
4,30,30.265492
-22,4,22.360680
-36,-20,41.182521
32,32,45.254834
23,-25,33.970576
-47,-21,51.478151
11,-13,17.029386
-11,-23,25.495098
13,15,19.849433
1,33,33.015148
-10,18,20.591260
48,4,48.166378
11,5,12.083046
-15,-33,36.249138
5,-25,25.495098
7,-7,9.899495
15,-15,21.213203
3,3,4.242641
34,-20,39.446166
-37,-1,37.013511
-3,-15,15.297059
-15,33,36.249138
9,61,61.660360
-24,-16,28.844410
25,-3,25.179357
-32,-26,41.231056
24,32,40.000000
10,-8,12.806248
-15,-13,19.849433
17,27,31.906112
-38,-18,42.047592
-6,-18,18.973666
-2,-10,10.198039
-50,12,51.419841
28,6,28.635642
-46,42,62.289646
-18,-6,18.973666
-5,-39,39.319207
-32,-20,37.735925
-11,1,11.045361
-5,-29,29.427878
-4,24,24.331050
5,-1,5.099020
23,-21,31.144823
-4,-22,22.360680
-5,7,8.602325
-4,22,22.360680
23,-33,40.224371
-22,82,84.899941
16,10,18.867962
49,-5,49.254441
2,-26,26.076810
-13,-23,26.419690
12,-18,21.633308
2,-16,16.124515
-7,-15,16.552945
-11,-5,12.083046
18,12,21.633308
1,-37,37.013511
41,21,46.065171
12,-14,18.439089
10,26,27.856777
0,-10,10.000000
5,-35,35.355339
-34,-4,34.234486
33,7,33.734256
-9,-29,30.364453
-8,-18,19.697716
17,-51,53.758720
-7,13,14.764823
6,8,10.000000
-10,4,10.770330
-11,13,17.029386
-13,1,13.038405
4,22,22.360680
42,10,43.174066
29,41,50.219518
-2,-10,10.198039
-7,17,18.384776
-20,-20,28.284271
14,46,48.083261
7,19,20.248457
-16,30,34.000000
-13,-1,13.038405
-12,30,32.310989
37,21,42.544095
-4,0,4.000000
-10,-12,15.620499
20,6,20.880613
22,-2,22.090722
9,-13,15.811388
-10,-2,10.198039
-26,32,41.231056
44,6,44.407207
9,15,17.492856
-4,14,14.560220
-2,-24,24.083189
-6,-40,40.447497
8,4,8.944272
-10,-4,10.770330
-18,14,22.803509
4,-22,22.360680
13,-13,18.384776
-40,-12,41.761226
2,22,22.090722
61,3,61.073726
4,34,34.234486
46,-16,48.703183
19,7,20.248457
-10,12,15.620499
-21,-17,27.018512
-8,10,12.806248
11,19,21.954498
-1,-21,21.023796
19,17,25.495098
27,25,36.796739
-5,23,23.537205
22,30,37.202150
7,7,9.899495
20,-12,23.323808
-14,4,14.560220
36,-2,36.055513
-9,-5,10.295630
40,-2,40.049969
-27,3,27.166155
14,4,14.560220
-7,3,7.615773
-35,9,36.138622
31,17,35.355339
-9,-7,11.401754
5,-13,13.928388
-29,-9,30.364453
21,7,22.135944
12,-18,21.633308
0,-24,24.000000
27,13,29.966648
-41,15,43.657760
-14,-8,16.124515
12,4,12.649111
5,37,37.336309
-20,16,25.612497
43,-5,43.289722
42,4,42.190046
-11,31,32.893768
14,-4,14.560220
2,-18,18.110770
22,12,25.059928
-34,-30,45.343136
-29,-1,29.017236
18,-24,30.000000
39,5,39.319207
-12,10,15.620499
-24,8,25.298221
-32,28,42.520583
6,22,22.803509
6,2,6.324555
17,45,48.104054
0,22,22.000000
25,-59,64.078077
1,-27,27.018512
-13,-13,18.384776
65,3,65.069194
-10,-32,33.526109
-29,-15,32.649655
-12,-10,15.620499
8,22,23.409400
12,-4,12.649111
5,67,67.186308
-14,16,21.260292
6,2,6.324555
-16,-56,58.240879
-49,-21,53.310412
-12,0,12.000000
44,-22,49.193496
14,8,16.124515
-6,24,24.738634
-21,19,28.319605
-50,-6,50.358713
2,6,6.324555
21,3,21.213203
17,23,28.600699
-22,0,22.000000
11,-45,46.324939
15,15,21.213203
-14,50,51.923020
-4,-2,4.472136
-43,-13,44.922155
-22,0,22.000000
11,-11,15.556349
-18,-26,31.622777
-6,76,76.236474
-4,-16,16.492423
30,-18,34.985711
-4,2,4.472136
0,-14,14.000000
14,8,16.124515
-20,-32,37.735925
-22,-14,26.076810
-9,41,41.976184
4,-32,32.249031
25,21,32.649655
-1,21,21.023796
-6,22,22.803509
-2,-14,14.142136
-3,-1,3.162278
-40,-34,52.497619
25,-11,27.313001
6,-10,11.661904
-9,3,9.486833
-12,32,34.176015
7,13,14.764823
7,21,22.135944
30,0,30.000000
-47,21,51.478151
-30,-38,48.414874
-17,7,18.384776
-13,-37,39.217343
10,20,22.360680
-21,3,21.213203
-12,10,15.620499
-2,-6,6.324555
0,-6,6.000000
12,0,12.000000
32,-36,48.166378
-17,-19,25.495098
27,37,45.803930
19,-33,38.078866
-5,-23,23.537205
-33,-13,35.468296
-10,26,27.856777
-21,-3,21.213203
40,-22,45.650849
-11,29,31.016125
13,-23,26.419690
16,10,18.867962
2,8,8.246211
-9,-5,10.295630
-4,14,14.560220
-59,-35,68.600292
-23,-13,26.419690
-18,-10,20.591260
-1,-19,19.026298
-25,-25,35.355339
-2,4,4.472136
14,-22,26.076810
18,8,19.697716
-9,-17,19.235384
-27,17,31.906112
-28,-4,28.284271
15,-13,19.849433
-17,-19,25.495098
-39,15,41.785165
-5,-25,25.495098
36,40,53.814496
-6,-26,26.683328
26,6,26.683328
48,-20,52.000000
-33,9,34.205263
6,-30,30.594117
-5,17,17.720045
36,32,48.166378
-3,1,3.162278
-22,18,28.425341
-61,-13,62.369865
-10,-12,15.620499
4,-42,42.190046
11,-1,11.045361
8,-48,48.662100
-10,-4,10.770330
-9,23,24.698178
5,-37,37.336309
2,-22,22.090722
-42,44,60.827625
-29,23,37.013511
-15,-55,57.008771
-40,20,44.721360
-36,20,41.182521
-8,4,8.944272
-14,-38,40.496913
38,-26,46.043458
23,-9,24.698178
6,6,8.485281
-27,35,44.204072
7,7,9.899495
27,3,27.166155
-31,5,31.400637
18,-16,24.083189
6,6,8.485281
-2,12,12.165525
13,5,13.928388
-5,-3,5.830952
-16,-14,21.260292
34,22,40.496913
-5,27,27.459060
-19,15,24.207437
-51,-11,52.172790
-18,74,76.157731
10,22,24.166092
-17,17,24.041631
35,-7,35.693137
3,-13,13.341664
12,-4,12.649111
16,-4,16.492423
-13,1,13.038405
9,-13,15.811388
3,-37,37.121422
29,-15,32.649655
6,10,11.661904
41,3,41.109610
3,9,9.486833
5,-13,13.928388
26,12,28.635642
5,5,7.071068
19,-11,21.954498
1,-5,5.099020
12,12,16.970563
-22,-50,54.626001
-24,-8,25.298221
1,-17,17.029386
-1,-5,5.099020
-22,-14,26.076810
4,26,26.305893
-5,5,7.071068
-16,-14,21.260292
-12,-22,25.059928
-20,-18,26.907248
10,20,22.360680
-32,22,38.832976
-7,1,7.071068
1,43,43.011626
2,18,18.110770
36,-44,56.850682
42,-24,48.373546
11,-25,27.313001
-8,-6,10.000000
-29,25,38.288379
-19,19,26.870058
-1,-1,1.414214
-48,8,48.662100
-42,8,42.755117
-14,-18,22.803509
-14,2,14.142136
-12,4,12.649111
0,-50,50.000000
25,-33,41.400483
12,-32,34.176015
-3,-13,13.341664
-30,-16,34.000000
-2,-16,16.124515
-11,13,17.029386
23,-27,35.468296
2,-26,26.076810
-36,-8,36.878178
4,-36,36.221541
-29,23,37.013511
3,-29,29.154759
16,-16,22.627417
19,1,19.026298
12,-38,39.849718
-30,-44,53.254108
-19,-1,19.026298
-25,-53,58.600341
8,-18,19.697716
-14,14,19.798990
-27,27,38.183766
-49,-13,50.695167
7,-5,8.602325
0,-24,24.000000
-20,-26,32.802439
-18,24,30.000000
-23,-21,31.144823
5,53,53.235327
-57,33,65.863495
-5,47,47.265209
2,10,10.198039
-22,4,22.360680
-3,27,27.166155
20,-26,32.802439
0,-28,28.000000
-19,27,33.015148
-12,-34,36.055513
10,2,10.198039
3,-1,3.162278
25,23,33.970576
-4,0,4.000000
6,-26,26.683328
-7,9,11.401754
19,17,25.495098
36,-4,36.221541
4,2,4.472136
25,-11,27.313001
17,-17,24.041631
-12,-14,18.439089
1,29,29.017236
18,-20,26.907248
-34,0,34.000000
11,17,20.248457
-10,4,10.770330
11,25,27.313001
0,6,6.000000
6,18,18.973666
-13,-15,19.849433
34,52,62.128898
-22,30,37.202150
36,-16,39.395431
-4,30,30.265492
-4,-8,8.944272
16,2,16.124515
15,3,15.297059
9,15,17.492856
-13,5,13.928388
27,3,27.166155
6,-22,22.803509
47,1,47.010637
-7,29,29.832868
30,-30,42.426407
-1,-9,9.055385
0,-8,8.000000
-3,-27,27.166155
-29,3,29.154759
6,20,20.880613
-6,2,6.324555
0,-4,4.000000
-17,23,28.600699
3,-15,15.297059
-42,-6,42.426407
11,23,25.495098
22,20,29.732137
26,0,26.000000
7,55,55.443665
20,0,20.000000
29,15,32.649655
2,8,8.246211
4,18,18.439089
3,-3,4.242641
49,-63,79.812280
3,3,4.242641
21,23,31.144823
7,5,8.602325
-2,-36,36.055513
-15,-15,21.213203
0,-6,6.000000
-17,-5,17.720045
-23,25,33.970576
-15,1,15.033296
18,-32,36.715120
12,6,13.416408
-19,-13,23.021729
-18,14,22.803509
-29,1,29.017236
11,-11,15.556349
4,-34,34.234486
21,-25,32.649655
1,1,1.414214
-5,11,12.083046
-16,-2,16.124515
5,7,8.602325
-4,-20,20.396078
-3,-11,11.401754
-12,30,32.310989
-5,-11,12.083046
-15,27,30.886890
-11,9,14.212670
26,-20,32.802439
2,6,6.324555
-32,18,36.715120
-48,6,48.373546
-31,-51,59.682493
-21,-45,49.658836
-17,1,17.029386
1,-25,25.019992
32,-20,37.735925
-6,4,7.211103
-7,-7,9.899495
-18,20,26.907248
-1,-27,27.018512
-8,22,23.409400
-17,-1,17.029386
25,9,26.570661
16,-4,16.492423
-29,-7,29.832868
-31,13,33.615473
-16,0,16.000000
0,0,0.000000
-22,16,27.202941
6,-4,7.211103
41,29,50.219518
31,17,35.355339
0,22,22.000000
-3,-21,21.213203
3,-9,9.486833
-14,-8,16.124515
-19,41,45.188494
-28,18,33.286634
-5,27,27.459060
-26,14,29.529646
-26,26,36.769553
-21,7,22.135944
-47,-31,56.302753
5,9,10.295630
-5,-27,27.459060
36,-14,38.626416
5,-3,5.830952
-25,-11,27.313001
11,-47,48.270074
34,38,50.990195
-5,-9,10.295630
-7,29,29.832868
-9,45,45.891176
23,9,24.698178
15,-1,15.033296
-20,18,26.907248
4,22,22.360680
7,-19,20.248457
-2,16,16.124515
-2,-48,48.041649
-11,75,75.802375
-10,2,10.198039
9,-23,24.698178
1,-1,1.414214
-24,16,28.844410
-3,-1,3.162278
20,-6,20.880613
-23,23,32.526912
-62,-26,67.230945
10,-38,39.293765
-33,-19,38.078866
30,-56,63.529521
11,39,40.521599
26,-20,32.802439
-7,-7,9.899495
21,-13,24.698178
12,-32,34.176015
-15,-5,15.811388
36,-4,36.221541
25,-21,32.649655
20,-38,42.941821
-11,7,13.038405
34,-8,34.928498
25,-7,25.961510
-9,11,14.212670
36,10,37.363083
7,25,25.961510
38,36,52.345009
35,5,35.355339
18,-32,36.715120
25,-35,43.011626
4,12,12.649111
-32,-30,43.863424
-3,-9,9.486833
25,-25,35.355339
40,-10,41.231056
22,-6,22.803509
-24,-8,25.298221
6,38,38.470768
33,-3,33.136083
-33,23,40.224371
1,55,55.009090
-13,-31,33.615473
-15,-3,15.297059
-39,-47,61.073726
0,-26,26.000000
-10,-34,35.440090
-36,34,49.517674
-35,9,36.138622
-16,-2,16.124515
13,-37,39.217343
-12,-40,41.761226
7,-13,14.764823
-12,-8,14.422205
0,-10,10.000000
19,-3,19.235384
-14,-18,22.803509
13,-35,37.336309
35,-19,39.824616
-6,-16,17.088007
-13,27,29.966648
12,-20,23.323808
-6,22,22.803509
16,-16,22.627417
20,4,20.396078
8,-4,8.944272
-56,-10,56.885851
-6,2,6.324555
1,-13,13.038405
-25,23,33.970576
26,34,42.801869
16,-4,16.492423
-5,9,10.295630
-2,-12,12.165525
15,17,22.671568
18,-28,33.286634
48,-2,48.041649
28,-16,32.249031
-12,-16,20.000000
22,-18,28.425341
-3,31,31.144823
4,-12,12.649111
2,10,10.198039
4,8,8.944272
16,6,17.088007
-14,18,22.803509
32,-20,37.735925
13,-15,19.849433
0,-10,10.000000
-15,5,15.811388
28,-14,31.304952
10,0,10.000000
51,23,55.946403
1,23,23.021729
-7,-59,59.413803
-9,27,28.460499
-35,-11,36.687873
8,-48,48.662100
31,15,34.438351
19,-23,29.832868
33,1,33.015148
-34,0,34.000000
0,18,18.000000
-27,9,28.460499
11,-17,20.248457
-1,-35,35.014283
-36,-10,37.363083
-2,-44,44.045431
3,-39,39.115214
-8,-10,12.806248
20,12,23.323808
-1,-7,7.071068
-9,-23,24.698178
-11,-15,18.601075
-14,-26,29.529646
-7,-47,47.518417
30,22,37.202150
-10,20,22.360680
2,28,28.071338
-18,-24,30.000000
11,-31,32.893768
-12,-26,28.635642
25,1,25.019992
10,-16,18.867962
9,-15,17.492856
-2,-14,14.142136
-7,45,45.541190
12,4,12.649111
30,-2,30.066593
6,-8,10.000000
-3,7,7.615773
7,5,8.602325
31,15,34.438351
0,4,4.000000
1,-19,19.026298
-12,-16,20.000000
-7,-1,7.071068
-16,-6,17.088007
19,-1,19.026298
-5,-29,29.427878
-20,-26,32.802439
12,38,39.849718
31,-17,35.355339
14,-42,44.271887
71,3,71.063352
22,-16,27.202941
-6,6,8.485281
-20,2,20.099751
-1,13,13.038405
22,-18,28.425341
28,22,35.608988
23,-21,31.144823
27,9,28.460499
-13,9,15.811388
-20,-2,20.099751
-53,11,54.129474
26,14,29.529646
-31,3,31.144823
46,0,46.000000
3,13,13.341664
16,38,41.231056
-39,1,39.012818
62,28,68.029405
25,-3,25.179357
-35,3,35.128336
-14,-8,16.124515
7,-1,7.071068
-6,0,6.000000
12,16,20.000000
1,35,35.014283
-24,12,26.832816
26,-28,38.209946
-10,20,22.360680
-4,30,30.265492
25,33,41.400483
-4,2,4.472136
3,-11,11.401754
7,-11,13.038405
31,-25,39.824616
-1,-33,33.015148
-15,3,15.297059
-38,-8,38.832976
3,-37,37.121422
-24,24,33.941125
-7,15,16.552945
-21,-11,23.706539
-12,20,23.323808
7,7,9.899495
28,16,32.249031
8,-2,8.246211
-3,27,27.166155
12,-26,28.635642
7,-3,7.615773
-19,19,26.870058
39,-43,58.051701
12,-14,18.439089
1,-53,53.009433
7,13,14.764823
-38,-32,49.678969
51,-11,52.172790
16,22,27.202941
9,21,22.847319
5,5,7.071068
-9,-29,30.364453
-30,24,38.418745
5,3,5.830952
22,-40,45.650849
-36,-6,36.496575
30,42,51.613952
9,3,9.486833
-5,-13,13.928388
-18,6,18.973666
4,-4,5.656854
-20,-8,21.540659
-26,16,30.528675
-3,-39,39.115214
-23,-11,25.495098
-6,-14,15.231546
28,4,28.284271
6,-40,40.447497
19,-11,21.954498
5,-19,19.646883
-2,22,22.090722
19,19,26.870058
-36,26,44.407207
-24,-8,25.298221
-49,31,57.982756
49,21,53.310412
8,-12,14.422205
-14,24,27.784888
-1,11,11.045361
45,-35,57.008771
1,-23,23.021729
21,43,47.853944
29,55,62.177166
-16,-4,16.492423
-22,18,28.425341
26,6,26.683328
-30,-62,68.876701
-36,2,36.055513
-32,0,32.000000
17,-9,19.235384
-22,-2,22.090722
-11,-23,25.495098
-9,19,21.023796
45,-7,45.541190
4,14,14.560220
-15,7,16.552945
-5,21,21.587033
-21,11,23.706539
8,-6,10.000000
39,-15,41.785165
-4,-26,26.305893
40,-4,40.199502
-3,-3,4.242641
-26,76,80.324343
0,-10,10.000000
33,29,43.931765
47,-15,49.335586
42,-22,47.413078
13,3,13.341664
16,-12,20.000000
8,30,31.048349
-5,-51,51.244512
-14,-34,36.769553
21,-7,22.135944
21,-31,37.443290
3,23,23.194827
-6,-20,20.880613
-51,19,54.424259
-23,-35,41.880783
10,2,10.198039
36,-20,41.182521
16,-12,20.000000
16,4,16.492423
0,-24,24.000000
-2,-8,8.246211
-40,-34,52.497619
24,24,33.941125
4,-10,10.770330
-5,5,7.071068
-1,-37,37.013511
-9,39,40.024992
1,13,13.038405
0,10,10.000000
14,-12,18.439089
43,-1,43.011626
-10,0,10.000000
19,11,21.954498
-17,-23,28.600699
-10,-2,10.198039
-25,23,33.970576
-12,-22,25.059928
-15,3,15.297059
-68,-12,69.050706
21,-1,21.023796
20,36,41.182521
-10,12,15.620499
13,-21,24.698178
-5,29,29.427878
-19,-5,19.646883
22,66,69.570109
30,-8,31.048349
21,45,49.658836
23,1,23.021729
0,20,20.000000
5,17,17.720045
-7,7,9.899495
2,-6,6.324555
8,-12,14.422205
-34,10,35.440090
14,2,14.142136
-28,6,28.635642
-28,24,36.878178
12,-36,37.947332
2,-46,46.043458
-26,4,26.305893
11,-37,38.600518
7,-5,8.602325
-13,-25,28.178006
0,38,38.000000
1,3,3.162278
-17,27,31.906112
3,-9,9.486833
36,12,37.947332
-14,-8,16.124515
-7,-1,7.071068
-26,-24,35.383612
-12,-20,23.323808
-4,-16,16.492423
26,58,63.560994
22,24,32.557641
23,-27,35.468296
6,-4,7.211103
-17,-19,25.495098
-20,14,24.413111
-2,-4,4.472136
5,15,15.811388
-8,20,21.540659
22,40,45.650849
-19,35,39.824616
28,2,28.071338
14,-4,14.560220
-9,-23,24.698178
-28,-14,31.304952
9,37,38.078866
38,-12,39.849718
-9,25,26.570661
5,25,25.495098
5,-5,7.071068
28,-14,31.304952
-22,-34,40.496913
29,21,35.805028
1,39,39.012818
-29,-19,34.669872
-18,-52,55.027266
13,-5,13.928388
32,10,33.526109
-21,-41,46.065171
0,8,8.000000
-13,15,19.849433
-26,-38,46.043458
-5,3,5.830952
-16,-40,43.081318
0,18,18.000000
-22,48,52.801515
31,-49,57.982756
12,-2,12.165525
-15,-23,27.459060
6,-12,13.416408
-19,3,19.235384
-18,-38,42.047592
26,54,59.933296
4,-40,40.199502
23,-29,37.013511
-13,-3,13.341664
11,11,15.556349
-63,-11,63.953108
-50,4,50.159745
36,10,37.363083
-24,16,28.844410
-24,-42,48.373546
-33,-17,37.121422
-12,32,34.176015
48,-10,49.030603
-26,-30,39.698866
16,8,17.888544
-32,56,64.498062
10,2,10.198039
-35,-19,39.824616
6,4,7.211103
4,-8,8.944272
8,18,19.697716
17,-3,17.262677
-31,5,31.400637
19,-21,28.319605
6,10,11.661904
16,-2,16.124515
-2,12,12.165525
11,-5,12.083046
9,-37,38.078866
6,-36,36.496575
19,15,24.207437
-41,17,44.384682
-29,-27,39.623226
-18,14,22.803509
5,-25,25.495098
-9,29,30.364453
41,5,41.303753
21,-61,64.513564
1,-1,1.414214
-26,4,26.305893
-34,32,46.690470
0,50,50.000000
-6,-28,28.635642
-20,-44,48.332184
71,-15,72.567210
-6,8,10.000000
-8,36,36.878178
43,13,44.922155
-21,15,25.806976
40,0,40.000000
4,-28,28.284271
-11,-13,17.029386
-28,16,32.249031
25,25,35.355339
20,-22,29.732137
10,-6,11.661904
5,-13,13.928388
-12,28,30.463092
-4,34,34.234486
-12,-10,15.620499
8,-58,58.549125
9,-29,30.364453
10,14,17.204651
-18,28,33.286634
51,-7,51.478151
-2,-2,2.828427
-8,40,40.792156
-5,11,12.083046
-11,3,11.401754
-6,-48,48.373546
19,-17,25.495098
20,12,23.323808
-6,-18,18.973666
5,-21,21.587033
-23,-51,55.946403
21,-37,42.544095
17,9,19.235384
-11,21,23.706539
29,-21,35.805028
-33,-35,48.104054
2,2,2.828427
21,-29,35.805028
-15,23,27.459060
-23,-33,40.224371
7,-11,13.038405
-1,1,1.414214
-18,-36,40.249224
29,-1,29.017236
21,3,21.213203
-14,6,15.231546
1,15,15.033296
6,-24,24.738634
10,-42,43.174066
-22,0,22.000000
-4,4,5.656854
-2,30,30.066593
11,47,48.270074
-34,-14,36.769553
18,-36,40.249224
14,0,14.000000
-12,0,12.000000
15,-15,21.213203
32,-8,32.984845
30,-38,48.414874
45,-17,48.104054
0,14,14.000000
-2,10,10.198039
3,-39,39.115214
-11,-9,14.212670
-14,-4,14.560220
-8,-34,34.928498
-20,26,32.802439
-13,1,13.038405
-13,3,13.341664
-19,23,29.832868
37,-1,37.013511
2,18,18.110770
18,14,22.803509
-33,-11,34.785054
28,26,38.209946
-27,-5,27.459060
24,-2,24.083189
28,-38,47.201695
-24,-6,24.738634
14,6,15.231546
7,9,11.401754
37,9,38.078866
-48,-26,54.589376
-31,-31,43.840620
0,14,14.000000
-1,53,53.009433
2,44,44.045431
30,-10,31.622777
-11,-53,54.129474
-13,-7,14.764823
14,-12,18.439089
-29,-19,34.669872
3,29,29.154759
7,-19,20.248457
20,-2,20.099751
55,25,60.415230
-12,-10,15.620499
31,27,41.109610
79,-9,79.511006
-34,-10,35.440090
-10,34,35.440090
5,-17,17.720045
54,6,54.332311
-15,-19,24.207437
-4,6,7.211103
13,-25,28.178006
37,17,40.718546
-5,27,27.459060
6,-26,26.683328
24,-24,33.941125
15,21,25.806976
54,-2,54.037024
-3,-1,3.162278
3,-21,21.213203
-16,-8,17.888544
-3,13,13.341664
33,15,36.249138
-13,19,23.021729
25,5,25.495098
15,9,17.492856
3,9,9.486833
16,4,16.492423
2,16,16.124515
-20,-28,34.409301
-10,18,20.591260
3,13,13.341664
8,-30,31.048349
-5,25,25.495098
24,-26,35.383612
-12,-8,14.422205
40,14,42.379240
47,1,47.010637
28,-4,28.284271
-20,26,32.802439
-5,-1,5.099020
-6,50,50.358713
-20,64,67.052218
5,-7,8.602325
-47,-25,53.235327
31,45,54.644304
-6,-12,13.416408
37,-23,43.566042
-38,-10,39.293765
-2,0,2.000000
42,24,48.373546
37,9,38.078866
32,-14,34.928498
19,17,25.495098
48,-4,48.166378
27,39,47.434165
25,-1,25.019992
10,-56,56.885851
18,32,36.715120
12,18,21.633308
-26,-40,47.707442
-23,-33,40.224371
7,-13,14.764823
-10,-4,10.770330
-19,33,38.078866
-21,21,29.698485
7,3,7.615773
0,20,20.000000
32,26,41.231056
10,-34,35.440090
7,-3,7.615773
-29,-27,39.623226
-4,50,50.159745
-12,14,18.439089
0,16,16.000000
15,-15,21.213203
13,1,13.038405
-17,47,49.979996
14,-2,14.142136
-26,-6,26.683328
0,-34,34.000000
-15,-33,36.249138
-6,-44,44.407207
34,28,44.045431
37,27,45.803930
19,1,19.026298
-7,-13,14.764823
32,-2,32.062439
31,-11,32.893768
17,-29,33.615473
-14,40,42.379240
0,20,20.000000
-49,15,51.244512
-22,-32,38.832976
7,-23,24.041631
-1,25,25.019992
-9,-7,11.401754
49,7,49.497475
-12,-12,16.970563
12,-16,20.000000
1,-19,19.026298
-15,-25,29.154759
4,-44,44.181444
-24,18,30.000000
25,-3,25.179357
-7,-9,11.401754
-5,23,23.537205
-29,7,29.832868
7,13,14.764823
-20,2,20.099751
38,-38,53.740115
22,34,40.496913
4,0,4.000000
1,5,5.099020
6,-32,32.557641
-4,-18,18.439089
16,24,28.844410
-18,18,25.455844
-1,-15,15.033296
16,-34,37.576588
-37,-9,38.078866
-10,-16,18.867962
-11,-21,23.706539
-8,8,11.313708
-33,11,34.785054
-8,-12,14.422205
32,-10,33.526109
-15,25,29.154759
18,10,20.591260
-30,24,38.418745
-12,8,14.422205
6,-52,52.345009
22,38,43.908997
5,-11,12.083046
35,1,35.014283
1,5,5.099020
19,7,20.248457
-10,-18,20.591260
-11,31,32.893768
23,13,26.419690
-6,-50,50.358713
19,-39,43.382024
9,9,12.727922
0,-40,40.000000
-2,6,6.324555
-31,-9,32.280025
11,29,31.016125
-7,33,33.734256
3,-1,3.162278
23,-5,23.537205
-16,-8,17.888544
-11,-31,32.893768
6,-2,6.324555
-12,10,15.620499
20,-2,20.099751
-31,-11,32.893768
-20,-18,26.907248
13,-7,14.764823
9,-19,21.023796
12,-28,30.463092
-6,-4,7.211103
-25,-3,25.179357
-12,44,45.607017
-12,-6,13.416408
-33,23,40.224371
-7,23,24.041631
2,20,20.099751
6,-16,17.088007
-21,-9,22.847319
-26,-32,41.231056
-28,0,28.000000
12,-28,30.463092
25,13,28.178006
30,8,31.048349
17,35,38.910153
-5,33,33.376639
-19,-3,19.235384
9,-13,15.811388
25,29,38.288379
35,-35,49.497475
21,-15,25.806976
20,-12,23.323808
-4,-2,4.472136
32,-52,61.057350
16,-24,28.844410
-38,-10,39.293765
15,11,18.601075
-10,-8,12.806248
-17,-11,20.248457
-9,43,43.931765
5,9,10.295630
-14,14,19.798990
-30,24,38.418745
8,-10,12.806248
-6,-32,32.557641
0,10,10.000000
26,-18,31.622777
-9,7,11.401754
19,-11,21.954498
15,23,27.459060
28,26,38.209946
-14,-12,18.439089
-26,2,26.076810
27,-13,29.966648
11,37,38.600518
7,1,7.071068
18,0,18.000000
-8,-8,11.313708
36,10,37.363083
-20,-10,22.360680
-3,-21,21.213203
-30,-10,31.622777
31,-11,32.893768
3,13,13.341664
-12,20,23.323808
-7,-19,20.248457
13,-11,17.029386
-48,-36,60.000000
-31,-9,32.280025
3,-19,19.235384
-20,4,20.396078
-14,24,27.784888
-15,-59,60.876925
-24,8,25.298221
-15,31,34.438351
41,13,43.011626
0,30,30.000000
45,-9,45.891176
32,-16,35.777088
-1,21,21.023796
-1,11,11.045361
0,10,10.000000
-9,17,19.235384
-15,-1,15.033296
-30,8,31.048349
-17,-29,33.615473
17,1,17.029386
-10,30,31.622777
5,-61,61.204575
23,7,24.041631
7,-5,8.602325
40,-6,40.447497
48,-4,48.166378
7,-35,35.693137
-15,31,34.438351
4,-10,10.770330
26,30,39.698866
11,3,11.401754
-53,5,53.235327
-23,-19,29.832868
38,28,47.201695
18,12,21.633308
-6,36,36.496575
16,2,16.124515
-12,24,26.832816
12,-30,32.310989
-14,-6,15.231546
-15,-3,15.297059
3,-17,17.262677
-32,30,43.863424
16,-28,32.249031
-17,57,59.481089
50,0,50.000000
-18,-18,25.455844
-12,-2,12.165525
27,27,38.183766
10,-32,33.526109
3,-27,27.166155
-13,13,18.384776
-9,-3,9.486833
-22,-28,35.608988
-31,9,32.280025
-10,-36,37.363083
19,-49,52.554733
-28,12,30.463092
39,-15,41.785165
22,32,38.832976
-12,14,18.439089
21,-9,22.847319
13,35,37.336309
9,31,32.280025
8,6,10.000000
6,-40,40.447497
13,3,13.341664
0,-22,22.000000
-8,-10,12.806248
-13,15,19.849433
-17,13,21.400935
12,4,12.649111
-3,-33,33.136083
-33,-27,42.638011
-10,-16,18.867962
-48,14,50.000000
-54,-6,54.332311
13,-25,28.178006
-7,1,7.071068
6,36,36.496575
-3,39,39.115214
11,-1,11.045361
20,2,20.099751
8,64,64.498062
-58,6,58.309519
-25,37,44.654227
-35,-11,36.687873
-31,-57,64.884513
13,-27,29.966648
22,40,45.650849
-29,-27,39.623226
17,23,28.600699
12,-42,43.680659
-22,-34,40.496913
-10,22,24.166092
5,-25,25.495098
10,0,10.000000
-41,-9,41.976184
-23,-41,47.010637
37,-27,45.803930
-47,27,54.203321
-9,23,24.698178
-42,4,42.190046
-11,3,11.401754
-9,17,19.235384
21,37,42.544095
-20,-22,29.732137
-27,65,70.384657
-17,7,18.384776
-8,24,25.298221
19,-15,24.207437
-11,-3,11.401754
-14,10,17.204651
24,24,33.941125
35,-1,35.014283
20,-4,20.396078
23,-15,27.459060
26,48,54.589376
-15,57,58.940648
24,-6,24.738634
18,2,18.110770
12,-8,14.422205
-8,30,31.048349
-1,-7,7.071068
32,-4,32.249031
-41,11,42.449971
-38,-20,42.941821
-5,-5,7.071068
-21,-5,21.587033
-45,1,45.011110
17,-5,17.720045
-6,-6,8.485281
-13,51,52.630789
-38,16,41.231056
-4,-8,8.944272
9,-5,10.295630
-8,-6,10.000000
26,-18,31.622777
24,-8,25.298221
28,26,38.209946
19,-47,50.695167
7,19,20.248457
22,4,22.360680
26,14,29.529646
9,21,22.847319
5,21,21.587033
-8,-6,10.000000
6,0,6.000000
42,-20,46.518813
60,-20,63.245553
-23,27,35.468296
35,21,40.816663
5,-27,27.459060
-12,-8,14.422205
19,-31,36.359318
6,10,11.661904
0,6,6.000000
-34,-6,34.525353
-25,-37,44.654227
-23,-1,23.021729
-24,-30,38.418745
20,14,24.413111
12,-24,26.832816
0,-16,16.000000
-6,4,7.211103
-13,-39,41.109610
-16,30,34.000000
3,-7,7.615773
-3,-3,4.242641
16,-38,41.231056
-15,-7,16.552945
10,-20,22.360680
-6,-4,7.211103
-15,15,21.213203
2,30,30.066593
-1,23,23.021729
12,-6,13.416408
2,56,56.035703
-65,-5,65.192024
-4,10,10.770330
11,13,17.029386
47,-9,47.853944
25,-25,35.355339
2,-22,22.090722
-41,1,41.012193
17,-19,25.495098
-1,-11,11.045361
23,-27,35.468296
14,6,15.231546
51,-19,54.424259
-7,-15,16.552945
5,-9,10.295630
-9,-17,19.235384
2,-6,6.324555
9,-15,17.492856
15,-13,19.849433
36,-46,58.412327
53,-19,56.302753
-35,7,35.693137
6,-24,24.738634
-4,56,56.142675
7,-11,13.038405
60,-10,60.827625
-21,-17,27.018512
26,-2,26.076810
-14,20,24.413111
-24,8,25.298221
1,-3,3.162278
-52,-16,54.405882
39,25,46.324939
23,-3,23.194827
-26,-12,28.635642
-8,48,48.662100
21,41,46.065171
16,30,34.000000
23,-21,31.144823
17,29,33.615473
-23,-3,23.194827
-2,16,16.124515
19,-13,23.021729
-4,40,40.199502
-26,10,27.856777
-7,21,22.135944
-12,0,12.000000
27,5,27.459060
38,14,40.496913
-53,9,53.758720
50,-50,70.710678
-18,-54,56.920998
5,23,23.537205
10,2,10.198039
-45,-21,49.658836
-6,20,20.880613
7,13,14.764823
-3,-17,17.262677
-12,18,21.633308
19,23,29.832868
33,17,37.121422
-33,9,34.205263
-1,-31,31.016125
-27,-7,27.892651
-14,40,42.379240
-10,-26,27.856777
22,-4,22.360680
-33,-31,45.276926
-19,-13,23.021729
-5,-35,35.355339
14,-16,21.260292
-5,5,7.071068
-4,30,30.265492
3,-5,5.830952
19,-5,19.646883
6,30,30.594117
-18,-2,18.110770
-20,6,20.880613
-39,-15,41.785165
13,-17,21.400935
17,-1,17.029386
-18,-18,25.455844
-7,-13,14.764823
28,26,38.209946
-22,-28,35.608988
-21,19,28.319605
9,-9,12.727922
38,12,39.849718
-17,25,30.232433
-8,-12,14.422205
20,-16,25.612497
-8,-46,46.690470
16,16,22.627417
-20,28,34.409301
13,17,21.400935
20,-20,28.284271
28,14,31.304952
38,-8,38.832976
-10,-28,29.732137
7,-27,27.892651
-13,29,31.780497
1,29,29.017236
4,26,26.305893
59,55,80.659779
10,22,24.166092
-12,-16,20.000000
4,20,20.396078
-1,39,39.012818
8,-6,10.000000
-16,-12,20.000000
22,-26,34.058773
-10,-40,41.231056
25,3,25.179357
-25,-1,25.019992
-5,-31,31.400637
-11,-31,32.893768
-42,8,42.755117
35,5,35.355339
-11,-29,31.016125
17,11,20.248457
8,-8,11.313708
-31,-15,34.438351
25,43,49.739320
12,-24,26.832816
-1,13,13.038405
-5,11,12.083046
-30,20,36.055513
-36,6,36.496575
13,25,28.178006
61,13,62.369865
5,-9,10.295630
-10,-6,11.661904
-11,21,23.706539
-31,13,33.615473
29,-7,29.832868
-13,7,14.764823
-15,3,15.297059
-47,-15,49.335586
-20,24,31.240999
-40,-2,40.049969
42,-14,44.271887
7,-11,13.038405
-7,33,33.734256
-29,1,29.017236
35,5,35.355339
26,-14,29.529646
-24,18,30.000000
-5,-7,8.602325
-28,0,28.000000
-10,-4,10.770330
7,35,35.693137
4,-38,38.209946
-39,15,41.785165
59,-3,59.076222
-13,-19,23.021729
15,23,27.459060
1,-21,21.023796
9,19,21.023796
-37,-27,45.803930
-12,0,12.000000
-23,-49,54.129474
-8,12,14.422205
-23,1,23.021729
-15,-3,15.297059
33,-13,35.468296
-5,-49,49.254441
-13,-45,46.840154
-22,-10,24.166092
-2,-4,4.472136
32,-28,42.520583
23,43,48.764741
-2,-2,2.828427
13,-11,17.029386
10,20,22.360680
45,17,48.104054
25,-3,25.179357
6,44,44.407207
8,-4,8.944272
4,-6,7.211103
5,29,29.427878
-21,27,34.205263
-25,-13,28.178006
33,7,33.734256
18,44,47.539457
-1,9,9.055385
30,16,34.000000
-9,19,21.023796
-2,8,8.246211
-16,-14,21.260292
31,13,33.615473
-22,-36,42.190046
25,25,35.355339
-19,-21,28.319605
16,-4,16.492423
34,46,57.201399
-30,14,33.105891
-26,26,36.769553
9,17,19.235384
32,50,59.363288
37,5,37.336309
11,-15,18.601075
-11,37,38.600518
-40,20,44.721360
41,45,60.876925
-37,-39,53.758720
33,-33,46.669048
-25,15,29.154759
7,17,18.384776
66,-24,70.228199
46,-4,46.173586
-42,-24,48.373546
44,20,48.332184
-14,-16,21.260292
-25,1,25.019992
20,6,20.880613
-12,26,28.635642
-1,-23,23.021729
-32,-18,36.715120
27,-9,28.460499
2,70,70.028566
-38,-2,38.052595
-12,-38,39.849718
3,-31,31.144823
6,-6,8.485281
-6,10,11.661904
18,28,33.286634
8,2,8.246211
18,24,30.000000
15,9,17.492856
-6,2,6.324555
-22,48,52.801515
26,-2,26.076810
12,6,13.416408
0,-4,4.000000
-39,-19,43.382024
-17,3,17.262677
-18,-8,19.697716
16,-2,16.124515
-3,9,9.486833
-38,2,38.052595
5,21,21.587033
-14,-34,36.769553
39,-23,45.276926
-23,-17,28.600699
12,14,18.439089
13,-21,24.698178
-29,-7,29.832868
20,-22,29.732137
13,25,28.178006
15,-19,24.207437
27,-41,49.091751
44,38,58.137767
45,-1,45.011110
-6,2,6.324555
-15,-11,18.601075
21,9,22.847319
30,-20,36.055513
11,13,17.029386
4,-28,28.284271
-12,-24,26.832816
19,-9,21.023796
14,-4,14.560220
12,-32,34.176015
20,-16,25.612497
-15,7,16.552945
12,-32,34.176015
9,-27,28.460499
8,22,23.409400
-15,-23,27.459060
4,4,5.656854
-19,5,19.646883
-27,-7,27.892651
-43,7,43.566042
37,-1,37.013511
9,21,22.847319
-49,9,49.819675
14,-12,18.439089
1,-53,53.009433
-61,-15,62.817195
50,10,50.990195
16,-82,83.546394
13,31,33.615473
5,43,43.289722
-3,-17,17.262677
42,0,42.000000
10,-20,22.360680
32,36,48.166378
39,39,55.154329
3,-9,9.486833
-29,7,29.832868
15,17,22.671568
31,39,49.819675
-19,5,19.646883
-24,-10,26.000000
13,33,35.468296
16,-46,48.703183
-44,12,45.607017
-13,15,19.849433
-20,12,23.323808
0,-28,28.000000
28,0,28.000000
-8,6,10.000000
-18,72,74.215901
-3,-29,29.154759
18,-18,25.455844
14,38,40.496913
-12,26,28.635642
15,-15,21.213203
49,-21,53.310412
-17,-15,22.671568
31,-5,31.400637
-29,25,38.288379
-10,20,22.360680
20,-20,28.284271
-14,8,16.124515
-1,-19,19.026298
-6,-8,10.000000
-8,-2,8.246211
-35,-59,68.600292
11,-3,11.401754
-6,12,13.416408
14,38,40.496913
2,4,4.472136
10,8,12.806248
50,-44,66.603303
10,24,26.000000
-10,24,26.000000
-39,7,39.623226
33,-27,42.638011
-12,-36,37.947332
3,-13,13.341664
14,-10,17.204651
-14,18,22.803509
-12,6,13.416408
11,-43,44.384682
18,-16,24.083189
-7,-13,14.764823
-19,33,38.078866
-4,-10,10.770330
0,0,0.000000
-21,-25,32.649655
-28,-64,69.856997
-4,-2,4.472136
-5,33,33.376639
7,-17,18.384776
4,-12,12.649111
43,11,44.384682
-19,5,19.646883
10,-20,22.360680
48,-28,55.569776
-12,-6,13.416408
25,7,25.961510
-25,1,25.019992
-4,14,14.560220
11,-23,25.495098
-44,22,49.193496
-9,-17,19.235384
5,1,5.099020
-19,29,34.669872
-24,12,26.832816
49,33,59.076222
19,-29,34.669872
1,13,13.038405
-32,-36,48.166378
-10,-10,14.142136
1,5,5.099020
3,7,7.615773
-13,-43,44.922155
-24,-32,40.000000
40,10,41.231056
1,7,7.071068
18,62,64.560050
-23,25,33.970576
18,24,30.000000
-15,9,17.492856
13,-11,17.029386
33,-7,33.734256
-6,-4,7.211103
13,-5,13.928388
-31,-7,31.780497
5,-23,23.537205
19,25,31.400637
-20,-28,34.409301
6,-28,28.635642
-15,-19,24.207437
47,-21,51.478151
-38,-24,44.944410
-42,-4,42.190046
-28,30,41.036569
2,0,2.000000
-27,-33,42.638011
22,-12,25.059928
-6,2,6.324555
5,45,45.276926
-19,-11,21.954498
-5,7,8.602325
1,11,11.045361
-8,-38,38.832976
-45,19,48.846699
-14,-16,21.260292
8,6,10.000000
15,-3,15.297059
16,16,22.627417
30,30,42.426407
-44,-8,44.721360
-8,4,8.944272
-13,-23,26.419690
17,-11,20.248457
6,18,18.973666
24,8,25.298221
-48,6,48.373546
-15,-35,38.078866
-32,-12,34.176015
-6,18,18.973666
36,22,42.190046
16,36,39.395431
30,-2,30.066593
6,24,24.738634
8,38,38.832976
9,11,14.212670
-9,3,9.486833
-3,63,63.071388
25,-25,35.355339
-4,4,5.656854
-21,-37,42.544095
32,-26,41.231056
-9,11,14.212670
-32,-20,37.735925
26,-22,34.058773
-25,25,35.355339
18,-22,28.425341
7,-19,20.248457
14,-34,36.769553
-6,14,15.231546
-17,-1,17.029386
12,52,53.366656
47,1,47.010637
11,43,44.384682
-40,-32,51.224994
-66,26,70.936591
-23,-41,47.010637
6,16,17.088007
35,-19,39.824616
-12,-38,39.849718
-38,50,62.801274
46,-68,82.097503
22,-26,34.058773
-9,-35,36.138622
8,-8,11.313708
-4,16,16.492423
13,-3,13.341664
13,-11,17.029386
9,33,34.205263
-6,-14,15.231546
25,-7,25.961510
4,-42,42.190046
-18,-20,26.907248
41,15,43.657760
0,-16,16.000000
-17,9,19.235384
-7,25,25.961510
-2,-14,14.142136
-28,-20,34.409301
-15,9,17.492856
-24,6,24.738634
28,-2,28.071338
40,10,41.231056
-30,32,43.863424
23,-27,35.468296
2,34,34.058773
4,-58,58.137767
22,4,22.360680
-5,1,5.099020
15,-3,15.297059
-22,66,69.570109
6,-20,20.880613
6,-16,17.088007
31,-19,36.359318
-9,-45,45.891176
-10,-30,31.622777
2,-14,14.142136
14,32,34.928498
1,-27,27.018512
-3,-7,7.615773
-3,17,17.262677
-5,17,17.720045
-5,-53,53.235327
19,-29,34.669872
-3,-29,29.154759
-24,-22,32.557641
-22,-12,25.059928
-21,-19,28.319605
-15,17,22.671568
-12,-6,13.416408
17,-11,20.248457
-20,10,22.360680
-5,-33,33.376639
15,-25,29.154759
-29,-35,45.453273
-20,-10,22.360680
-15,-25,29.154759
-17,-35,38.910153
13,-17,21.400935
-21,25,32.649655
-39,17,42.544095
-9,21,22.847319
26,14,29.529646
-33,9,34.205263
0,30,30.000000
-8,12,14.422205
-10,-46,47.074409
6,-16,17.088007
-11,-9,14.212670
5,-27,27.459060
-10,14,17.204651
19,9,21.023796
11,-3,11.401754
-20,-14,24.413111
-41,45,60.876925
16,54,56.320511
27,7,27.892651
25,39,46.324939
0,6,6.000000
-16,2,16.124515
-17,-5,17.720045
11,-23,25.495098
27,11,29.154759
-45,43,62.241465
-15,7,16.552945
8,-14,16.124515
0,-48,48.000000
-24,20,31.240999
-20,-4,20.396078
-12,32,34.176015
-30,-6,30.594117
-10,14,17.204651
-8,46,46.690470
-10,42,43.174066
-2,2,2.828427
10,-40,41.231056
48,4,48.166378
22,-18,28.425341
3,31,31.144823
31,23,38.600518
-12,-20,23.323808
-33,-11,34.785054
0,38,38.000000
-5,39,39.319207
-12,-18,21.633308
-12,6,13.416408
-35,15,38.078866
-53,-27,59.481089
18,-14,22.803509
37,23,43.566042
8,32,32.984845
14,-18,22.803509
-24,6,24.738634
-21,5,21.587033
0,14,14.000000
25,5,25.495098
-25,21,32.649655
-3,-21,21.213203
-36,8,36.878178
15,-5,15.811388
-38,4,38.209946
-31,7,31.780497
-37,-11,38.600518
-8,-6,10.000000
-17,-13,21.400935
-14,24,27.784888
-5,-15,15.811388
-31,3,31.144823
8,26,27.202941
-7,-37,37.656341
-10,-32,33.526109
-16,-6,17.088007
0,-4,4.000000
8,-32,32.984845
-17,9,19.235384
3,11,11.401754
-13,-29,31.780497
33,-9,34.205263
16,-10,18.867962
-37,-31,48.270074
30,20,36.055513
17,13,21.400935
-20,-28,34.409301
14,10,17.204651
-12,-14,18.439089
-4,16,16.492423
32,-2,32.062439
-10,-6,11.661904
-29,13,31.780497
-30,20,36.055513
38,0,38.000000
-16,14,21.260292
-14,-46,48.083261
34,8,34.928498
2,-8,8.246211
-27,-7,27.892651
17,31,35.355339
-3,-29,29.154759
1,23,23.021729
10,14,17.204651
-1,9,9.055385
-3,-9,9.486833
-26,-18,31.622777
6,8,10.000000
25,-47,53.235327
-17,-3,17.262677
1,-7,7.071068
23,9,24.698178
-28,-14,31.304952
30,0,30.000000
-38,10,39.293765
-1,31,31.016125
-1,49,49.010203
-5,-35,35.355339
-15,7,16.552945
20,-18,26.907248
9,-37,38.078866
7,-1,7.071068
-37,13,39.217343
-11,-15,18.601075
8,6,10.000000
12,16,20.000000
-3,-5,5.830952
-20,30,36.055513
20,-20,28.284271
2,-8,8.246211
-23,33,40.224371
0,-44,44.000000
-43,5,43.289722
-32,14,34.928498
-6,-8,10.000000
-13,35,37.336309
10,-10,14.142136
29,-13,31.780497
-12,-8,14.422205
-14,8,16.124515
2,14,14.142136
1,5,5.099020
-2,-20,20.099751
-1,-29,29.017236
-19,9,21.023796
0,-12,12.000000
30,6,30.594117
-10,-28,29.732137
-17,-1,17.029386
33,17,37.121422
-7,3,7.615773
27,-3,27.166155
-7,-3,7.615773
-5,-39,39.319207
17,35,38.910153
15,-37,39.924930
-47,1,47.010637
58,-6,58.309519
22,-8,23.409400
24,48,53.665631
0,34,34.000000
-6,-42,42.426407
-23,-13,26.419690
8,-2,8.246211
-16,6,17.088007
34,40,52.497619
-9,-3,9.486833
-1,3,3.162278
-12,-16,20.000000
-16,26,30.528675
5,5,7.071068
-10,6,11.661904
-20,4,20.396078
-33,11,34.785054
-25,-41,48.020829
6,40,40.447497
6,-14,15.231546
37,39,53.758720
36,-4,36.221541
22,28,35.608988
36,20,41.182521
44,24,50.119856
-5,-11,12.083046
-36,32,48.166378
-9,15,17.492856
-39,35,52.402290
-15,35,38.078866
18,18,25.455844
11,-17,20.248457
-4,2,4.472136
22,-40,45.650849
-19,7,20.248457
-25,-21,32.649655
7,-13,14.764823
4,-2,4.472136
-3,-19,19.235384
31,7,31.780497
5,11,12.083046
-7,7,9.899495
16,26,30.528675
-20,4,20.396078
-25,-5,25.495098
4,-22,22.360680
18,8,19.697716
35,17,38.910153
26,-34,42.801869
-5,-9,10.295630
13,-29,31.780497
61,-5,61.204575
0,-6,6.000000
-13,19,23.021729
8,-18,19.697716
-23,-35,41.880783
17,21,27.018512
-32,24,40.000000
33,-17,37.121422
84,24,87.361319
-15,-3,15.297059
16,28,32.249031
20,4,20.396078
-46,-20,50.159745
-36,42,55.317267
13,13,18.384776
7,-25,25.961510
-3,-23,23.194827
-19,-3,19.235384
8,-12,14.422205
-6,6,8.485281
-6,-18,18.973666
9,-19,21.023796
-24,26,35.383612
20,20,28.284271
36,-46,58.412327
13,-77,78.089692
32,28,42.520583
-20,-4,20.396078
23,7,24.041631
32,-6,32.557641
12,16,20.000000
26,2,26.076810
-6,-18,18.973666
6,36,36.496575
-21,23,31.144823
-11,-27,29.154759
24,34,41.617304
12,-14,18.439089
-37,-9,38.078866
8,0,8.000000
4,12,12.649111
-22,12,25.059928
-39,33,51.088159
-5,-25,25.495098
7,43,43.566042
-26,22,34.058773
-18,42,45.694639
14,-6,15.231546
16,20,25.612497
-16,-12,20.000000
19,-21,28.319605
29,9,30.364453
16,2,16.124515
16,8,17.888544
1,-7,7.071068
-47,11,48.270074
1,15,15.033296
-8,-18,19.697716
-7,-1,7.071068
5,11,12.083046
4,-18,18.439089
8,40,40.792156
-12,6,13.416408
-31,-5,31.400637
-13,11,17.029386
22,18,28.425341
-50,-8,50.635956
55,-7,55.443665
36,4,36.221541
11,3,11.401754
-25,-49,55.009090
-40,-28,48.826222
-18,-8,19.697716
-9,7,11.401754
-69,-7,69.354164
-18,-2,18.110770
13,1,13.038405
17,11,20.248457
-3,-17,17.262677
-5,-3,5.830952
-2,2,2.828427
11,-29,31.016125
18,-14,22.803509
50,44,66.603303
-23,3,23.194827
9,27,28.460499
53,-27,59.481089
-7,-19,20.248457
2,-6,6.324555
47,9,47.853944
-34,28,44.045431
-6,16,17.088007
11,9,14.212670
-9,-35,36.138622
9,3,9.486833
10,-16,18.867962
13,1,13.038405
1,5,5.099020
-6,-32,32.557641
1,11,11.045361
-16,-20,25.612497
31,19,36.359318
-35,3,35.128336
-15,29,32.649655
-16,40,43.081318
44,0,44.000000
1,21,21.023796
-1,-9,9.055385
39,5,39.319207
-3,31,31.144823
-6,36,36.496575
18,-42,45.694639
-36,26,44.407207
13,-45,46.840154
-35,11,36.687873
4,-2,4.472136
-16,-38,41.231056
1,29,29.017236
26,-40,47.707442
8,4,8.944272
-49,-17,51.865210
5,-1,5.099020
-30,26,39.698866
-28,4,28.284271
8,28,29.120440
-16,32,35.777088
-3,-53,53.084838
-21,19,28.319605
-13,-15,19.849433
10,-2,10.198039
10,6,11.661904
-10,36,37.363083
10,-4,10.770330
0,4,4.000000
-18,26,31.622777
-12,-16,20.000000
23,39,45.276926
-33,11,34.785054
-48,14,50.000000
3,5,5.830952
11,19,21.954498
27,15,30.886890
44,10,45.122057
-19,-13,23.021729
-37,-17,40.718546
5,5,7.071068
-30,-4,30.265492
19,-15,24.207437
22,-6,22.803509
-34,0,34.000000
-2,30,30.066593
-56,-24,60.926185
-27,7,27.892651
-7,-5,8.602325
13,7,14.764823
-39,-3,39.115214
13,9,15.811388
58,-44,72.801099
23,-5,23.537205
13,-7,14.764823
-9,-1,9.055385
0,-18,18.000000
-12,4,12.649111
-50,18,53.141321
29,-13,31.780497
21,-15,25.806976
6,-10,11.661904
-2,10,10.198039
21,7,22.135944
1,23,23.021729
-40,12,41.761226
23,47,52.325902
10,-26,27.856777
-30,-4,30.265492
-5,-25,25.495098
20,28,34.409301
4,16,16.492423
-5,-1,5.099020
-2,2,2.828427
-5,13,13.928388
44,8,44.721360
-62,-12,63.150614
-11,-9,14.212670
47,5,47.265209
-44,24,50.119856
-21,7,22.135944
-22,-8,23.409400
-28,-46,53.851648
-6,-18,18.973666
-16,34,37.576588
-21,-11,23.706539
36,14,38.626416
-6,14,15.231546
-16,32,35.777088
22,32,38.832976
22,4,22.360680
-21,-5,21.587033
-19,-47,50.695167
30,-38,48.414874
1,-13,13.038405
31,-15,34.438351
-28,14,31.304952
16,18,24.083189
9,19,21.023796
5,29,29.427878
-4,-40,40.199502
-39,-25,46.324939
-15,11,18.601075
-6,-16,17.088007
-15,-25,29.154759
-4,-16,16.492423
-12,10,15.620499
0,-50,50.000000
1,21,21.023796
-19,17,25.495098
-3,7,7.615773
-19,-1,19.026298
-1,-9,9.055385
-2,6,6.324555
9,-49,49.819675
-24,-24,33.941125
-11,21,23.706539
-20,36,41.182521
19,-17,25.495098
35,-11,36.687873
11,-35,36.687873
23,-29,37.013511
2,-4,4.472136
7,3,7.615773
21,-5,21.587033
33,-7,33.734256
-11,-7,13.038405
-9,35,36.138622
-6,28,28.635642
4,32,32.249031
-3,-21,21.213203
21,-11,23.706539
-32,-26,41.231056
3,-31,31.144823
17,-13,21.400935
-35,-7,35.693137
-25,17,30.232433
35,-41,53.907328
21,5,21.587033
-15,17,22.671568
17,-13,21.400935
-16,-20,25.612497
-32,2,32.062439
-24,18,30.000000
-19,-21,28.319605
9,-31,32.280025
29,-1,29.017236
7,9,11.401754
10,-2,10.198039
15,-17,22.671568
-23,-19,29.832868
-8,34,34.928498
-1,1,1.414214
-18,-4,18.439089
-8,-38,38.832976
54,18,56.920998
22,36,42.190046
3,7,7.615773
17,-11,20.248457
-15,-23,27.459060
-5,-11,12.083046
-34,-14,36.769553
19,3,19.235384
-37,-17,40.718546
-54,0,54.000000
9,21,22.847319
-29,-31,42.449971
-25,25,35.355339
7,35,35.693137
-34,-48,58.821765
3,17,17.262677
0,-6,6.000000
3,-17,17.262677
-10,28,29.732137
-5,31,31.400637
-15,-23,27.459060
36,6,36.496575
-1,7,7.071068
38,22,43.908997
6,10,11.661904
1,25,25.019992
-13,39,41.109610
-37,-13,39.217343
17,-25,30.232433
-27,-3,27.166155
-13,9,15.811388
11,-53,54.129474
-10,12,15.620499
6,26,26.683328
-28,0,28.000000
11,37,38.600518
-38,8,38.832976
-33,17,37.121422
13,1,13.038405
36,20,41.182521
-43,17,46.238512
21,-13,24.698178
7,-47,47.518417
-14,0,14.000000
44,18,47.539457
16,-32,35.777088
4,-16,16.492423
29,-25,38.288379
16,28,32.249031
-33,-3,33.136083
-20,16,25.612497
-1,19,19.026298
5,-3,5.830952
-16,10,18.867962
4,-4,5.656854
27,-11,29.154759
-24,6,24.738634
8,14,16.124515
21,41,46.065171
0,0,0.000000
-15,-7,16.552945
8,10,12.806248
18,-18,25.455844
-6,40,40.447497
46,-2,46.043458
-4,-14,14.560220
-9,-1,9.055385
16,-32,35.777088
-24,-44,50.119856
54,-14,55.785303
46,-12,47.539457
12,0,12.000000
18,22,28.425341
8,-14,16.124515
37,-7,37.656341
8,-4,8.944272
20,-10,22.360680
7,31,31.780497
53,3,53.084838
38,-12,39.849718
-39,17,42.544095
-19,31,36.359318
-7,15,16.552945
9,-31,32.280025
-6,-2,6.324555
-26,34,42.801869
-43,-27,50.774009
-20,16,25.612497
-2,-32,32.062439
4,-10,10.770330
38,-22,43.908997
10,6,11.661904
-17,9,19.235384
11,-5,12.083046
10,2,10.198039
15,-7,16.552945
-7,5,8.602325
3,-21,21.213203
1,-37,37.013511
13,23,26.419690
6,8,10.000000
3,-25,25.179357
-23,-3,23.194827
-32,-6,32.557641
5,-15,15.811388
-10,10,14.142136
-9,-13,15.811388
13,-5,13.928388
-55,-9,55.731499
-10,-28,29.732137
9,-29,30.364453
17,-11,20.248457
16,4,16.492423
40,2,40.049969
32,4,32.249031
-27,13,29.966648
-21,-9,22.847319
10,50,50.990195
31,-31,43.840620
-37,39,53.758720
48,-40,62.481997
-6,-6,8.485281
-13,-21,24.698178
-33,35,48.104054
-37,9,38.078866
15,19,24.207437
-31,7,31.780497
14,20,24.413111
-57,9,57.706152
28,8,29.120440
33,-17,37.121422
-7,-43,43.566042
51,29,58.668561
-4,-14,14.560220
1,-39,39.012818
4,18,18.439089
-1,-5,5.099020
42,16,44.944410
4,-2,4.472136
2,30,30.066593
-30,28,41.036569
0,2,2.000000
-32,-12,34.176015
-17,19,25.495098
-17,-33,37.121422
0,26,26.000000
-12,-22,25.059928
0,-30,30.000000
12,-10,15.620499
24,8,25.298221
23,-9,24.698178
-17,3,17.262677
-27,-45,52.478567
-2,-36,36.055513
30,-12,32.310989
19,-1,19.026298
-30,42,51.613952
-10,-32,33.526109
16,-10,18.867962
7,1,7.071068
60,-52,79.397733
8,8,11.313708
21,17,27.018512
-35,-21,40.816663
8,-6,10.000000
-20,-44,48.332184
-1,-1,1.414214
-3,-29,29.154759
42,-18,45.694639
-28,-16,32.249031
49,3,49.091751
27,-7,27.892651
-5,3,5.830952
-10,10,14.142136
2,-10,10.198039
42,2,42.047592
-10,-2,10.198039
22,2,22.090722
22,-24,32.557641
29,9,30.364453
3,5,5.830952
-18,-24,30.000000
4,32,32.249031
-23,41,47.010637
-14,-22,26.076810
-18,24,30.000000
-16,-2,16.124515
-3,17,17.262677
12,0,12.000000
30,2,30.066593
7,-19,20.248457
4,8,8.944272
5,5,7.071068
9,-49,49.819675
9,-13,15.811388
-10,-18,20.591260
-19,-1,19.026298
-45,17,48.104054
-12,-14,18.439089
37,-23,43.566042
58,8,58.549125
14,-8,16.124515
-11,1,11.045361
-28,-34,44.045431
21,-11,23.706539
5,-31,31.400637
18,28,33.286634
8,36,36.878178
47,3,47.095647
2,12,12.165525
16,-14,21.260292
46,0,46.000000
15,-19,24.207437
-22,26,34.058773
-6,44,44.407207
35,15,38.078866
-16,-10,18.867962
11,-13,17.029386
23,7,24.041631
53,-5,53.235327
-2,-14,14.142136
-4,0,4.000000
-14,10,17.204651
-24,10,26.000000
-20,-6,20.880613
6,34,34.525353
-22,-20,29.732137
8,-24,25.298221
-12,0,12.000000
4,18,18.439089
6,4,7.211103
-21,-1,21.023796
-11,25,27.313001
41,13,43.011626
-5,-13,13.928388
-13,7,14.764823
-17,25,30.232433
5,19,19.646883
-8,-32,32.984845
-30,-22,37.202150
-2,10,10.198039
37,-35,50.931326
-24,42,48.373546
-19,-17,25.495098
-10,2,10.198039
6,-8,10.000000
57,9,57.706152
45,17,48.104054
-2,-8,8.246211
12,20,23.323808
-25,-13,28.178006
21,33,39.115214
9,9,12.727922
-32,-16,35.777088
-10,-28,29.732137
-6,-46,46.389654
-17,15,22.671568
-45,41,60.876925
-1,-13,13.038405
11,-1,11.045361
-19,-11,21.954498
17,-31,35.355339
35,9,36.138622
-5,-21,21.587033
0,-6,6.000000
19,-1,19.026298
10,-20,22.360680
17,-25,30.232433
8,0,8.000000
-28,-32,42.520583
25,7,25.961510
20,22,29.732137
14,-30,33.105891
-30,-22,37.202150
-11,-27,29.154759
-16,-2,16.124515
-5,-27,27.459060
-13,-29,31.780497
3,-15,15.297059
3,-65,65.069194
-21,23,31.144823
-31,-5,31.400637
-22,-6,22.803509
21,3,21.213203
16,32,35.777088
-37,23,43.566042
-43,25,49.739320
4,46,46.173586
-8,-8,11.313708
2,8,8.246211
15,-9,17.492856
4,28,28.284271
12,-8,14.422205
-18,-54,56.920998
10,-12,15.620499
-9,-9,12.727922
-36,10,37.363083
0,-26,26.000000
37,23,43.566042
6,8,10.000000
25,11,27.313001
12,12,16.970563
32,-10,33.526109
18,2,18.110770
-36,-2,36.055513
-29,31,42.449971
-6,16,17.088007
33,7,33.734256
-20,-26,32.802439
-16,-14,21.260292
19,-5,19.646883
13,-33,35.468296
-21,25,32.649655
16,44,46.818800
-7,-3,7.615773
-33,-13,35.468296
-12,2,12.165525
22,-2,22.090722
-4,-20,20.396078
-43,-13,44.922155
11,-43,44.384682
9,-11,14.212670
1,-15,15.033296
-59,-63,86.313383
-23,17,28.600699
19,-17,25.495098
-8,26,27.202941
-36,34,49.517674
-6,10,11.661904
-4,-10,10.770330
19,-5,19.646883
-32,14,34.928498
-9,29,30.364453
-17,1,17.029386
-36,-20,41.182521
1,21,21.023796
-14,6,15.231546
-27,-29,39.623226
-15,37,39.924930
-4,42,42.190046
-8,-22,23.409400
-60,-6,60.299254
-22,-6,22.803509
-5,-13,13.928388
-21,-25,32.649655
33,1,33.015148
0,-26,26.000000
24,12,26.832816
-39,-9,40.024992
5,23,23.537205
0,24,24.000000
6,-20,20.880613
-43,-11,44.384682
3,-9,9.486833
-9,35,36.138622
8,-24,25.298221
-23,-33,40.224371
-25,-11,27.313001
29,-5,29.427878
-25,9,26.570661
-23,-3,23.194827
-5,39,39.319207
-27,-3,27.166155
16,-6,17.088007
-9,13,15.811388
-18,18,25.455844
10,-26,27.856777
14,-12,18.439089
0,26,26.000000
-3,-21,21.213203
-2,-20,20.099751
-40,-12,41.761226
43,45,62.241465
2,-10,10.198039
-5,35,35.355339
6,8,10.000000
27,-25,36.796739
41,9,41.976184
-40,-20,44.721360
29,19,34.669872
6,14,15.231546
-31,-1,31.016125
51,27,57.706152
8,-64,64.498062
-11,23,25.495098
34,14,36.769553
46,22,50.990195
20,26,32.802439
15,-1,15.033296
31,-17,35.355339
-51,-9,51.788030
4,4,5.656854
-12,24,26.832816
-2,32,32.062439
25,-7,25.961510
5,-25,25.495098
-40,22,45.650849
-2,6,6.324555
6,14,15.231546
17,11,20.248457
-1,11,11.045361
1,3,3.162278
12,6,13.416408
1,-27,27.018512
-17,23,28.600699
7,-9,11.401754
-9,63,63.639610
3,-7,7.615773
-13,-27,29.966648
-17,-35,38.910153
13,-5,13.928388
6,-10,11.661904
4,34,34.234486
-41,35,53.907328
4,2,4.472136
-17,-49,51.865210
5,9,10.295630
-12,-18,21.633308
1,-27,27.018512
25,7,25.961510
16,-14,21.260292
42,0,42.000000
-28,0,28.000000
-46,-10,47.074409
15,25,29.154759
7,-3,7.615773
60,2,60.033324
2,-24,24.083189
10,-54,54.918121
-39,19,43.382024
24,-12,26.832816
38,-34,50.990195
-2,48,48.041649
-4,14,14.560220
-18,0,18.000000
18,-2,18.110770
-6,-6,8.485281
18,10,20.591260
-6,-28,28.635642
46,2,46.043458
1,17,17.029386
-23,-23,32.526912
23,11,25.495098
-16,22,27.202941
-10,-12,15.620499
8,4,8.944272
-30,-20,36.055513
-47,19,50.695167
12,-46,47.539457
-51,33,60.745370
-9,-13,15.811388
32,-14,34.928498
0,0,0.000000
12,-26,28.635642
-1,9,9.055385
-13,-19,23.021729
-9,19,21.023796
-8,0,8.000000
34,36,49.517674
8,-12,14.422205
41,5,41.303753
12,-28,30.463092
20,18,26.907248
23,1,23.021729
9,-19,21.023796
-1,-5,5.099020
40,18,43.863424
10,46,47.074409
32,-22,38.832976
-25,-37,44.654227
-51,39,64.202804
32,32,45.254834
10,-16,18.867962
-1,-49,49.010203
-9,45,45.891176
-18,-40,43.863424
16,18,24.083189
9,-17,19.235384
-12,-6,13.416408
-11,-15,18.601075
22,32,38.832976
-30,-20,36.055513
3,-39,39.115214
-9,-27,28.460499
-32,-32,45.254834
1,11,11.045361
-6,-30,30.594117
-18,-50,53.141321
-56,-30,63.529521
16,-10,18.867962
52,-2,52.038447
-17,1,17.029386
6,14,15.231546
-12,-12,16.970563
3,-3,4.242641
23,23,32.526912
28,-20,34.409301
-17,3,17.262677
-38,-18,42.047592
-10,-10,14.142136
-10,2,10.198039
21,-7,22.135944
-11,-5,12.083046
-7,15,16.552945
-60,24,64.621978
-2,2,2.828427
26,-34,42.801869
43,27,50.774009
37,17,40.718546
-39,1,39.012818
-4,12,12.649111
-4,22,22.360680
14,2,14.142136
-12,30,32.310989
-33,-15,36.249138
-17,-33,37.121422
48,8,48.662100
25,-7,25.961510
-3,-15,15.297059
-6,26,26.683328
17,29,33.615473
3,-13,13.341664
33,13,35.468296
26,-8,27.202941
-7,-11,13.038405
26,32,41.231056
-3,-25,25.179357
-14,16,21.260292
11,13,17.029386
-1,29,29.017236
-2,-50,50.039984
3,-1,3.162278
7,-11,13.038405
-40,14,42.379240
17,19,25.495098
13,17,21.400935
47,-37,59.816386
18,-2,18.110770
12,42,43.680659
38,-14,40.496913
-59,-21,62.625873
-5,-21,21.587033
-18,-26,31.622777
-10,-8,12.806248
23,-7,24.041631
-11,17,20.248457
4,-50,50.159745
3,-1,3.162278
35,-19,39.824616
-6,-14,15.231546
-13,11,17.029386
-7,21,22.135944
7,21,22.135944
-2,20,20.099751
-31,19,36.359318
-16,-10,18.867962
-15,-9,17.492856
7,-11,13.038405
-29,-19,34.669872
-41,39,56.586217
-63,-21,66.407831
33,-7,33.734256
-8,-22,23.409400
-21,45,49.658836
43,11,44.384682
-15,5,15.811388
-8,16,17.888544
33,-35,48.104054
9,5,10.295630
4,14,14.560220
-21,-15,25.806976
9,-31,32.280025
-37,-11,38.600518
6,20,20.880613
-25,3,25.179357
5,-15,15.811388
16,12,20.000000
-6,-8,10.000000
-2,-4,4.472136
14,18,22.803509
-13,-17,21.400935
-22,-20,29.732137
13,9,15.811388
-4,-8,8.944272
-42,16,44.944410
-23,-19,29.832868
-1,-37,37.013511
2,8,8.246211
-47,29,55.226805
-24,-14,27.784888
-40,-4,40.199502
9,-27,28.460499
17,39,42.544095
39,31,49.819675
-22,12,25.059928
52,10,52.952809
33,-1,33.015148
-6,6,8.485281
-3,-31,31.144823
3,-13,13.341664
-16,4,16.492423
28,-24,36.878178
9,-7,11.401754
2,12,12.165525
-3,-29,29.154759
23,9,24.698178
-38,2,38.052595
-37,29,47.010637
-10,50,50.990195
-22,42,47.413078
-19,-1,19.026298
-8,34,34.928498
-49,-25,55.009090
-28,2,28.071338
56,-48,73.756356
1,23,23.021729
-25,5,25.495098
27,43,50.774009
11,-11,15.556349
2,30,30.066593
20,42,46.518813
34,0,34.000000
-8,4,8.944272
-5,-15,15.811388
-5,-7,8.602325
13,-41,43.011626
9,1,9.055385
19,-43,47.010637
5,5,7.071068
24,-8,25.298221
-1,-21,21.023796
29,-39,48.600412
-23,1,23.021729
-45,43,62.241465
0,12,12.000000
-1,-3,3.162278
-1,-35,35.014283
-25,-3,25.179357
3,-3,4.242641
28,-36,45.607017
7,3,7.615773
-4,36,36.221541
13,13,18.384776
0,-32,32.000000
32,-6,32.557641
-10,-4,10.770330
-1,25,25.019992
18,0,18.000000
6,14,15.231546
6,10,11.661904
-10,0,10.000000
31,35,46.754679
-23,-19,29.832868
-5,5,7.071068
-27,-31,41.109610
31,-7,31.780497
7,-13,14.764823
34,12,36.055513
-27,13,29.966648
20,54,57.584720
-5,13,13.928388
-17,-35,38.910153
1,-15,15.033296
-18,28,33.286634
7,-9,11.401754
30,26,39.698866
-4,6,7.211103
10,24,26.000000
8,-40,40.792156
-4,12,12.649111
1,-19,19.026298
25,7,25.961510
-48,-6,48.373546
-25,-21,32.649655
42,-12,43.680659
-3,-5,5.830952
-6,-34,34.525353
2,54,54.037024
-49,37,61.400326
-28,32,42.520583
18,2,18.110770
11,-5,12.083046
24,-30,38.418745
-18,-32,36.715120
-24,0,24.000000
-18,4,18.439089
-6,6,8.485281
-22,30,37.202150
-20,14,24.413111
-29,-15,32.649655
35,-1,35.014283
-4,-8,8.944272
0,-52,52.000000
-18,10,20.591260
-4,20,20.396078
6,28,28.635642
25,-7,25.961510
-2,26,26.076810
20,16,25.612497
1,-25,25.019992
-12,-38,39.849718
-3,11,11.401754
8,20,21.540659
6,6,8.485281
-18,-22,28.425341
-31,1,31.016125
-9,3,9.486833
-10,-10,14.142136
19,-27,33.015148
-12,-16,20.000000
25,23,33.970576
-31,15,34.438351
9,-29,30.364453
-8,-2,8.246211
-29,-3,29.154759
-34,-10,35.440090
27,-15,30.886890
21,-17,27.018512
-23,-3,23.194827
-24,14,27.784888
30,10,31.622777
9,17,19.235384
2,32,32.062439
-5,29,29.427878
32,30,43.863424
-7,5,8.602325
9,-5,10.295630
-38,4,38.209946
26,26,36.769553
-31,3,31.144823
20,-34,39.446166
0,-42,42.000000
1,29,29.017236
12,-20,23.323808
12,-20,23.323808
-26,-8,27.202941
-9,7,11.401754
13,5,13.928388
-12,-4,12.649111
-18,8,19.697716
-45,-41,60.876925
-11,-15,18.601075
13,7,14.764823
35,1,35.014283
-3,-33,33.136083
44,4,44.181444
-31,-3,31.144823
10,16,18.867962
0,-12,12.000000
4,6,7.211103
8,14,16.124515
-30,28,41.036569
-7,33,33.734256
-6,16,17.088007
-31,7,31.780497
-3,19,19.235384
9,-19,21.023796
0,-16,16.000000
4,12,12.649111
6,16,17.088007
-10,-8,12.806248
-35,-11,36.687873
-19,11,21.954498
-22,8,23.409400
5,15,15.811388
5,-37,37.336309
39,27,47.434165
-46,4,46.173586
6,-32,32.557641
-41,-11,42.449971
-12,-6,13.416408
22,-6,22.803509
13,25,28.178006
21,-25,32.649655
26,-30,39.698866
13,-7,14.764823
1,31,31.016125
-23,19,29.832868
6,-14,15.231546
10,-12,15.620499
-5,-35,35.355339
-14,-16,21.260292
25,27,36.796739
7,-51,51.478151
-17,-53,55.659680
32,26,41.231056
-21,-1,21.023796
8,-14,16.124515
-6,-8,10.000000
-17,1,17.029386
-2,-6,6.324555
-27,-7,27.892651
27,11,29.154759
1,-23,23.021729
8,-12,14.422205
7,11,13.038405
3,-7,7.615773
9,5,10.295630
18,-4,18.439089
-24,-8,25.298221
20,-12,23.323808
13,-37,39.217343
6,-8,10.000000
-12,32,34.176015
-31,37,48.270074
-2,-30,30.066593
8,-22,23.409400
-14,16,21.260292
-36,8,36.878178
-40,2,40.049969
-11,-3,11.401754
-55,-31,63.134776
-19,45,48.846699
-9,19,21.023796
53,19,56.302753
23,-11,25.495098
-19,-29,34.669872
0,-50,50.000000
34,0,34.000000
21,-1,21.023796
15,-7,16.552945
-4,0,4.000000
22,-28,35.608988
2,0,2.000000
-57,27,63.071388
-1,3,3.162278
-35,-1,35.014283
-18,-28,33.286634
-18,2,18.110770
-20,12,23.323808
-20,12,23.323808
41,-13,43.011626
15,15,21.213203
-9,9,12.727922
-28,18,33.286634
-4,12,12.649111
-6,-26,26.683328
-33,-5,33.376639
22,-2,22.090722
-15,1,15.033296
-39,7,39.623226
4,-42,42.190046
6,32,32.557641
-10,28,29.732137
3,-7,7.615773
16,-14,21.260292
11,5,12.083046
-4,22,22.360680
-26,14,29.529646
17,-23,28.600699
14,40,42.379240
52,-28,59.059292
-10,14,17.204651
-4,26,26.305893
-40,-2,40.049969
26,24,35.383612
-12,10,15.620499
-23,-1,23.021729
-13,9,15.811388
9,-25,26.570661
-15,15,21.213203
20,4,20.396078
24,-6,24.738634
1,29,29.017236
53,-9,53.758720
-6,-34,34.525353
34,-8,34.928498
9,17,19.235384
28,42,50.477718
-14,38,40.496913
16,36,39.395431
-26,0,26.000000
-52,-20,55.713553
-6,-28,28.635642
21,7,22.135944
2,0,2.000000
38,24,44.944410
55,-3,55.081757
25,-13,28.178006
17,-15,22.671568
13,-7,14.764823
-9,-17,19.235384
-68,4,68.117545
26,10,27.856777
3,-37,37.121422
27,-1,27.018512
13,-9,15.811388
-16,34,37.576588
10,-28,29.732137
30,0,30.000000
6,-12,13.416408
0,-8,8.000000
5,31,31.400637
2,4,4.472136
-10,-28,29.732137
22,-6,22.803509
-46,26,52.839379
-10,6,11.661904
-13,-29,31.780497
7,3,7.615773
9,3,9.486833
-19,-19,26.870058
6,6,8.485281
12,32,34.176015
15,-33,36.249138
-4,-10,10.770330
36,-36,50.911688
7,19,20.248457
8,4,8.944272
-26,-4,26.305893
14,4,14.560220
8,-14,16.124515
-17,49,51.865210
28,-46,53.851648
-14,-16,21.260292
28,-12,30.463092
-42,-8,42.755117
22,78,81.043198
10,28,29.732137
-33,-17,37.121422
-25,11,27.313001
-2,2,2.828427
-6,-6,8.485281
-6,4,7.211103
41,11,42.449971
60,2,60.033324
-2,0,2.000000
17,-21,27.018512
31,-1,31.016125
5,7,8.602325
-19,-15,24.207437
-24,16,28.844410
2,-2,2.828427
-25,-15,29.154759
-5,-35,35.355339
-14,-10,17.204651
-24,-20,31.240999
21,-5,21.587033
20,18,26.907248
-32,6,32.557641
-2,8,8.246211
14,-2,14.142136
-39,7,39.623226
-37,-37,52.325902
-1,-13,13.038405
-3,15,15.297059
14,12,18.439089
-23,3,23.194827
5,17,17.720045
-24,-40,46.647615
13,1,13.038405
-6,-58,58.309519
-16,-6,17.088007
21,-15,25.806976
5,-7,8.602325
-17,25,30.232433
48,6,48.373546
22,-4,22.360680
-16,50,52.497619
33,-1,33.015148
12,-18,21.633308
12,14,18.439089
3,-41,41.109610
29,-13,31.780497
-27,7,27.892651
-17,-5,17.720045
14,0,14.000000
4,14,14.560220
-2,-30,30.066593
5,-3,5.830952
6,-32,32.557641
-20,-6,20.880613
-37,7,37.656341
-6,16,17.088007
-11,49,50.219518
-15,17,22.671568
1,33,33.015148
-42,-8,42.755117
45,-19,48.846699
-17,-9,19.235384
-35,-21,40.816663
6,-10,11.661904
-9,-11,14.212670
-13,37,39.217343
-43,-35,55.443665
-49,5,49.254441
-5,31,31.400637
35,-19,39.824616
55,-33,64.140471
17,3,17.262677
0,-24,24.000000
-9,9,12.727922
14,-2,14.142136
-18,-20,26.907248
6,10,11.661904
25,1,25.019992
-34,-20,39.446166
12,-4,12.649111
18,40,43.863424
-19,31,36.359318
-34,-24,41.617304
11,-3,11.401754
15,3,15.297059
-12,24,26.832816
10,-10,14.142136
32,-6,32.557641
-4,-8,8.944272
25,-11,27.313001
22,-4,22.360680
9,11,14.212670
33,11,34.785054
0,34,34.000000
32,42,52.801515
37,27,45.803930
-3,41,41.109610
-21,35,40.816663
-11,9,14.212670
-22,-2,22.090722
56,-14,57.723479
-35,-1,35.014283
7,-25,25.961510
-9,7,11.401754
43,29,51.865210
14,-6,15.231546
-49,3,49.091751
9,-13,15.811388
-31,23,38.600518
4,28,28.284271
5,-35,35.355339
21,-15,25.806976
36,-4,36.221541
44,38,58.137767
-19,45,48.846699
52,64,82.462113
-17,19,25.495098
-2,-32,32.062439
10,-12,15.620499
-9,3,9.486833
14,-8,16.124515
8,-34,34.928498
0,44,44.000000
4,-8,8.944272
9,-7,11.401754
51,-25,56.797887
-4,-4,5.656854
-27,-21,34.205263
-14,2,14.142136
7,-11,13.038405
-16,-4,16.492423
-18,0,18.000000
-17,-3,17.262677
-6,18,18.973666
46,6,46.389654
-33,15,36.249138
17,11,20.248457
-31,39,49.819675
6,4,7.211103
1,15,15.033296
10,26,27.856777
4,-20,20.396078
10,-40,41.231056
22,-22,31.112698
-20,18,26.907248
-20,-10,22.360680
-11,21,23.706539
6,-44,44.407207
4,-44,44.181444
23,21,31.144823
-9,5,10.295630
-37,9,38.078866
13,1,13.038405
45,51,68.014704
30,0,30.000000
-24,8,25.298221
-31,-37,48.270074
21,-9,22.847319
-16,-6,17.088007
16,-14,21.260292
-12,14,18.439089
-70,-4,70.114193
-25,3,25.179357
-23,11,25.495098
22,-36,42.190046
13,11,17.029386
13,27,29.966648
6,-42,42.426407
33,23,40.224371
-6,34,34.525353
-1,-21,21.023796
-41,-13,43.011626
-11,-19,21.954498
9,-11,14.212670
-32,-36,48.166378
32,-6,32.557641
-4,6,7.211103
10,26,27.856777
6,-26,26.683328
55,3,55.081757
32,-22,38.832976
36,18,40.249224
34,-18,38.470768
5,-25,25.495098
1,-35,35.014283
-25,9,26.570661
-26,40,47.707442
-23,-45,50.537115
-13,45,46.840154
-4,8,8.944272
-33,11,34.785054
2,-20,20.099751
10,-18,20.591260
-13,-27,29.966648
-18,-2,18.110770
-34,-20,39.446166
-10,22,24.166092
9,17,19.235384
-19,3,19.235384
-6,6,8.485281
-19,-1,19.026298
14,6,15.231546
-25,-1,25.019992
3,13,13.341664
14,-8,16.124515
8,-10,12.806248
-10,34,35.440090
-24,-42,48.373546
-30,-38,48.414874
23,1,23.021729
-18,-36,40.249224
-18,2,18.110770
-36,-10,37.363083
-1,3,3.162278
12,-26,28.635642
-18,18,25.455844
-42,12,43.680659
-9,-35,36.138622
15,9,17.492856
1,-23,23.021729
-22,-24,32.557641
5,-11,12.083046
3,-1,3.162278
9,15,17.492856
-2,-54,54.037024
-1,-15,15.033296
9,-15,17.492856
-47,5,47.265209
-54,-10,54.918121
34,2,34.058773
6,14,15.231546
-7,23,24.041631
-18,24,30.000000
-4,10,10.770330
-3,-35,35.128336
51,-7,51.478151
-16,22,27.202941
-61,17,63.324561
9,-7,11.401754
-31,-49,57.982756
-12,18,21.633308
-37,51,63.007936
-34,18,38.470768
6,16,17.088007
39,7,39.623226
-15,-25,29.154759
-15,-31,34.438351
-3,-21,21.213203
26,12,28.635642
8,-24,25.298221
6,-2,6.324555
15,31,34.438351
-36,-4,36.221541
-47,-33,57.428216
14,-46,48.083261
-7,9,11.401754
-4,28,28.284271
-49,-45,66.528190
-8,22,23.409400
-5,3,5.830952
30,-30,42.426407
6,-28,28.635642
-17,29,33.615473
-21,-3,21.213203
40,-28,48.826222
-35,23,41.880783
30,-48,56.603887
8,-60,60.530984
0,-8,8.000000
-26,-18,31.622777
31,3,31.144823
-23,7,24.041631
42,22,47.413078
-16,32,35.777088
2,-28,28.071338
26,-10,27.856777
-11,1,11.045361
-23,-23,32.526912
-58,54,79.246451
-10,22,24.166092
-11,-53,54.129474
21,-7,22.135944
28,-30,41.036569
1,-15,15.033296
24,10,26.000000
26,8,27.202941
1,-7,7.071068
1,1,1.414214
-11,-29,31.016125
9,-5,10.295630
-35,-19,39.824616
-15,3,15.297059
19,-37,41.593269
-22,24,32.557641
6,-36,36.496575
-24,22,32.557641
-19,-5,19.646883
-8,14,16.124515
0,8,8.000000
-23,-17,28.600699
9,-35,36.138622
-7,-45,45.541190
-2,12,12.165525
41,-1,41.012193
-27,-1,27.018512
-17,71,73.006849
28,-20,34.409301
-33,31,45.276926
-4,28,28.284271
-5,-5,7.071068
15,13,19.849433
25,-45,51.478151
22,-4,22.360680
-18,30,34.985711
-11,1,11.045361
-15,-7,16.552945
-28,-2,28.071338
-14,-4,14.560220
1,-3,3.162278
-28,22,35.608988
24,-22,32.557641
12,-10,15.620499
21,-41,46.065171
-25,-3,25.179357
10,-16,18.867962
-17,19,25.495098
-21,3,21.213203
18,-10,20.591260
11,-31,32.893768
-36,-14,38.626416
17,-3,17.262677
11,-13,17.029386
-7,21,22.135944
0,26,26.000000
-10,-20,22.360680
41,-3,41.109610
0,-8,8.000000
17,15,22.671568
4,16,16.492423
7,-13,14.764823
0,-20,20.000000
63,3,63.071388
14,2,14.142136
9,-29,30.364453
-15,9,17.492856
-15,9,17.492856
-42,20,46.518813
-5,-3,5.830952
-18,-10,20.591260
-14,20,24.413111
62,2,62.032250
-17,-11,20.248457
11,13,17.029386
12,-6,13.416408
-21,11,23.706539
5,25,25.495098
0,12,12.000000
-15,-13,19.849433
30,14,33.105891
9,-1,9.055385
17,-19,25.495098
-23,35,41.880783
-36,-26,44.407207
26,-58,63.560994
-1,3,3.162278
-27,-23,35.468296
33,45,55.803226
5,9,10.295630
-38,14,40.496913
26,30,39.698866
0,2,2.000000
30,22,37.202150
-28,6,28.635642
-76,4,76.105190
-33,-13,35.468296
-12,24,26.832816
-2,20,20.099751
-27,-17,31.906112
-1,-41,41.012193
-9,-21,22.847319
-2,-32,32.062439
-5,1,5.099020
3,-31,31.144823
30,-10,31.622777
-12,-28,30.463092
11,13,17.029386
22,-22,31.112698
0,-10,10.000000
-3,15,15.297059
15,23,27.459060
1,-27,27.018512
-12,-8,14.422205
54,22,58.309519
16,2,16.124515
28,0,28.000000
-33,-1,33.015148
2,-14,14.142136
-13,-5,13.928388
-5,-5,7.071068
-4,24,24.331050
4,-12,12.649111
4,12,12.649111
-2,-14,14.142136
39,21,44.294469
-3,21,21.213203
35,-25,43.011626
5,-17,17.720045
11,5,12.083046
-19,23,29.832868
6,16,17.088007
41,-7,41.593269
2,-38,38.052595
14,-26,29.529646
15,-25,29.154759
9,39,40.024992
-11,-5,12.083046
-8,-64,64.498062
10,-16,18.867962
-11,19,21.954498
11,-9,14.212670
-28,16,32.249031
40,-28,48.826222
3,7,7.615773
-17,17,24.041631
4,-6,7.211103
22,-18,28.425341
42,-16,44.944410
-33,-39,51.088159
8,-46,46.690470
54,-26,59.933296
10,14,17.204651
13,17,21.400935
-11,-29,31.016125
2,-44,44.045431
-20,-18,26.907248
25,35,43.011626
-22,-14,26.076810
-35,-15,38.078866
12,-10,15.620499
6,14,15.231546
19,19,26.870058
14,24,27.784888
-41,-11,42.449971
14,16,21.260292
-23,9,24.698178
1,-15,15.033296
-9,-27,28.460499
-19,-9,21.023796
18,18,25.455844
0,10,10.000000
26,4,26.305893
25,23,33.970576
28,-16,32.249031
-20,-30,36.055513
-5,15,15.811388
6,-24,24.738634
6,16,17.088007
-3,9,9.486833
15,-45,47.434165
6,-8,10.000000
-8,-4,8.944272
-33,23,40.224371
2,-24,24.083189
-7,5,8.602325
-3,-9,9.486833
22,-22,31.112698
25,27,36.796739
34,-18,38.470768
26,8,27.202941
-30,64,70.682388
20,2,20.099751
25,1,25.019992
24,-4,24.331050
14,-22,26.076810
29,-1,29.017236
-15,-41,43.657760
-2,18,18.110770
20,-34,39.446166
-24,6,24.738634
6,-6,8.485281
-34,-2,34.058773
-30,36,46.861498
-1,-7,7.071068
-11,-5,12.083046
16,-24,28.844410
-18,4,18.439089
-25,3,25.179357
-22,2,22.090722
38,-14,40.496913
-18,34,38.470768
-1,-5,5.099020
-19,-51,54.424259
10,18,20.591260
-3,-31,31.144823
22,-58,62.032250
-31,1,31.016125
-11,15,18.601075
36,22,42.190046
37,1,37.013511
-19,3,19.235384
0,6,6.000000
-3,-23,23.194827
-5,1,5.099020
-4,4,5.656854
1,-23,23.021729
9,-21,22.847319
-8,4,8.944272
-41,-21,46.065171
-10,8,12.806248
-38,2,38.052595
-43,-7,43.566042
-23,17,28.600699
42,14,44.271887
37,-15,39.924930
1,-31,31.016125
-42,-10,43.174066
-32,0,32.000000
-15,-47,49.335586
-25,5,25.495098
8,-30,31.048349
-8,22,23.409400
44,-16,46.818800
11,9,14.212670
35,-13,37.336309
31,7,31.780497
4,-26,26.305893
1,21,21.023796
-17,-9,19.235384
12,18,21.633308
-11,3,11.401754
10,22,24.166092
3,-21,21.213203
40,26,47.707442
33,-19,38.078866
-11,17,20.248457
-7,-5,8.602325
19,-9,21.023796
17,-41,44.384682
-36,10,37.363083
3,-23,23.194827
-7,5,8.602325
8,-4,8.944272
-25,-19,31.400637
-20,4,20.396078
8,-34,34.928498
-6,22,22.803509
-2,6,6.324555
-6,-10,11.661904
-14,4,14.560220
6,-6,8.485281
-6,46,46.389654
-6,6,8.485281
5,-9,10.295630
-6,0,6.000000
33,-27,42.638011
1,9,9.055385
52,-12,53.366656
10,-32,33.526109
-14,-16,21.260292
-21,23,31.144823
25,-11,27.313001
40,0,40.000000
12,32,34.176015
4,14,14.560220
6,-8,10.000000
49,-11,50.219518
-11,9,14.212670
-7,-19,20.248457
-22,0,22.000000
-6,32,32.557641
3,11,11.401754
18,6,18.973666
-28,-24,36.878178
13,5,13.928388
13,-41,43.011626
31,-3,31.144823
13,-15,19.849433
23,-25,33.970576
30,-16,34.000000
44,24,50.119856
-22,6,22.803509
-42,20,46.518813
39,-5,39.319207
-7,-1,7.071068
29,19,34.669872
11,1,11.045361
-7,-3,7.615773
1,33,33.015148
-47,21,51.478151
0,24,24.000000
-23,-21,31.144823
-13,7,14.764823
15,21,25.806976
4,2,4.472136
40,22,45.650849
-32,-4,32.249031
-33,11,34.785054
-30,6,30.594117
30,22,37.202150
25,-9,26.570661
14,24,27.784888
-20,-2,20.099751
23,-29,37.013511
-6,16,17.088007
18,-8,19.697716
-26,6,26.683328
28,24,36.878178
8,6,10.000000
-4,-26,26.305893
6,-60,60.299254
10,-30,31.622777
-41,11,42.449971
-9,25,26.570661
14,30,33.105891
-7,-5,8.602325
9,-3,9.486833
2,4,4.472136
-11,19,21.954498
19,3,19.235384
-26,26,36.769553
-24,-4,24.331050
47,-13,48.764741
-1,9,9.055385
25,-23,33.970576
-16,-24,28.844410
-23,15,27.459060
-27,-19,33.015148
-9,-15,17.492856
-4,0,4.000000
35,-41,53.907328
42,4,42.190046
22,14,26.076810
22,-40,45.650849
34,22,40.496913
9,-37,38.078866
-50,6,50.358713
51,1,51.009803
1,-1,1.414214
28,-4,28.284271
34,-16,37.576588
-9,27,28.460499
35,-11,36.687873
3,17,17.262677
2,26,26.076810
-3,-19,19.235384
35,23,41.880783
20,30,36.055513
-7,-55,55.443665
16,-62,64.031242
-41,35,53.907328
2,-18,18.110770
-11,3,11.401754
23,-31,38.600518
3,29,29.154759
24,16,28.844410
-9,-23,24.698178
34,16,37.576588
-8,4,8.944272
7,-17,18.384776
-24,-16,28.844410
-37,-33,49.578221
24,10,26.000000
-33,9,34.205263
13,-17,21.400935
15,25,29.154759
13,-9,15.811388
-15,9,17.492856
33,-19,38.078866
15,29,32.649655
-15,-3,15.297059
-17,19,25.495098
-5,-31,31.400637
-6,26,26.683328
-6,16,17.088007
16,-34,37.576588
6,28,28.635642
15,-33,36.249138
-4,12,12.649111
33,-21,39.115214
-15,-17,22.671568
-4,-18,18.439089
-37,-9,38.078866
-10,-36,37.363083
14,12,18.439089
-24,-42,48.373546
21,45,49.658836
-31,-15,34.438351
-4,50,50.159745
-9,-39,40.024992
32,24,40.000000
-15,33,36.249138
13,1,13.038405
-21,-21,29.698485
-12,44,45.607017
27,7,27.892651
-23,-17,28.600699
3,-11,11.401754
-14,12,18.439089
5,19,19.646883
-18,30,34.985711
27,-21,34.205263
-24,-16,28.844410
8,-32,32.984845
17,1,17.029386
6,-28,28.635642
20,14,24.413111
-22,-16,27.202941
-15,-25,29.154759
-19,-7,20.248457
0,-6,6.000000
-17,-13,21.400935
-2,-4,4.472136
13,17,21.400935
-15,35,38.078866
3,15,15.297059
-23,45,50.537115
-12,-30,32.310989
-17,31,35.355339
18,14,22.803509
14,22,26.076810
-17,41,44.384682
-22,-14,26.076810
19,27,33.015148
49,27,55.946403
5,13,13.928388
-40,2,40.049969
-6,-12,13.416408
-32,2,32.062439
11,-17,20.248457
11,21,23.706539
38,16,41.231056
9,-19,21.023796
-5,-11,12.083046
3,-47,47.095647
30,-42,51.613952
-15,3,15.297059
-24,-18,30.000000
-18,8,19.697716
38,4,38.209946
-13,-5,13.928388
36,-14,38.626416
15,17,22.671568
-12,18,21.633308
2,42,42.047592
-28,-12,30.463092
-6,-32,32.557641
-26,12,28.635642
21,-23,31.144823
-6,36,36.496575
8,2,8.246211
35,39,52.402290
-32,26,41.231056
8,-2,8.246211
-6,-2,6.324555
-15,-5,15.811388
-34,-14,36.769553
10,2,10.198039
15,-19,24.207437
-25,-1,25.019992
2,8,8.246211
12,-28,30.463092
-24,-30,38.418745
4,2,4.472136
-3,23,23.194827
-5,-47,47.265209
-9,-3,9.486833
23,13,26.419690
-35,-17,38.910153
6,-20,20.880613
-11,47,48.270074
5,-45,45.276926
1,-17,17.029386
-17,-17,24.041631
-6,-4,7.211103
21,11,23.706539
-8,32,32.984845
32,6,32.557641
-9,13,15.811388
23,-3,23.194827
1,3,3.162278
32,22,38.832976
13,-3,13.341664
-38,-8,38.832976
-1,3,3.162278
23,3,23.194827
-23,5,23.537205
-40,-6,40.447497
-23,23,32.526912
-46,18,49.396356
23,19,29.832868
22,24,32.557641
-3,7,7.615773
-13,-7,14.764823
20,-14,24.413111
0,48,48.000000
8,10,12.806248
-20,-8,21.540659
24,24,33.941125
-11,-7,13.038405
-31,19,36.359318
26,4,26.305893
-12,-22,25.059928
20,18,26.907248
-18,-14,22.803509
1,39,39.012818
-13,-43,44.922155
-15,7,16.552945
-38,30,48.414874
31,3,31.144823
39,21,44.294469
43,13,44.922155
-17,-27,31.906112
8,-20,21.540659
21,3,21.213203
-7,25,25.961510
-7,-31,31.780497
2,-12,12.165525
-20,-26,32.802439
-27,1,27.018512
-33,11,34.785054
-11,-7,13.038405
49,-7,49.497475
1,-11,11.045361
-22,-6,22.803509
3,-13,13.341664
-2,-12,12.165525
12,22,25.059928
5,-23,23.537205
30,14,33.105891
0,6,6.000000
49,-29,56.938563
-25,-5,25.495098
4,34,34.234486
27,1,27.018512
14,-4,14.560220
-26,-42,49.396356
14,-8,16.124515
27,-5,27.459060
-48,10,49.030603
19,-23,29.832868
13,15,19.849433
-12,-4,12.649111
-3,-11,11.401754
-5,-15,15.811388
-17,-11,20.248457
9,-23,24.698178
-13,-13,18.384776
-16,-34,37.576588
35,41,53.907328
-21,15,25.806976
2,-42,42.047592
11,13,17.029386
-25,23,33.970576
-14,-12,18.439089
15,5,15.811388
-20,42,46.518813
24,-6,24.738634
5,-59,59.211485
25,-1,25.019992
-46,-2,46.043458
20,18,26.907248
-4,2,4.472136
35,-25,43.011626
-17,-39,42.544095
15,17,22.671568
-54,-22,58.309519
-8,-46,46.690470
-7,-7,9.899495
-5,21,21.587033
14,12,18.439089
9,-43,43.931765
-40,4,40.199502
13,-13,18.384776
44,-24,50.119856
-8,-10,12.806248
-18,-2,18.110770
-5,7,8.602325
-18,-24,30.000000
-8,22,23.409400
2,-30,30.066593
-17,-59,61.400326
4,-10,10.770330
4,30,30.265492
30,18,34.985711
-26,-10,27.856777
-16,-26,30.528675
-6,-34,34.525353
-10,14,17.204651
-1,19,19.026298
4,0,4.000000
-39,1,39.012818
5,-51,51.244512
-27,5,27.459060
22,10,24.166092
8,-36,36.878178
-11,-63,63.953108
-6,24,24.738634
5,13,13.928388
17,7,18.384776
-18,-2,18.110770
-16,-24,28.844410
20,22,29.732137
-17,23,28.600699
-3,-35,35.128336
-18,-10,20.591260
22,-12,25.059928
39,21,44.294469
23,-19,29.832868
16,-2,16.124515
-23,21,31.144823
4,12,12.649111
6,-18,18.973666
26,-28,38.209946
-7,-27,27.892651
-5,5,7.071068
36,42,55.317267
0,-24,24.000000
-7,3,7.615773
-7,17,18.384776
11,17,20.248457
-27,-15,30.886890
-64,-32,71.554175
1,-19,19.026298
28,8,29.120440
-10,10,14.142136
57,5,57.218878
-3,13,13.341664
-8,-2,8.246211
10,26,27.856777
-15,7,16.552945
-18,-22,28.425341
-6,-12,13.416408
3,43,43.104524
-23,9,24.698178
-32,-6,32.557641
26,-10,27.856777
-42,20,46.518813
-3,-13,13.341664
-16,12,20.000000
-27,43,50.774009
-25,29,38.288379
6,2,6.324555
0,-8,8.000000
5,51,51.244512
-4,-22,22.360680
17,11,20.248457
-21,13,24.698178
-30,8,31.048349
-23,-17,28.600699
4,26,26.305893
18,16,24.083189
-63,-51,81.055537
3,11,11.401754
11,19,21.954498
26,-20,32.802439
10,-10,14.142136
32,0,32.000000
23,15,27.459060
8,-44,44.721360
14,-22,26.076810
-10,-50,50.990195
26,-2,26.076810
15,-19,24.207437
-3,-9,9.486833
-17,29,33.615473
1,-15,15.033296
4,20,20.396078
29,-35,45.453273
-22,20,29.732137
39,19,43.382024
6,-2,6.324555
37,-7,37.656341
-17,-41,44.384682
-12,-52,53.366656
-9,11,14.212670
52,40,65.604878
20,-6,20.880613
-26,-40,47.707442
-59,5,59.211485
9,-7,11.401754
10,-6,11.661904
6,10,11.661904
28,-24,36.878178
-4,-2,4.472136
34,6,34.525353
22,2,22.090722
-24,2,24.083189
15,19,24.207437
3,-15,15.297059
13,33,35.468296
-34,-34,48.083261
17,-15,22.671568
-4,-6,7.211103
15,-19,24.207437
-37,13,39.217343
13,11,17.029386
27,27,38.183766
-34,48,58.821765
-2,0,2.000000
-2,-22,22.090722
1,13,13.038405
12,-14,18.439089
-20,28,34.409301
9,-5,10.295630
24,-2,24.083189
15,21,25.806976
39,-39,55.154329
-1,-17,17.029386
6,10,11.661904
14,-38,40.496913
24,16,28.844410
-19,-15,24.207437
-32,-42,52.801515
-17,23,28.600699
13,17,21.400935
-29,3,29.154759
5,23,23.537205
8,22,23.409400
2,16,16.124515
19,29,34.669872
-5,3,5.830952
-32,8,32.984845
-20,34,39.446166
3,21,21.213203
-3,-13,13.341664
-19,33,38.078866
0,30,30.000000
-2,-8,8.246211
26,0,26.000000
-4,18,18.439089
-29,-21,35.805028
12,44,45.607017
14,24,27.784888
17,37,40.718546
0,12,12.000000
-14,-6,15.231546
24,42,48.373546
21,-15,25.806976
36,0,36.000000
-7,11,13.038405
5,-5,7.071068
-36,-8,36.878178
11,-7,13.038405
7,13,14.764823
4,-26,26.305893
46,24,51.884487
38,16,41.231056
-15,19,24.207437
36,8,36.878178
-18,-38,42.047592
7,25,25.961510
11,-21,23.706539
-22,-8,23.409400
-37,-33,49.578221
-18,22,28.425341
14,2,14.142136
17,15,22.671568
11,-35,36.687873
-35,-55,65.192024
-5,-1,5.099020
68,-20,70.880181
1,-35,35.014283
28,-18,33.286634
11,-1,11.045361
-16,8,17.888544
-3,-13,13.341664
-12,12,16.970563
9,-11,14.212670
-7,-9,11.401754
-4,24,24.331050
-39,-25,46.324939
5,-5,7.071068
2,30,30.066593
-6,20,20.880613
-16,-10,18.867962
13,-17,21.400935
-20,-36,41.182521
39,25,46.324939
-4,8,8.944272
-47,21,51.478151
4,12,12.649111
3,7,7.615773
22,-60,63.906181
-10,-12,15.620499
23,-5,23.537205
-39,-49,62.625873
-9,-15,17.492856
-20,-22,29.732137
-7,13,14.764823
-72,2,72.027772
38,-14,40.496913
-1,39,39.012818
-15,-15,21.213203
9,-1,9.055385
-5,5,7.071068
3,19,19.235384
14,34,36.769553
2,30,30.066593
3,-5,5.830952
-4,-8,8.944272
27,33,42.638011
13,-27,29.966648
14,16,21.260292
-3,15,15.297059
-8,28,29.120440
-7,-23,24.041631
-5,9,10.295630
0,-6,6.000000
-23,3,23.194827
23,35,41.880783
-14,4,14.560220
8,0,8.000000
-4,-4,5.656854
-24,2,24.083189
-17,105,106.367288
55,1,55.009090
-13,3,13.341664
-8,18,19.697716
10,26,27.856777
12,-4,12.649111
-6,12,13.416408
2,-48,48.041649
42,10,43.174066
-2,-8,8.246211
-32,-4,32.249031
-1,-15,15.033296
1,1,1.414214
27,37,45.803930
-12,14,18.439089
43,35,55.443665
24,-26,35.383612
-2,12,12.165525
3,7,7.615773
-9,-15,17.492856
25,11,27.313001
-35,41,53.907328
-4,24,24.331050
-15,-11,18.601075
-42,22,47.413078
20,-6,20.880613
-8,18,19.697716
-7,-7,9.899495
-33,-9,34.205263
19,15,24.207437
-2,28,28.071338
43,-17,46.238512
-20,20,28.284271
19,13,23.021729
0,-12,12.000000
-15,9,17.492856
42,16,44.944410
37,-5,37.336309
-2,-34,34.058773
-50,-2,50.039984
-28,26,38.209946
-16,2,16.124515
2,-38,38.052595
15,-5,15.811388
83,39,91.706052
-30,20,36.055513
4,-46,46.173586
-25,-13,28.178006
-26,-4,26.305893
17,-27,31.906112
1,7,7.071068
45,23,50.537115
9,-39,40.024992
-22,-20,29.732137
-20,22,29.732137
-6,-6,8.485281
34,-28,44.045431
33,23,40.224371
24,-10,26.000000
20,50,53.851648
-5,15,15.811388
22,-4,22.360680
15,-3,15.297059
-3,35,35.128336
-2,4,4.472136
-6,2,6.324555
-45,-13,46.840154
-14,-24,27.784888
20,-2,20.099751
4,-10,10.770330
-4,-58,58.137767
5,-1,5.099020
12,10,15.620499
13,13,18.384776
-39,-9,40.024992
38,-6,38.470768
-29,11,31.016125
-15,-11,18.601075
-16,-2,16.124515
6,8,10.000000
6,10,11.661904
13,-5,13.928388
-19,11,21.954498
2,12,12.165525
-5,5,7.071068
4,12,12.649111
1,-1,1.414214
-3,-15,15.297059
-42,6,42.426407
-5,-31,31.400637
37,-35,50.931326
3,-23,23.194827
28,30,41.036569
-1,-23,23.021729
2,28,28.071338
64,6,64.280635
31,29,42.449971
6,-38,38.470768
33,5,33.376639
54,-24,59.093147
12,-20,23.323808
-12,-2,12.165525
-4,18,18.439089
33,37,49.578221
26,-2,26.076810
-12,48,49.477268
21,37,42.544095
-9,-37,38.078866
12,6,13.416408
39,19,43.382024
-17,19,25.495098
-6,0,6.000000
-5,-9,10.295630
-18,-6,18.973666
2,-26,26.076810
1,1,1.414214
1,17,17.029386
34,-8,34.928498
-19,5,19.646883
-11,-3,11.401754
-8,-28,29.120440
16,-8,17.888544
-19,-5,19.646883
39,15,41.785165
-18,8,19.697716
-16,40,43.081318
-7,-35,35.693137
13,3,13.341664
24,-56,60.926185
-44,-18,47.539457
-5,-17,17.720045
14,-12,18.439089
-23,-13,26.419690
-9,3,9.486833
38,-4,38.209946
-3,-5,5.830952
2,-2,2.828427
25,33,41.400483
5,31,31.400637
-11,1,11.045361
-41,-1,41.012193
-7,-21,22.135944
27,17,31.906112
-7,17,18.384776
-1,27,27.018512
18,-12,21.633308
30,-8,31.048349
2,60,60.033324
-5,13,13.928388
-34,-18,38.470768
-4,-74,74.108029
-27,-7,27.892651
48,-74,88.204308
-12,-4,12.649111
-6,-28,28.635642
21,15,25.806976
10,18,20.591260
-22,2,22.090722
-3,-1,3.162278
23,11,25.495098
-15,-15,21.213203
-7,21,22.135944
39,9,40.024992
-13,13,18.384776
-7,21,22.135944
-21,-11,23.706539
6,2,6.324555
-25,-9,26.570661
-38,12,39.849718
-6,12,13.416408
-16,12,20.000000
-49,-9,49.819675
-46,-38,59.665736
-6,-20,20.880613
-22,2,22.090722
33,19,38.078866
-54,12,55.317267
-32,-22,38.832976
24,24,33.941125
-10,4,10.770330
23,47,52.325902
-1,-9,9.055385
-15,15,21.213203
15,-11,18.601075
39,27,47.434165
-26,2,26.076810
-39,-33,51.088159
-16,-40,43.081318
5,-23,23.537205
-28,-2,28.071338
21,1,21.023796
-3,-13,13.341664
7,-17,18.384776
3,11,11.401754
19,-23,29.832868
-65,-5,65.192024
-34,2,34.058773
18,64,66.483081
-27,-11,29.154759
6,2,6.324555
-28,10,29.732137
-41,15,43.657760
-8,10,12.806248
13,-37,39.217343
-35,7,35.693137
-7,-39,39.623226
0,18,18.000000
-5,-15,15.811388
-20,0,20.000000
10,6,11.661904
-7,-35,35.693137
30,-36,46.861498
-1,47,47.010637
-25,-13,28.178006
-27,-1,27.018512
16,-30,34.000000
-2,10,10.198039
5,-1,5.099020
-5,1,5.099020
10,-48,49.030603
9,-5,10.295630
-38,-24,44.944410
12,-12,16.970563
38,16,41.231056
-23,29,37.013511
-6,-32,32.557641
-40,-4,40.199502
-9,11,14.212670
34,2,34.058773
38,20,42.941821
-16,28,32.249031
-27,-29,39.623226
26,2,26.076810
-1,-1,1.414214
8,-60,60.530984
-36,8,36.878178
-17,-1,17.029386
-18,-20,26.907248
30,-20,36.055513
-8,-12,14.422205
28,-34,44.045431
11,13,17.029386
-47,9,47.853944
28,38,47.201695
-4,-14,14.560220
-19,21,28.319605
-32,-18,36.715120
17,7,18.384776
-6,-32,32.557641
6,-30,30.594117
-5,27,27.459060
-18,-8,19.697716
-25,-51,56.797887
-26,-16,30.528675
25,37,44.654227
-11,-9,14.212670
-8,-4,8.944272
-5,25,25.495098
8,10,12.806248
8,-24,25.298221
-6,10,11.661904
-5,-19,19.646883
41,19,45.188494
3,9,9.486833
34,0,34.000000
22,2,22.090722
16,4,16.492423
13,47,48.764741
-17,11,20.248457
-22,16,27.202941
30,22,37.202150
-45,31,54.644304
-4,-36,36.221541
28,6,28.635642
5,37,37.336309
-25,9,26.570661
-3,7,7.615773
-5,33,33.376639
-1,23,23.021729
18,6,18.973666
23,-15,27.459060
45,21,49.658836
1,-21,21.023796
-13,-33,35.468296
6,42,42.426407
-16,2,16.124515
-7,1,7.071068
52,38,64.404969
4,12,12.649111
22,18,28.425341
4,32,32.249031
-6,26,26.683328
8,-12,14.422205
39,1,39.012818
-12,10,15.620499
-5,19,19.646883
23,-5,23.537205
-21,-19,28.319605
24,0,24.000000
-43,19,47.010637
-8,0,8.000000
-15,27,30.886890
0,24,24.000000
-9,-15,17.492856
-2,-8,8.246211
32,-26,41.231056
-4,4,5.656854
8,14,16.124515
-23,13,26.419690
-18,-22,28.425341
13,21,24.698178
-19,13,23.021729
21,17,27.018512
3,-23,23.194827
-41,-5,41.303753
-29,15,32.649655
-11,-35,36.687873
21,-21,29.698485
-58,-6,58.309519
8,0,8.000000
-2,18,18.110770
-33,-9,34.205263
23,41,47.010637
2,20,20.099751
16,20,25.612497
-31,9,32.280025
-2,-4,4.472136
4,-26,26.305893
-16,28,32.249031
17,-23,28.600699
-11,-1,11.045361
-24,8,25.298221
-23,-27,35.468296
0,-2,2.000000
-8,6,10.000000
62,44,76.026311
10,-28,29.732137
-7,-17,18.384776
21,5,21.587033
28,22,35.608988
28,-12,30.463092
19,27,33.015148
19,19,26.870058
8,20,21.540659
-16,24,28.844410
-4,-26,26.305893
16,52,54.405882
4,-2,4.472136
1,27,27.018512
-4,-28,28.284271
-15,23,27.459060
8,-16,17.888544
12,-14,18.439089
-34,-22,40.496913
-13,29,31.780497
-31,21,37.443290
-1,-9,9.055385
10,20,22.360680
-53,-27,59.481089
-17,-3,17.262677
-13,-21,24.698178
-46,-2,46.043458
-29,-9,30.364453
-7,23,24.041631
-9,-15,17.492856
-14,12,18.439089
13,-23,26.419690
-16,40,43.081318
-30,30,42.426407
19,7,20.248457
8,16,17.888544
7,-19,20.248457
-21,-45,49.658836
-18,4,18.439089
50,-22,54.626001
-26,18,31.622777
12,14,18.439089
-9,-7,11.401754
-15,-37,39.924930
30,-24,38.418745
33,-1,33.015148
-21,-3,21.213203
12,-4,12.649111
-26,-12,28.635642
-23,-1,23.021729
-25,-3,25.179357
5,21,21.587033
12,50,51.419841
21,15,25.806976
-28,-2,28.071338
-7,-19,20.248457
-13,-23,26.419690
6,4,7.211103
49,35,60.216277
14,-48,50.000000
-14,-34,36.769553
-25,-1,25.019992
-30,10,31.622777
-8,2,8.246211
46,-16,48.703183
-2,12,12.165525
12,-30,32.310989
-19,-15,24.207437
13,5,13.928388
0,12,12.000000
4,-34,34.234486
-6,8,10.000000
60,16,62.096699
-14,20,24.413111
11,-33,34.785054
4,-10,10.770330
-31,-19,36.359318
20,-14,24.413111
-9,-23,24.698178
-18,-16,24.083189
-32,14,34.928498
-21,-5,21.587033
16,42,44.944410
3,-11,11.401754
24,12,26.832816
-1,-31,31.016125
-7,5,8.602325
-8,14,16.124515
-11,23,25.495098
41,-31,51.400389
-7,7,9.899495
-7,11,13.038405
13,-11,17.029386
-24,-6,24.738634
11,-35,36.687873
-25,1,25.019992
-11,33,34.785054
-3,11,11.401754
-23,-9,24.698178
16,16,22.627417
-9,1,9.055385
-17,-17,24.041631
-5,53,53.235327
17,-35,38.910153
15,-13,19.849433
-17,1,17.029386
-42,-6,42.426407
10,8,12.806248
-14,10,17.204651
-4,-26,26.305893
17,15,22.671568
-4,30,30.265492
-1,-41,41.012193
-1,21,21.023796
69,-31,75.643903
-49,-25,55.009090
-20,-26,32.802439
-23,-19,29.832868
-13,-49,50.695167
9,-5,10.295630
-38,-22,43.908997
26,12,28.635642
-8,-32,32.984845
32,-10,33.526109
-25,5,25.495098
26,8,27.202941
27,3,27.166155
-10,-30,31.622777
-21,-19,28.319605
-42,0,42.000000
20,-10,22.360680
2,20,20.099751
24,2,24.083189
50,32,59.363288
-36,28,45.607017
-8,-2,8.246211
25,-41,48.020829
24,22,32.557641
-36,-20,41.182521
-17,-45,48.104054
-24,14,27.784888
2,20,20.099751
14,-34,36.769553
7,-37,37.656341
17,15,22.671568
-52,-26,58.137767
-23,-9,24.698178
-9,-1,9.055385
10,-16,18.867962
17,1,17.029386
-23,11,25.495098
20,48,52.000000
-1,1,1.414214
-38,14,40.496913
5,7,8.602325
1,57,57.008771
-9,9,12.727922
-28,22,35.608988
18,6,18.973666
3,23,23.194827
0,-24,24.000000
-6,30,30.594117
37,13,39.217343
12,24,26.832816
34,-38,50.990195
10,0,10.000000
45,-27,52.478567
54,-12,55.317267
-2,8,8.246211
-9,3,9.486833
-23,35,41.880783
8,20,21.540659
-30,12,32.310989
-11,-17,20.248457
19,-33,38.078866
-24,-14,27.784888
9,65,65.620119
1,-25,25.019992
18,-14,22.803509
19,-15,24.207437
-6,0,6.000000
42,12,43.680659
-3,19,19.235384
-15,-3,15.297059
29,-35,45.453273
24,14,27.784888
13,41,43.011626
-10,-20,22.360680
37,47,59.816386
26,20,32.802439
27,37,45.803930
-11,-13,17.029386
-19,-3,19.235384
-13,-29,31.780497
39,-17,42.544095
-8,-4,8.944272
15,-9,17.492856
48,-4,48.166378
1,17,17.029386
1,-29,29.017236
18,-2,18.110770
-16,-12,20.000000
10,-26,27.856777
-19,5,19.646883
-20,2,20.099751
-12,6,13.416408
26,-24,35.383612
7,45,45.541190
-43,17,46.238512
-33,5,33.376639
-2,18,18.110770
2,20,20.099751
-3,25,25.179357
-55,-5,55.226805
15,-3,15.297059
-10,-12,15.620499
-24,14,27.784888
-5,31,31.400637
15,-11,18.601075
-1,1,1.414214
1,-7,7.071068
47,-19,50.695167
25,-1,25.019992
8,6,10.000000
-6,10,11.661904
8,16,17.888544
-16,-32,35.777088
14,-8,16.124515
-24,-8,25.298221
48,0,48.000000
13,-19,23.021729
3,-13,13.341664
-35,47,58.600341
5,19,19.646883
-14,58,59.665736
17,5,17.720045
8,22,23.409400
25,3,25.179357
44,2,44.045431
-20,-20,28.284271
-32,24,40.000000
-28,48,55.569776
13,23,26.419690
-7,-9,11.401754
0,28,28.000000
-29,-19,34.669872
-5,7,8.602325
14,-20,24.413111
22,-24,32.557641
27,13,29.966648
-40,12,41.761226
43,27,50.774009
18,34,38.470768
3,-3,4.242641
-5,49,49.254441
-18,-22,28.425341
0,18,18.000000
-21,-21,29.698485
5,1,5.099020
3,-5,5.830952
26,42,49.396356
-28,12,30.463092
-1,-25,25.019992
-37,-5,37.336309
-37,-11,38.600518
-12,16,20.000000
8,-16,17.888544
9,-9,12.727922
-6,-8,10.000000
-20,16,25.612497
20,-8,21.540659
6,10,11.661904
-6,-16,17.088007
-2,-36,36.055513
-3,17,17.262677
24,-2,24.083189
4,-38,38.209946
18,16,24.083189
-53,1,53.009433
-4,28,28.284271
24,22,32.557641
-6,14,15.231546
14,-12,18.439089
-38,-20,42.941821
-12,-6,13.416408
1,39,39.012818
-12,-24,26.832816
6,8,10.000000
-2,-20,20.099751
5,49,49.254441
1,-35,35.014283
4,24,24.331050
5,65,65.192024
30,-12,32.310989
-12,28,30.463092
-40,-8,40.792156
28,0,28.000000
23,-31,38.600518
19,-3,19.235384
6,44,44.407207
-9,-17,19.235384
26,-56,61.741396
-30,0,30.000000
11,-17,20.248457
0,-30,30.000000
3,7,7.615773
-14,2,14.142136
-24,-10,26.000000
8,-20,21.540659
-5,-45,45.276926
3,-3,4.242641
22,20,29.732137
25,19,31.400637
22,-2,22.090722
-14,6,15.231546
21,-15,25.806976
-31,3,31.144823
17,17,24.041631
-5,-9,10.295630
-30,12,32.310989
-32,-22,38.832976
16,-46,48.703183
-16,18,24.083189
22,0,22.000000
-7,3,7.615773
12,4,12.649111
-5,5,7.071068
9,-7,11.401754
-16,24,28.844410
24,4,24.331050
-25,9,26.570661
45,39,59.548300
-12,-40,41.761226
-26,-16,30.528675
-12,-8,14.422205
-35,35,49.497475
30,-16,34.000000
-18,-6,18.973666
13,1,13.038405
-27,39,47.434165
8,-42,42.755117
21,43,47.853944
17,27,31.906112
6,-16,17.088007
-7,29,29.832868
44,-12,45.607017
-2,10,10.198039
29,-3,29.154759
34,-16,37.576588
-8,-6,10.000000
21,-23,31.144823
-5,7,8.602325
20,20,28.284271
6,-18,18.973666
-28,22,35.608988
21,5,21.587033
32,40,51.224994
-15,-11,18.601075
-5,-21,21.587033
-9,3,9.486833
25,-23,33.970576
-51,-3,51.088159
-31,-15,34.438351
-35,23,41.880783
-9,-21,22.847319
-11,5,12.083046
-22,10,24.166092
21,-23,31.144823
18,2,18.110770
11,-23,25.495098
-11,27,29.154759
-30,34,45.343136
-31,-19,36.359318
28,40,48.826222
5,-7,8.602325
-1,-1,1.414214
2,22,22.090722
-32,26,41.231056
20,12,23.323808
4,-16,16.492423
17,27,31.906112
16,-8,17.888544
-30,6,30.594117
-39,15,41.785165
-11,11,15.556349
-5,-3,5.830952
0,-12,12.000000
37,-9,38.078866
12,-24,26.832816
-2,-8,8.246211
-6,-18,18.973666
49,9,49.819675
32,6,32.557641
-3,5,5.830952
-12,40,41.761226
-6,24,24.738634
6,-34,34.525353
-30,12,32.310989
-6,-6,8.485281
10,-30,31.622777
-13,37,39.217343
-64,32,71.554175
29,23,37.013511
-23,-3,23.194827
54,-48,72.249567
-7,-29,29.832868
-4,-36,36.221541
-9,5,10.295630
-10,48,49.030603
43,-37,56.727418
45,-15,47.434165
-32,24,40.000000
-8,-10,12.806248
-28,14,31.304952
-12,10,15.620499
-36,18,40.249224
50,0,50.000000
14,-46,48.083261
-12,14,18.439089
13,-15,19.849433
4,-14,14.560220
-27,-35,44.204072
-25,37,44.654227
-4,-4,5.656854
-21,-21,29.698485
10,16,18.867962
-11,-7,13.038405
28,-4,28.284271
-33,7,33.734256
-15,-33,36.249138
5,25,25.495098
-9,-57,57.706152
-26,36,44.407207
-48,-10,49.030603
-42,14,44.271887
6,-18,18.973666
12,2,12.165525
12,26,28.635642
-2,8,8.246211
-21,7,22.135944
27,23,35.468296
-1,-13,13.038405
-8,-48,48.662100
23,23,32.526912
9,-25,26.570661
-21,37,42.544095
-36,26,44.407207
-25,17,30.232433
-40,-10,41.231056
13,3,13.341664
-7,21,22.135944
-43,17,46.238512
5,45,45.276926
9,49,49.819675
-8,18,19.697716
-3,25,25.179357
14,-64,65.513357
-16,-38,41.231056
-26,30,39.698866
-33,1,33.015148
7,-49,49.497475
21,-21,29.698485
17,-7,18.384776
1,43,43.011626
-32,-22,38.832976
45,3,45.099889
-5,43,43.289722
-13,-11,17.029386
10,38,39.293765
-9,-19,21.023796
4,-14,14.560220
-25,27,36.796739
-19,-35,39.824616
38,10,39.293765
13,-3,13.341664
36,30,46.861498
-14,-2,14.142136
-15,3,15.297059
-2,-18,18.110770
-14,38,40.496913
-9,9,12.727922
23,-43,48.764741
10,-20,22.360680
13,13,18.384776
-2,-26,26.076810
-2,36,36.055513
-16,4,16.492423
88,-22,90.708324
-13,3,13.341664
27,23,35.468296
-4,-24,24.331050
3,27,27.166155
-17,23,28.600699
27,-5,27.459060
-13,-3,13.341664
-8,-6,10.000000
-18,4,18.439089
-12,-34,36.055513
21,-31,37.443290
24,26,35.383612
34,-20,39.446166
-28,-8,29.120440
6,-18,18.973666
26,-8,27.202941
-12,26,28.635642
-6,2,6.324555
-37,-39,53.758720
-6,16,17.088007
-16,-40,43.081318
-15,-13,19.849433
-42,6,42.426407
-7,-13,14.764823
-22,-70,73.375745
-30,26,39.698866
25,19,31.400637
-16,2,16.124515
24,-36,43.266615
38,32,49.678969
-5,19,19.646883
17,-55,57.567352
12,-30,32.310989
-26,-24,35.383612
-33,21,39.115214
-48,24,53.665631
-28,28,39.597980
-29,-13,31.780497
20,2,20.099751
-25,-15,29.154759
-30,30,42.426407
21,17,27.018512
7,31,31.780497
1,-41,41.012193
19,49,52.554733
12,-6,13.416408
-8,42,42.755117
20,0,20.000000
24,16,28.844410
-18,12,21.633308
36,-12,37.947332
-54,12,55.317267
11,-21,23.706539
8,38,38.832976
-34,30,45.343136
-24,4,24.331050
24,-12,26.832816
-31,5,31.400637
-7,7,9.899495
25,7,25.961510
15,-1,15.033296
-1,-9,9.055385
-50,-10,50.990195
7,43,43.566042
43,-17,46.238512
-17,-25,30.232433
40,-66,77.175126
21,-43,47.853944
-1,17,17.029386
25,-11,27.313001
41,-31,51.400389
22,4,22.360680
1,-17,17.029386
7,-23,24.041631
-6,-12,13.416408
20,-22,29.732137
-5,27,27.459060
30,8,31.048349
-15,1,15.033296
11,37,38.600518
17,-3,17.262677
-31,9,32.280025
-11,9,14.212670
9,-7,11.401754
-12,4,12.649111
-4,-40,40.199502
17,43,46.238512
13,17,21.400935
-18,22,28.425341
-1,-19,19.026298
20,12,23.323808
-49,-25,55.009090
21,-57,60.745370
0,6,6.000000
17,25,30.232433
11,13,17.029386
-34,8,34.928498
-35,19,39.824616
-6,34,34.525353
-35,-5,35.355339
-13,5,13.928388
-37,-29,47.010637
17,-5,17.720045
-17,1,17.029386
-13,1,13.038405
16,-28,32.249031
4,-4,5.656854
39,-5,39.319207
-32,-12,34.176015
34,-10,35.440090
20,14,24.413111
4,34,34.234486
-25,-7,25.961510
49,29,56.938563
73,-29,78.549348
-31,-3,31.144823
-23,-29,37.013511
25,-15,29.154759
-8,24,25.298221
-21,25,32.649655
51,-5,51.244512
-9,-13,15.811388
-17,-9,19.235384
1,13,13.038405
-12,-38,39.849718
23,-1,23.021729
19,-17,25.495098
7,7,9.899495
-23,-35,41.880783
-17,29,33.615473
-8,-28,29.120440
-51,-53,73.552702
-8,-12,14.422205
6,64,64.280635
5,3,5.830952
-2,-12,12.165525
-6,2,6.324555
11,37,38.600518
14,-14,19.798990
-46,2,46.043458
-29,-3,29.154759
-16,-2,16.124515
4,-8,8.944272
12,18,21.633308
-8,36,36.878178
30,24,38.418745
-14,-2,14.142136
-22,-12,25.059928
4,-20,20.396078
1,-3,3.162278
10,20,22.360680
-47,-11,48.270074
-15,25,29.154759
17,-5,17.720045
-16,2,16.124515
-24,-26,35.383612
25,-17,30.232433
-2,12,12.165525
24,48,53.665631
-4,0,4.000000
8,20,21.540659
-3,-23,23.194827
7,43,43.566042
-2,20,20.099751
-67,-31,73.824115
-4,-30,30.265492
2,16,16.124515
19,-23,29.832868
18,-6,18.973666
-7,27,27.892651
-37,31,48.270074
-4,22,22.360680
-4,-8,8.944272
-24,42,48.373546
25,17,30.232433
21,5,21.587033
12,-12,16.970563
18,-22,28.425341
28,-2,28.071338
-42,-8,42.755117
58,18,60.728906
3,5,5.830952
34,-10,35.440090
-9,23,24.698178
-52,-12,53.366656
-17,-15,22.671568
21,-25,32.649655
-4,-16,16.492423
-11,-35,36.687873
38,-26,46.043458
16,58,60.166436
33,-11,34.785054
57,-21,60.745370
-3,13,13.341664
31,19,36.359318
-55,33,64.140471
4,10,10.770330
-19,-31,36.359318
30,14,33.105891
18,36,40.249224
-43,13,44.922155
-16,20,25.612497
-10,-26,27.856777
37,-15,39.924930
-2,4,4.472136
9,11,14.212670
-6,-4,7.211103
44,14,46.173586
1,5,5.099020
-2,-8,8.246211
-41,-13,43.011626
-29,1,29.017236
24,-44,50.119856
-45,21,49.658836
2,-40,40.049969
-7,5,8.602325
-54,24,59.093147
-1,-5,5.099020
4,4,5.656854
-20,4,20.396078
29,-5,29.427878
15,17,22.671568
20,-22,29.732137
2,-20,20.099751
-48,6,48.373546
-19,41,45.188494
-6,-8,10.000000
18,-10,20.591260
32,18,36.715120
-10,12,15.620499
-31,27,41.109610
26,38,46.043458
2,20,20.099751
-10,-8,12.806248
22,12,25.059928
20,-28,34.409301
5,15,15.811388
12,14,18.439089
7,11,13.038405
22,0,22.000000
-13,15,19.849433
23,-7,24.041631
-39,3,39.115214
-12,2,12.165525
-30,14,33.105891
32,0,32.000000
-52,20,55.713553
3,17,17.262677
-1,-3,3.162278
-4,-16,16.492423
27,11,29.154759
8,2,8.246211
10,10,14.142136
-23,-23,32.526912
-10,-12,15.620499
-51,3,51.088159
-20,10,22.360680
-4,-28,28.284271
-60,-22,63.906181
-23,31,38.600518
5,25,25.495098
-26,18,31.622777
0,18,18.000000
4,26,26.305893
-37,51,63.007936
21,5,21.587033
33,-15,36.249138
-18,-10,20.591260
-35,11,36.687873
-12,0,12.000000
43,59,73.006849
2,-16,16.124515
1,3,3.162278
17,-13,21.400935
-11,-9,14.212670
-10,-64,64.776539
-14,4,14.560220
3,-35,35.128336
12,-8,14.422205
15,-31,34.438351
2,20,20.099751
-2,-30,30.066593
26,-20,32.802439
0,2,2.000000
10,6,11.661904
-12,-2,12.165525
-22,28,35.608988
17,-21,27.018512
8,-14,16.124515
-1,-25,25.019992
6,10,11.661904
-24,46,51.884487
16,-6,17.088007
-11,-3,11.401754
-8,4,8.944272
-16,-14,21.260292
16,2,16.124515
20,16,25.612497
-36,-34,49.517674
4,-22,22.360680
24,10,26.000000
15,-7,16.552945
-39,-9,40.024992
-6,-2,6.324555
-14,-22,26.076810
40,32,51.224994
-6,-12,13.416408
-12,18,21.633308
20,18,26.907248
-41,19,45.188494
-26,24,35.383612
14,-2,14.142136
-10,12,15.620499
1,-37,37.013511
14,-18,22.803509
34,-6,34.525353
-7,-17,18.384776
28,48,55.569776
29,-13,31.780497
-42,-12,43.680659
-2,14,14.142136
-8,26,27.202941
-32,30,43.863424
22,26,34.058773
-23,13,26.419690
-11,-19,21.954498
14,16,21.260292
-6,28,28.635642
-6,20,20.880613
12,-2,12.165525
-44,-28,52.153619
-9,15,17.492856
4,30,30.265492
-9,3,9.486833
-25,31,39.824616
0,-16,16.000000
15,27,30.886890
-28,-8,29.120440
2,16,16.124515
-12,36,37.947332
-46,10,47.074409
44,-30,53.254108
-37,-21,42.544095
5,1,5.099020
19,-17,25.495098
-53,45,69.526973
16,-12,20.000000
-3,17,17.262677
-11,-11,15.556349
-10,-2,10.198039
-39,-3,39.115214
16,-16,22.627417
27,27,38.183766
-9,19,21.023796
10,10,14.142136
20,-30,36.055513
12,4,12.649111
-11,1,11.045361
1,-3,3.162278
-19,5,19.646883
-47,-25,53.235327
-17,-7,18.384776
34,28,44.045431
-36,-24,43.266615
-7,29,29.832868
5,-17,17.720045
-19,-1,19.026298
-8,-20,21.540659
6,-10,11.661904
-37,-47,59.816386
-2,8,8.246211
-26,-10,27.856777
-31,31,43.840620
-21,-13,24.698178
-15,-7,16.552945
0,-8,8.000000
4,-28,28.284271
1,-9,9.055385
-23,21,31.144823
-45,-3,45.099889
-46,-6,46.389654
-10,-12,15.620499
38,16,41.231056
-47,17,49.979996
11,-31,32.893768
66,-6,66.272166
-16,0,16.000000
3,3,4.242641
14,2,14.142136
-13,21,24.698178
-25,33,41.400483
6,14,15.231546
27,11,29.154759
-47,13,48.764741
-21,-3,21.213203
26,-34,42.801869
4,-18,18.439089
-22,-12,25.059928
21,27,34.205263
4,-50,50.159745
-5,23,23.537205
-25,-33,41.400483
-41,-1,41.012193
13,11,17.029386
17,3,17.262677
31,7,31.780497
15,-7,16.552945
38,-6,38.470768
-35,27,44.204072
-24,16,28.844410
-4,32,32.249031
34,12,36.055513
-18,20,26.907248
13,-33,35.468296
30,-10,31.622777
-4,6,7.211103
20,26,32.802439
21,23,31.144823
16,-18,24.083189
-7,1,7.071068
-8,-6,10.000000
-44,6,44.407207
11,3,11.401754
-1,-31,31.016125
4,4,5.656854
25,-25,35.355339
-17,-11,20.248457
17,-25,30.232433
2,2,2.828427
5,-13,13.928388
-31,-15,34.438351
-4,-24,24.331050
-22,20,29.732137
-9,-31,32.280025
3,-19,19.235384
-51,-3,51.088159
-13,-11,17.029386
-13,33,35.468296
-46,-30,54.918121
-4,12,12.649111
10,-24,26.000000
42,-20,46.518813
0,-22,22.000000
36,66,75.179785
-2,-2,2.828427
-22,14,26.076810
15,-3,15.297059
-10,-32,33.526109
33,-27,42.638011
8,-14,16.124515
-20,-22,29.732137
-6,-20,20.880613
46,6,46.389654
21,33,39.115214
35,5,35.355339
14,-12,18.439089
-27,7,27.892651
21,19,28.319605
-4,12,12.649111
24,-28,36.878178
-15,1,15.033296
-16,-10,18.867962
-12,36,37.947332
-19,-13,23.021729
-23,-21,31.144823
-5,27,27.459060
17,25,30.232433
-22,-20,29.732137
52,10,52.952809
8,6,10.000000
-27,-17,31.906112
-7,15,16.552945
3,11,11.401754
-19,-35,39.824616
-23,3,23.194827
-17,-33,37.121422
-25,45,51.478151
-3,51,51.088159
-39,-33,51.088159
-24,32,40.000000
-19,7,20.248457
-27,-13,29.966648
7,17,18.384776
2,-6,6.324555
26,-32,41.231056
18,-4,18.439089
29,-45,53.535035
9,-15,17.492856
34,-50,60.464866
-19,29,34.669872
44,-16,46.818800
1,-7,7.071068
30,-4,30.265492
18,26,31.622777
2,26,26.076810
1,-3,3.162278
9,31,32.280025
-12,-40,41.761226
-18,28,33.286634
-11,-5,12.083046
31,-7,31.780497
-5,-13,13.928388
20,2,20.099751
-6,0,6.000000
23,11,25.495098
54,32,62.769419
-27,-29,39.623226
-40,24,46.647615
26,-12,28.635642
10,0,10.000000
-25,23,33.970576
-10,-6,11.661904
-26,4,26.305893
-23,-43,48.764741
4,-8,8.944272
30,0,30.000000
32,-12,34.176015
15,-53,55.081757
-5,-5,7.071068
26,22,34.058773
17,23,28.600699
-30,0,30.000000
-8,4,8.944272
-28,2,28.071338
5,-37,37.336309
5,-25,25.495098
-25,-19,31.400637
26,-20,32.802439
-7,-17,18.384776
10,-50,50.990195
-21,3,21.213203
-7,1,7.071068
-9,-3,9.486833
-3,-7,7.615773
22,12,25.059928
33,-5,33.376639
-4,18,18.439089
29,13,31.780497
-29,13,31.780497
-20,-4,20.396078
13,-41,43.011626
22,-20,29.732137
22,-8,23.409400
-55,41,68.600292
0,4,4.000000
43,-19,47.010637
13,21,24.698178
22,-46,50.990195
0,-30,30.000000
-10,2,10.198039
3,29,29.154759
18,16,24.083189
57,17,59.481089
1,5,5.099020
-4,-6,7.211103
-46,24,51.884487
-12,-38,39.849718
35,-25,43.011626
12,50,51.419841
-1,35,35.014283
-16,32,35.777088
-13,11,17.029386
12,20,23.323808
9,29,30.364453
-1,-29,29.017236
-4,-32,32.249031
3,-35,35.128336
-1,29,29.017236
3,21,21.213203
11,-19,21.954498
-27,35,44.204072
-17,-25,30.232433
15,15,21.213203
-21,49,53.310412
19,-15,24.207437
-34,-12,36.055513
25,-29,38.288379
40,-2,40.049969
-34,26,42.801869
-8,-32,32.984845
-28,-4,28.284271
2,-12,12.165525
-28,40,48.826222
16,6,17.088007
-8,-8,11.313708
-3,-11,11.401754
-24,8,25.298221
-16,42,44.944410
17,9,19.235384
9,-13,15.811388
5,-7,8.602325
-24,28,36.878178
4,-22,22.360680
-43,25,49.739320
20,-40,44.721360
-35,3,35.128336
42,-8,42.755117
-1,-15,15.033296
-12,6,13.416408
-10,-58,58.855756
-11,-9,14.212670
1,5,5.099020
8,-18,19.697716
-5,9,10.295630
19,-19,26.870058
28,-32,42.520583
-30,-30,42.426407
10,22,24.166092
16,-20,25.612497
9,-25,26.570661
-10,18,20.591260
-12,18,21.633308
16,-10,18.867962
-7,-3,7.615773
16,-12,20.000000
18,2,18.110770
-11,23,25.495098
24,-18,30.000000
17,-1,17.029386
13,-17,21.400935
45,23,50.537115
-2,12,12.165525
12,-6,13.416408
-11,-9,14.212670
22,-12,25.059928
-6,26,26.683328
-33,57,65.863495
-29,19,34.669872
3,39,39.115214
-1,39,39.012818
30,-16,34.000000
-21,9,22.847319
-51,-19,54.424259
-21,-25,32.649655
-25,-25,35.355339
-7,7,9.899495
-7,35,35.693137
-14,52,53.851648
51,1,51.009803
5,-3,5.830952
-3,43,43.104524
4,2,4.472136
-12,14,18.439089
-37,-23,43.566042
-7,-17,18.384776
4,-50,50.159745
6,36,36.496575
20,28,34.409301
-4,-18,18.439089
28,26,38.209946
-8,24,25.298221
1,33,33.015148
6,32,32.557641
8,-12,14.422205
22,-14,26.076810
12,8,14.422205
-31,23,38.600518
19,19,26.870058
-21,19,28.319605
-15,11,18.601075
-16,6,17.088007
-21,-5,21.587033
-36,4,36.221541
32,-58,66.241981
-4,22,22.360680
18,-20,26.907248
15,-19,24.207437
-18,-16,24.083189
-19,17,25.495098
8,-10,12.806248
7,9,11.401754
-27,-11,29.154759
-26,22,34.058773
17,-17,24.041631
2,44,44.045431
15,-3,15.297059
43,-11,44.384682
-19,13,23.021729
56,-16,58.240879
-22,-28,35.608988
12,-20,23.323808
1,-15,15.033296
7,15,16.552945
12,-54,55.317267
-4,0,4.000000
19,13,23.021729
18,2,18.110770
-7,-19,20.248457
5,11,12.083046
-6,32,32.557641
-17,-35,38.910153
48,20,52.000000
58,42,71.610055
-7,15,16.552945
58,24,62.769419
-16,24,28.844410
-4,22,22.360680
-17,19,25.495098
-3,-7,7.615773
-17,5,17.720045
24,-10,26.000000
-4,12,12.649111
-8,-18,19.697716
17,45,48.104054
6,14,15.231546
12,14,18.439089
-14,-4,14.560220
-18,4,18.439089
15,-3,15.297059
-58,40,70.455660
-5,7,8.602325
-16,0,16.000000
-9,-3,9.486833
-39,37,53.758720
12,32,34.176015
33,31,45.276926
-13,-17,21.400935
-28,66,71.693793
24,14,27.784888
15,1,15.033296
29,9,30.364453
15,1,15.033296
-7,-5,8.602325
-14,-32,34.928498
-26,24,35.383612
-10,-10,14.142136
32,14,34.928498
27,11,29.154759
-2,-8,8.246211
-46,-36,58.412327
18,44,47.539457
5,-15,15.811388
-6,-26,26.683328
-20,-6,20.880613
-36,4,36.221541
-30,2,30.066593
-19,-13,23.021729
-28,8,29.120440
35,-5,35.355339
40,-18,43.863424
10,6,11.661904
-29,11,31.016125
39,-9,40.024992
-2,46,46.043458
9,23,24.698178
-12,32,34.176015
-23,19,29.832868
-15,-1,15.033296
-2,-20,20.099751
1,1,1.414214
7,-15,16.552945
-41,27,49.091751
-23,19,29.832868
41,-13,43.011626
39,-43,58.051701
0,-2,2.000000
23,-21,31.144823
11,15,18.601075
12,8,14.422205
19,-11,21.954498
-6,-26,26.683328
-24,16,28.844410
-21,-29,35.805028
-11,-19,21.954498
17,-29,33.615473
26,14,29.529646
-18,20,26.907248
26,-24,35.383612
-36,42,55.317267
-27,-5,27.459060
-50,40,64.031242
6,-24,24.738634
-54,-12,55.317267
2,16,16.124515
-16,-14,21.260292
-9,27,28.460499
24,8,25.298221
10,-16,18.867962
-27,-37,45.803930
-19,-9,21.023796
-14,2,14.142136
-28,18,33.286634
-50,-8,50.635956
52,36,63.245553
-17,15,22.671568
32,-4,32.249031
-59,3,59.076222
51,17,53.758720
-23,-15,27.459060
-34,-28,44.045431
19,17,25.495098
24,-24,33.941125
57,-3,57.078893
2,4,4.472136
18,-6,18.973666
5,29,29.427878
-15,31,34.438351
7,11,13.038405
29,7,29.832868
-9,11,14.212670
-4,16,16.492423
4,-16,16.492423
-25,-19,31.400637
-32,66,73.348483
14,-30,33.105891
-6,-24,24.738634
-7,-19,20.248457
-4,-14,14.560220
15,9,17.492856
36,28,45.607017
-12,12,16.970563
-17,15,22.671568
12,4,12.649111
22,16,27.202941
10,-6,11.661904
-15,-11,18.601075
-9,19,21.023796
-4,10,10.770330
-17,43,46.238512
6,14,15.231546
-21,-7,22.135944
2,-44,44.045431
36,28,45.607017
11,-37,38.600518
-14,4,14.560220
0,-16,16.000000
-4,10,10.770330
-25,-21,32.649655
10,-32,33.526109
17,-49,51.865210
-51,-1,51.009803
-1,17,17.029386
0,14,14.000000
19,-19,26.870058
21,-45,49.658836
10,0,10.000000
22,-54,58.309519
21,7,22.135944
54,36,64.899923
-2,24,24.083189
-2,16,16.124515
47,-5,47.265209
-8,12,14.422205
6,-42,42.426407
4,-8,8.944272
-21,-5,21.587033
-38,22,43.908997
-18,6,18.973666
-10,-10,14.142136
16,-14,21.260292
-11,13,17.029386
-16,26,30.528675
28,2,28.071338
3,1,3.162278
14,-4,14.560220
53,1,53.009433
29,-15,32.649655
-8,-2,8.246211
-22,-36,42.190046
5,-35,35.355339
10,20,22.360680
15,7,16.552945
-47,-33,57.428216
14,-2,14.142136
12,0,12.000000
-16,2,16.124515
0,14,14.000000
32,4,32.249031
20,26,32.802439
-19,-25,31.400637
25,45,51.478151
-9,13,15.811388
24,26,35.383612
1,11,11.045361
-24,34,41.617304
-32,26,41.231056
-6,0,6.000000
0,-26,26.000000
7,9,11.401754
40,-4,40.199502
-25,-25,35.355339
-5,1,5.099020
-5,-1,5.099020
5,35,35.355339
14,-6,15.231546
-42,18,45.694639
9,-57,57.706152
-29,53,60.415230
10,0,10.000000
22,-26,34.058773
3,-15,15.297059
7,23,24.041631
-18,-34,38.470768
-7,3,7.615773
-48,20,52.000000
-33,-1,33.015148
-43,3,43.104524
-19,-27,33.015148
-18,-28,33.286634
9,-29,30.364453
-20,20,28.284271
-34,66,74.242845
9,25,26.570661
-6,-28,28.635642
-2,18,18.110770
-42,16,44.944410
10,-16,18.867962
-17,7,18.384776
-34,18,38.470768
10,14,17.204651
-7,-5,8.602325
30,-26,39.698866
-1,3,3.162278
-36,42,55.317267
12,30,32.310989
0,-8,8.000000
-6,-10,11.661904
6,-2,6.324555
19,17,25.495098
-38,22,43.908997
-60,0,60.000000
-4,56,56.142675
-11,-25,27.313001
13,3,13.341664
-17,23,28.600699
5,-7,8.602325
-7,-11,13.038405
36,-28,45.607017
-55,-7,55.443665
-51,-35,61.854668
33,-7,33.734256
-56,24,60.926185
3,-15,15.297059
13,29,31.780497
-13,-3,13.341664
-8,20,21.540659
9,-13,15.811388
-18,54,56.920998
70,-2,70.028566
-29,51,58.668561
-12,26,28.635642
13,43,44.922155
39,-23,45.276926
17,23,28.600699
19,3,19.235384
16,4,16.492423
17,-13,21.400935
-4,22,22.360680
-11,-11,15.556349
-23,-15,27.459060
-43,3,43.104524
-2,4,4.472136
23,31,38.600518
-3,-17,17.262677
0,16,16.000000
-18,-28,33.286634
-17,-35,38.910153
56,20,59.464275
-20,48,52.000000
-30,16,34.000000
42,-16,44.944410
-14,-40,42.379240
8,20,21.540659
1,-47,47.010637
-21,-13,24.698178
-44,-40,59.464275
-7,-15,16.552945
-5,13,13.928388
3,-7,7.615773
14,-34,36.769553
40,4,40.199502
14,40,42.379240
-6,-22,22.803509
2,-10,10.198039
29,-9,30.364453
-3,1,3.162278
-8,-6,10.000000
-26,-22,34.058773
27,-5,27.459060
-8,-16,17.888544
-3,7,7.615773
-9,23,24.698178
13,77,78.089692
9,7,11.401754
7,-1,7.071068
1,-5,5.099020
-25,-17,30.232433
15,15,21.213203
13,27,29.966648
-22,-2,22.090722
-10,-20,22.360680
-14,16,21.260292
-41,-9,41.976184
-28,-8,29.120440
-8,2,8.246211
13,-23,26.419690
-18,8,19.697716
18,0,18.000000
-27,15,30.886890
28,-20,34.409301
9,-41,41.976184
-13,7,14.764823
9,3,9.486833
-11,25,27.313001
0,-12,12.000000
-38,-66,76.157731
10,-4,10.770330
3,-13,13.341664
6,22,22.803509
-25,-3,25.179357
-9,-31,32.280025
-18,38,42.047592
-1,-3,3.162278
20,-14,24.413111
34,-28,44.045431
-46,-24,51.884487
24,-10,26.000000
-44,16,46.818800
19,-19,26.870058
16,20,25.612497
-1,-25,25.019992
-9,-21,22.847319
13,5,13.928388
-42,-2,42.047592
-7,13,14.764823
-27,-59,64.884513
24,-8,25.298221
-19,11,21.954498
-3,43,43.104524
-32,4,32.249031
17,-19,25.495098
30,-10,31.622777
21,23,31.144823
-13,7,14.764823
-3,39,39.115214
-23,41,47.010637
-12,-4,12.649111
-20,10,22.360680
-43,1,43.011626
3,-19,19.235384
52,34,62.128898
0,-6,6.000000
-9,-13,15.811388
-16,12,20.000000
14,-34,36.769553
-35,1,35.014283
-23,-47,52.325902
-5,-15,15.811388
21,-3,21.213203
21,-27,34.205263
-55,27,61.269895
56,26,61.741396
-8,4,8.944272
14,-12,18.439089
26,-34,42.801869
18,8,19.697716
-7,-33,33.734256
16,-16,22.627417
16,-22,27.202941
-10,8,12.806248
39,-5,39.319207
-4,-24,24.331050
8,-18,19.697716
-28,18,33.286634
-1,25,25.019992
3,5,5.830952
7,-23,24.041631
34,-36,49.517674
52,10,52.952809
-15,13,19.849433
6,-4,7.211103
-8,-24,25.298221
9,33,34.205263
-8,2,8.246211
-22,-18,28.425341
-10,-20,22.360680
1,23,23.021729
-7,13,14.764823
18,-30,34.985711
-21,-25,32.649655
-9,11,14.212670
13,-5,13.928388
27,33,42.638011
-18,-4,18.439089
4,6,7.211103
21,-17,27.018512
11,-55,56.089215
-26,18,31.622777
2,30,30.066593
6,-4,7.211103
-5,65,65.192024
-30,22,37.202150
-45,29,53.535035
9,-41,41.976184
28,2,28.071338
43,53,68.249542
10,-8,12.806248
49,-11,50.219518
9,-19,21.023796
-24,-22,32.557641
11,-9,14.212670
-24,60,64.621978
27,7,27.892651
5,9,10.295630
9,5,10.295630
18,-10,20.591260
-3,-5,5.830952
-64,34,72.470684
33,31,45.276926
-3,-43,43.104524
-24,-18,30.000000
-46,48,66.483081
-40,-38,55.172457
-6,14,15.231546
-9,19,21.023796
-21,33,39.115214
10,-14,17.204651
15,39,41.785165
-21,-7,22.135944
-29,-13,31.780497
-18,14,22.803509
-18,16,24.083189
-33,1,33.015148
-4,-2,4.472136
-28,60,66.211781
-20,-6,20.880613
-1,21,21.023796
16,12,20.000000
7,17,18.384776
-6,-28,28.635642
18,6,18.973666
60,-8,60.530984
5,-25,25.495098
-24,14,27.784888
-4,46,46.173586
-30,-4,30.265492
-33,5,33.376639
25,-11,27.313001
48,18,51.264022
8,4,8.944272
-11,13,17.029386
-13,25,28.178006
2,18,18.110770
-4,38,38.209946
21,-7,22.135944
31,17,35.355339
16,-6,17.088007
-7,-3,7.615773
-24,2,24.083189
8,16,17.888544
-22,10,24.166092
-22,-50,54.626001
-26,-2,26.076810
-10,-14,17.204651
-6,-18,18.973666
-16,12,20.000000
-37,-23,43.566042
3,31,31.144823
-13,3,13.341664
16,24,28.844410
-23,39,45.276926
3,-17,17.262677
2,-20,20.099751
-23,5,23.537205
-39,1,39.012818
-36,-2,36.055513
-2,12,12.165525
-36,-18,40.249224
-27,23,35.468296
-16,-16,22.627417
24,-40,46.647615
42,2,42.047592
2,58,58.034473
9,23,24.698178
32,-14,34.928498
18,-56,58.821765
30,26,39.698866
-64,44,77.665951
-18,-8,19.697716
-2,16,16.124515
8,8,11.313708
8,30,31.048349
-19,-3,19.235384
41,-29,50.219518
6,12,13.416408
-39,-21,44.294469
-6,18,18.973666
-39,21,44.294469
-7,11,13.038405
-25,9,26.570661
7,35,35.693137
-23,-17,28.600699
21,33,39.115214
-16,-2,16.124515
-19,11,21.954498
6,-2,6.324555
-12,-2,12.165525
-5,7,8.602325
-58,24,62.769419
21,-39,44.294469
-3,1,3.162278
-10,-26,27.856777
-1,-3,3.162278
4,10,10.770330
-18,-22,28.425341
-5,27,27.459060
-11,39,40.521599
-26,-24,35.383612
-12,-2,12.165525
-9,3,9.486833
15,11,18.601075
46,-6,46.389654
-20,32,37.735925
6,28,28.635642
-3,-41,41.109610
-23,3,23.194827
-38,-4,38.209946
-14,-16,21.260292
5,-3,5.830952
10,16,18.867962
10,24,26.000000
6,18,18.973666
11,33,34.785054
-39,25,46.324939
27,15,30.886890
0,-34,34.000000
-12,6,13.416408
19,-5,19.646883
11,-5,12.083046
-9,-3,9.486833
16,6,17.088007
6,-16,17.088007
13,29,31.780497
-47,1,47.010637
-3,-5,5.830952
-1,-23,23.021729
3,39,39.115214
-4,-2,4.472136
1,-17,17.029386
0,4,4.000000
-9,-15,17.492856
12,-12,16.970563
1,-5,5.099020
-4,-12,12.649111
-27,-11,29.154759
7,-3,7.615773
29,-51,58.668561
-16,-22,27.202941
11,7,13.038405
-20,-6,20.880613
-2,38,38.052595
-8,8,11.313708
5,1,5.099020
7,-37,37.656341
-14,-8,16.124515
22,-12,25.059928
9,-15,17.492856
-15,17,22.671568
48,24,53.665631
-4,-34,34.234486
18,2,18.110770
-4,-4,5.656854
14,0,14.000000
-40,-16,43.081318
1,17,17.029386
9,31,32.280025
2,24,24.083189
-42,30,51.613952
50,-10,50.990195
34,-36,49.517674
7,-23,24.041631
-22,18,28.425341
23,1,23.021729
-3,21,21.213203
12,38,39.849718
-45,21,49.658836
27,25,36.796739
13,-17,21.400935
-15,-3,15.297059
2,10,10.198039
-2,36,36.055513
-20,16,25.612497
-23,47,52.325902
12,34,36.055513
1,29,29.017236
40,-20,44.721360
-31,-15,34.438351
12,-6,13.416408
-23,21,31.144823
3,37,37.121422
-27,-11,29.154759
27,17,31.906112
-55,-13,56.515485
10,-24,26.000000
17,1,17.029386
13,-3,13.341664
-20,12,23.323808
-2,-28,28.071338
17,-9,19.235384
-26,-10,27.856777
-8,0,8.000000
12,40,41.761226
-24,-4,24.331050
-21,1,21.023796
22,-2,22.090722
4,20,20.396078
-31,25,39.824616
-35,13,37.336309
11,25,27.313001
-28,16,32.249031
29,43,51.865210
-2,24,24.083189
24,4,24.331050
24,6,24.738634
-11,3,11.401754
-15,17,22.671568
28,24,36.878178
7,-15,16.552945
10,18,20.591260
-11,13,17.029386
-17,29,33.615473
-2,-12,12.165525
26,-20,32.802439
40,-22,45.650849
8,14,16.124515
18,-4,18.439089
19,21,28.319605
-6,-12,13.416408
-33,11,34.785054
-3,-9,9.486833
-15,19,24.207437
-31,-1,31.016125
39,-3,39.115214
44,-22,49.193496
-3,9,9.486833
-46,20,50.159745
10,4,10.770330
6,12,13.416408
-6,-12,13.416408
-29,-17,33.615473
-3,-5,5.830952
-6,24,24.738634
-17,13,21.400935
18,-30,34.985711
28,-28,39.597980
31,-19,36.359318
-7,9,11.401754
4,-18,18.439089
-10,-2,10.198039
-27,-1,27.018512
20,-42,46.518813
4,-4,5.656854
-10,-8,12.806248
-22,-38,43.908997
-19,7,20.248457
-20,12,23.323808
-28,38,47.201695
16,14,21.260292
-36,-6,36.496575
-2,-24,24.083189
-30,-40,50.000000
20,10,22.360680
-11,-15,18.601075
0,-22,22.000000
-14,0,14.000000
-16,-6,17.088007
18,14,22.803509
12,0,12.000000
-40,-26,47.707442
8,-14,16.124515
-1,-25,25.019992
-13,3,13.341664
-9,31,32.280025
-24,36,43.266615
37,-7,37.656341
24,-10,26.000000
-35,31,46.754679
29,15,32.649655
27,-11,29.154759
-26,6,26.683328
6,8,10.000000
-7,5,8.602325
-5,13,13.928388
24,-8,25.298221
46,24,51.884487
-54,-36,64.899923
18,-18,25.455844
3,-1,3.162278
5,-21,21.587033
-14,0,14.000000
21,5,21.587033
-55,13,56.515485
30,6,30.594117
-9,-13,15.811388
-17,31,35.355339
-1,1,1.414214
-6,12,13.416408
-17,21,27.018512
65,-3,65.069194
0,-34,34.000000
10,10,14.142136
-15,-47,49.335586
-11,35,36.687873
19,19,26.870058
23,-5,23.537205
24,10,26.000000
-20,42,46.518813
-14,28,31.304952
-44,24,50.119856
-9,-11,14.212670
-2,-12,12.165525
0,-28,28.000000
17,-11,20.248457
-65,25,69.641941
25,25,35.355339
-27,-5,27.459060
-10,10,14.142136
-6,50,50.358713
25,3,25.179357
-11,19,21.954498
14,-12,18.439089
7,29,29.832868
-16,-10,18.867962
16,2,16.124515
-2,28,28.071338
2,2,2.828427
-11,-13,17.029386
-12,14,18.439089
-35,-77,84.581322
7,35,35.693137
3,19,19.235384
-6,8,10.000000
-1,31,31.016125
-24,-24,33.941125
16,18,24.083189
-21,13,24.698178
-14,-10,17.204651
16,12,20.000000
-14,-2,14.142136
18,26,31.622777
-2,-2,2.828427
1,-19,19.026298
9,11,14.212670
16,18,24.083189
-4,-12,12.649111
-11,-13,17.029386
54,-18,56.920998
14,10,17.204651
15,-7,16.552945
-16,-52,54.405882
-16,38,41.231056
26,36,44.407207
9,5,10.295630
0,16,16.000000
-27,-9,28.460499
1,-21,21.023796
-13,-57,58.463664
-29,19,34.669872
-29,-7,29.832868
18,-44,47.539457
-8,-2,8.246211
-21,-5,21.587033
-16,-8,17.888544
29,37,47.010637
17,-37,40.718546
34,2,34.058773
-4,-36,36.221541
7,-5,8.602325
8,10,12.806248
19,-9,21.023796
-8,18,19.697716
2,-26,26.076810
6,-2,6.324555
13,29,31.780497
0,-10,10.000000
3,15,15.297059
10,-2,10.198039
9,-41,41.976184
2,14,14.142136
-19,25,31.400637
13,17,21.400935
15,-35,38.078866
2,4,4.472136
16,-16,22.627417
24,10,26.000000
-11,13,17.029386
20,8,21.540659
2,-20,20.099751
13,-5,13.928388
4,-6,7.211103
-29,-5,29.427878
3,-21,21.213203
-8,-8,11.313708
31,23,38.600518
43,13,44.922155
-16,8,17.888544
-3,-17,17.262677
-2,-56,56.035703
10,-12,15.620499
-16,-14,21.260292
-28,0,28.000000
-29,3,29.154759
4,-4,5.656854
-26,-26,36.769553
-12,-42,43.680659
22,40,45.650849
3,-39,39.115214
-6,-28,28.635642
-9,-37,38.078866
28,-14,31.304952
-9,-7,11.401754
-16,6,17.088007
1,-21,21.023796
45,-17,48.104054
-14,-8,16.124515
-39,17,42.544095
22,0,22.000000
-16,0,16.000000
-19,5,19.646883
-21,-1,21.023796
-25,-47,53.235327
23,19,29.832868
-3,9,9.486833
-1,7,7.071068
-9,9,12.727922
8,-28,29.120440
-4,-18,18.439089
51,-25,56.797887
12,4,12.649111
21,-1,21.023796
-14,36,38.626416
12,2,12.165525
8,28,29.120440
-3,-9,9.486833
19,-5,19.646883
17,65,67.186308
7,25,25.961510
-2,-4,4.472136
12,-16,20.000000
-15,-13,19.849433
13,-15,19.849433
-32,40,51.224994
-20,-20,28.284271
16,-36,39.395431
37,3,37.121422
-2,14,14.142136
32,-18,36.715120
29,21,35.805028
25,-39,46.324939
23,-17,28.600699
5,15,15.811388
-40,0,40.000000
-29,-11,31.016125
-21,-31,37.443290
21,-49,53.310412
14,-16,21.260292
37,-19,41.593269
42,-12,43.680659
0,8,8.000000
15,25,29.154759
16,-44,46.818800
9,-15,17.492856
1,-29,29.017236
-39,15,41.785165
-12,-38,39.849718
-2,-16,16.124515
-32,-34,46.690470
6,-8,10.000000
3,-3,4.242641
27,-9,28.460499
19,-19,26.870058
10,-10,14.142136
22,6,22.803509
-10,26,27.856777
10,-34,35.440090
-4,16,16.492423
2,2,2.828427
2,38,38.052595
-25,-1,25.019992
-23,5,23.537205
-3,25,25.179357
0,-36,36.000000
25,-47,53.235327
2,0,2.000000
6,8,10.000000
16,0,16.000000
-45,-25,51.478151
14,-2,14.142136
25,-3,25.179357
-5,-7,8.602325
-12,18,21.633308
-16,-4,16.492423
17,-23,28.600699
3,-19,19.235384
5,-27,27.459060
12,-2,12.165525
14,-2,14.142136
-11,-11,15.556349
-12,6,13.416408
-32,2,32.062439
27,33,42.638011
-36,70,78.714675
41,13,43.011626
-13,23,26.419690
6,14,15.231546
-56,-10,56.885851
-8,8,11.313708
38,-18,42.047592
-13,37,39.217343
-9,-5,10.295630
6,-12,13.416408
8,-12,14.422205
-10,-36,37.363083
-31,-9,32.280025
13,25,28.178006
57,19,60.083276
-3,-7,7.615773
-26,16,30.528675
-32,-4,32.249031
3,-15,15.297059
-15,17,22.671568
19,17,25.495098
-3,-25,25.179357
20,-10,22.360680
-12,12,16.970563
-26,-20,32.802439
25,3,25.179357
-2,-20,20.099751
-16,-46,48.703183
3,9,9.486833
-23,19,29.832868
17,-39,42.544095
9,1,9.055385
-41,-7,41.593269
58,48,75.286121
6,18,18.973666
-40,-22,45.650849
-3,29,29.154759
-12,30,32.310989
24,6,24.738634
-3,17,17.262677
-11,-5,12.083046
6,-4,7.211103
17,-15,22.671568
-25,25,35.355339
-19,11,21.954498
9,15,17.492856
-25,-37,44.654227
7,-13,14.764823
-1,-19,19.026298
38,-10,39.293765
-44,26,51.107729
-1,5,5.099020
20,-34,39.446166
9,-5,10.295630
2,34,34.058773
-6,14,15.231546
25,31,39.824616
-46,40,60.959003
-5,-19,19.646883
26,-22,34.058773
-23,-9,24.698178
-10,-18,20.591260
-1,-1,1.414214
-39,-7,39.623226
-24,-42,48.373546
-32,-28,42.520583
-13,3,13.341664
31,-19,36.359318
22,8,23.409400
5,-7,8.602325
6,-14,15.231546
-32,-16,35.777088
41,-13,43.011626
-36,30,46.861498
1,51,51.009803
-39,3,39.115214
25,-57,62.241465
-23,-61,65.192024
14,-4,14.560220
4,-22,22.360680
5,-11,12.083046
18,16,24.083189
0,-26,26.000000
32,-6,32.557641
-11,-1,11.045361
-10,-14,17.204651
-10,-12,15.620499
29,3,29.154759
-3,27,27.166155
6,20,20.880613
-12,34,36.055513
4,8,8.944272
29,-3,29.154759
2,32,32.062439
-1,41,41.012193
47,-29,55.226805
-3,-17,17.262677
-23,-21,31.144823
35,-25,43.011626
-25,-35,43.011626
-11,23,25.495098
6,-2,6.324555
20,4,20.396078
-10,12,15.620499
18,-36,40.249224
-31,27,41.109610
15,-43,45.541190
-18,28,33.286634
-5,-51,51.244512
6,22,22.803509
53,3,53.084838
-3,27,27.166155
-2,30,30.066593
9,23,24.698178
29,49,56.938563
3,11,11.401754
16,10,18.867962
6,42,42.426407
4,-26,26.305893
1,-9,9.055385
-18,0,18.000000
-9,47,47.853944
-35,-25,43.011626
-4,22,22.360680
13,19,23.021729
2,-16,16.124515
-17,11,20.248457
-6,-16,17.088007
20,-20,28.284271
-10,22,24.166092
-24,-4,24.331050
-3,-13,13.341664
-2,8,8.246211
40,8,40.792156
-14,6,15.231546
26,22,34.058773
28,22,35.608988
-9,23,24.698178
29,19,34.669872
49,21,53.310412
21,1,21.023796
-26,34,42.801869
-17,21,27.018512
5,9,10.295630
-7,-25,25.961510
17,13,21.400935
-46,-14,48.083261
15,11,18.601075
-21,19,28.319605
2,-4,4.472136
-4,-48,48.166378
3,-5,5.830952
7,-23,24.041631
21,3,21.213203
68,-2,68.029405
-9,11,14.212670
-14,12,18.439089
20,40,44.721360
2,22,22.090722
1,-19,19.026298
-18,24,30.000000
-4,-4,5.656854
7,-7,9.899495
8,30,31.048349
24,22,32.557641
-9,-3,9.486833
45,21,49.658836
21,-7,22.135944
-26,-2,26.076810
-13,-9,15.811388
25,-21,32.649655
-52,-4,52.153619
-3,-7,7.615773
-12,12,16.970563
-2,-36,36.055513
40,6,40.447497
-4,-6,7.211103
-16,-6,17.088007
24,6,24.738634
-16,18,24.083189
15,11,18.601075
-6,0,6.000000
-33,-43,54.203321
3,-17,17.262677
10,-32,33.526109
52,10,52.952809
3,37,37.121422
-59,-3,59.076222
4,-12,12.649111
-20,-8,21.540659
14,22,26.076810
-18,-22,28.425341
-21,1,21.023796
8,58,58.549125
-16,0,16.000000
-36,-20,41.182521
-5,-9,10.295630
25,3,25.179357
13,3,13.341664
5,15,15.811388
21,-11,23.706539
-22,-26,34.058773
25,9,26.570661
15,-1,15.033296
-13,-35,37.336309
22,6,22.803509
-6,-26,26.683328
5,-1,5.099020
-8,-22,23.409400
-3,-21,21.213203
7,-13,14.764823
-25,-49,55.009090
-53,23,57.775427
84,-40,93.037627
14,24,27.784888
-36,12,37.947332
6,-42,42.426407
-35,-1,35.014283
-15,-23,27.459060
0,20,20.000000
-14,28,31.304952
-13,-7,14.764823
32,2,32.062439
13,29,31.780497
-32,-40,51.224994
-26,16,30.528675
-15,21,25.806976
20,6,20.880613
-10,-28,29.732137
-18,-4,18.439089
-25,-11,27.313001
12,4,12.649111
-70,66,96.208108
16,42,44.944410
-28,10,29.732137
50,-6,50.358713
21,-27,34.205263
-34,-24,41.617304
45,11,46.324939
6,-26,26.683328
9,27,28.460499
-29,9,30.364453
-22,66,69.570109
-17,9,19.235384
-2,-14,14.142136
-10,-38,39.293765
-25,45,51.478151
22,-48,52.801515
-5,-19,19.646883
13,5,13.928388
31,-9,32.280025
-13,-1,13.038405
27,15,30.886890
5,17,17.720045
26,6,26.683328
5,-29,29.427878
2,-2,2.828427
-10,-6,11.661904
-2,0,2.000000
-5,23,23.537205
2,-46,46.043458
-42,-56,70.000000
18,-6,18.973666
21,15,25.806976
-5,37,37.336309
21,-15,25.806976
-44,14,46.173586
-5,-7,8.602325
-45,-9,45.891176
6,10,11.661904
26,12,28.635642
18,4,18.439089
-21,-23,31.144823
-11,1,11.045361
-9,-13,15.811388
4,-16,16.492423
-18,8,19.697716
-6,8,10.000000
16,14,21.260292
-55,5,55.226805
-26,-24,35.383612
-41,5,41.303753
-17,1,17.029386
-7,1,7.071068
12,34,36.055513
25,7,25.961510
2,18,18.110770
-7,-27,27.892651
24,18,30.000000
-37,1,37.013511
20,20,28.284271
12,-2,12.165525
34,36,49.517674
12,14,18.439089
-31,-31,43.840620
6,12,13.416408
-3,3,4.242641
19,-17,25.495098
4,38,38.209946
6,4,7.211103
-10,2,10.198039
-8,-12,14.422205
14,8,16.124515
13,-21,24.698178
-2,8,8.246211
-16,36,39.395431
-45,11,46.324939
17,-13,21.400935
11,-15,18.601075
14,-6,15.231546
6,30,30.594117
13,9,15.811388
-7,5,8.602325
-53,-27,59.481089
-9,-9,12.727922
21,5,21.587033
4,-20,20.396078
-5,5,7.071068
51,27,57.706152
5,-39,39.319207
-5,-15,15.811388
23,-15,27.459060
-9,-29,30.364453
-29,-7,29.832868
14,-26,29.529646
7,-37,37.656341
-24,18,30.000000
32,-18,36.715120
-24,-26,35.383612
18,-10,20.591260
-11,31,32.893768
28,36,45.607017
-15,39,41.785165
12,-6,13.416408
29,21,35.805028
35,17,38.910153
0,26,26.000000
-16,-2,16.124515
-9,-29,30.364453
-17,-7,18.384776
-16,-20,25.612497
-26,-22,34.058773
12,-30,32.310989
22,24,32.557641
0,8,8.000000
-3,-23,23.194827
-4,-18,18.439089
0,-10,10.000000
-5,-13,13.928388
2,6,6.324555
-14,0,14.000000
15,-11,18.601075
-5,19,19.646883
6,-16,17.088007
29,3,29.154759
-31,-5,31.400637
-10,-10,14.142136
15,27,30.886890
-13,-11,17.029386
-10,20,22.360680
10,36,37.363083
17,-9,19.235384
-49,31,57.982756
-3,-5,5.830952
13,31,33.615473
19,9,21.023796
9,55,55.731499
0,46,46.000000
6,-36,36.496575
-13,-11,17.029386
8,-16,17.888544
-9,-21,22.847319
-17,1,17.029386
23,29,37.013511
-40,14,42.379240
30,2,30.066593
-11,15,18.601075
16,-14,21.260292
-44,-16,46.818800
30,50,58.309519
-29,9,30.364453
37,-7,37.656341
24,-20,31.240999
12,-36,37.947332
-27,21,34.205263
23,-1,23.021729
-17,-19,25.495098
-9,-35,36.138622
0,0,0.000000
-14,-14,19.798990
-21,1,21.023796
-16,-14,21.260292
-26,-14,29.529646
14,4,14.560220
12,0,12.000000
27,-3,27.166155
-2,6,6.324555
21,5,21.587033
-5,7,8.602325
4,26,26.305893
-8,22,23.409400
-4,52,52.153619
15,11,18.601075
-14,-16,21.260292
-11,-45,46.324939
-6,-40,40.447497
-1,9,9.055385
-11,39,40.521599
-2,54,54.037024
-21,-15,25.806976
-17,43,46.238512
1,-9,9.055385
4,28,28.284271
-11,29,31.016125
-14,-38,40.496913
3,-1,3.162278
-19,-7,20.248457
2,-16,16.124515
42,-10,43.174066
-13,-15,19.849433
-6,44,44.407207
-11,19,21.954498
9,-11,14.212670
-1,25,25.019992
15,5,15.811388
4,4,5.656854
8,-2,8.246211
-5,-23,23.537205
2,-4,4.472136
48,24,53.665631
25,-35,43.011626
6,-18,18.973666
-30,24,38.418745
11,9,14.212670
-27,-27,38.183766
20,40,44.721360
7,-7,9.899495
-8,0,8.000000
-8,-26,27.202941
18,34,38.470768
-14,0,14.000000
-20,0,20.000000
-25,-17,30.232433
-36,-26,44.407207
26,-38,46.043458
7,-21,22.135944
5,11,12.083046
-10,22,24.166092
-3,5,5.830952
7,3,7.615773
-27,-13,29.966648
-22,-16,27.202941
4,-4,5.656854
-10,-48,49.030603
-6,-52,52.345009
29,-23,37.013511
-22,22,31.112698
-42,-12,43.680659
9,-1,9.055385
-12,-22,25.059928
5,13,13.928388
-14,-8,16.124515
26,-18,31.622777
-2,14,14.142136
-5,-17,17.720045
-17,29,33.615473
6,-20,20.880613
-29,39,48.600412
2,20,20.099751
-31,3,31.144823
-7,3,7.615773
-4,-30,30.265492
16,12,20.000000
-13,13,18.384776
4,14,14.560220
-15,-7,16.552945
43,-19,47.010637
1,-25,25.019992
-27,-31,41.109610
14,28,31.304952
-21,1,21.023796
-26,12,28.635642
-34,4,34.234486
-13,21,24.698178
-19,19,26.870058
-35,-5,35.355339
3,13,13.341664
11,5,12.083046
-37,-21,42.544095
7,9,11.401754
-11,17,20.248457
-4,18,18.439089
-26,14,29.529646
10,-16,18.867962
-18,2,18.110770
15,13,19.849433
-33,-31,45.276926
27,13,29.966648
34,-48,58.821765
-9,3,9.486833
22,24,32.557641
13,-29,31.780497
35,7,35.693137
-27,-11,29.154759
-17,15,22.671568
-19,7,20.248457
-26,0,26.000000
-6,18,18.973666
-43,-25,49.739320
20,-20,28.284271
7,1,7.071068
23,35,41.880783
-7,-11,13.038405
-34,-6,34.525353
34,16,37.576588
-15,27,30.886890
-3,25,25.179357
8,-4,8.944272
2,2,2.828427
-49,1,49.010203
-4,2,4.472136
16,-10,18.867962
21,-1,21.023796
19,5,19.646883
-44,30,53.254108
26,-22,34.058773
-15,-13,19.849433
-41,17,44.384682
-38,-18,42.047592
3,15,15.297059
13,-19,23.021729
-17,7,18.384776
10,-52,52.952809
-22,10,24.166092
7,-21,22.135944
16,-24,28.844410
10,-16,18.867962
30,10,31.622777
2,8,8.246211
1,-19,19.026298
14,-6,15.231546
-1,39,39.012818
17,11,20.248457
-6,-52,52.345009
-14,-24,27.784888
-20,36,41.182521
15,-9,17.492856
-17,21,27.018512
23,-9,24.698178
6,-28,28.635642
-11,17,20.248457
-16,-52,54.405882
-33,9,34.205263
17,21,27.018512
-24,-20,31.240999
9,-43,43.931765
16,-10,18.867962
-1,-5,5.099020
18,30,34.985711
10,10,14.142136
27,-5,27.459060
-10,-8,12.806248
-26,28,38.209946
18,6,18.973666
-20,0,20.000000
-9,-13,15.811388
-13,9,15.811388
13,-25,28.178006
-27,13,29.966648
-5,25,25.495098
10,6,11.661904
41,-3,41.109610
-20,8,21.540659
-14,-24,27.784888
-4,-2,4.472136
-17,-11,20.248457
-8,18,19.697716
-31,3,31.144823
-23,-9,24.698178
-3,-1,3.162278
-21,5,21.587033
-8,-18,19.697716
13,7,14.764823
3,-29,29.154759
-18,18,25.455844
9,1,9.055385
-1,27,27.018512
-46,-24,51.884487
-23,31,38.600518
47,27,54.203321
5,9,10.295630
36,-8,36.878178
-15,-13,19.849433
16,-12,20.000000
17,-7,18.384776
24,46,51.884487
-26,-38,46.043458
6,0,6.000000
-1,-39,39.012818
6,12,13.416408
34,32,46.690470
18,-4,18.439089
-13,-5,13.928388
-22,-8,23.409400
-14,4,14.560220
-46,-2,46.043458
11,7,13.038405
19,-33,38.078866
7,-7,9.899495
-6,-2,6.324555
-7,-19,20.248457
34,-4,34.234486
20,14,24.413111
16,2,16.124515
-4,2,4.472136
-28,10,29.732137
-9,-7,11.401754
3,-51,51.088159
-27,19,33.015148
40,-14,42.379240
22,-8,23.409400
57,-13,58.463664
-22,-12,25.059928
24,24,33.941125
-34,-16,37.576588
-2,30,30.066593
-31,-15,34.438351
-11,-1,11.045361
14,-52,53.851648
15,-15,21.213203
-3,-11,11.401754
0,-30,30.000000
3,-55,55.081757
-34,14,36.769553
18,32,36.715120
-8,32,32.984845
5,3,5.830952
11,-21,23.706539
-5,-19,19.646883
32,18,36.715120
9,47,47.853944
16,8,17.888544
-46,12,47.539457
9,-7,11.401754
23,5,23.537205
-19,11,21.954498
11,-15,18.601075
-11,51,52.172790
5,-17,17.720045
-23,11,25.495098
-4,48,48.166378
36,8,36.878178
49,-15,51.244512
-13,3,13.341664
-16,6,17.088007
11,7,13.038405
0,14,14.000000
-5,1,5.099020
-1,1,1.414214
-8,-12,14.422205
4,12,12.649111
-16,-6,17.088007
8,14,16.124515
-14,12,18.439089
-11,-1,11.045361
6,6,8.485281
5,11,12.083046
44,0,44.000000
-14,48,50.000000
-5,11,12.083046
-1,5,5.099020
-1,17,17.029386
4,-36,36.221541
-14,-38,40.496913
-13,3,13.341664
24,6,24.738634
-21,-51,55.154329
5,-31,31.400637
18,6,18.973666
-14,0,14.000000
-15,-5,15.811388
-28,-8,29.120440
-11,-11,15.556349
-16,18,24.083189
-7,-17,18.384776
38,22,43.908997
18,28,33.286634
22,18,28.425341
44,-2,44.045431
-28,20,34.409301
14,12,18.439089
-10,26,27.856777
12,40,41.761226
13,-27,29.966648
27,25,36.796739
14,-4,14.560220
33,-35,48.104054
-31,-15,34.438351
-41,-25,48.020829
-29,37,47.010637
34,-14,36.769553
-42,-30,51.613952
-1,9,9.055385
14,-2,14.142136
18,36,40.249224
-19,31,36.359318
-1,1,1.414214
-16,-50,52.497619
20,-4,20.396078
6,-16,17.088007
14,-2,14.142136
-19,-13,23.021729
-2,44,44.045431
-30,18,34.985711
-55,-31,63.134776
7,-5,8.602325
-4,-18,18.439089
-43,41,59.413803
-5,-25,25.495098
1,-37,37.013511
1,21,21.023796
28,-26,38.209946
-3,-7,7.615773
10,-10,14.142136
-12,-8,14.422205
0,18,18.000000
39,-19,43.382024
36,42,55.317267
24,-26,35.383612
-7,-21,22.135944
-37,-53,64.637450
-65,-1,65.007692
11,13,17.029386
-16,0,16.000000
-22,-12,25.059928
-3,9,9.486833
25,-7,25.961510
-16,22,27.202941
24,24,33.941125
-8,-10,12.806248
9,-27,28.460499
-13,-1,13.038405
23,11,25.495098
17,-27,31.906112
-9,-5,10.295630
12,20,23.323808
-13,25,28.178006
-27,1,27.018512
7,-23,24.041631
25,-25,35.355339
-30,24,38.418745
-5,21,21.587033
-32,-40,51.224994
50,18,53.141321
9,11,14.212670
24,20,31.240999
-16,-22,27.202941
-30,-2,30.066593
-18,4,18.439089
-27,-9,28.460499
-8,12,14.422205
32,76,82.462113
25,27,36.796739
12,38,39.849718
-18,56,58.821765
-23,-37,43.566042
10,30,31.622777
-23,-45,50.537115
22,-16,27.202941
-4,-8,8.944272
-41,-15,43.657760
-19,19,26.870058
4,-18,18.439089
11,49,50.219518
13,-7,14.764823
14,12,18.439089
11,-31,32.893768
0,12,12.000000
-2,4,4.472136
-15,-13,19.849433
14,12,18.439089
-27,-61,66.708320
-4,-16,16.492423
-16,-26,30.528675
-11,29,31.016125
10,2,10.198039
-54,-40,67.201190
22,-2,22.090722
18,14,22.803509
-19,-13,23.021729
-9,9,12.727922
17,11,20.248457
11,-3,11.401754
2,-40,40.049969
7,-7,9.899495
-21,81,83.677954
12,22,25.059928
-5,-35,35.355339
2,12,12.165525
23,27,35.468296
7,31,31.780497
-27,13,29.966648
34,2,34.058773
-15,-31,34.438351
17,-21,27.018512
-38,-18,42.047592
-30,-6,30.594117
-47,-13,48.764741
-35,-3,35.128336
17,-19,25.495098
13,-27,29.966648
-14,-4,14.560220
18,24,30.000000
-19,-7,20.248457
-14,-36,38.626416
42,38,56.639209
3,-9,9.486833
13,-15,19.849433
-5,7,8.602325
-7,-53,53.460266
-16,-8,17.888544
6,2,6.324555
-9,49,49.819675
10,0,10.000000
17,-21,27.018512
3,-17,17.262677
2,-2,2.828427
-24,-14,27.784888
22,18,28.425341
8,4,8.944272
12,-32,34.176015
-15,-5,15.811388
-16,4,16.492423
-6,28,28.635642
16,-10,18.867962
22,10,24.166092
-16,-28,32.249031
12,0,12.000000
15,-19,24.207437
66,-8,66.483081
48,18,51.264022
-22,-24,32.557641
-7,43,43.566042
-11,-3,11.401754
-28,28,39.597980
31,7,31.780497
20,-18,26.907248
25,11,27.313001
22,-54,58.309519
-19,-21,28.319605
-22,26,34.058773
-29,17,33.615473
11,-25,27.313001
-4,-12,12.649111
6,-6,8.485281
-58,-52,77.897368
32,-26,41.231056
-40,-8,40.792156
-18,-22,28.425341
-40,6,40.447497
18,32,36.715120
-19,-7,20.248457
-15,-21,25.806976
-3,-3,4.242641
24,-4,24.331050
1,-23,23.021729
8,-28,29.120440
31,-27,41.109610
5,-5,7.071068
22,-16,27.202941
-2,22,22.090722
-20,-22,29.732137
-37,-13,39.217343
-20,-32,37.735925
-22,24,32.557641
11,-9,14.212670
4,10,10.770330
7,9,11.401754
6,14,15.231546
-10,18,20.591260
15,35,38.078866
19,7,20.248457
3,3,4.242641
4,14,14.560220
2,18,18.110770
-37,-47,59.816386
25,5,25.495098
-6,30,30.594117
24,-24,33.941125
52,-14,53.851648
6,-20,20.880613
5,11,12.083046
18,-20,26.907248
12,-34,36.055513
-14,32,34.928498
39,-1,39.012818
-1,21,21.023796
15,13,19.849433
20,-42,46.518813
13,-19,23.021729
43,11,44.384682
-12,10,15.620499
-26,0,26.000000
-28,-36,45.607017
-30,6,30.594117
31,9,32.280025
-32,-16,35.777088
34,-32,46.690470
-18,-8,19.697716
-23,15,27.459060
28,-52,59.059292
-13,5,13.928388
-2,-16,16.124515
-22,-48,52.801515
1,-13,13.038405
-22,-14,26.076810
36,-38,52.345009
-11,11,15.556349
-22,8,23.409400
-26,-8,27.202941
-4,18,18.439089
-41,-17,44.384682
27,-17,31.906112
-1,-11,11.045361
3,3,4.242641
-8,26,27.202941
30,-26,39.698866
-8,-6,10.000000
0,16,16.000000
6,2,6.324555
55,17,57.567352
-17,-15,22.671568
-2,2,2.828427
9,-15,17.492856
10,24,26.000000
-27,23,35.468296
-20,-24,31.240999
-8,-32,32.984845
14,10,17.204651
-40,18,43.863424
3,5,5.830952
24,4,24.331050
-4,14,14.560220
43,-49,65.192024
-23,47,52.325902
-11,-41,42.449971
7,41,41.593269
24,8,25.298221
-3,11,11.401754
1,-5,5.099020
1,11,11.045361
33,25,41.400483
15,-27,30.886890
-8,-38,38.832976
25,-17,30.232433
-14,-42,44.271887
-4,4,5.656854
-14,-8,16.124515
59,-11,60.016664
21,-25,32.649655
-25,-1,25.019992
-12,-2,12.165525
13,3,13.341664
-3,-15,15.297059
24,-12,26.832816
8,-14,16.124515
-15,-49,51.244512
10,2,10.198039
9,7,11.401754
8,6,10.000000
28,16,32.249031
-15,-23,27.459060
-42,20,46.518813
15,-5,15.811388
7,-17,18.384776
-24,2,24.083189
38,6,38.470768
3,21,21.213203
-9,-3,9.486833
2,-28,28.071338
10,18,20.591260
25,-9,26.570661
4,0,4.000000
-19,19,26.870058
-17,-21,27.018512
1,29,29.017236
-19,-45,48.846699
-32,24,40.000000
-20,-18,26.907248
10,-18,20.591260
-3,-19,19.235384
12,12,16.970563
-13,5,13.928388
-21,-59,62.625873
-4,8,8.944272
-16,2,16.124515
-25,-7,25.961510
-21,7,22.135944
-32,-8,32.984845
8,-34,34.928498
-6,2,6.324555
25,-21,32.649655
-5,-23,23.537205
1,23,23.021729
17,17,24.041631
5,7,8.602325
13,-29,31.780497
19,1,19.026298
-47,27,54.203321
-23,-41,47.010637
12,-6,13.416408
-27,25,36.796739
29,-37,47.010637
23,-17,28.600699
-3,-7,7.615773
-9,-3,9.486833
0,-4,4.000000
6,6,8.485281
-11,-21,23.706539
-11,-9,14.212670
-2,-6,6.324555
10,12,15.620499
18,-32,36.715120
-18,-12,21.633308
20,20,28.284271
29,-13,31.780497
33,-81,87.464278
17,-41,44.384682
-1,3,3.162278
-9,-69,69.584481
-6,20,20.880613
-3,27,27.166155
36,-18,40.249224
15,21,25.806976
-28,22,35.608988
-17,-15,22.671568
24,2,24.083189
-25,5,25.495098
-18,26,31.622777
-2,-30,30.066593
11,-41,42.449971
-7,21,22.135944
17,-17,24.041631
-26,6,26.683328
3,-57,57.078893
45,45,63.639610
16,-14,21.260292
28,4,28.284271
-39,-3,39.115214
-7,-17,18.384776
3,-3,4.242641
-17,27,31.906112
3,-9,9.486833
21,7,22.135944
8,-28,29.120440
24,-52,57.271284
-3,-7,7.615773
14,8,16.124515
-12,0,12.000000
-33,-35,48.104054
-9,-3,9.486833
-2,-12,12.165525
-21,19,28.319605
19,23,29.832868
6,8,10.000000
11,-39,40.521599
-29,-3,29.154759
11,-29,31.016125
-16,34,37.576588
0,-8,8.000000
10,-46,47.074409
15,13,19.849433
19,33,38.078866
-44,36,56.850682
15,-13,19.849433
-30,8,31.048349
-20,10,22.360680
-2,-12,12.165525
-2,-38,38.052595
-29,-9,30.364453
-24,46,51.884487
-3,-13,13.341664
11,29,31.016125
22,-60,63.906181
-36,12,37.947332
27,-15,30.886890
29,3,29.154759
-17,9,19.235384
34,34,48.083261
15,-51,53.160135
-20,-22,29.732137
9,-21,22.847319
-1,-45,45.011110
-25,21,32.649655
-10,-6,11.661904
-3,-35,35.128336
-13,-43,44.922155
-14,34,36.769553
11,-9,14.212670
9,3,9.486833
-22,-40,45.650849
-25,-41,48.020829
29,5,29.427878
-5,-7,8.602325
5,5,7.071068
-3,17,17.262677
12,-42,43.680659
-44,-16,46.818800
10,0,10.000000
-13,13,18.384776
-49,19,52.554733
8,-2,8.246211
1,29,29.017236
-18,-30,34.985711
-43,1,43.011626
-38,-20,42.941821
16,-8,17.888544
6,12,13.416408
23,-33,40.224371
11,-65,65.924199
-13,25,28.178006
9,9,12.727922
-25,-7,25.961510
-27,-3,27.166155
22,2,22.090722
2,-28,28.071338
-6,-2,6.324555
-1,29,29.017236
-10,-16,18.867962
8,-2,8.246211
-4,-20,20.396078
12,-16,20.000000
0,-22,22.000000
-28,6,28.635642
1,7,7.071068
-30,-22,37.202150
26,-44,51.107729
-14,0,14.000000
-37,-19,41.593269
-5,17,17.720045
-14,0,14.000000
-29,-29,41.012193
22,-8,23.409400
-15,39,41.785165
-10,-6,11.661904
-17,-21,27.018512
-4,8,8.944272
5,15,15.811388
31,-11,32.893768
-5,-19,19.646883
-4,14,14.560220
23,41,47.010637
25,17,30.232433
-21,9,22.847319
28,-22,35.608988
-27,-3,27.166155
-19,-23,29.832868
12,-22,25.059928
18,-6,18.973666
-30,-12,32.310989
27,-15,30.886890
-12,6,13.416408
28,6,28.635642
17,-1,17.029386
10,26,27.856777
-17,-19,25.495098
-44,36,56.850682
-21,-15,25.806976
8,-16,17.888544
4,18,18.439089
-7,-3,7.615773
26,-22,34.058773
3,-25,25.179357
-15,7,16.552945
10,22,24.166092
13,29,31.780497
34,18,38.470768
-47,27,54.203321
1,27,27.018512
33,15,36.249138
-15,-7,16.552945
13,25,28.178006
-12,-2,12.165525
28,14,31.304952
-3,5,5.830952
13,35,37.336309
2,34,34.058773
13,-21,24.698178
20,14,24.413111
20,-14,24.413111
-3,-15,15.297059
14,-22,26.076810
-3,-15,15.297059
-8,8,11.313708
-3,-13,13.341664
-12,2,12.165525
-35,35,49.497475
-16,12,20.000000
18,4,18.439089
-29,3,29.154759
-27,11,29.154759
-14,22,26.076810
-1,19,19.026298
21,-9,22.847319
3,-13,13.341664
6,2,6.324555
-2,20,20.099751
25,-51,56.797887
1,11,11.045361
-33,-19,38.078866
21,-23,31.144823
34,-18,38.470768
-5,45,45.276926
-59,1,59.008474
-14,10,17.204651
-13,15,19.849433
-32,0,32.000000
12,16,20.000000
-25,-1,25.019992
10,-28,29.732137
-27,9,28.460499
31,5,31.400637
28,32,42.520583
-3,-21,21.213203
-21,-11,23.706539
-5,5,7.071068
0,-2,2.000000
32,20,37.735925
-16,56,58.240879
2,-8,8.246211
-17,-17,24.041631
-11,11,15.556349
-41,-3,41.109610
21,17,27.018512
18,-20,26.907248
16,30,34.000000
-11,-15,18.601075
-39,-9,40.024992
-11,-15,18.601075
-4,20,20.396078
-54,12,55.317267
-15,35,38.078866
6,2,6.324555
-7,71,71.344236
-34,0,34.000000
-2,-24,24.083189
-23,45,50.537115
15,-21,25.806976
-5,51,51.244512
-47,-9,47.853944
-7,33,33.734256
-56,-22,60.166436
10,8,12.806248
-1,-31,31.016125
-26,-6,26.683328
-10,14,17.204651
11,-11,15.556349
19,-17,25.495098
-13,13,18.384776
33,11,34.785054
-2,-6,6.324555
-12,-4,12.649111
-14,-16,21.260292
-15,-17,22.671568
-55,-19,58.189346
9,-23,24.698178
26,14,29.529646
-22,-22,31.112698
35,13,37.336309
-11,-9,14.212670
-34,6,34.525353
-54,-16,56.320511
15,-51,53.160135
2,26,26.076810
26,18,31.622777
6,24,24.738634
-4,6,7.211103
18,6,18.973666
-22,8,23.409400
-4,36,36.221541
-32,-4,32.249031
9,-1,9.055385
4,2,4.472136
65,17,67.186308
-23,-15,27.459060
42,8,42.755117
-27,-11,29.154759
20,-4,20.396078
3,43,43.104524
8,-20,21.540659
16,-20,25.612497
-12,-34,36.055513
22,-14,26.076810
33,-3,33.136083
-8,68,68.468971
-14,-20,24.413111
-11,-21,23.706539
-17,-19,25.495098
-41,27,49.091751
-11,19,21.954498
20,-12,23.323808
30,6,30.594117
13,-17,21.400935
-31,-35,46.754679
1,-23,23.021729
27,-23,35.468296
-16,24,28.844410
2,14,14.142136
-13,29,31.780497
5,13,13.928388
7,7,9.899495
-45,5,45.276926
-24,22,32.557641
7,23,24.041631
-27,-7,27.892651
-5,23,23.537205
11,19,21.954498
26,2,26.076810
-3,29,29.154759
-23,9,24.698178
-33,31,45.276926
-4,24,24.331050
-5,-3,5.830952
6,-4,7.211103
-2,-8,8.246211
12,12,16.970563
2,4,4.472136
42,6,42.426407
7,-23,24.041631
-1,-7,7.071068
-4,20,20.396078
6,-4,7.211103
10,-4,10.770330
-21,-25,32.649655
-1,13,13.038405
-23,-11,25.495098
39,5,39.319207
3,-43,43.104524
36,34,49.517674
40,-12,41.761226
-28,-20,34.409301
-24,18,30.000000
-2,-2,2.828427
22,-4,22.360680
21,5,21.587033
4,-2,4.472136
-42,8,42.755117
-2,32,32.062439
29,39,48.600412
7,-9,11.401754
-4,4,5.656854
15,-11,18.601075
-4,-30,30.265492
-26,42,49.396356
1,11,11.045361
-17,-7,18.384776
14,34,36.769553
-18,38,42.047592
4,12,12.649111
-14,16,21.260292
11,45,46.324939
-32,24,40.000000
-13,-9,15.811388
-8,16,17.888544
10,-16,18.867962
12,-2,12.165525
-1,15,15.033296
18,-34,38.470768
17,15,22.671568
-8,6,10.000000
2,-4,4.472136
-20,-8,21.540659
-9,-41,41.976184
13,11,17.029386
28,10,29.732137
27,33,42.638011
52,18,55.027266
28,-2,28.071338
5,13,13.928388
-29,-5,29.427878
-16,-4,16.492423
33,7,33.734256
-5,-39,39.319207
9,-21,22.847319
10,14,17.204651
-16,24,28.844410
40,20,44.721360
-23,39,45.276926
10,-24,26.000000
-12,2,12.165525
-34,32,46.690470
5,-17,17.720045
-24,12,26.832816
3,3,4.242641
-20,22,29.732137
-13,-27,29.966648
-21,-23,31.144823
14,-24,27.784888
-7,21,22.135944
17,33,37.121422
27,23,35.468296
-9,7,11.401754
-8,24,25.298221
24,-4,24.331050
3,-17,17.262677
-3,-1,3.162278
13,-7,14.764823
18,-8,19.697716
-12,32,34.176015
11,-13,17.029386
4,-14,14.560220
24,-8,25.298221
6,-8,10.000000
-11,-43,44.384682
49,-9,49.819675
-36,-32,48.166378
24,6,24.738634
5,-37,37.336309
-21,-21,29.698485
4,-32,32.249031
8,-68,68.468971
-23,-59,63.324561
13,7,14.764823
-10,-14,17.204651
19,13,23.021729
38,-36,52.345009
-15,17,22.671568
-1,3,3.162278
-5,-23,23.537205
-4,14,14.560220
33,31,45.276926
-2,4,4.472136
48,0,48.000000
-20,-46,50.159745
7,-19,20.248457
-9,-15,17.492856
36,-12,37.947332
27,7,27.892651
9,5,10.295630
-12,6,13.416408
-27,21,34.205263
27,-9,28.460499
16,-12,20.000000
32,34,46.690470
-21,-45,49.658836
2,-2,2.828427
-1,17,17.029386
-23,-31,38.600518
17,5,17.720045
-28,18,33.286634
-39,-17,42.544095
-27,29,39.623226
-36,30,46.861498
-19,-27,33.015148
9,-23,24.698178
16,8,17.888544
-9,15,17.492856
35,1,35.014283
10,0,10.000000
-4,34,34.234486
-35,1,35.014283
-5,-43,43.289722
8,-52,52.611786
-36,-40,53.814496
6,10,11.661904
-3,23,23.194827
-1,-7,7.071068
-6,8,10.000000
-5,-1,5.099020
-19,43,47.010637
44,-32,54.405882
10,36,37.363083
-46,2,46.043458
19,15,24.207437
-13,21,24.698178
-8,20,21.540659
-1,-25,25.019992
-28,20,34.409301
-11,-3,11.401754
-14,-2,14.142136
-17,17,24.041631
-14,30,33.105891
42,4,42.190046
0,28,28.000000
-5,39,39.319207
-16,-30,34.000000
-67,-27,72.235725
-1,3,3.162278
23,61,65.192024
2,14,14.142136
24,-12,26.832816
-33,-25,41.400483
5,-47,47.265209
-10,8,12.806248
5,19,19.646883
53,-31,61.400326
-35,15,38.078866
-7,-1,7.071068
10,32,33.526109
-21,17,27.018512
-38,-18,42.047592
33,-1,33.015148
-10,52,52.952809
-5,-3,5.830952
-10,-4,10.770330
-24,-62,66.483081
-4,-40,40.199502
30,-12,32.310989
6,0,6.000000
4,-4,5.656854
-26,-42,49.396356
32,20,37.735925
-18,-14,22.803509
22,-22,31.112698
-6,-66,66.272166
13,-21,24.698178
4,-24,24.331050
-23,-11,25.495098
36,40,53.814496
28,34,44.045431
-33,1,33.015148
-30,20,36.055513
50,-12,51.419841
33,-27,42.638011
44,-14,46.173586
10,-20,22.360680
30,-36,46.861498
-6,-20,20.880613
8,10,12.806248
12,-12,16.970563
26,0,26.000000
11,23,25.495098
14,12,18.439089
-12,-52,53.366656
-29,-15,32.649655
22,-28,35.608988
-7,-37,37.656341
-2,16,16.124515
-6,0,6.000000
-13,7,14.764823
21,5,21.587033
-17,-23,28.600699
38,18,42.047592
11,15,18.601075
32,18,36.715120
30,32,43.863424
11,-3,11.401754
8,-8,11.313708
46,-76,88.836929
8,0,8.000000
23,-3,23.194827
36,4,36.221541
-14,-2,14.142136
-8,6,10.000000
-46,-34,57.201399
12,8,14.422205
16,20,25.612497
0,6,6.000000
-23,9,24.698178
-4,-34,34.234486
12,8,14.422205
-15,-5,15.811388
8,32,32.984845
-12,-10,15.620499
-1,-29,29.017236
0,-24,24.000000
0,-32,32.000000
0,-36,36.000000
-5,1,5.099020
46,-10,47.074409
-51,-23,55.946403
-1,9,9.055385
-41,-33,52.630789
5,21,21.587033
-3,-11,11.401754
24,-14,27.784888
23,17,28.600699
51,-1,51.009803
4,-18,18.439089
75,33,81.939002
17,11,20.248457
8,18,19.697716
33,-19,38.078866
-11,-7,13.038405
-3,-13,13.341664
-23,-11,25.495098
19,15,24.207437
-9,49,49.819675
-12,-16,20.000000
18,-8,19.697716
-10,8,12.806248
-27,13,29.966648
19,15,24.207437
-28,4,28.284271
-25,43,49.739320
10,-10,14.142136
-8,46,46.690470
-9,51,51.788030
-16,10,18.867962
26,-8,27.202941
-35,-23,41.880783
-5,-39,39.319207
12,-10,15.620499
12,34,36.055513
29,-7,29.832868
30,-8,31.048349
-8,-8,11.313708
8,16,17.888544
6,-4,7.211103
-38,14,40.496913
-25,-13,28.178006
8,14,16.124515
-3,-3,4.242641
0,18,18.000000
27,1,27.018512
-16,40,43.081318
27,17,31.906112
5,19,19.646883
12,2,12.165525
17,-17,24.041631
-45,1,45.011110
-4,-16,16.492423
7,21,22.135944
-31,11,32.893768
-34,-22,40.496913
-5,11,12.083046
-26,18,31.622777
-54,-18,56.920998
7,-13,14.764823
-17,-5,17.720045
9,43,43.931765
-18,8,19.697716
31,1,31.016125
-10,10,14.142136
9,21,22.847319
-27,-3,27.166155
18,-40,43.863424
-5,17,17.720045
-17,-23,28.600699
-43,27,50.774009
-27,25,36.796739
-35,-9,36.138622
15,17,22.671568
52,-4,52.153619
-3,7,7.615773
29,-37,47.010637
-26,2,26.076810
1,-29,29.017236
-8,8,11.313708
-21,37,42.544095
-14,18,22.803509
3,21,21.213203
-26,-2,26.076810
58,28,64.404969
2,-4,4.472136
21,7,22.135944
-3,-11,11.401754
45,-33,55.803226
0,4,4.000000
-13,17,21.400935
-7,7,9.899495
11,25,27.313001
44,36,56.850682
6,32,32.557641
10,-32,33.526109
-6,-56,56.320511
-5,-3,5.830952
-25,-21,32.649655
8,-12,14.422205
6,14,15.231546
49,-7,49.497475
-22,0,22.000000
-25,-1,25.019992
-23,-1,23.021729
13,17,21.400935
-1,-17,17.029386
-20,30,36.055513
16,10,18.867962
-11,21,23.706539
5,41,41.303753
7,-1,7.071068
-32,8,32.984845
-6,-2,6.324555
34,-30,45.343136
-17,-29,33.615473
17,-9,19.235384
-21,-43,47.853944
-36,10,37.363083
18,2,18.110770
11,-47,48.270074
-17,-5,17.720045
-17,-41,44.384682
6,4,7.211103
-25,17,30.232433
1,-55,55.009090
-21,3,21.213203
17,-39,42.544095
-10,-20,22.360680
-19,3,19.235384
-3,-3,4.242641
1,-23,23.021729
-45,19,48.846699
-62,-12,63.150614
-20,-12,23.323808
66,8,66.483081
24,32,40.000000
-12,42,43.680659
-32,38,49.678969
14,-18,22.803509
27,-9,28.460499
-7,-5,8.602325
-33,25,41.400483
20,10,22.360680
23,-39,45.276926
8,26,27.202941
15,-33,36.249138
19,5,19.646883
23,-5,23.537205
-7,21,22.135944
-3,39,39.115214
31,17,35.355339
6,-16,17.088007
26,20,32.802439
-14,10,17.204651
12,-24,26.832816
-22,16,27.202941
5,21,21.587033
12,-14,18.439089
27,17,31.906112
41,11,42.449971
-10,16,18.867962
-32,22,38.832976
30,12,32.310989
-7,9,11.401754
-10,44,45.122057
1,23,23.021729
29,-29,41.012193
-60,8,60.530984
-35,45,57.008771
-24,-22,32.557641
37,7,37.656341
-7,-15,16.552945
18,-36,40.249224
21,5,21.587033
6,-20,20.880613
34,-10,35.440090
25,41,48.020829
2,-36,36.055513
-6,58,58.309519
-10,-26,27.856777
14,-14,19.798990
-14,26,29.529646
-4,-8,8.944272
12,12,16.970563
32,-18,36.715120
-18,4,18.439089
28,-30,41.036569
17,-5,17.720045
9,3,9.486833
23,9,24.698178
-5,21,21.587033
-27,-7,27.892651
42,-16,44.944410
24,10,26.000000
-1,5,5.099020
-54,10,54.918121
-25,19,31.400637
1,5,5.099020
28,-26,38.209946
-17,37,40.718546
46,-26,52.839379
-19,15,24.207437
-12,-8,14.422205
13,-13,18.384776
18,-6,18.973666
-48,-12,49.477268
32,12,34.176015
4,40,40.199502
17,1,17.029386
-2,-38,38.052595
-5,-1,5.099020
-45,-13,46.840154
35,-43,55.443665
4,-24,24.331050
11,-7,13.038405
18,16,24.083189
-8,0,8.000000
-33,9,34.205263
-8,18,19.697716
51,41,65.436993
31,29,42.449971
27,13,29.966648
16,-6,17.088007
-11,7,13.038405
-18,4,18.439089
9,-7,11.401754
22,14,26.076810
4,-30,30.265492
-4,-38,38.209946
-15,-3,15.297059
-1,19,19.026298
11,-7,13.038405
-4,14,14.560220
2,-4,4.472136
43,7,43.566042
-12,-36,37.947332
3,-23,23.194827
-2,-6,6.324555
7,11,13.038405
26,2,26.076810
-13,33,35.468296
33,13,35.468296
12,-12,16.970563
-1,37,37.013511
7,-15,16.552945
-16,-20,25.612497
26,-20,32.802439
32,4,32.249031
-5,13,13.928388
16,12,20.000000
-2,18,18.110770
5,5,7.071068
-29,-1,29.017236
-11,-9,14.212670
-6,-12,13.416408
-17,25,30.232433
2,0,2.000000
36,-20,41.182521
-40,-12,41.761226
12,12,16.970563
6,-14,15.231546
-11,-5,12.083046
40,-22,45.650849
22,-10,24.166092
14,-16,21.260292
10,-8,12.806248
5,-3,5.830952
47,-3,47.095647
25,19,31.400637
1,-3,3.162278
0,-12,12.000000
0,-12,12.000000
31,-37,48.270074
-43,-13,44.922155
21,-21,29.698485
26,-4,26.305893
-49,55,73.661387
28,0,28.000000
9,-1,9.055385
9,7,11.401754
-12,-6,13.416408
-16,8,17.888544
6,6,8.485281
-25,11,27.313001
-21,17,27.018512
-3,-35,35.128336
21,-15,25.806976
-13,47,48.764741
-25,-5,25.495098
-1,21,21.023796
28,-18,33.286634
-9,-5,10.295630
-62,-28,68.029405
40,-34,52.497619
-31,-3,31.144823
-22,24,32.557641
9,1,9.055385
-12,-2,12.165525
30,10,31.622777
16,6,17.088007
-12,26,28.635642
-15,29,32.649655
3,27,27.166155
3,17,17.262677
-29,-31,42.449971
3,-17,17.262677
-6,28,28.635642
-30,26,39.698866
0,-6,6.000000
-19,7,20.248457
-38,-10,39.293765
-48,-12,49.477268
17,3,17.262677
-3,31,31.144823
29,37,47.010637
-6,-10,11.661904
-2,10,10.198039
4,18,18.439089
-17,-7,18.384776
19,-63,65.802736
-7,-27,27.892651
-20,-2,20.099751
-13,-11,17.029386
-41,27,49.091751
-9,-41,41.976184
-20,14,24.413111
5,-27,27.459060
23,7,24.041631
-4,26,26.305893
9,-41,41.976184
43,-11,44.384682
8,32,32.984845
30,0,30.000000
21,13,24.698178
-32,4,32.249031
33,-17,37.121422
40,4,40.199502
-9,-11,14.212670
-41,-75,85.475143
29,-3,29.154759
42,-14,44.271887
7,-29,29.832868
-24,30,38.418745
46,-24,51.884487
28,48,55.569776
-32,-20,37.735925
5,35,35.355339
20,-32,37.735925
-8,-6,10.000000
-6,18,18.973666
-4,18,18.439089
-35,-5,35.355339
10,0,10.000000
-17,-13,21.400935
-14,44,46.173586
7,17,18.384776
20,18,26.907248
-1,-29,29.017236
8,-8,11.313708
22,-22,31.112698
11,-21,23.706539
-21,-35,40.816663
-23,-5,23.537205
24,18,30.000000
14,-12,18.439089
24,0,24.000000
-5,-11,12.083046
-15,-5,15.811388
-3,47,47.095647
9,19,21.023796
20,-12,23.323808
6,-12,13.416408
3,29,29.154759
25,45,51.478151
-2,-16,16.124515
17,-7,18.384776
-7,9,11.401754
2,20,20.099751
6,42,42.426407
-10,-6,11.661904
-18,-14,22.803509
6,4,7.211103
-15,-15,21.213203
-18,-10,20.591260
17,-19,25.495098
-18,-52,55.027266
56,-20,59.464275
0,34,34.000000
1,-1,1.414214
-41,-21,46.065171
-8,-16,17.888544
11,-19,21.954498
-32,12,34.176015
8,10,12.806248
8,-8,11.313708
-28,-54,60.827625
1,-19,19.026298
11,-1,11.045361
-8,-28,29.120440
-7,-9,11.401754
2,-2,2.828427
-13,31,33.615473
-10,16,18.867962
20,-54,57.584720
-15,-11,18.601075
-4,18,18.439089
-18,16,24.083189
12,14,18.439089
30,-26,39.698866
-28,28,39.597980
-1,13,13.038405
9,-9,12.727922
30,-58,65.299311
3,21,21.213203
-6,-26,26.683328
27,-11,29.154759
27,-23,35.468296
-13,1,13.038405
-39,-5,39.319207
41,-3,41.109610
2,-24,24.083189
10,-14,17.204651
-32,40,51.224994
-26,-12,28.635642
-29,-15,32.649655
1,27,27.018512
-8,32,32.984845
-26,-26,36.769553
33,29,43.931765
13,-51,52.630789
-2,-20,20.099751
8,-8,11.313708
5,-25,25.495098
2,16,16.124515
-1,-5,5.099020
16,42,44.944410
-13,-15,19.849433
8,2,8.246211
-36,-14,38.626416
-23,11,25.495098
-14,14,19.798990
12,18,21.633308
10,-16,18.867962
-11,-21,23.706539
8,-36,36.878178
-26,16,30.528675
8,6,10.000000
-9,21,22.847319
10,-16,18.867962
-24,-22,32.557641
23,5,23.537205
15,-27,30.886890
-22,10,24.166092
16,14,21.260292
-3,-1,3.162278
-5,3,5.830952
-6,-18,18.973666
-5,-37,37.336309
-16,-4,16.492423
-18,56,58.821765
-17,25,30.232433
8,-16,17.888544
-7,-13,14.764823
24,12,26.832816
24,-24,33.941125
4,22,22.360680
15,-9,17.492856
8,36,36.878178
-34,-10,35.440090
-27,39,47.434165
13,19,23.021729
-36,18,40.249224
12,8,14.422205
-4,-6,7.211103
2,-6,6.324555
-21,-17,27.018512
25,45,51.478151
19,3,19.235384
9,39,40.024992
0,-28,28.000000
-2,-16,16.124515
49,21,53.310412
-29,23,37.013511
15,15,21.213203
-17,-13,21.400935
-22,0,22.000000
-33,23,40.224371
21,21,29.698485
33,31,45.276926
5,-25,25.495098
20,-16,25.612497
-12,0,12.000000
1,-37,37.013511
22,-4,22.360680
-33,-21,39.115214
29,5,29.427878
-31,25,39.824616
-5,19,19.646883
7,3,7.615773
-17,13,21.400935
5,-45,45.276926
30,10,31.622777
-2,2,2.828427
5,5,7.071068
10,32,33.526109
-6,-18,18.973666
33,39,51.088159
2,14,14.142136
2,8,8.246211
15,1,15.033296
12,-6,13.416408
-35,23,41.880783
10,-40,41.231056
4,20,20.396078
-11,21,23.706539
-5,3,5.830952
-16,0,16.000000
-20,-12,23.323808
-32,30,43.863424
12,10,15.620499
-56,12,57.271284
26,14,29.529646
55,5,55.226805
34,-14,36.769553
21,15,25.806976
31,5,31.400637
7,-7,9.899495
-12,-2,12.165525
-54,-40,67.201190
43,-5,43.289722
-36,6,36.496575
-1,-5,5.099020
-18,-2,18.110770
-18,-10,20.591260
-13,-3,13.341664
-44,34,55.605755
35,-3,35.128336
-19,-19,26.870058
45,25,51.478151
42,18,45.694639
27,-5,27.459060
43,-1,43.011626
-2,22,22.090722
-42,-36,55.317267
11,19,21.954498
8,-24,25.298221
14,-70,71.386273
-20,-6,20.880613
22,24,32.557641
-32,32,45.254834
10,-40,41.231056
14,-24,27.784888
-33,-41,52.630789
11,-69,69.871310
6,-4,7.211103
14,0,14.000000
7,15,16.552945
2,40,40.049969
40,50,64.031242
-21,25,32.649655
53,15,55.081757
-5,11,12.083046
61,-7,61.400326
5,45,45.276926
10,12,15.620499
25,-23,33.970576
-32,-14,34.928498
-11,73,73.824115
-20,-12,23.323808
17,9,19.235384
2,-24,24.083189
13,29,31.780497
-6,38,38.470768
10,18,20.591260
17,17,24.041631
-26,22,34.058773
15,-23,27.459060
-18,20,26.907248
17,-33,37.121422
13,27,29.966648
-8,-44,44.721360
-14,-4,14.560220
3,-19,19.235384
14,-34,36.769553
4,36,36.221541
24,-30,38.418745
2,-8,8.246211
14,24,27.784888
-12,24,26.832816
46,8,46.690470
18,4,18.439089
-60,10,60.827625
6,-10,11.661904
0,4,4.000000
10,-16,18.867962
-29,-7,29.832868
-27,-33,42.638011
-39,-17,42.544095
-10,-10,14.142136
-10,-6,11.661904
20,-56,59.464275
-7,7,9.899495
-11,-43,44.384682
-48,8,48.662100
-11,-3,11.401754
22,26,34.058773
-11,9,14.212670
13,11,17.029386
-5,-11,12.083046
-15,9,17.492856
-8,-4,8.944272
-36,-34,49.517674
-11,19,21.954498
-16,-22,27.202941
8,4,8.944272
9,1,9.055385
-11,-15,18.601075
2,8,8.246211
-47,-25,53.235327
0,24,24.000000
12,-28,30.463092
33,-7,33.734256
16,6,17.088007
-27,-17,31.906112
3,-21,21.213203
-20,46,50.159745
2,20,20.099751
-4,24,24.331050
11,-21,23.706539
18,-6,18.973666
9,45,45.891176
51,11,52.172790
24,-12,26.832816
-15,-29,32.649655
-13,-37,39.217343
-11,-15,18.601075
14,12,18.439089
4,16,16.492423
16,14,21.260292
12,16,20.000000
28,10,29.732137
-20,10,22.360680
26,2,26.076810
-28,8,29.120440
34,10,35.440090
-20,0,20.000000
15,5,15.811388
-22,14,26.076810
3,5,5.830952
41,-17,44.384682
13,-41,43.011626
-47,-41,62.369865
-35,-1,35.014283
-11,-27,29.154759
19,-27,33.015148
8,-20,21.540659
31,-3,31.144823
8,-10,12.806248
-17,7,18.384776
-15,3,15.297059
-9,-17,19.235384
33,-3,33.136083
7,49,49.497475
2,-10,10.198039
-38,-24,44.944410
6,16,17.088007
-13,-45,46.840154
0,-6,6.000000
41,13,43.011626
32,20,37.735925
32,-14,34.928498
-7,19,20.248457
12,-32,34.176015
30,8,31.048349
13,13,18.384776
24,2,24.083189
19,-19,26.870058
-35,17,38.910153
4,12,12.649111
32,6,32.557641
8,-18,19.697716
3,9,9.486833
-5,-21,21.587033
5,23,23.537205
13,23,26.419690
-3,11,11.401754
-14,10,17.204651
-12,6,13.416408
22,-38,43.908997
14,-22,26.076810
-8,10,12.806248
-5,-39,39.319207
17,5,17.720045
32,-32,45.254834
16,2,16.124515
-23,-51,55.946403
19,-27,33.015148
28,12,30.463092
-19,-15,24.207437
34,-20,39.446166
-20,-22,29.732137
-22,-16,27.202941
-1,-35,35.014283
15,25,29.154759
4,-12,12.649111
-3,1,3.162278
5,-35,35.355339
-19,-61,63.890531
-32,26,41.231056
5,19,19.646883
42,12,43.680659
-7,27,27.892651
-10,4,10.770330
-34,4,34.234486
5,-21,21.587033
-7,31,31.780497
-10,6,11.661904
-4,-28,28.284271
-12,-32,34.176015
27,9,28.460499
-2,18,18.110770
-10,-20,22.360680
20,10,22.360680
5,-17,17.720045
-10,12,15.620499
-23,25,33.970576
-23,17,28.600699
-15,-15,21.213203
-9,-25,26.570661
-33,-7,33.734256
6,-4,7.211103
-62,2,62.032250
-16,-16,22.627417
-19,-1,19.026298
-1,31,31.016125
-31,3,31.144823
-28,28,39.597980
6,-16,17.088007
-4,-30,30.265492
-35,19,39.824616
-48,-22,52.801515
1,-11,11.045361
-10,-42,43.174066
-40,-12,41.761226
7,13,14.764823
9,-27,28.460499
-26,-24,35.383612
-33,19,38.078866
-11,17,20.248457
-4,-34,34.234486
-5,-11,12.083046
29,11,31.016125
-2,-50,50.039984
-16,26,30.528675
-22,-12,25.059928
-25,-71,75.272837
16,4,16.492423
-13,19,23.021729
19,-7,20.248457
-2,0,2.000000
-25,-15,29.154759
24,-14,27.784888
19,-33,38.078866
37,1,37.013511
-17,-3,17.262677
11,-17,20.248457
-27,-31,41.109610
25,-21,32.649655
9,-1,9.055385
20,30,36.055513
-8,-6,10.000000
4,22,22.360680
5,5,7.071068
-32,-2,32.062439
-52,40,65.604878
-3,-41,41.109610
7,9,11.401754
-18,2,18.110770
-10,22,24.166092
6,18,18.973666
13,-31,33.615473
-30,20,36.055513
-4,-14,14.560220
14,-38,40.496913
-36,-10,37.363083
23,-11,25.495098
-26,0,26.000000
1,25,25.019992
-17,-11,20.248457
21,11,23.706539
-46,30,54.918121
-16,-14,21.260292
-27,-3,27.166155
52,12,53.366656
42,-8,42.755117
-36,-8,36.878178
-32,-6,32.557641
28,-6,28.635642
-36,16,39.395431
31,9,32.280025
4,2,4.472136
25,-1,25.019992
40,-14,42.379240
-23,-7,24.041631
3,11,11.401754
22,-52,56.462377
24,28,36.878178
18,-18,25.455844
4,-2,4.472136
0,40,40.000000
-22,4,22.360680
-23,9,24.698178
7,23,24.041631
-9,-21,22.847319
-4,64,64.124878
15,1,15.033296
34,14,36.769553
-50,8,50.635956
-51,-21,55.154329
4,-8,8.944272
13,-19,23.021729
45,-13,46.840154
7,-15,16.552945
-12,-6,13.416408
15,-9,17.492856
-12,20,23.323808
-16,-6,17.088007
35,15,38.078866
28,-20,34.409301
-25,19,31.400637
25,-27,36.796739
-18,-22,28.425341
11,15,18.601075
35,33,48.104054
-7,-29,29.832868
11,27,29.154759
21,-29,35.805028
-25,15,29.154759
14,46,48.083261
-36,-36,50.911688
2,-4,4.472136
20,-30,36.055513
-6,6,8.485281
8,-28,29.120440
-6,0,6.000000
3,-5,5.830952
-37,17,40.718546
-45,1,45.011110
16,24,28.844410
-14,14,19.798990
43,7,43.566042
-24,4,24.331050
-4,4,5.656854
-18,-6,18.973666
16,10,18.867962
18,-20,26.907248
-33,-3,33.136083
-6,28,28.635642
38,-18,42.047592
-15,9,17.492856
-7,5,8.602325
4,26,26.305893
5,-13,13.928388
-4,-22,22.360680
17,-17,24.041631
6,12,13.416408
2,4,4.472136
0,40,40.000000
-7,17,18.384776
-15,-7,16.552945
-27,-9,28.460499
11,31,32.893768
-4,-12,12.649111
-18,40,43.863424
41,25,48.020829
19,23,29.832868
1,19,19.026298
2,-6,6.324555
13,13,18.384776
-37,-5,37.336309
-38,16,41.231056
-26,-10,27.856777
-4,-20,20.396078
4,-40,40.199502
-5,63,63.198101
-40,-36,53.814496
28,-26,38.209946
-13,-21,24.698178
-14,38,40.496913
24,4,24.331050
-20,2,20.099751
54,14,55.785303
10,-60,60.827625
-13,-41,43.011626
5,31,31.400637
15,-61,62.817195
-21,29,35.805028
-2,10,10.198039
-47,-7,47.518417
4,2,4.472136
4,12,12.649111
5,-1,5.099020
47,-13,48.764741
20,6,20.880613
13,-33,35.468296
36,-16,39.395431
-10,0,10.000000
-14,-8,16.124515
-18,24,30.000000
32,20,37.735925
-23,-47,52.325902
-44,12,45.607017
-1,-13,13.038405
5,31,31.400637
17,33,37.121422
8,-44,44.721360
-12,-10,15.620499
-5,39,39.319207
-12,18,21.633308
-31,31,43.840620
9,-5,10.295630
11,-29,31.016125
-51,53,73.552702
-13,17,21.400935
-26,-10,27.856777
19,1,19.026298
21,17,27.018512
10,18,20.591260
21,13,24.698178
-11,-13,17.029386
26,8,27.202941
-2,12,12.165525
-15,-7,16.552945
24,54,59.093147
21,-17,27.018512
-21,-3,21.213203
-12,2,12.165525
-18,-6,18.973666
0,-20,20.000000
-51,-21,55.154329
-2,26,26.076810
40,4,40.199502
1,-1,1.414214
-7,19,20.248457
-9,-63,63.639610
23,-37,43.566042
-13,-7,14.764823
-20,-2,20.099751
-17,-17,24.041631
-9,-29,30.364453
-6,22,22.803509
-10,-6,11.661904
-15,17,22.671568
2,-10,10.198039
-28,-22,35.608988
-28,8,29.120440
22,-38,43.908997
-22,2,22.090722
19,15,24.207437
-22,-18,28.425341
-30,2,30.066593
1,17,17.029386
1,1,1.414214
16,-42,44.944410
7,9,11.401754
-2,16,16.124515
52,38,64.404969
-29,-39,48.600412
19,-45,48.846699
6,22,22.803509
12,10,15.620499
42,-16,44.944410
-2,28,28.071338
15,39,41.785165
-26,0,26.000000
-40,-14,42.379240
-23,21,31.144823
9,-39,40.024992
34,-6,34.525353
-47,15,49.335586
-33,17,37.121422
7,-27,27.892651
25,-5,25.495098
9,15,17.492856
16,14,21.260292
-29,21,35.805028
-17,-33,37.121422
9,-25,26.570661
-15,17,22.671568
-17,1,17.029386
6,-26,26.683328
27,-7,27.892651
-11,-7,13.038405
-40,-28,48.826222
22,6,22.803509
25,-15,29.154759
-11,19,21.954498
-33,-1,33.015148
7,27,27.892651
1,-17,17.029386
22,28,35.608988
-17,-41,44.384682
34,-28,44.045431
-12,28,30.463092
7,13,14.764823
16,-26,30.528675
0,22,22.000000
3,1,3.162278
-21,7,22.135944
-1,-11,11.045361
-32,34,46.690470
13,-15,19.849433
-38,-16,41.231056
7,-27,27.892651
45,21,49.658836
14,34,36.769553
-24,40,46.647615
4,-14,14.560220
-9,-15,17.492856
-29,11,31.016125
23,-5,23.537205
2,4,4.472136
22,40,45.650849
-12,-2,12.165525
-6,-30,30.594117
2,32,32.062439
-11,-27,29.154759
3,35,35.128336
2,-26,26.076810
-29,11,31.016125
-13,1,13.038405
-27,49,55.946403
-6,-10,11.661904
10,-2,10.198039
4,-46,46.173586
12,4,12.649111
-8,-16,17.888544
12,-6,13.416408
-35,-21,40.816663
-21,33,39.115214
-22,42,47.413078
-22,2,22.090722
-8,-32,32.984845
-22,-16,27.202941
8,24,25.298221
25,-7,25.961510
-25,-17,30.232433
20,-16,25.612497
18,-6,18.973666
6,-28,28.635642
16,20,25.612497
-11,31,32.893768
32,-24,40.000000
-15,9,17.492856
-12,-16,20.000000
38,8,38.832976
16,-36,39.395431
14,-2,14.142136
3,9,9.486833
7,15,16.552945
-50,14,51.923020
23,13,26.419690
12,0,12.000000
7,-7,9.899495
5,3,5.830952
9,23,24.698178
20,14,24.413111
12,-34,36.055513
5,1,5.099020
16,14,21.260292
14,-28,31.304952
-6,-8,10.000000
24,-24,33.941125
12,-8,14.422205
35,-53,63.513778
-53,23,57.775427
-13,9,15.811388
5,1,5.099020
-11,-29,31.016125
10,-8,12.806248
-20,6,20.880613
12,14,18.439089
-16,10,18.867962
-9,-11,14.212670
-49,-13,50.695167
0,-68,68.000000
-11,3,11.401754
0,6,6.000000
9,-31,32.280025
51,13,52.630789
39,29,48.600412
17,-9,19.235384
-18,-28,33.286634
-23,11,25.495098
11,-15,18.601075
4,8,8.944272
-19,-33,38.078866
4,-36,36.221541
-38,-32,49.678969
-2,6,6.324555
13,17,21.400935
-8,4,8.944272
-12,-10,15.620499
-10,2,10.198039
15,-5,15.811388
-1,-11,11.045361
14,40,42.379240
-11,-3,11.401754
-35,39,52.402290
8,2,8.246211
-26,0,26.000000
-12,28,30.463092
-45,7,45.541190
-17,-37,40.718546
-27,3,27.166155
-4,12,12.649111
-6,20,20.880613
0,4,4.000000
7,7,9.899495
-17,-15,22.671568
6,-22,22.803509
18,8,19.697716
-15,-43,45.541190
-9,-1,9.055385
4,-14,14.560220
35,-5,35.355339
36,54,64.899923
-4,28,28.284271
-14,-2,14.142136
-1,15,15.033296
11,-9,14.212670
33,-9,34.205263
-4,60,60.133186
15,35,38.078866
-14,-46,48.083261
28,-12,30.463092
-13,41,43.011626
28,-18,33.286634
-24,28,36.878178
-18,-12,21.633308
-23,29,37.013511
-18,14,22.803509
-2,-50,50.039984
10,14,17.204651
21,-27,34.205263
7,-35,35.693137
8,20,21.540659
1,-9,9.055385
-33,13,35.468296
33,-7,33.734256
-30,10,31.622777
-16,0,16.000000
-3,-15,15.297059
-4,24,24.331050
3,9,9.486833
-35,15,38.078866
-7,15,16.552945
15,17,22.671568
-8,20,21.540659
2,-12,12.165525
3,3,4.242641
-15,23,27.459060
35,5,35.355339
-7,-25,25.961510
29,-37,47.010637
-7,1,7.071068
-41,31,51.400389
-19,-3,19.235384
13,-17,21.400935
13,-5,13.928388
31,19,36.359318
17,-51,53.758720
-40,2,40.049969
-5,-3,5.830952
20,48,52.000000
-34,26,42.801869
13,-3,13.341664
-22,14,26.076810
20,22,29.732137
-3,-13,13.341664
7,27,27.892651
-21,23,31.144823
-15,25,29.154759
19,25,31.400637
5,-3,5.830952
-9,-7,11.401754
12,24,26.832816
-7,-15,16.552945
10,12,15.620499
21,-3,21.213203
-4,8,8.944272
10,-12,15.620499
12,24,26.832816
-12,-46,47.539457
-12,-24,26.832816
14,16,21.260292
-17,7,18.384776
-17,15,22.671568
-47,-19,50.695167
-6,0,6.000000
44,-18,47.539457
-5,-7,8.602325
-13,11,17.029386
-13,-9,15.811388
-1,-17,17.029386
-4,-2,4.472136
-20,-26,32.802439
-22,-18,28.425341
-22,-20,29.732137
-40,12,41.761226
-16,-28,32.249031
-23,17,28.600699
9,5,10.295630
27,19,33.015148
6,-12,13.416408
47,13,48.764741
-23,21,31.144823
7,-31,31.780497
20,0,20.000000
23,23,32.526912
1,15,15.033296
-12,-12,16.970563
-39,31,49.819675
-26,-24,35.383612
14,2,14.142136
12,12,16.970563
-13,-3,13.341664
-11,35,36.687873
-14,-22,26.076810
33,39,51.088159
46,22,50.990195
-15,-21,25.806976
13,-5,13.928388
9,-27,28.460499
-42,-20,46.518813
-12,-6,13.416408
-34,-14,36.769553
29,13,31.780497
-28,20,34.409301
37,27,45.803930
7,7,9.899495
37,-11,38.600518
12,-6,13.416408
-4,-8,8.944272
15,-21,25.806976
-36,-18,40.249224
-8,2,8.246211
-1,15,15.033296
-16,-6,17.088007
29,-23,37.013511
-9,-31,32.280025
12,-14,18.439089
9,-7,11.401754
1,-37,37.013511
-30,26,39.698866
24,54,59.093147
-23,25,33.970576
20,22,29.732137
-32,-2,32.062439
-6,28,28.635642
1,39,39.012818
-3,5,5.830952
24,-34,41.617304
8,12,14.422205
11,-29,31.016125
-15,5,15.811388
-13,19,23.021729
-6,-4,7.211103
40,10,41.231056
18,38,42.047592
-3,-5,5.830952
-20,6,20.880613
34,-14,36.769553
11,5,12.083046
-15,-35,38.078866
43,-11,44.384682
-11,-7,13.038405
-18,52,55.027266
9,31,32.280025
-17,-9,19.235384
-8,52,52.611786
-23,-13,26.419690
-47,-3,47.095647
-27,37,45.803930
29,-9,30.364453
55,-33,64.140471
-27,21,34.205263
21,15,25.806976
24,8,25.298221
-13,-19,23.021729
-4,26,26.305893
-4,-30,30.265492
-49,-17,51.865210
27,17,31.906112
-42,8,42.755117
-2,2,2.828427
2,-12,12.165525
-9,17,19.235384
12,-12,16.970563
-2,44,44.045431
2,32,32.062439
-8,12,14.422205
23,27,35.468296
-19,15,24.207437
-1,-5,5.099020
13,1,13.038405
8,40,40.792156
12,-10,15.620499
-12,-20,23.323808
6,-34,34.525353
39,-23,45.276926
36,14,38.626416
4,-34,34.234486
-14,22,26.076810
-2,0,2.000000
-18,14,22.803509
34,28,44.045431
17,27,31.906112
10,-26,27.856777
1,-57,57.008771
0,42,42.000000
-12,-18,21.633308
50,20,53.851648
11,-23,25.495098
27,17,31.906112
-10,46,47.074409
-18,20,26.907248
0,-38,38.000000
-19,-15,24.207437
-9,63,63.639610
-9,13,15.811388
-9,-11,14.212670
-15,27,30.886890
-19,-9,21.023796
54,-26,59.933296
-5,3,5.830952
-34,42,54.037024
11,1,11.045361
-46,64,78.816242
-46,2,46.043458
45,7,45.541190
-8,12,14.422205
-2,26,26.076810
5,-11,12.083046
-30,-18,34.985711
34,36,49.517674
-27,-19,33.015148
13,-33,35.468296
12,-6,13.416408
-23,23,32.526912
15,-21,25.806976
21,37,42.544095
26,-10,27.856777
24,4,24.331050
-35,-5,35.355339
28,-12,30.463092
37,37,52.325902
-4,10,10.770330
22,2,22.090722
-10,-8,12.806248
18,18,25.455844
1,9,9.055385
3,-17,17.262677
-24,8,25.298221
-15,-19,24.207437
-3,7,7.615773
47,35,58.600341
26,40,47.707442
0,16,16.000000
-6,0,6.000000
-2,14,14.142136
1,19,19.026298
16,16,22.627417
48,16,50.596443
-11,-19,21.954498
-38,-6,38.470768
1,3,3.162278
-24,-12,26.832816
32,-4,32.249031
-29,-7,29.832868
18,-16,24.083189
-16,8,17.888544
-33,-15,36.249138
20,34,39.446166
-22,48,52.801515
-18,-8,19.697716
-12,-26,28.635642
17,13,21.400935
-27,-15,30.886890
9,15,17.492856
-8,24,25.298221
16,8,17.888544
3,-3,4.242641
34,34,48.083261
-22,-6,22.803509
-17,-29,33.615473
-45,7,45.541190
-7,-19,20.248457
-39,-25,46.324939
1,7,7.071068
-16,6,17.088007
-48,-44,65.115282
-7,17,18.384776
8,60,60.530984
-14,24,27.784888
-7,35,35.693137
15,21,25.806976
-18,-2,18.110770
5,13,13.928388
-38,-28,47.201695
5,-1,5.099020
31,-9,32.280025
-20,-40,44.721360
22,6,22.803509
48,10,49.030603
8,26,27.202941
23,15,27.459060
7,-33,33.734256
24,2,24.083189
-27,43,50.774009
21,-7,22.135944
22,30,37.202150
-6,16,17.088007
5,3,5.830952
-5,-51,51.244512
-9,-9,12.727922
-19,11,21.954498
5,-33,33.376639
30,-28,41.036569
4,-10,10.770330
20,-40,44.721360
-3,45,45.099889
-15,33,36.249138
19,1,19.026298
22,-4,22.360680
5,-1,5.099020
41,1,41.012193
23,-19,29.832868
1,-11,11.045361
0,6,6.000000
-29,-21,35.805028
-43,-5,43.289722
23,-15,27.459060
2,-28,28.071338
16,-38,41.231056
43,9,43.931765
41,-7,41.593269
-6,-18,18.973666
-53,-27,59.481089
-24,-4,24.331050
14,-28,31.304952
38,-30,48.414874
-3,-1,3.162278
29,-1,29.017236
-5,33,33.376639
-19,-31,36.359318
-9,-3,9.486833
14,-28,31.304952
-4,-4,5.656854
26,-18,31.622777
1,-23,23.021729
9,43,43.931765
5,1,5.099020
-25,-11,27.313001
20,-10,22.360680
0,16,16.000000
-28,-40,48.826222
-50,-32,59.363288
3,-1,3.162278
26,32,41.231056
-21,17,27.018512
-32,4,32.249031
18,22,28.425341
6,16,17.088007
25,15,29.154759
32,32,45.254834
-9,41,41.976184
51,3,51.088159
-1,11,11.045361
10,-48,49.030603
20,4,20.396078
-8,-6,10.000000
-27,-25,36.796739
-5,-1,5.099020
11,-21,23.706539
-17,37,40.718546
0,42,42.000000
38,-8,38.832976
-20,-8,21.540659
-29,-19,34.669872
8,-6,10.000000
-15,33,36.249138
-47,-13,48.764741
11,27,29.154759
27,13,29.966648
-18,6,18.973666
9,1,9.055385
-12,-18,21.633308
47,-15,49.335586
-45,-9,45.891176
-15,9,17.492856
12,-6,13.416408
30,2,30.066593
30,-24,38.418745
-15,-19,24.207437
-35,11,36.687873
-25,7,25.961510
35,-15,38.078866
22,0,22.000000
3,11,11.401754
52,-22,56.462377
16,30,34.000000
-15,-5,15.811388
-26,-16,30.528675
-15,25,29.154759
12,22,25.059928
22,22,31.112698
3,-9,9.486833
37,13,39.217343
-61,-19,63.890531
-35,-31,46.754679
42,-16,44.944410
-30,10,31.622777
-8,-20,21.540659
0,22,22.000000
11,-21,23.706539
-10,8,12.806248
7,5,8.602325
1,1,1.414214
16,-12,20.000000
11,-19,21.954498
38,8,38.832976
6,-28,28.635642
44,-16,46.818800
14,4,14.560220
-15,-13,19.849433
28,-30,41.036569
-20,12,23.323808
-39,-5,39.319207
0,22,22.000000
-14,2,14.142136
26,10,27.856777
-2,26,26.076810
8,14,16.124515
-42,24,48.373546
15,-25,29.154759
-19,5,19.646883
23,-19,29.832868
11,13,17.029386
24,18,30.000000
-15,7,16.552945
-7,11,13.038405
-5,9,10.295630
-10,18,20.591260
14,50,51.923020
13,19,23.021729
5,-5,7.071068
-3,-7,7.615773
36,-8,36.878178
-21,-19,28.319605
-40,-28,48.826222
-23,-1,23.021729
1,-37,37.013511
50,30,58.309519
8,20,21.540659
-15,-35,38.078866
-23,-25,33.970576
-28,-18,33.286634
-16,14,21.260292
-2,10,10.198039
5,-7,8.602325
18,58,60.728906
-7,11,13.038405
-6,-36,36.496575
8,-4,8.944272
13,39,41.109610
-23,-15,27.459060
-26,-30,39.698866
12,8,14.422205
36,-14,38.626416
1,-35,35.014283
-15,11,18.601075
-11,29,31.016125
7,-7,9.899495
-20,32,37.735925
24,-12,26.832816
1,-9,9.055385
-14,4,14.560220
14,0,14.000000
12,0,12.000000
-9,31,32.280025
5,-13,13.928388
-27,9,28.460499
15,7,16.552945
-2,42,42.047592
-3,11,11.401754
-8,24,25.298221
52,68,85.603738
-24,0,24.000000
2,2,2.828427
-5,-11,12.083046
46,-54,70.936591
8,-18,19.697716
9,-3,9.486833
-25,7,25.961510
7,-29,29.832868
29,-23,37.013511
20,10,22.360680
8,-18,19.697716
31,41,51.400389
-21,7,22.135944
24,0,24.000000
-24,-28,36.878178
12,58,59.228372
-24,-22,32.557641
34,0,34.000000
-3,1,3.162278
13,23,26.419690
30,-4,30.265492
-10,28,29.732137
1,55,55.009090
-9,-1,9.055385
-15,21,25.806976
21,-15,25.806976
-29,-19,34.669872
30,-12,32.310989
-9,-25,26.570661
-14,-38,40.496913
54,-22,58.309519
18,12,21.633308
31,-27,41.109610
9,-37,38.078866
16,-8,17.888544
59,-5,59.211485
17,7,18.384776
-12,12,16.970563
-26,-22,34.058773
5,-7,8.602325
29,-9,30.364453
-5,-1,5.099020
12,-68,69.050706
2,-8,8.246211
10,22,24.166092
25,7,25.961510
-24,8,25.298221
17,-53,55.659680
5,13,13.928388
3,-15,15.297059
-5,1,5.099020
-3,17,17.262677
-9,11,14.212670
34,2,34.058773
8,40,40.792156
28,-2,28.071338
9,-41,41.976184
22,-6,22.803509
18,-36,40.249224
5,3,5.830952
10,32,33.526109
-10,26,27.856777
-2,-18,18.110770
-5,-9,10.295630
-42,12,43.680659
3,-27,27.166155
-48,-32,57.688820
-34,0,34.000000
-1,-15,15.033296
-13,-5,13.928388
20,26,32.802439
-20,48,52.000000
2,8,8.246211
-25,11,27.313001
-10,-10,14.142136
-2,-28,28.071338
-32,14,34.928498
7,15,16.552945
14,0,14.000000
-17,27,31.906112
-26,22,34.058773
54,-10,54.918121
31,27,41.109610
-53,-7,53.460266
16,46,48.703183
31,-19,36.359318
16,10,18.867962
-2,-6,6.324555
21,-33,39.115214
10,-12,15.620499
39,-27,47.434165
-9,-35,36.138622
17,-19,25.495098
4,-2,4.472136
-8,10,12.806248
-38,8,38.832976
-9,-49,49.819675
48,-20,52.000000
8,24,25.298221
12,-12,16.970563
11,25,27.313001
-28,-48,55.569776
5,17,17.720045
8,-4,8.944272
-1,-41,41.012193
7,11,13.038405
-6,18,18.973666
5,-21,21.587033
-79,-3,79.056942
-38,18,42.047592
2,-6,6.324555
-6,6,8.485281
-15,-23,27.459060
35,-25,43.011626
2,28,28.071338
45,11,46.324939
32,-8,32.984845
-50,2,50.039984
5,-17,17.720045
-30,-2,30.066593
9,-39,40.024992
-43,-13,44.922155
-9,-19,21.023796
-38,-2,38.052595
4,-22,22.360680
-49,-29,56.938563
-14,12,18.439089
-43,27,50.774009
-15,-5,15.811388
-11,-15,18.601075
-2,4,4.472136
31,-1,31.016125
20,-44,48.332184
-21,-19,28.319605
0,-8,8.000000
-8,-50,50.635956
-3,5,5.830952
6,-16,17.088007
0,4,4.000000
-9,5,10.295630
-9,-29,30.364453
-20,-26,32.802439
51,-39,64.202804
17,39,42.544095
-27,-25,36.796739
33,19,38.078866
0,18,18.000000
-22,-32,38.832976
35,19,39.824616
-18,32,36.715120
6,-44,44.407207
17,-35,38.910153
-3,-25,25.179357
-28,44,52.153619
-19,-1,19.026298
1,1,1.414214
-35,-23,41.880783
-11,7,13.038405
17,1,17.029386
8,62,62.513998
-2,-10,10.198039
-15,-33,36.249138
6,8,10.000000
-2,-36,36.055513
21,15,25.806976
-21,-1,21.023796
12,-14,18.439089
-9,7,11.401754
33,-3,33.136083
-23,-11,25.495098
-39,19,43.382024
17,7,18.384776
5,-1,5.099020
-3,27,27.166155
6,-8,10.000000
-52,-16,54.405882
5,27,27.459060
-5,-11,12.083046
-20,18,26.907248
9,-19,21.023796
33,11,34.785054
17,-5,17.720045
-4,-14,14.560220
-6,-6,8.485281
-53,-19,56.302753
-2,0,2.000000
-23,35,41.880783
25,33,41.400483
19,79,81.252692
-29,3,29.154759
-3,37,37.121422
-30,-6,30.594117
5,21,21.587033
40,24,46.647615
-52,-46,69.426220
-6,38,38.470768
3,-13,13.341664
-14,0,14.000000
32,44,54.405882
-13,-41,43.011626
4,-24,24.331050
3,-37,37.121422
6,-8,10.000000
-19,-23,29.832868
-6,-12,13.416408
2,8,8.246211
-8,38,38.832976
-3,-1,3.162278
-2,38,38.052595
-30,0,30.000000
-12,-2,12.165525
-22,-10,24.166092
-35,9,36.138622
2,16,16.124515
-5,27,27.459060
-37,-3,37.121422
-7,-5,8.602325
11,-27,29.154759
14,4,14.560220
10,-34,35.440090
-1,15,15.033296
-4,14,14.560220
25,-31,39.824616
10,-22,24.166092
1,5,5.099020
-62,-46,77.201036
9,23,24.698178
22,6,22.803509
-2,4,4.472136
6,14,15.231546
-5,-7,8.602325
4,-10,10.770330
-3,-11,11.401754
7,-21,22.135944
-10,-26,27.856777
2,-44,44.045431
-6,-34,34.525353
6,38,38.470768
-34,-38,50.990195
-16,-18,24.083189
22,-18,28.425341
-20,-40,44.721360
16,34,37.576588
-1,-43,43.011626
-22,0,22.000000
18,6,18.973666
-12,20,23.323808
-41,23,47.010637
0,-44,44.000000
17,1,17.029386
-31,-29,42.449971
17,27,31.906112
-9,-31,32.280025
-30,-8,31.048349
30,-12,32.310989
-2,36,36.055513
-28,20,34.409301
-16,10,18.867962
13,-9,15.811388
14,26,29.529646
-36,-10,37.363083
4,24,24.331050
-16,42,44.944410
-29,5,29.427878
31,-11,32.893768
2,-16,16.124515
37,7,37.656341
-19,73,75.432089
7,-33,33.734256
21,9,22.847319
-23,67,70.837843
1,1,1.414214
-18,26,31.622777
-16,2,16.124515
31,1,31.016125
14,-30,33.105891
-21,17,27.018512
-21,-31,37.443290
19,-31,36.359318
33,15,36.249138
23,-5,23.537205
-56,-10,56.885851
1,-21,21.023796
-15,9,17.492856
5,-7,8.602325
28,8,29.120440
9,17,19.235384
-29,-9,30.364453
-19,-13,23.021729
50,4,50.159745
-32,-22,38.832976
-3,17,17.262677
-7,69,69.354164
17,-25,30.232433
11,-3,11.401754
-3,-1,3.162278
-9,-21,22.847319
18,-14,22.803509
9,1,9.055385
-18,8,19.697716
13,-17,21.400935
15,19,24.207437
5,13,13.928388
2,18,18.110770
34,-16,37.576588
52,-34,62.128898
10,10,14.142136
27,-9,28.460499
26,-8,27.202941
2,6,6.324555
28,-4,28.284271
27,-3,27.166155
-15,15,21.213203
-31,19,36.359318
-17,-27,31.906112
5,-3,5.830952
1,25,25.019992
2,-22,22.090722
-50,30,58.309519
28,14,31.304952
-37,7,37.656341
-19,-23,29.832868
-18,-10,20.591260
-22,12,25.059928
-71,-17,73.006849
29,-21,35.805028
-4,2,4.472136
54,18,56.920998
20,2,20.099751
-33,-23,40.224371
-8,-8,11.313708
-24,10,26.000000
-30,8,31.048349
9,1,9.055385
3,15,15.297059
17,-5,17.720045
0,-14,14.000000
-14,-30,33.105891
20,-6,20.880613
14,14,19.798990
-6,-6,8.485281
7,27,27.892651
13,11,17.029386
-5,-13,13.928388
5,19,19.646883
-18,-4,18.439089
9,37,38.078866
-17,-7,18.384776
12,24,26.832816
-32,22,38.832976
37,-19,41.593269
28,-44,52.153619
9,-3,9.486833
-12,6,13.416408
46,26,52.839379
-19,-15,24.207437
-38,-46,59.665736
-19,1,19.026298
-7,-21,22.135944
-7,13,14.764823
-4,6,7.211103
-16,-6,17.088007
-6,-24,24.738634
8,-8,11.313708
12,-10,15.620499
-18,10,20.591260
14,24,27.784888
-26,-24,35.383612
11,13,17.029386
20,-32,37.735925
15,17,22.671568
-11,23,25.495098
-8,-12,14.422205
1,7,7.071068
11,43,44.384682
-18,8,19.697716
1,-27,27.018512
-43,5,43.289722
17,-37,40.718546
11,17,20.248457
-5,-21,21.587033
-14,4,14.560220
-12,-4,12.649111
2,60,60.033324
44,-10,45.122057
12,-8,14.422205
-24,6,24.738634
33,-5,33.376639
-24,10,26.000000
-19,13,23.021729
-33,11,34.785054
3,-7,7.615773
39,9,40.024992
-6,-4,7.211103
-36,20,41.182521
-14,8,16.124515
33,7,33.734256
-4,48,48.166378
-5,37,37.336309
-17,31,35.355339
-41,-13,43.011626
-24,4,24.331050
-17,41,44.384682
10,-30,31.622777
-6,-52,52.345009
-11,9,14.212670
30,0,30.000000
-3,-23,23.194827
31,45,54.644304
-16,-12,20.000000
-4,-10,10.770330
17,-1,17.029386
1,9,9.055385
26,14,29.529646
-1,13,13.038405
-4,30,30.265492
-1,-9,9.055385
-11,39,40.521599
12,10,15.620499
-18,-40,43.863424
20,0,20.000000
-6,-2,6.324555
6,0,6.000000
-5,3,5.830952
-7,-11,13.038405
-31,-15,34.438351
-42,0,42.000000
-3,-17,17.262677
-35,19,39.824616
-5,25,25.495098
17,-3,17.262677
-19,1,19.026298
72,4,72.111026
-11,-39,40.521599
10,-16,18.867962
-12,-48,49.477268
38,12,39.849718
9,-17,19.235384
11,13,17.029386
20,-2,20.099751
-11,7,13.038405
28,4,28.284271
2,-20,20.099751
2,-18,18.110770
17,-39,42.544095
-5,1,5.099020
-40,12,41.761226
-30,-20,36.055513
-12,-16,20.000000
4,24,24.331050
17,9,19.235384
21,19,28.319605
44,6,44.407207
-15,-17,22.671568
38,2,38.052595
-33,-23,40.224371
-3,37,37.121422
-2,12,12.165525
-55,5,55.226805
-22,26,34.058773
20,2,20.099751
22,10,24.166092
15,-13,19.849433
-21,-21,29.698485
-12,0,12.000000
-30,6,30.594117
10,24,26.000000
-2,-8,8.246211
5,19,19.646883
38,36,52.345009
20,-6,20.880613
-7,-9,11.401754
-14,-6,15.231546
22,-28,35.608988
-9,-1,9.055385
-42,-6,42.426407
-62,6,62.289646
-18,6,18.973666
15,-1,15.033296
17,25,30.232433
-14,8,16.124515
18,10,20.591260
-28,34,44.045431
4,6,7.211103
25,-51,56.797887
-31,-1,31.016125
51,23,55.946403
-4,18,18.439089
-10,4,10.770330
32,-28,42.520583
-51,25,56.797887
-3,-29,29.154759
-10,-30,31.622777
3,13,13.341664
-20,10,22.360680
-22,6,22.803509
-13,-27,29.966648
18,-28,33.286634
-67,29,73.006849
-26,10,27.856777
-3,-1,3.162278
12,-8,14.422205
-21,21,29.698485
-5,3,5.830952
4,-18,18.439089
-30,-2,30.066593
-9,-33,34.205263
6,26,26.683328
-31,-19,36.359318
-13,45,46.840154
21,21,29.698485
-14,-12,18.439089
10,-20,22.360680
-19,-9,21.023796
12,8,14.422205
-15,-25,29.154759
13,-3,13.341664
-1,25,25.019992
-37,-23,43.566042
27,-7,27.892651
10,-30,31.622777
-24,24,33.941125
-10,-12,15.620499
16,4,16.492423
-55,-1,55.009090
-5,-7,8.602325
24,22,32.557641
-39,43,58.051701
12,-20,23.323808
-19,-43,47.010637
15,7,16.552945
-4,-34,34.234486
57,-49,75.166482
-5,37,37.336309
-17,1,17.029386
-51,-7,51.478151
-13,-15,19.849433
-15,5,15.811388
28,-28,39.597980
49,-13,50.695167
10,-16,18.867962
53,-47,70.837843
2,-12,12.165525
20,-48,52.000000
-4,-16,16.492423
-2,-4,4.472136
32,-40,51.224994
-17,-1,17.029386
45,-29,53.535035
-7,-9,11.401754
-14,2,14.142136
-13,1,13.038405
13,-5,13.928388
-13,-39,41.109610
-26,-4,26.305893
-4,0,4.000000
23,25,33.970576
-16,-12,20.000000
-19,27,33.015148
-39,23,45.276926
-16,-24,28.844410
48,18,51.264022
15,7,16.552945
8,-28,29.120440
-18,12,21.633308
-18,8,19.697716
25,-5,25.495098
-26,-22,34.058773
-29,27,39.623226
-33,9,34.205263
12,20,23.323808
-24,18,30.000000
27,-51,57.706152
26,16,30.528675
-24,8,25.298221
0,50,50.000000
-13,19,23.021729
-24,-4,24.331050
-7,23,24.041631
7,-5,8.602325
3,47,47.095647
-15,7,16.552945
9,9,12.727922
21,-13,24.698178
-18,-14,22.803509
-33,-17,37.121422
-9,11,14.212670
7,-11,13.038405
37,37,52.325902
5,-27,27.459060
5,-7,8.602325
-7,-25,25.961510
29,35,45.453273
23,-9,24.698178
-13,19,23.021729
48,32,57.688820
6,16,17.088007
-8,-12,14.422205
-21,11,23.706539
-20,-14,24.413111
3,-19,19.235384
1,25,25.019992
9,17,19.235384
30,12,32.310989
-18,16,24.083189
16,40,43.081318
8,-36,36.878178
5,11,12.083046
-40,30,50.000000
3,15,15.297059
8,30,31.048349
-6,-24,24.738634
37,-53,64.637450
-36,0,36.000000
11,13,17.029386
7,-31,31.780497
-13,-63,64.327288
-20,-40,44.721360
7,1,7.071068
-29,-7,29.832868
-3,15,15.297059
-4,-24,24.331050
26,12,28.635642
-9,33,34.205263
-12,-22,25.059928
-28,14,31.304952
-7,-7,9.899495
-27,-3,27.166155
-5,19,19.646883
36,-2,36.055513
20,-30,36.055513
-16,-22,27.202941
30,-30,42.426407
16,10,18.867962
23,5,23.537205
-13,1,13.038405
-12,-46,47.539457
-14,-12,18.439089
-8,-10,12.806248
-12,32,34.176015
7,1,7.071068
-4,40,40.199502
0,-24,24.000000
-12,-18,21.633308
4,-18,18.439089
-13,33,35.468296
-8,-8,11.313708
0,28,28.000000
-19,-3,19.235384
-24,-42,48.373546
-8,14,16.124515
19,-17,25.495098
-6,16,17.088007
15,-37,39.924930
-12,-12,16.970563
-6,18,18.973666
-1,-11,11.045361
11,25,27.313001
19,1,19.026298
8,14,16.124515
-15,-41,43.657760
29,13,31.780497
20,-10,22.360680
-21,19,28.319605
1,-25,25.019992
-6,-22,22.803509
-16,-26,30.528675
38,8,38.832976
39,-33,51.088159
1,-7,7.071068
19,-25,31.400637
-9,21,22.847319
-6,20,20.880613
-11,-39,40.521599
-36,-4,36.221541
-23,29,37.013511
9,29,30.364453
-22,14,26.076810
-18,14,22.803509
-19,5,19.646883
12,-4,12.649111
25,11,27.313001
2,-10,10.198039
4,-8,8.944272
32,10,33.526109
32,-44,54.405882
6,-12,13.416408
-26,38,46.043458
12,4,12.649111
11,39,40.521599
-43,-23,48.764741
-59,5,59.211485
37,37,52.325902
-9,-35,36.138622
0,-18,18.000000
6,24,24.738634
44,28,52.153619
28,8,29.120440
17,33,37.121422
-10,12,15.620499
-34,44,55.605755
-17,-45,48.104054
-19,3,19.235384
-18,-46,49.396356
-1,-9,9.055385
21,35,40.816663
-12,-18,21.633308
24,24,33.941125
-5,-15,15.811388
-8,8,11.313708
-3,-15,15.297059
41,-7,41.593269
37,29,47.010637
12,-16,20.000000
-33,35,48.104054
23,-1,23.021729
-23,13,26.419690
-13,-9,15.811388
14,4,14.560220
-33,27,42.638011
-10,-28,29.732137
-5,-33,33.376639
28,-6,28.635642
6,-2,6.324555
44,16,46.818800
23,-27,35.468296
-1,49,49.010203
-32,-18,36.715120
3,-19,19.235384
-8,16,17.888544
17,13,21.400935
35,29,45.453273
-12,0,12.000000
20,-4,20.396078
-31,-25,39.824616
-4,-18,18.439089
-11,15,18.601075
-27,1,27.018512
35,5,35.355339
23,-25,33.970576
-25,-35,43.011626
-51,43,66.708320
-1,-31,31.016125
3,-3,4.242641
-8,-22,23.409400
-42,12,43.680659
21,-43,47.853944
32,34,46.690470
9,17,19.235384
36,-28,45.607017
-46,-18,49.396356
-18,8,19.697716
39,-13,41.109610
-12,42,43.680659
21,-23,31.144823
35,17,38.910153
-15,-9,17.492856
-1,-1,1.414214
-22,16,27.202941
-26,0,26.000000
-32,-10,33.526109
-7,-39,39.623226
-29,-23,37.013511
-29,33,43.931765
-3,-13,13.341664
-7,7,9.899495
4,18,18.439089
33,23,40.224371
23,3,23.194827
9,-29,30.364453
26,-56,61.741396
8,38,38.832976
-8,36,36.878178
14,-44,46.173586
-18,10,20.591260
-4,10,10.770330
0,-6,6.000000
-11,5,12.083046
1,-45,45.011110
39,-13,41.109610
-38,36,52.345009
-36,32,48.166378
22,14,26.076810
4,-12,12.649111
-23,-5,23.537205
16,36,39.395431
5,-29,29.427878
4,-28,28.284271
-45,-21,49.658836
54,36,64.899923
18,24,30.000000
1,-49,49.010203
-14,-22,26.076810
0,4,4.000000
-66,24,70.228199
24,8,25.298221
-18,14,22.803509
13,3,13.341664
6,-26,26.683328
-24,-6,24.738634
14,34,36.769553
-24,20,31.240999
-12,22,25.059928
-4,-12,12.649111
9,33,34.205263
10,-18,20.591260
1,-15,15.033296
8,8,11.313708
9,11,14.212670
-1,41,41.012193
-1,-7,7.071068
-5,-39,39.319207
-16,-16,22.627417
4,0,4.000000
41,5,41.303753
9,-11,14.212670
-35,5,35.355339
-21,13,24.698178
7,13,14.764823
18,6,18.973666
51,21,55.154329
6,-14,15.231546
-24,16,28.844410
23,-5,23.537205
-11,11,15.556349
33,-3,33.136083
13,-3,13.341664
4,2,4.472136
-11,-1,11.045361
-11,-17,20.248457
48,36,60.000000
-14,-12,18.439089
-23,-3,23.194827
7,-17,18.384776
18,2,18.110770
-14,14,19.798990
-23,13,26.419690
16,-28,32.249031
-8,14,16.124515
5,-3,5.830952
-1,7,7.071068
9,3,9.486833
14,-36,38.626416
-9,15,17.492856
12,-12,16.970563
-14,-16,21.260292
1,13,13.038405
50,-4,50.159745
-23,1,23.021729
-56,-32,64.498062
-39,-3,39.115214
-5,15,15.811388
-1,-3,3.162278
-43,29,51.865210
2,48,48.041649
-18,-12,21.633308
-11,19,21.954498
46,0,46.000000
-13,-19,23.021729
12,22,25.059928
-17,7,18.384776
-38,-2,38.052595
-8,-10,12.806248
10,-14,17.204651
10,6,11.661904
-23,-17,28.600699
8,-2,8.246211
-27,-17,31.906112
5,5,7.071068
-7,11,13.038405
33,59,67.601775
15,-23,27.459060
4,-20,20.396078
-35,-51,61.854668
-6,22,22.803509
-5,-9,10.295630
14,-18,22.803509
-6,38,38.470768
29,7,29.832868
3,-25,25.179357
15,7,16.552945
-4,-22,22.360680
13,-7,14.764823
28,4,28.284271
2,18,18.110770
12,-10,15.620499
16,-4,16.492423
-45,-3,45.099889
-12,-10,15.620499
-4,16,16.492423
25,-27,36.796739
-20,6,20.880613
23,-9,24.698178
-22,-30,37.202150
14,10,17.204651
8,-16,17.888544
10,2,10.198039
50,10,50.990195
3,5,5.830952
-30,56,63.529521
-8,-22,23.409400
32,-12,34.176015
0,-46,46.000000
-12,-8,14.422205
12,28,30.463092
0,40,40.000000
24,-14,27.784888
40,34,52.497619
1,9,9.055385
29,13,31.780497
6,-20,20.880613
-27,25,36.796739
0,-36,36.000000
-27,23,35.468296
6,-10,11.661904
-7,-13,14.764823
-18,-18,25.455844
48,0,48.000000
-46,-20,50.159745
-24,36,43.266615
-22,6,22.803509
3,-23,23.194827
18,-4,18.439089
-44,0,44.000000
17,31,35.355339
-19,33,38.078866
-19,-5,19.646883
33,21,39.115214
24,22,32.557641
32,10,33.526109
39,-1,39.012818
28,-6,28.635642
-54,8,54.589376
-34,-12,36.055513
7,-5,8.602325
15,7,16.552945
-13,25,28.178006
-12,0,12.000000
12,18,21.633308
9,3,9.486833
-30,20,36.055513
34,18,38.470768
27,9,28.460499
13,-27,29.966648
-11,25,27.313001
-9,1,9.055385
-19,9,21.023796
-13,35,37.336309
-4,18,18.439089
48,4,48.166378
48,8,48.662100
-2,-18,18.110770
22,44,49.193496
1,-7,7.071068
-17,5,17.720045
10,16,18.867962
-28,22,35.608988
-14,-22,26.076810
-24,-22,32.557641
-19,-33,38.078866
9,-21,22.847319
10,14,17.204651
-12,-70,71.021124
-35,-11,36.687873
-9,23,24.698178
-5,15,15.811388
-22,12,25.059928
-44,-2,44.045431
32,26,41.231056
-28,-10,29.732137
-16,22,27.202941
-14,4,14.560220
16,-8,17.888544
11,21,23.706539
21,27,34.205263
12,8,14.422205
16,-30,34.000000
39,21,44.294469
-21,43,47.853944
-36,26,44.407207
8,-8,11.313708
13,-15,19.849433
31,-43,53.009433
-16,10,18.867962
0,-20,20.000000
-20,14,24.413111
-29,-1,29.017236
-27,-15,30.886890
7,1,7.071068
-25,-15,29.154759
17,-17,24.041631
-10,-6,11.661904
26,22,34.058773
7,1,7.071068
33,-43,54.203321
7,-11,13.038405
7,-21,22.135944
21,7,22.135944
-6,-4,7.211103
4,-62,62.128898
0,8,8.000000
12,12,16.970563
22,-14,26.076810
-35,19,39.824616
-16,-2,16.124515
-40,34,52.497619
6,4,7.211103
7,-1,7.071068
10,-10,14.142136
10,32,33.526109
14,-36,38.626416
-27,1,27.018512
-29,13,31.780497
-17,9,19.235384
-20,-2,20.099751
4,0,4.000000
-13,-39,41.109610
16,26,30.528675
-11,35,36.687873
23,3,23.194827
29,5,29.427878
3,-23,23.194827
-15,15,21.213203
4,32,32.249031
22,14,26.076810
29,-33,43.931765
30,-10,31.622777
-22,22,31.112698
28,22,35.608988
-28,12,30.463092
-5,-3,5.830952
-6,-20,20.880613
-15,-25,29.154759
30,-4,30.265492
5,37,37.336309
33,23,40.224371
-15,31,34.438351
58,16,60.166436
10,2,10.198039
-11,-17,20.248457
-8,36,36.878178
-27,21,34.205263
-37,-1,37.013511
74,-2,74.027022
2,-8,8.246211
-12,-14,18.439089
-3,15,15.297059
0,-40,40.000000
-29,-1,29.017236
2,-16,16.124515
59,-17,61.400326
-13,-7,14.764823
-7,35,35.693137
45,17,48.104054
51,-7,51.478151
31,9,32.280025
3,33,33.136083
-2,-20,20.099751
43,-17,46.238512
0,8,8.000000
1,-25,25.019992
17,-31,35.355339
4,-18,18.439089
-7,-3,7.615773
-10,12,15.620499
-5,-3,5.830952
-15,-13,19.849433
-31,11,32.893768
31,-45,54.644304
-52,18,55.027266
-4,66,66.121101
-18,36,40.249224
37,-25,44.654227
-6,-2,6.324555
-11,13,17.029386
-4,16,16.492423
-11,7,13.038405
9,-67,67.601775
-5,9,10.295630
39,17,42.544095
-2,-4,4.472136
3,41,41.109610
8,4,8.944272
-6,10,11.661904
8,26,27.202941
16,14,21.260292
-36,-8,36.878178
-10,-36,37.363083
-16,16,22.627417
-11,-13,17.029386
21,45,49.658836
17,27,31.906112
24,-34,41.617304
18,6,18.973666
-6,32,32.557641
7,-21,22.135944
8,4,8.944272
5,-19,19.646883
11,49,50.219518
-13,-29,31.780497
6,2,6.324555
11,-11,15.556349
-16,12,20.000000
17,19,25.495098
-55,11,56.089215
-3,19,19.235384
-9,31,32.280025
-9,-3,9.486833
37,3,37.121422
-7,15,16.552945
12,-8,14.422205
-47,3,47.095647
16,10,18.867962
-18,14,22.803509
-27,-13,29.966648
12,14,18.439089
18,0,18.000000
25,15,29.154759
-19,13,23.021729
3,-21,21.213203
-39,13,41.109610
-19,11,21.954498
15,-3,15.297059
7,-13,14.764823
18,-44,47.539457
22,-2,22.090722
4,4,5.656854
-34,-10,35.440090
-48,-8,48.662100
5,-59,59.211485
42,-12,43.680659
-8,-28,29.120440
-13,-7,14.764823
8,30,31.048349
-32,12,34.176015
20,-24,31.240999
23,-17,28.600699
-5,19,19.646883
-8,-10,12.806248
39,17,42.544095
7,19,20.248457
29,15,32.649655
-10,-14,17.204651
-31,-15,34.438351
-6,-22,22.803509
-6,4,7.211103
-38,2,38.052595
-19,-51,54.424259
52,-44,68.117545
-1,61,61.008196
14,-6,15.231546
39,11,40.521599
31,-1,31.016125
23,31,38.600518
30,-12,32.310989
8,34,34.928498
52,4,52.153619
-29,-17,33.615473
17,-33,37.121422
22,-4,22.360680
-9,1,9.055385
-9,-31,32.280025
-14,-4,14.560220
-20,4,20.396078
2,-14,14.142136
-27,-7,27.892651
-12,-8,14.422205
6,4,7.211103
5,23,23.537205
-39,-19,43.382024
-12,-12,16.970563
-22,12,25.059928
-28,-54,60.827625
3,13,13.341664
19,25,31.400637
9,3,9.486833
-14,-48,50.000000
16,-22,27.202941
-35,-3,35.128336
3,-21,21.213203
-14,14,19.798990
-22,8,23.409400
10,-2,10.198039
-8,-10,12.806248
27,-1,27.018512
-2,-24,24.083189
-17,-3,17.262677
-28,-28,39.597980
13,51,52.630789
52,-18,55.027266
3,35,35.128336
-35,-21,40.816663
20,-28,34.409301
-11,-33,34.785054
12,-16,20.000000
-55,-27,61.269895
15,25,29.154759
-20,-22,29.732137
14,16,21.260292
-3,-55,55.081757
14,0,14.000000
35,-9,36.138622
-13,15,19.849433
7,5,8.602325
10,4,10.770330
7,-31,31.780497
28,0,28.000000
-6,8,10.000000
-18,22,28.425341
6,2,6.324555
3,11,11.401754
5,7,8.602325
-17,-11,20.248457
24,-34,41.617304
-27,-13,29.966648
-11,-1,11.045361
30,20,36.055513
-1,-21,21.023796
-21,5,21.587033
10,-6,11.661904
-24,-34,41.617304
12,-18,21.633308
12,-24,26.832816
-15,33,36.249138
-1,-3,3.162278
-38,-24,44.944410
41,37,55.226805
-2,14,14.142136
9,-9,12.727922
9,-25,26.570661
-10,-20,22.360680
24,-8,25.298221
48,-6,48.373546
14,-18,22.803509
-12,42,43.680659
34,-16,37.576588
7,5,8.602325
17,-57,59.481089
10,16,18.867962
-9,1,9.055385
19,-17,25.495098
-2,-2,2.828427
-1,-27,27.018512
-2,-26,26.076810
-3,-1,3.162278
-20,2,20.099751
1,-3,3.162278
-36,-18,40.249224
0,-2,2.000000
-3,-39,39.115214
5,27,27.459060
-1,7,7.071068
18,-8,19.697716
-52,30,60.033324
-33,-45,55.803226
-26,-4,26.305893
21,-7,22.135944
-9,-47,47.853944
2,-12,12.165525
3,-15,15.297059
19,43,47.010637
6,26,26.683328
-57,-21,60.745370
-18,-4,18.439089
34,10,35.440090
0,-50,50.000000
-4,24,24.331050
3,-27,27.166155
-14,-6,15.231546
2,6,6.324555
26,-12,28.635642
-17,33,37.121422
4,-16,16.492423
0,58,58.000000
-5,59,59.211485
6,-2,6.324555
-34,-8,34.928498
-4,16,16.492423
-33,19,38.078866
49,19,52.554733
37,-5,37.336309
18,16,24.083189
-14,-10,17.204651
2,-36,36.055513
9,11,14.212670
-24,20,31.240999
-8,-12,14.422205
-39,13,41.109610
8,-8,11.313708
12,-48,49.477268
9,29,30.364453
18,-8,19.697716
3,-17,17.262677
-11,-41,42.449971
2,2,2.828427
7,-21,22.135944
29,-1,29.017236
9,-37,38.078866
-18,28,33.286634
8,-20,21.540659
10,-24,26.000000
1,-21,21.023796
10,28,29.732137
4,-34,34.234486
-10,-12,15.620499
10,-30,31.622777
-15,3,15.297059
-22,14,26.076810
37,13,39.217343
44,4,44.181444
-3,13,13.341664
-45,3,45.099889
-14,-16,21.260292
-30,12,32.310989
-20,-40,44.721360
-3,-13,13.341664
-16,-50,52.497619
-1,15,15.033296
-18,14,22.803509
34,0,34.000000
11,15,18.601075
-14,-32,34.928498
8,18,19.697716
-13,-39,41.109610
11,1,11.045361
0,6,6.000000
2,30,30.066593
3,33,33.136083
27,-3,27.166155
13,29,31.780497
2,-4,4.472136
7,-27,27.892651
16,18,24.083189
-25,21,32.649655
0,40,40.000000
-6,-22,22.803509
-24,16,28.844410
-2,18,18.110770
-8,2,8.246211
15,9,17.492856
-14,52,53.851648
11,-1,11.045361
23,-17,28.600699
13,9,15.811388
-52,28,59.059292
49,19,52.554733
-23,-5,23.537205
8,24,25.298221
-13,-41,43.011626
21,-5,21.587033
42,-14,44.271887
-1,-49,49.010203
6,-26,26.683328
36,-44,56.850682
-41,11,42.449971
-11,19,21.954498
-2,40,40.049969
23,-19,29.832868
-13,-33,35.468296
44,32,54.405882
8,-10,12.806248
-6,18,18.973666
-17,7,18.384776
87,-5,87.143560
-27,-21,34.205263
-6,14,15.231546
42,-30,51.613952
-30,-6,30.594117
-6,2,6.324555
10,2,10.198039
0,-12,12.000000
-25,-17,30.232433
-12,4,12.649111
20,-14,24.413111
22,40,45.650849
15,11,18.601075
14,10,17.204651
-25,19,31.400637
3,-1,3.162278
39,-19,43.382024
-24,34,41.617304
-4,-28,28.284271
-20,14,24.413111
12,-14,18.439089
37,31,48.270074
-1,-5,5.099020
6,10,11.661904
8,10,12.806248
-15,3,15.297059
23,19,29.832868
12,6,13.416408
-18,-14,22.803509
-26,0,26.000000
-5,15,15.811388
-23,-65,68.949257
45,-7,45.541190
22,10,24.166092
25,11,27.313001
7,-11,13.038405
-21,25,32.649655
32,10,33.526109
7,-1,7.071068
-37,5,37.336309
7,-23,24.041631
10,6,11.661904
16,-58,60.166436
-17,5,17.720045
-37,-3,37.121422
-15,-35,38.078866
-18,-8,19.697716
19,-9,21.023796
-15,5,15.811388
-19,35,39.824616
6,-8,10.000000
34,-32,46.690470
46,-10,47.074409
-3,-25,25.179357
-24,-2,24.083189
4,-14,14.560220
-2,10,10.198039
13,29,31.780497
15,-25,29.154759
-21,-35,40.816663
-33,13,35.468296
-3,-11,11.401754
27,-27,38.183766
-20,26,32.802439
-21,-13,24.698178
-31,3,31.144823
1,-35,35.014283
-1,9,9.055385
-12,-6,13.416408
-8,-20,21.540659
-42,12,43.680659
21,3,21.213203
19,15,24.207437
-22,-10,24.166092
-7,19,20.248457
32,-18,36.715120
-43,-7,43.566042
-24,-44,50.119856
30,44,53.254108
-2,-2,2.828427
32,-22,38.832976
19,17,25.495098
-4,50,50.159745
54,8,54.589376
12,-8,14.422205
-21,-5,21.587033
-25,-27,36.796739
10,20,22.360680
6,-16,17.088007
-20,-74,76.655072
39,19,43.382024
12,-4,12.649111
31,37,48.270074
24,-14,27.784888
-2,48,48.041649
-17,7,18.384776
7,-13,14.764823
44,40,59.464275
11,-11,15.556349
7,-1,7.071068
5,-3,5.830952
-3,47,47.095647
49,-9,49.819675
-8,-6,10.000000
-21,-5,21.587033
8,-6,10.000000
-10,4,10.770330
16,4,16.492423
15,21,25.806976
15,-19,24.207437
-25,-39,46.324939
3,-17,17.262677
-12,-26,28.635642
11,-21,23.706539
-36,18,40.249224
-10,-24,26.000000
31,1,31.016125
4,20,20.396078
-3,13,13.341664
-25,-23,33.970576
-1,-15,15.033296
19,-51,54.424259
2,6,6.324555
6,40,40.447497
7,3,7.615773
-1,-7,7.071068
-19,-29,34.669872
6,0,6.000000
-8,-22,23.409400
-46,28,53.851648
-3,27,27.166155
-7,11,13.038405
-44,-26,51.107729
9,21,22.847319
-19,7,20.248457
-40,48,62.481997
-15,11,18.601075
25,-15,29.154759
41,-1,41.012193
13,15,19.849433
-21,15,25.806976
22,-26,34.058773
14,-6,15.231546
24,14,27.784888
-35,-37,50.931326
-7,-25,25.961510
-14,-6,15.231546
5,-25,25.495098
2,14,14.142136
-41,27,49.091751
19,-9,21.023796
4,-30,30.265492
-11,-49,50.219518
14,2,14.142136
35,3,35.128336
-2,-12,12.165525
26,-26,36.769553
39,19,43.382024
18,20,26.907248
0,22,22.000000
-15,21,25.806976
18,14,22.803509
21,17,27.018512
-1,-21,21.023796
36,10,37.363083
-2,-36,36.055513
21,-35,40.816663
2,-22,22.090722
2,-2,2.828427
17,-3,17.262677
40,-34,52.497619
26,-6,26.683328
-12,4,12.649111
-15,-17,22.671568
-17,25,30.232433
38,0,38.000000
31,39,49.819675
3,-21,21.213203
-34,-36,49.517674
18,-26,31.622777
-12,-8,14.422205
-8,0,8.000000
22,-18,28.425341
22,12,25.059928
8,-14,16.124515
-21,43,47.853944
-8,26,27.202941
-23,27,35.468296
-32,4,32.249031
-16,-16,22.627417
-30,26,39.698866
-13,21,24.698178
-18,-4,18.439089
42,-12,43.680659
7,29,29.832868
-19,-27,33.015148
-30,-14,33.105891
-27,-3,27.166155
17,37,40.718546
-5,3,5.830952
28,-22,35.608988
-40,12,41.761226
-25,9,26.570661
17,-35,38.910153
8,-38,38.832976
-11,-29,31.016125
46,8,46.690470
22,-16,27.202941
0,-20,20.000000
31,-15,34.438351
-21,23,31.144823
53,5,53.235327
-29,-9,30.364453
-45,-13,46.840154
-26,10,27.856777
9,-13,15.811388
16,36,39.395431
-2,-2,2.828427
5,-49,49.254441
46,22,50.990195
-34,-6,34.525353
-16,-24,28.844410
-39,-15,41.785165
5,-17,17.720045
-36,-64,73.430239
-25,-21,32.649655
12,-26,28.635642
-12,-32,34.176015
-25,1,25.019992
18,12,21.633308
-2,-16,16.124515
6,34,34.525353
-33,-9,34.205263
36,18,40.249224
34,16,37.576588
25,-3,25.179357
-5,31,31.400637
1,25,25.019992
-48,48,67.882251
-32,6,32.557641
38,28,47.201695
61,-5,61.204575
-10,-30,31.622777
20,-62,65.145990
-13,5,13.928388
45,-5,45.276926
-44,-16,46.818800
25,-3,25.179357
-24,-24,33.941125
-26,20,32.802439
-2,4,4.472136
7,33,33.734256
-22,-18,28.425341
2,30,30.066593
3,39,39.115214
30,6,30.594117
29,-11,31.016125
36,32,48.166378
27,11,29.154759
2,-2,2.828427
14,-62,63.560994
1,-3,3.162278
-14,-44,46.173586
-15,-3,15.297059
-17,33,37.121422
-3,13,13.341664
-9,25,26.570661
7,15,16.552945
-29,11,31.016125
18,-6,18.973666
6,6,8.485281
1,-7,7.071068
9,17,19.235384
9,41,41.976184
13,11,17.029386
6,-8,10.000000
-31,-27,41.109610
3,-7,7.615773
5,37,37.336309
-40,-8,40.792156
12,38,39.849718
-17,-5,17.720045
-11,-43,44.384682
-4,-16,16.492423
15,43,45.541190
-19,-49,52.554733
7,19,20.248457
59,53,79.309520
6,-4,7.211103
-18,18,25.455844
6,-2,6.324555
-3,5,5.830952
27,-5,27.459060
9,-61,61.660360
-3,-29,29.154759
10,-36,37.363083
-9,-1,9.055385
19,-7,20.248457
-60,-4,60.133186
32,10,33.526109
52,-46,69.426220
22,-6,22.803509
-18,42,45.694639
5,33,33.376639
3,-17,17.262677
-34,-36,49.517674
30,-10,31.622777
-12,-8,14.422205
25,-5,25.495098
20,-58,61.351447
-1,-5,5.099020
-70,18,72.277244
-2,-18,18.110770
-30,-38,48.414874
-31,-17,35.355339
4,-10,10.770330
-8,-12,14.422205
6,8,10.000000
34,18,38.470768
-1,-39,39.012818
18,4,18.439089
5,-19,19.646883
0,-4,4.000000
-3,-7,7.615773
-43,23,48.764741
-4,-34,34.234486
-5,-1,5.099020
20,20,28.284271
0,28,28.000000
-30,32,43.863424
11,-7,13.038405
-35,51,61.854668
10,16,18.867962
-6,48,48.373546
15,-25,29.154759
13,41,43.011626
-7,19,20.248457
10,2,10.198039
-22,20,29.732137
0,-28,28.000000
-3,17,17.262677
-2,16,16.124515
-32,-32,45.254834
28,-22,35.608988
16,10,18.867962
-2,-2,2.828427
14,-42,44.271887
21,-29,35.805028
31,-11,32.893768
-16,-18,24.083189
11,3,11.401754
-26,48,54.589376
5,17,17.720045
-24,-8,25.298221
-8,-2,8.246211
7,-25,25.961510
-6,12,13.416408
0,16,16.000000
-23,-23,32.526912
13,-21,24.698178
16,-14,21.260292
4,4,5.656854
23,13,26.419690
-9,19,21.023796
-8,20,21.540659
-32,-2,32.062439
-23,5,23.537205
-41,17,44.384682
-13,-45,46.840154
11,-17,20.248457
31,-27,41.109610
-11,-11,15.556349
-2,4,4.472136
14,-14,19.798990
12,20,23.323808
31,-3,31.144823
-36,-2,36.055513
-8,-8,11.313708
13,13,18.384776
-10,-14,17.204651
-23,-25,33.970576
-22,-18,28.425341
32,-24,40.000000
-18,-30,34.985711
17,33,37.121422
-44,8,44.721360
-38,24,44.944410
33,9,34.205263
9,11,14.212670
6,4,7.211103
3,-1,3.162278
7,21,22.135944
45,11,46.324939
18,-2,18.110770
2,10,10.198039
-7,27,27.892651
-12,2,12.165525
5,-3,5.830952
-3,-5,5.830952
45,59,74.202426
-7,43,43.566042
-16,24,28.844410
-40,6,40.447497
-36,54,64.899923
1,-3,3.162278
36,16,39.395431
2,14,14.142136
18,0,18.000000
12,-28,30.463092
3,13,13.341664
-17,21,27.018512
-5,-13,13.928388
9,3,9.486833
-5,-39,39.319207
-15,-5,15.811388
14,-26,29.529646
-28,2,28.071338
0,34,34.000000
0,22,22.000000
69,-33,76.485293
-9,37,38.078866
44,12,45.607017
-6,8,10.000000
34,2,34.058773
10,-2,10.198039
9,23,24.698178
24,-10,26.000000
-8,10,12.806248
-2,-30,30.066593
7,5,8.602325
-3,5,5.830952
10,-22,24.166092
25,-7,25.961510
8,12,14.422205
27,-33,42.638011
-5,-7,8.602325
5,-9,10.295630
-9,41,41.976184
-18,-24,30.000000
14,20,24.413111
-28,26,38.209946
18,2,18.110770
-9,-11,14.212670
5,9,10.295630
-10,42,43.174066
-13,-1,13.038405
27,17,31.906112
1,17,17.029386
-33,-29,43.931765
-36,-20,41.182521
27,-7,27.892651
42,-24,48.373546
-6,40,40.447497
-53,13,54.571055
9,33,34.205263
17,-3,17.262677
-10,2,10.198039
-13,-37,39.217343
5,33,33.376639
11,-5,12.083046
-23,-9,24.698178
31,19,36.359318
-3,3,4.242641
4,36,36.221541
17,41,44.384682
-28,-26,38.209946
-29,-3,29.154759
6,-52,52.345009
33,21,39.115214
-9,-3,9.486833
13,19,23.021729
5,-15,15.811388
2,28,28.071338
-44,-42,60.827625
14,-2,14.142136
-7,7,9.899495
8,26,27.202941
13,51,52.630789
19,49,52.554733
32,6,32.557641
28,-26,38.209946
-2,50,50.039984
-19,-33,38.078866
-47,-11,48.270074
0,28,28.000000
8,-18,19.697716
-11,-13,17.029386
20,6,20.880613
31,-25,39.824616
-26,10,27.856777
1,-1,1.414214
-19,-17,25.495098
-10,6,11.661904
36,-18,40.249224
-11,37,38.600518
-8,50,50.635956
-33,-43,54.203321
36,38,52.345009
-13,33,35.468296
2,18,18.110770
9,-31,32.280025
9,-11,14.212670
19,19,26.870058
4,20,20.396078
11,-45,46.324939
22,6,22.803509
35,-11,36.687873
36,8,36.878178
59,19,61.983869
-50,4,50.159745
10,20,22.360680
-19,17,25.495098
-27,-25,36.796739
21,33,39.115214
-24,-14,27.784888
26,-6,26.683328
-34,-2,34.058773
6,-38,38.470768
14,-36,38.626416
4,-6,7.211103
20,20,28.284271
16,8,17.888544
-23,25,33.970576
-31,19,36.359318
-21,11,23.706539
-2,-14,14.142136
-21,3,21.213203
46,-22,50.990195
20,18,26.907248
-7,13,14.764823
-13,3,13.341664
1,-15,15.033296
-28,12,30.463092
-25,-11,27.313001
25,-1,25.019992
-28,20,34.409301
4,-2,4.472136
-6,22,22.803509
-16,-30,34.000000
-11,-11,15.556349
-42,-4,42.190046
7,23,24.041631
9,-25,26.570661
6,-32,32.557641
0,0,0.000000
-8,4,8.944272
-19,-25,31.400637
-8,-26,27.202941
-29,11,31.016125
4,8,8.944272
13,41,43.011626
-7,-1,7.071068
-63,21,66.407831
-10,14,17.204651
28,-4,28.284271
-24,14,27.784888
-26,-20,32.802439
24,-26,35.383612
13,23,26.419690
21,29,35.805028
6,32,32.557641
-6,-10,11.661904
-38,-4,38.209946
26,-32,41.231056
21,-1,21.023796
-39,11,40.521599
-12,-6,13.416408
-6,24,24.738634
20,-16,25.612497
-26,-18,31.622777
15,7,16.552945
-8,10,12.806248
0,-4,4.000000
-22,-26,34.058773
-27,-1,27.018512
-1,-5,5.099020
-30,-2,30.066593
2,10,10.198039
9,-43,43.931765
-8,32,32.984845
17,-21,27.018512
13,21,24.698178
-1,-9,9.055385
-12,-26,28.635642
45,-19,48.846699
-8,-40,40.792156
39,43,58.051701
23,9,24.698178
23,-43,48.764741
24,8,25.298221
10,-10,14.142136
9,-11,14.212670
-7,-3,7.615773
21,31,37.443290
10,28,29.732137
-30,-24,38.418745
38,-8,38.832976
-27,-29,39.623226
-29,-27,39.623226
32,-44,54.405882
46,-24,51.884487
-2,38,38.052595
7,-21,22.135944
-19,5,19.646883
-60,0,60.000000
-16,-8,17.888544
4,-20,20.396078
-16,6,17.088007
-7,-39,39.623226
-21,21,29.698485
-14,-14,19.798990
-3,-3,4.242641
-5,-15,15.811388
-50,-54,73.593478
-18,-38,42.047592
14,4,14.560220
15,-31,34.438351
-1,-3,3.162278
2,-4,4.472136
7,-41,41.593269
-9,-41,41.976184
5,1,5.099020
24,16,28.844410
-2,-12,12.165525
-22,2,22.090722
10,-22,24.166092
-9,23,24.698178
22,-8,23.409400
3,-43,43.104524
26,-22,34.058773
13,-5,13.928388
-20,-6,20.880613
9,7,11.401754
6,-58,58.309519
46,10,47.074409
6,8,10.000000
7,-11,13.038405
8,0,8.000000
5,-29,29.427878
-3,-5,5.830952
-27,33,42.638011
33,-33,46.669048
-12,14,18.439089
30,8,31.048349
-24,-16,28.844410
14,-2,14.142136
7,-3,7.615773
15,3,15.297059
18,-34,38.470768
27,-35,44.204072
-14,28,31.304952
-27,-7,27.892651
3,17,17.262677
4,6,7.211103
-10,22,24.166092
-29,-21,35.805028
-11,5,12.083046
-26,0,26.000000
0,22,22.000000
-10,-36,37.363083
-11,25,27.313001
9,-3,9.486833
-23,-3,23.194827
-33,-11,34.785054
-22,-24,32.557641
-39,-1,39.012818
-14,20,24.413111
28,-22,35.608988
13,-17,21.400935
6,30,30.594117
-18,52,55.027266
14,2,14.142136
-15,5,15.811388
-41,7,41.593269
-45,5,45.276926
-6,36,36.496575
29,-3,29.154759
15,-13,19.849433
21,3,21.213203
-15,47,49.335586
-33,-27,42.638011
7,-19,20.248457
-4,-16,16.492423
11,-41,42.449971
40,10,41.231056
17,-1,17.029386
-22,4,22.360680
9,21,22.847319
-22,-8,23.409400
-1,45,45.011110
23,11,25.495098
-11,-7,13.038405
-35,-13,37.336309
-22,-36,42.190046
11,3,11.401754
-19,29,34.669872
-38,10,39.293765
-29,-13,31.780497
-3,-1,3.162278
24,14,27.784888
-51,11,52.172790
-2,12,12.165525
-1,35,35.014283
-20,40,44.721360
48,4,48.166378
21,-1,21.023796
12,-18,21.633308
-4,14,14.560220
2,6,6.324555
9,-21,22.847319
27,17,31.906112
26,-56,61.741396
-12,-28,30.463092
-19,-25,31.400637
0,4,4.000000
7,-43,43.566042
-55,37,66.287254
8,50,50.635956
-18,32,36.715120
1,-23,23.021729
-2,-56,56.035703
-34,18,38.470768
-19,25,31.400637
3,-11,11.401754
-35,-1,35.014283
37,3,37.121422
3,19,19.235384
-1,37,37.013511
7,19,20.248457
17,5,17.720045
7,7,9.899495
11,11,15.556349
10,44,45.122057
-15,5,15.811388
42,6,42.426407
-20,-44,48.332184
14,24,27.784888
-30,-28,41.036569
8,-10,12.806248
-16,-42,44.944410
26,68,72.801099
-12,22,25.059928
33,-13,35.468296
9,-29,30.364453
28,-22,35.608988
62,2,62.032250
3,17,17.262677
3,21,21.213203
-11,-15,18.601075
14,22,26.076810
-17,-15,22.671568
14,-2,14.142136
-2,4,4.472136
50,-26,56.356011
-45,19,48.846699
32,-2,32.062439
-18,36,40.249224
8,10,12.806248
42,24,48.373546
46,-2,46.043458
9,-5,10.295630
9,9,12.727922
52,-20,55.713553
5,31,31.400637
1,-9,9.055385
24,16,28.844410
-5,-13,13.928388
18,-8,19.697716
-13,-35,37.336309
-2,-18,18.110770
-13,-5,13.928388
9,1,9.055385
-21,-7,22.135944
31,17,35.355339
-31,15,34.438351
-40,42,58.000000
-4,34,34.234486
3,-29,29.154759
37,13,39.217343
-46,20,50.159745
17,-9,19.235384
-7,11,13.038405
-25,-3,25.179357
15,19,24.207437
31,19,36.359318
-20,34,39.446166
4,-6,7.211103
-23,33,40.224371
-10,6,11.661904
17,-37,40.718546
10,6,11.661904
23,33,40.224371
23,-7,24.041631
-28,-6,28.635642
19,9,21.023796
6,10,11.661904
39,1,39.012818
27,-3,27.166155
16,14,21.260292
-4,-18,18.439089
7,-11,13.038405
19,-19,26.870058
-33,31,45.276926
26,46,52.839379
-64,6,64.280635
35,37,50.931326
-3,-31,31.144823
-4,-4,5.656854
2,2,2.828427
17,9,19.235384
25,-49,55.009090
17,-15,22.671568
-42,-4,42.190046
-3,-3,4.242641
25,27,36.796739
25,-9,26.570661
11,-21,23.706539
21,-33,39.115214
-11,15,18.601075
-12,-8,14.422205
15,-15,21.213203
5,19,19.646883
-24,0,24.000000
-26,46,52.839379
42,38,56.639209
-7,-3,7.615773
-17,35,38.910153
9,-15,17.492856
16,8,17.888544
6,-6,8.485281
-13,-13,18.384776
-12,4,12.649111
-29,5,29.427878
-1,33,33.015148
-4,-14,14.560220
28,28,39.597980
41,-13,43.011626
15,1,15.033296
17,-11,20.248457
-18,38,42.047592
-28,6,28.635642
-31,-1,31.016125
-9,1,9.055385
1,33,33.015148
11,-21,23.706539
-14,2,14.142136
-32,-28,42.520583
14,-16,21.260292
4,24,24.331050
-4,-20,20.396078
-6,-6,8.485281
3,37,37.121422
3,-23,23.194827
-40,28,48.826222
-8,-18,19.697716
-4,-28,28.284271
41,-21,46.065171
-13,17,21.400935
-23,-43,48.764741
8,-18,19.697716
-15,-17,22.671568
47,-29,55.226805
-6,0,6.000000
-46,-26,52.839379
-8,-22,23.409400
10,-20,22.360680
-5,11,12.083046
17,15,22.671568
-15,11,18.601075
7,13,14.764823
-13,-7,14.764823
19,-21,28.319605
28,20,34.409301
-5,9,10.295630
-8,44,44.721360
9,25,26.570661
0,-4,4.000000
-2,-20,20.099751
-4,24,24.331050
18,-28,33.286634
-4,6,7.211103
12,2,12.165525
19,19,26.870058
25,-15,29.154759
31,9,32.280025
34,-20,39.446166
-20,-36,41.182521
2,-10,10.198039
-25,5,25.495098
-2,-28,28.071338
-20,6,20.880613
-28,8,29.120440
-20,8,21.540659
30,32,43.863424
-5,23,23.537205
-2,2,2.828427
17,-9,19.235384
30,20,36.055513
9,-11,14.212670
-18,10,20.591260
-40,4,40.199502
-15,-23,27.459060
26,-6,26.683328
3,39,39.115214
-24,-14,27.784888
-8,-22,23.409400
4,44,44.181444
-2,-6,6.324555
9,-11,14.212670
-4,-8,8.944272
-23,-9,24.698178
15,7,16.552945
1,-27,27.018512
18,28,33.286634
23,5,23.537205
-37,5,37.336309
9,-37,38.078866
-26,-10,27.856777
49,-7,49.497475
-13,-9,15.811388
-1,25,25.019992
21,-23,31.144823
13,23,26.419690
14,16,21.260292
7,21,22.135944
-18,0,18.000000
-36,-30,46.861498
-32,-8,32.984845
17,-53,55.659680
11,-19,21.954498
31,7,31.780497
9,-7,11.401754
-18,26,31.622777
10,20,22.360680
-24,24,33.941125
-11,1,11.045361
-4,36,36.221541
-4,18,18.439089
3,27,27.166155
-24,32,40.000000
30,2,30.066593
42,-36,55.317267
8,-6,10.000000
30,0,30.000000
-5,1,5.099020
10,-16,18.867962
-16,18,24.083189
-14,-48,50.000000
5,-1,5.099020
11,19,21.954498
-35,31,46.754679
16,2,16.124515
-12,-10,15.620499
33,-3,33.136083
10,4,10.770330
13,-17,21.400935
0,14,14.000000
26,-8,27.202941
27,-5,27.459060
10,28,29.732137
3,21,21.213203
-35,-25,43.011626
-20,-46,50.159745
11,21,23.706539
1,-43,43.011626
-10,-2,10.198039
-4,2,4.472136
-6,-10,11.661904
-2,-18,18.110770
-1,-7,7.071068
28,-8,29.120440
49,9,49.819675
-7,1,7.071068
22,-2,22.090722
26,-18,31.622777
-3,-39,39.115214
-28,-40,48.826222
11,5,12.083046
-3,31,31.144823
-18,44,47.539457
-8,24,25.298221
20,10,22.360680
5,-35,35.355339
9,-13,15.811388
-11,-7,13.038405
-2,12,12.165525
-12,18,21.633308
16,38,41.231056
23,25,33.970576
12,14,18.439089
26,-14,29.529646
15,-9,17.492856
23,-33,40.224371
7,-31,31.780497
-2,-12,12.165525
3,-11,11.401754
-21,61,64.513564
-33,-15,36.249138
0,0,0.000000
28,-18,33.286634
-11,-7,13.038405
7,15,16.552945
22,2,22.090722
-3,-15,15.297059
-8,-4,8.944272
37,19,41.593269
-6,4,7.211103
21,-7,22.135944
-31,7,31.780497
0,-10,10.000000
12,-42,43.680659
6,8,10.000000
-12,14,18.439089
1,-49,49.010203
-21,13,24.698178
-10,16,18.867962
-23,9,24.698178
2,-26,26.076810
7,-7,9.899495
-22,4,22.360680
25,-19,31.400637
-3,-43,43.104524
-33,-5,33.376639
-13,-17,21.400935
1,19,19.026298
-35,-3,35.128336
-18,-16,24.083189
-20,6,20.880613
9,-3,9.486833
17,25,30.232433
-39,-33,51.088159
-1,-7,7.071068
-2,0,2.000000
-11,-19,21.954498
-25,-29,38.288379
-10,-14,17.204651
-8,-14,16.124515
14,-40,42.379240
23,-13,26.419690
-22,-12,25.059928
-38,-4,38.209946
3,-9,9.486833
-6,-2,6.324555
20,-14,24.413111
-20,0,20.000000
-20,-38,42.941821
33,-29,43.931765
-6,-4,7.211103
-1,-25,25.019992
-2,38,38.052595
6,-16,17.088007
17,75,76.902536
-11,13,17.029386
-1,-21,21.023796
-10,38,39.293765
28,-18,33.286634
-31,15,34.438351
-2,-16,16.124515
25,-25,35.355339
-8,-28,29.120440
-1,-15,15.033296
8,12,14.422205
4,6,7.211103
-10,0,10.000000
10,24,26.000000
4,-8,8.944272
7,-3,7.615773
52,-20,55.713553
35,-5,35.355339
-7,-1,7.071068
-5,13,13.928388
18,-12,21.633308
-24,4,24.331050
-10,-8,12.806248
37,-41,55.226805
7,19,20.248457
17,1,17.029386
9,-27,28.460499
-27,49,55.946403
-12,6,13.416408
-13,-1,13.038405
-10,-46,47.074409
0,48,48.000000
-44,14,46.173586
13,-5,13.928388
23,23,32.526912
19,13,23.021729
-35,13,37.336309
2,-14,14.142136
-13,5,13.928388
11,-27,29.154759
-33,-19,38.078866
11,-5,12.083046
-24,46,51.884487
-50,22,54.626001
-3,9,9.486833
-17,-37,40.718546
-26,-22,34.058773
57,-15,58.940648
-2,-28,28.071338
6,10,11.661904
-2,-6,6.324555
-2,-20,20.099751
-1,35,35.014283
13,9,15.811388
15,-23,27.459060
-28,22,35.608988
-10,2,10.198039
-90,-10,90.553851
-21,-25,32.649655
1,-23,23.021729
-19,-13,23.021729
1,15,15.033296
-16,18,24.083189
14,-26,29.529646
1,21,21.023796
31,35,46.754679
-24,8,25.298221
20,26,32.802439
-10,8,12.806248
-2,52,52.038447
-6,-20,20.880613
-15,19,24.207437
-15,11,18.601075
0,-8,8.000000
9,1,9.055385
3,-17,17.262677
-23,-11,25.495098
-37,15,39.924930
6,-18,18.973666
17,11,20.248457
-17,-39,42.544095
-30,-22,37.202150
-3,11,11.401754
7,-7,9.899495
-6,-28,28.635642
16,26,30.528675
5,-3,5.830952
-9,-33,34.205263
8,-38,38.832976
11,41,42.449971
-22,32,38.832976
-1,9,9.055385
-15,25,29.154759
-18,12,21.633308
16,22,27.202941
7,-13,14.764823
25,-29,38.288379
-24,24,33.941125
-17,-35,38.910153
-1,-21,21.023796
58,2,58.034473
17,1,17.029386
-32,24,40.000000
12,-6,13.416408
-8,-10,12.806248
11,21,23.706539
23,1,23.021729
5,-11,12.083046
15,-3,15.297059
5,-39,39.319207
34,20,39.446166
10,44,45.122057
-5,-21,21.587033
-34,-10,35.440090
16,-24,28.844410
-11,-35,36.687873
25,-5,25.495098
5,13,13.928388
66,-38,76.157731
30,-12,32.310989
20,0,20.000000
59,-5,59.211485
35,15,38.078866
-8,30,31.048349
-37,37,52.325902
-30,-6,30.594117
0,-14,14.000000
-62,-12,63.150614
50,54,73.593478
46,6,46.389654
3,1,3.162278
-4,24,24.331050
-5,23,23.537205
14,-32,34.928498
-3,-43,43.104524
12,-42,43.680659
5,-19,19.646883
-11,-5,12.083046
-33,-35,48.104054
-24,-22,32.557641
3,7,7.615773
-20,64,67.052218
-32,-42,52.801515
-5,17,17.720045
15,-39,41.785165
-35,-11,36.687873
-29,25,38.288379
12,-52,53.366656
26,-30,39.698866
36,0,36.000000
31,-17,35.355339
-13,-13,18.384776
11,27,29.154759
-21,17,27.018512
34,-26,42.801869
-2,-12,12.165525
8,-18,19.697716
21,37,42.544095
-17,35,38.910153
5,-21,21.587033
-23,33,40.224371
-47,21,51.478151
13,-27,29.966648
17,3,17.262677
28,-14,31.304952
-8,-48,48.662100
-6,14,15.231546
1,-1,1.414214
0,-40,40.000000
-4,18,18.439089
9,-35,36.138622
-25,-19,31.400637
-32,18,36.715120
14,22,26.076810
-7,5,8.602325
-60,-20,63.245553
28,16,32.249031
-39,3,39.115214
-16,-36,39.395431
26,-24,35.383612
21,3,21.213203
-2,4,4.472136
54,0,54.000000
-24,-26,35.383612
5,9,10.295630
26,26,36.769553
-23,11,25.495098
-2,-24,24.083189
-29,-29,41.012193
-18,-8,19.697716
4,18,18.439089
6,10,11.661904
15,-27,30.886890
-28,-44,52.153619
7,-39,39.623226
-4,8,8.944272
-27,-17,31.906112
-7,15,16.552945
3,13,13.341664
-26,24,35.383612
-11,3,11.401754
-13,5,13.928388
2,-14,14.142136
5,-7,8.602325
-3,25,25.179357
-3,3,4.242641
10,-8,12.806248
10,-12,15.620499
1,19,19.026298
51,-5,51.244512
-48,14,50.000000
1,-25,25.019992
2,26,26.076810
-10,-2,10.198039
28,0,28.000000
8,-12,14.422205
-19,-27,33.015148
27,1,27.018512
6,18,18.973666
-26,-16,30.528675
-48,-20,52.000000
19,-5,19.646883
17,-27,31.906112
-13,41,43.011626
-7,-29,29.832868
12,-24,26.832816
2,44,44.045431
0,-28,28.000000
-46,0,46.000000
-19,3,19.235384
18,-14,22.803509
-10,-20,22.360680
0,28,28.000000
-6,28,28.635642
25,-37,44.654227
-39,-9,40.024992
-4,-22,22.360680
57,47,73.878278
34,12,36.055513
-26,36,44.407207
-27,-39,47.434165
-30,-24,38.418745
-16,10,18.867962
-9,-29,30.364453
3,-15,15.297059
-18,48,51.264022
-16,-52,54.405882
56,-32,64.498062
-31,-25,39.824616
-42,12,43.680659
2,16,16.124515
-35,-5,35.355339
31,1,31.016125
-10,-32,33.526109
-2,6,6.324555
4,26,26.305893
1,15,15.033296
-8,40,40.792156
17,3,17.262677
2,-8,8.246211
-4,-14,14.560220
-39,-9,40.024992
-37,-25,44.654227
0,-6,6.000000
0,2,2.000000
17,-29,33.615473
-24,-10,26.000000
-3,33,33.136083
0,0,0.000000
-5,-15,15.811388
-16,-6,17.088007
10,-2,10.198039
5,-17,17.720045
33,-7,33.734256
20,32,37.735925
7,9,11.401754
-44,-14,46.173586
-6,10,11.661904
16,-10,18.867962
0,10,10.000000
-5,-25,25.495098
51,19,54.424259
-17,23,28.600699
-6,22,22.803509
-38,12,39.849718
10,10,14.142136
-5,25,25.495098
30,-20,36.055513
-29,1,29.017236
27,-13,29.966648
8,-28,29.120440
48,6,48.373546
-43,-15,45.541190
4,-10,10.770330
8,50,50.635956
17,15,22.671568
-28,-14,31.304952
-13,-9,15.811388
-22,16,27.202941
9,25,26.570661
0,6,6.000000
0,-14,14.000000
26,10,27.856777
-16,22,27.202941
20,-2,20.099751
-25,-35,43.011626
35,21,40.816663
-9,39,40.024992
37,-21,42.544095
-27,-19,33.015148
18,4,18.439089
25,-49,55.009090
10,12,15.620499
-10,64,64.776539
51,39,64.202804
-10,20,22.360680
0,14,14.000000
12,-4,12.649111
-11,-5,12.083046
27,9,28.460499
-24,22,32.557641
-13,15,19.849433
-17,17,24.041631
-4,32,32.249031
1,3,3.162278
-16,-24,28.844410
-32,-12,34.176015
17,67,69.123079
-9,3,9.486833
2,6,6.324555
26,0,26.000000
6,6,8.485281
-41,-3,41.109610
-21,-3,21.213203
5,-15,15.811388
15,1,15.033296
10,-34,35.440090
5,25,25.495098
1,-33,33.015148
49,-9,49.819675
-30,-12,32.310989
-7,3,7.615773
24,-6,24.738634
4,-28,28.284271
-18,6,18.973666
-20,-18,26.907248
23,3,23.194827
-37,-13,39.217343
-8,-10,12.806248
19,33,38.078866
-40,-14,42.379240
-44,20,48.332184
10,8,12.806248
-54,-8,54.589376
5,3,5.830952
-1,13,13.038405
-33,9,34.205263
30,-16,34.000000
24,-16,28.844410
3,21,21.213203
-1,1,1.414214
25,-9,26.570661
22,0,22.000000
-24,4,24.331050
-36,22,42.190046
-5,-9,10.295630
-10,10,14.142136
-3,-29,29.154759
5,9,10.295630
29,-17,33.615473
-5,-3,5.830952
11,-21,23.706539
19,-19,26.870058
13,29,31.780497
26,-8,27.202941
-4,18,18.439089
9,19,21.023796
33,1,33.015148
-2,12,12.165525
-4,-16,16.492423
18,32,36.715120
-1,9,9.055385
-25,-15,29.154759
-23,-21,31.144823
7,21,22.135944
-11,19,21.954498
-14,0,14.000000
-10,-2,10.198039
8,32,32.984845
28,0,28.000000
-14,-20,24.413111
-9,1,9.055385
8,-4,8.944272
-5,-7,8.602325
-11,39,40.521599
-16,-18,24.083189
25,5,25.495098
21,-25,32.649655
-19,-35,39.824616
-4,-10,10.770330
40,22,45.650849
-37,-15,39.924930
-15,-9,17.492856
-18,-36,40.249224
-1,-19,19.026298
10,-34,35.440090
3,11,11.401754
1,29,29.017236
-11,17,20.248457
-8,4,8.944272
3,-19,19.235384
7,13,14.764823
-16,12,20.000000
5,-1,5.099020
-17,63,65.253352
14,-28,31.304952
-5,3,5.830952
-10,32,33.526109
-24,0,24.000000
-30,2,30.066593
-10,-2,10.198039
-1,13,13.038405
23,-27,35.468296
0,26,26.000000
-12,8,14.422205
-22,-28,35.608988
-14,14,19.798990
-25,-5,25.495098
32,38,49.678969
11,25,27.313001
-32,-14,34.928498
7,51,51.478151
28,-8,29.120440
-25,-13,28.178006
-23,-15,27.459060
10,46,47.074409
-22,2,22.090722
25,5,25.495098
48,26,54.589376
19,15,24.207437
-19,23,29.832868
-16,10,18.867962
1,-17,17.029386
-34,26,42.801869
-26,2,26.076810
23,-1,23.021729
-7,-25,25.961510
-25,-47,53.235327
-13,7,14.764823
-20,-2,20.099751
-18,20,26.907248
-14,18,22.803509
-23,17,28.600699
5,-17,17.720045
-27,27,38.183766
7,-55,55.443665
4,42,42.190046
7,-27,27.892651
22,-8,23.409400
6,22,22.803509
-19,1,19.026298
11,-3,11.401754
8,-12,14.422205
-11,33,34.785054
-12,10,15.620499
15,-7,16.552945
3,-3,4.242641
7,11,13.038405
4,-14,14.560220
6,-38,38.470768
23,-7,24.041631
18,-18,25.455844
10,30,31.622777
15,-21,25.806976
-31,-11,32.893768
18,2,18.110770
12,-16,20.000000
11,23,25.495098
-24,-6,24.738634
1,19,19.026298
5,31,31.400637
6,2,6.324555
52,4,52.153619
-8,-46,46.690470
10,0,10.000000
-49,-3,49.091751
-22,-6,22.803509
-4,36,36.221541
-33,1,33.015148
38,42,56.639209
40,-34,52.497619
-1,-29,29.017236
13,-13,18.384776
-20,-6,20.880613
3,-7,7.615773
4,24,24.331050
22,12,25.059928
31,-31,43.840620
-15,17,22.671568
24,-18,30.000000
-12,18,21.633308
39,-17,42.544095
-6,12,13.416408
-14,-14,19.798990
-3,9,9.486833
19,9,21.023796
19,-13,23.021729
-2,16,16.124515
-9,5,10.295630
-15,3,15.297059
9,29,30.364453
31,3,31.144823
-17,-31,35.355339
-30,20,36.055513
16,-44,46.818800
42,-18,45.694639
-14,-20,24.413111
4,-28,28.284271
27,-19,33.015148
4,-28,28.284271
-35,-13,37.336309
-6,30,30.594117
7,-15,16.552945
16,-28,32.249031
-49,41,63.890531
49,27,55.946403
-39,5,39.319207
3,-1,3.162278
11,3,11.401754
16,-26,30.528675
-16,10,18.867962
33,39,51.088159
-2,-8,8.246211
-18,-10,20.591260
-13,-11,17.029386
-15,-17,22.671568
-4,-8,8.944272
23,-21,31.144823
-3,-23,23.194827
9,13,15.811388
4,-8,8.944272
8,0,8.000000
19,-1,19.026298
-25,-7,25.961510
21,-15,25.806976
-12,-2,12.165525
-4,-18,18.439089
20,-2,20.099751
13,7,14.764823
-3,11,11.401754
-46,-8,46.690470
1,27,27.018512
-29,47,55.226805
-32,6,32.557641
-3,-1,3.162278
11,-19,21.954498
6,40,40.447497
13,-33,35.468296
45,-7,45.541190
-4,12,12.649111
-43,-33,54.203321
0,22,22.000000
-4,-10,10.770330
18,42,45.694639
-18,2,18.110770
-9,-59,59.682493
38,20,42.941821
-5,15,15.811388
-2,-2,2.828427
8,6,10.000000
5,37,37.336309
-1,1,1.414214
7,-27,27.892651
12,0,12.000000
-17,3,17.262677
23,-1,23.021729
4,-42,42.190046
31,-19,36.359318
-6,-10,11.661904
4,-30,30.265492
0,46,46.000000
-43,17,46.238512
7,19,20.248457
11,1,11.045361
18,4,18.439089
32,-42,52.801515
29,19,34.669872
-22,2,22.090722
-27,-31,41.109610
-13,-19,23.021729
5,17,17.720045
-2,0,2.000000
28,4,28.284271
15,15,21.213203
1,-1,1.414214
10,-10,14.142136
-7,9,11.401754
9,23,24.698178
41,-7,41.593269
-47,7,47.518417
17,27,31.906112
49,11,50.219518
-7,31,31.780497
12,-12,16.970563
12,-6,13.416408
-51,11,52.172790
-5,25,25.495098
-28,-44,52.153619
-9,-5,10.295630
9,-13,15.811388
-18,8,19.697716
8,-6,10.000000
18,0,18.000000
22,-10,24.166092
19,21,28.319605
6,-2,6.324555
10,-22,24.166092
-27,-7,27.892651
20,-24,31.240999
1,-15,15.033296
-39,9,40.024992
19,-51,54.424259
3,5,5.830952
-29,-3,29.154759
12,38,39.849718
20,-56,59.464275
-17,-15,22.671568
-14,42,44.271887
-16,-42,44.944410
-14,2,14.142136
13,-19,23.021729
-9,-3,9.486833
-8,-6,10.000000
27,3,27.166155
4,2,4.472136
-5,23,23.537205
-1,15,15.033296
-3,-19,19.235384
-13,-23,26.419690
-12,6,13.416408
-1,-25,25.019992
8,-2,8.246211
19,-13,23.021729
-21,19,28.319605
22,-8,23.409400
11,-21,23.706539
-6,-4,7.211103
21,-49,53.310412
-28,-14,31.304952
7,-1,7.071068
19,57,60.083276
16,22,27.202941
10,16,18.867962
-20,8,21.540659
-10,8,12.806248
-19,23,29.832868
-2,-28,28.071338
11,-7,13.038405
-8,18,19.697716
9,33,34.205263
13,-11,17.029386
-39,5,39.319207
8,22,23.409400
0,28,28.000000
9,-29,30.364453
16,-12,20.000000
-42,2,42.047592
29,-17,33.615473
-12,-54,55.317267
17,-39,42.544095
-41,33,52.630789
2,52,52.038447
-26,-12,28.635642
-13,19,23.021729
-18,-18,25.455844
0,-6,6.000000
-24,-18,30.000000
3,-17,17.262677
0,-8,8.000000
-15,-29,32.649655
3,-7,7.615773
8,4,8.944272
36,12,37.947332
30,-18,34.985711
-21,-21,29.698485
35,-5,35.355339
37,-39,53.758720
31,5,31.400637
-4,40,40.199502
-26,2,26.076810
9,11,14.212670
33,-37,49.578221
35,9,36.138622
-36,-32,48.166378
-1,-17,17.029386
15,-11,18.601075
-28,-26,38.209946
-1,-13,13.038405
-11,19,21.954498
3,19,19.235384
10,0,10.000000
13,-9,15.811388
-22,-4,22.360680
-32,-20,37.735925
6,-20,20.880613
-27,17,31.906112
11,7,13.038405
-23,21,31.144823
-16,8,17.888544
43,-23,48.764741
-14,10,17.204651
27,39,47.434165
-13,-19,23.021729
-16,-18,24.083189
20,18,26.907248
25,33,41.400483
23,-3,23.194827
13,-1,13.038405
20,22,29.732137
7,1,7.071068
-7,31,31.780497
-12,6,13.416408
6,30,30.594117
16,18,24.083189
56,4,56.142675
0,-40,40.000000
34,4,34.234486
14,-28,31.304952
-58,12,59.228372
3,-21,21.213203
-33,-29,43.931765
-30,20,36.055513
-26,-10,27.856777
-33,37,49.578221
-38,-2,38.052595
8,16,17.888544
-25,-25,35.355339
3,3,4.242641
-25,7,25.961510
19,-11,21.954498
-26,-16,30.528675
-17,-45,48.104054
20,6,20.880613
36,-24,43.266615
-28,-18,33.286634
36,-26,44.407207
20,74,76.655072
-26,-50,56.356011
2,-18,18.110770
-9,-5,10.295630
-17,-35,38.910153
5,-15,15.811388
-8,-32,32.984845
19,-19,26.870058
-9,-21,22.847319
-16,-16,22.627417
-4,-20,20.396078
-12,-98,98.731960
-15,11,18.601075
19,-21,28.319605
21,7,22.135944
-22,-6,22.803509
36,-2,36.055513
-11,15,18.601075
-23,-25,33.970576
-44,-50,66.603303
-8,-18,19.697716
19,5,19.646883
0,-2,2.000000
52,4,52.153619
-13,-17,21.400935
-24,4,24.331050
-12,-22,25.059928
-41,-25,48.020829
18,2,18.110770
-6,0,6.000000
-12,12,16.970563
24,-44,50.119856
-24,-8,25.298221
21,-7,22.135944
-20,-30,36.055513
8,6,10.000000
18,-6,18.973666
-31,-37,48.270074
-30,18,34.985711
24,12,26.832816
16,-48,50.596443
17,9,19.235384
12,-26,28.635642
-3,13,13.341664
-41,1,41.012193
12,-22,25.059928
14,48,50.000000
7,-13,14.764823
-29,13,31.780497
17,-27,31.906112
-13,-1,13.038405
-17,29,33.615473
30,24,38.418745
-4,0,4.000000
-17,5,17.720045
-3,-25,25.179357
-47,-19,50.695167
-3,-11,11.401754
54,12,55.317267
-7,-11,13.038405
11,-11,15.556349
-4,22,22.360680
-35,17,38.910153
23,25,33.970576
12,12,16.970563
-8,-2,8.246211
-10,6,11.661904
17,5,17.720045
-9,3,9.486833
-9,21,22.847319
-14,-28,31.304952
-38,2,38.052595
18,-12,21.633308
47,15,49.335586
-30,20,36.055513
0,-40,40.000000
18,-22,28.425341
19,-31,36.359318
1,-17,17.029386
28,16,32.249031
-28,4,28.284271
-14,-22,26.076810
14,-8,16.124515
-23,-21,31.144823
9,-11,14.212670
-13,-17,21.400935
21,25,32.649655
-21,3,21.213203
-10,4,10.770330
2,0,2.000000
-16,6,17.088007
44,0,44.000000
2,2,2.828427
-25,-1,25.019992
-21,-7,22.135944
18,-6,18.973666
41,11,42.449971
6,-2,6.324555
-15,-1,15.033296
-24,-42,48.373546
13,-23,26.419690
-4,4,5.656854
25,-3,25.179357
6,-26,26.683328
1,17,17.029386
-1,-5,5.099020
19,-3,19.235384
-4,-16,16.492423
7,-33,33.734256
-30,-8,31.048349
-30,44,53.254108
-22,-26,34.058773
-30,24,38.418745
13,-25,28.178006
32,4,32.249031
9,39,40.024992
29,5,29.427878
-6,-8,10.000000
19,-29,34.669872
-4,6,7.211103
28,-18,33.286634
-4,10,10.770330
49,-9,49.819675
-18,-48,51.264022
-2,6,6.324555
-2,34,34.058773
-12,16,20.000000
15,-27,30.886890
-30,-34,45.343136
-13,-9,15.811388
-5,-29,29.427878
23,-63,67.067131
14,-8,16.124515
34,0,34.000000
-19,5,19.646883
-15,-5,15.811388
5,-21,21.587033
-19,-21,28.319605
-30,28,41.036569
-8,-6,10.000000
-1,-1,1.414214
6,18,18.973666
-2,-28,28.071338
36,30,46.861498
-18,4,18.439089
24,52,57.271284
27,-3,27.166155
20,22,29.732137
4,-4,5.656854
-37,25,44.654227
23,13,26.419690
23,55,59.615434
31,-1,31.016125
-7,-19,20.248457
-11,19,21.954498
20,8,21.540659
-33,19,38.078866
-2,28,28.071338
-11,-37,38.600518
-42,-32,52.801515
-18,36,40.249224
-2,-40,40.049969
13,-23,26.419690
26,10,27.856777
-23,-15,27.459060
-3,-37,37.121422
-15,-3,15.297059
30,-10,31.622777
-20,10,22.360680
35,-9,36.138622
11,31,32.893768
-11,25,27.313001
12,22,25.059928
-17,5,17.720045
25,17,30.232433
-10,-22,24.166092
-13,31,33.615473
-19,25,31.400637
-47,-35,58.600341
36,-18,40.249224
-8,-18,19.697716
4,8,8.944272
3,7,7.615773
2,32,32.062439
-2,14,14.142136
-26,-6,26.683328
4,-8,8.944272
50,8,50.635956
14,20,24.413111
-35,-35,49.497475
-10,34,35.440090
41,13,43.011626
-18,-38,42.047592
-6,32,32.557641
-23,23,32.526912
-30,-34,45.343136
12,22,25.059928
-20,-14,24.413111
-13,-1,13.038405
-39,53,65.802736
-12,24,26.832816
-28,10,29.732137
-27,-5,27.459060
25,-25,35.355339
21,15,25.806976
15,-7,16.552945
44,26,51.107729
44,-2,44.045431
14,-8,16.124515
-4,-34,34.234486
-22,34,40.496913
29,3,29.154759
51,-1,51.009803
-17,-25,30.232433
10,0,10.000000
-25,-51,56.797887
11,39,40.521599
31,-5,31.400637
12,-8,14.422205
8,-8,11.313708
-12,-30,32.310989
9,37,38.078866
19,15,24.207437
-21,-39,44.294469
56,36,66.573268
-15,-25,29.154759
14,16,21.260292
2,14,14.142136
-17,5,17.720045
15,3,15.297059
-36,4,36.221541
-1,11,11.045361
0,0,0.000000
8,-4,8.944272
1,33,33.015148
-40,22,45.650849
22,16,27.202941
48,-14,50.000000
9,-25,26.570661
38,8,38.832976
-1,-49,49.010203
9,-5,10.295630
-15,9,17.492856
-5,-3,5.830952
-14,0,14.000000
-5,9,10.295630
-15,17,22.671568
2,6,6.324555
18,12,21.633308
-24,-10,26.000000
23,3,23.194827
-40,12,41.761226
-12,-2,12.165525
-5,23,23.537205
5,1,5.099020
-22,-6,22.803509
26,36,44.407207
-19,-13,23.021729
8,-28,29.120440
45,3,45.099889
9,-19,21.023796
53,19,56.302753
15,1,15.033296
28,-16,32.249031
1,-13,13.038405
21,-1,21.023796
17,-9,19.235384
-14,-18,22.803509
0,0,0.000000
-9,-5,10.295630
59,25,64.078077
5,-7,8.602325
22,64,67.675697
20,-14,24.413111
-11,-1,11.045361
8,18,19.697716
63,-25,67.779053
-28,-70,75.392307
-16,6,17.088007
-21,17,27.018512
-9,-3,9.486833
-3,17,17.262677
2,4,4.472136
14,-52,53.851648
-43,19,47.010637
9,1,9.055385
9,-49,49.819675
-5,-31,31.400637
0,10,10.000000
-30,0,30.000000
-28,22,35.608988
-5,-43,43.289722
-21,-13,24.698178
10,22,24.166092
-33,-3,33.136083
-1,-11,11.045361
-2,12,12.165525
25,-3,25.179357
-31,25,39.824616
-57,-17,59.481089
-23,-9,24.698178
7,-15,16.552945
-31,-11,32.893768
19,-1,19.026298
19,3,19.235384
10,-32,33.526109
-11,11,15.556349
21,35,40.816663
-21,-17,27.018512
11,7,13.038405
0,-12,12.000000
-20,-14,24.413111
-32,18,36.715120
-16,-16,22.627417
41,3,41.109610
-4,-62,62.128898
31,-15,34.438351
-10,-50,50.990195
-6,26,26.683328
-15,29,32.649655
6,18,18.973666
-12,6,13.416408
-5,-29,29.427878
18,28,33.286634
3,-3,4.242641
14,-12,18.439089
3,-5,5.830952
-6,22,22.803509
-1,-11,11.045361
-15,-3,15.297059
2,-6,6.324555
19,3,19.235384
6,-10,11.661904
-30,-8,31.048349
-1,45,45.011110
-16,-20,25.612497
13,31,33.615473
-26,-14,29.529646
-34,18,38.470768
23,61,65.192024
43,-5,43.289722
-58,-62,84.899941
18,-2,18.110770
-24,20,31.240999
1,-21,21.023796
22,-16,27.202941
21,21,29.698485
3,17,17.262677
16,-8,17.888544
-16,-6,17.088007
7,-11,13.038405
3,-7,7.615773
-39,-17,42.544095
13,-1,13.038405
11,23,25.495098
33,45,55.803226
-18,4,18.439089
2,30,30.066593
6,10,11.661904
10,-14,17.204651
12,-8,14.422205
4,-20,20.396078
-19,17,25.495098
-8,44,44.721360
-10,-52,52.952809
28,-6,28.635642
-3,41,41.109610
-3,9,9.486833
-1,-9,9.055385
29,-29,41.012193
4,-10,10.770330
-10,4,10.770330
14,38,40.496913
-22,-18,28.425341
-11,-13,17.029386
9,-25,26.570661
-18,-28,33.286634
-31,17,35.355339
-62,-4,62.128898
26,0,26.000000
8,10,12.806248
-14,34,36.769553
-19,45,48.846699
-10,-14,17.204651
1,-35,35.014283
11,-17,20.248457
-6,-32,32.557641
25,15,29.154759
-14,-14,19.798990
14,-4,14.560220
7,5,8.602325
0,28,28.000000
5,9,10.295630
-3,-25,25.179357
-15,51,53.160135
13,-13,18.384776
4,-42,42.190046
-18,-34,38.470768
24,-48,53.665631
-34,18,38.470768
17,-33,37.121422
-10,20,22.360680
12,4,12.649111
1,9,9.055385
-5,3,5.830952
-5,25,25.495098
15,1,15.033296
3,3,4.242641
1,-1,1.414214
-8,20,21.540659
-5,51,51.244512
18,-4,18.439089
-45,15,47.434165
7,1,7.071068
-15,-13,19.849433
-25,-23,33.970576
12,-24,26.832816
29,-21,35.805028
14,14,19.798990
7,-27,27.892651
18,-50,53.141321
-37,13,39.217343
26,6,26.683328
-4,-18,18.439089
-20,-2,20.099751
-12,-32,34.176015
-16,-24,28.844410
18,10,20.591260
-19,-7,20.248457
3,-19,19.235384
24,8,25.298221
-34,-20,39.446166
1,-15,15.033296
-1,5,5.099020
24,-8,25.298221
25,31,39.824616
-19,9,21.023796
-5,33,33.376639
-23,-21,31.144823
-61,-17,63.324561
48,0,48.000000
-3,-9,9.486833
25,49,55.009090
24,-18,30.000000
-4,26,26.305893
-29,-23,37.013511
2,40,40.049969
6,-36,36.496575
2,20,20.099751
15,-19,24.207437
-2,12,12.165525
10,-8,12.806248
32,38,49.678969
-1,-33,33.015148
20,6,20.880613
-11,23,25.495098
0,6,6.000000
-6,-18,18.973666
25,-15,29.154759
16,10,18.867962
-30,16,34.000000
-6,-18,18.973666
16,18,24.083189
-4,4,5.656854
-2,6,6.324555
25,-21,32.649655
13,9,15.811388
10,20,22.360680
-13,-67,68.249542
4,-44,44.181444
-9,-11,14.212670
7,1,7.071068
-6,18,18.973666
10,0,10.000000
14,18,22.803509
20,2,20.099751
42,6,42.426407
35,-39,52.402290
-18,-4,18.439089
44,-18,47.539457
7,-5,8.602325
-29,-7,29.832868
-7,7,9.899495
-14,26,29.529646
20,-40,44.721360
-31,1,31.016125
3,-13,13.341664
-32,-36,48.166378
-24,-12,26.832816
18,28,33.286634
-7,-3,7.615773
21,-19,28.319605
-36,-76,84.095184
3,31,31.144823
8,46,46.690470
12,50,51.419841
-61,9,61.660360
28,-8,29.120440
46,56,72.470684
13,13,18.384776
-2,16,16.124515
20,52,55.713553
0,8,8.000000
17,-47,49.979996
25,55,60.415230
-14,-12,18.439089
-36,16,39.395431
-10,50,50.990195
-9,-11,14.212670
11,-11,15.556349
8,14,16.124515
-13,-25,28.178006
14,-10,17.204651
9,-3,9.486833
2,16,16.124515
37,-37,52.325902
30,-6,30.594117
10,-14,17.204651
-28,2,28.071338
-3,1,3.162278
17,-23,28.600699
10,24,26.000000
-7,1,7.071068
-18,40,43.863424
51,13,52.630789
-2,-22,22.090722
-53,-11,54.129474
22,-40,45.650849
-15,45,47.434165
-9,27,28.460499
-24,8,25.298221
6,-30,30.594117
-12,22,25.059928
-5,-17,17.720045
24,10,26.000000
24,26,35.383612
22,-14,26.076810
-26,30,39.698866
-23,-15,27.459060
6,0,6.000000
4,-4,5.656854
16,-16,22.627417
38,50,62.801274
7,25,25.961510
-13,3,13.341664
-27,-11,29.154759
51,13,52.630789
-11,-11,15.556349
22,-16,27.202941
22,14,26.076810
25,31,39.824616
9,-19,21.023796
28,-18,33.286634
-2,4,4.472136
8,12,14.422205
-5,23,23.537205
-30,12,32.310989
21,-9,22.847319
-29,15,32.649655
-2,42,42.047592
3,-3,4.242641
-7,-13,14.764823
-9,-15,17.492856
-4,-10,10.770330
9,-1,9.055385
12,-6,13.416408
2,10,10.198039
-4,32,32.249031
29,47,55.226805
-21,-21,29.698485
34,6,34.525353
-17,-3,17.262677
-2,-10,10.198039
-13,-11,17.029386
4,22,22.360680
-8,-36,36.878178
-24,-22,32.557641
-51,25,56.797887
-23,35,41.880783
1,-45,45.011110
-3,7,7.615773
-11,-61,61.983869
11,-37,38.600518
22,24,32.557641
1,-29,29.017236
20,-6,20.880613
20,10,22.360680
17,3,17.262677
-27,13,29.966648
14,18,22.803509
-16,30,34.000000
-16,4,16.492423
-11,-7,13.038405
3,25,25.179357
5,-29,29.427878
-43,15,45.541190
-37,-13,39.217343
29,7,29.832868
-7,3,7.615773
-11,9,14.212670
10,2,10.198039
5,-23,23.537205
5,5,7.071068
-20,12,23.323808
-60,16,62.096699
2,-4,4.472136
25,-29,38.288379
64,6,64.280635
31,-35,46.754679
28,6,28.635642
34,-20,39.446166
50,-4,50.159745
7,25,25.961510
-3,3,4.242641
-2,-30,30.066593
-19,-27,33.015148
28,12,30.463092
12,-38,39.849718
-26,16,30.528675
24,-32,40.000000
7,41,41.593269
-17,25,30.232433
-10,-20,22.360680
-7,47,47.518417
21,-31,37.443290
-3,-7,7.615773
-25,-7,25.961510
27,-9,28.460499
-2,26,26.076810
6,-32,32.557641
-5,13,13.928388
-24,-14,27.784888
10,30,31.622777
-30,-12,32.310989
3,-5,5.830952
-1,-21,21.023796
-29,-29,41.012193
33,-27,42.638011
23,-17,28.600699
-22,26,34.058773
31,-15,34.438351
-23,7,24.041631
-11,3,11.401754
22,-2,22.090722
-19,-31,36.359318
-44,-12,45.607017
-20,2,20.099751
44,4,44.181444
27,-25,36.796739
-22,24,32.557641
12,-42,43.680659
19,9,21.023796
33,-5,33.376639
13,-27,29.966648
-8,8,11.313708
2,6,6.324555
-18,10,20.591260
35,13,37.336309
-5,-13,13.928388
28,-8,29.120440
27,-3,27.166155
-30,20,36.055513
-11,-31,32.893768
11,-41,42.449971
-27,-11,29.154759
-30,14,33.105891
0,-16,16.000000
-38,-6,38.470768
-21,-15,25.806976
25,23,33.970576
16,26,30.528675
4,16,16.492423
-7,11,13.038405
10,0,10.000000
11,-27,29.154759
-4,-4,5.656854
18,2,18.110770
38,-14,40.496913
-20,12,23.323808
9,11,14.212670
18,2,18.110770
26,4,26.305893
-11,29,31.016125
23,1,23.021729
-5,-3,5.830952
7,-13,14.764823
12,34,36.055513
4,-28,28.284271
0,14,14.000000
11,-7,13.038405
12,4,12.649111
1,3,3.162278
6,4,7.211103
-6,-16,17.088007
39,39,55.154329
-11,-15,18.601075
16,36,39.395431
-29,43,51.865210
17,27,31.906112
10,6,11.661904
24,-10,26.000000
0,18,18.000000
46,48,66.483081
-46,0,46.000000
19,7,20.248457
6,26,26.683328
-1,17,17.029386
-14,14,19.798990
54,4,54.147945
11,-17,20.248457
4,42,42.190046
16,-30,34.000000
29,-17,33.615473
-16,44,46.818800
12,0,12.000000
2,4,4.472136
-29,25,38.288379
9,9,12.727922
-6,-16,17.088007
-2,-10,10.198039
-49,19,52.554733
-6,32,32.557641
-10,-28,29.732137
29,-19,34.669872
8,12,14.422205
19,15,24.207437
-8,2,8.246211
-23,-19,29.832868
24,-14,27.784888
-3,7,7.615773
-40,14,42.379240
-4,-2,4.472136
-9,1,9.055385
27,27,38.183766
17,13,21.400935
-8,4,8.944272
-3,3,4.242641
-3,-33,33.136083
-26,2,26.076810
-21,-35,40.816663
-12,32,34.176015
-7,-29,29.832868
17,29,33.615473
-3,-29,29.154759
-18,46,49.396356
20,-6,20.880613
25,-7,25.961510
39,9,40.024992
13,-11,17.029386
20,-22,29.732137
-22,40,45.650849
18,-2,18.110770
27,7,27.892651
-38,20,42.941821
-1,19,19.026298
3,23,23.194827
-9,3,9.486833
-22,-18,28.425341
11,31,32.893768
-1,-3,3.162278
-53,1,53.009433
17,-3,17.262677
-15,21,25.806976
16,52,54.405882
38,14,40.496913
22,20,29.732137
-26,20,32.802439
-41,-37,55.226805
42,36,55.317267
3,7,7.615773
5,-31,31.400637
14,-28,31.304952
-31,-15,34.438351
31,-19,36.359318
-73,-17,74.953319
-36,4,36.221541
13,-9,15.811388
-7,27,27.892651
10,-56,56.885851
26,-40,47.707442
-30,22,37.202150
13,-3,13.341664
-19,-3,19.235384
-19,25,31.400637
-26,10,27.856777
-34,4,34.234486
-3,7,7.615773
-21,-43,47.853944
2,4,4.472136
-5,15,15.811388
28,42,50.477718
-41,23,47.010637
6,-22,22.803509
-7,45,45.541190
30,-2,30.066593
10,-28,29.732137
-32,-46,56.035703
-31,25,39.824616
-4,-20,20.396078
28,-20,34.409301
33,-9,34.205263
-36,-36,50.911688
33,-59,67.601775
-62,-20,65.145990
20,8,21.540659
27,-17,31.906112
-13,-27,29.966648
6,4,7.211103
6,-28,28.635642
21,-13,24.698178
23,11,25.495098
2,-12,12.165525
16,-4,16.492423
15,-1,15.033296
0,-14,14.000000
27,29,39.623226
6,-4,7.211103
48,2,48.041649
0,20,20.000000
15,1,15.033296
-46,16,48.703183
-33,-17,37.121422
-5,-21,21.587033
-16,16,22.627417
27,23,35.468296
6,-2,6.324555
21,3,21.213203
8,12,14.422205
10,-4,10.770330
4,-18,18.439089
-4,6,7.211103
-16,-14,21.260292
-47,7,47.518417
-18,-6,18.973666
51,-55,75.006666
-24,-6,24.738634
13,1,13.038405
-10,4,10.770330
2,28,28.071338
-23,-9,24.698178
-36,40,53.814496
-10,10,14.142136
14,0,14.000000
-18,-38,42.047592
-9,23,24.698178
-70,16,71.805292
-28,42,50.477718
5,-3,5.830952
-3,7,7.615773
-14,24,27.784888
2,-12,12.165525
34,26,42.801869
-26,-14,29.529646
2,10,10.198039
11,19,21.954498
-10,4,10.770330
-10,12,15.620499
-11,33,34.785054
-24,48,53.665631
14,18,22.803509
-40,-18,43.863424
-14,30,33.105891
17,-35,38.910153
-25,-35,43.011626
7,-29,29.832868
24,-10,26.000000
-3,21,21.213203
52,-16,54.405882
-6,10,11.661904
-5,11,12.083046
8,14,16.124515
-31,-13,33.615473
47,7,47.518417
-7,-11,13.038405
-17,-25,30.232433
23,-1,23.021729
36,4,36.221541
-27,11,29.154759
16,-18,24.083189
17,-23,28.600699
-37,7,37.656341
16,8,17.888544
1,-11,11.045361
-19,11,21.954498
-10,-36,37.363083
-19,25,31.400637
-16,-2,16.124515
7,-11,13.038405
-35,39,52.402290
25,3,25.179357
42,-10,43.174066
-7,27,27.892651
-67,21,70.213959
-4,12,12.649111
30,-4,30.265492
23,17,28.600699
19,-9,21.023796
-25,-15,29.154759
20,22,29.732137
5,-21,21.587033
10,0,10.000000
26,-2,26.076810
-3,-73,73.061618
20,10,22.360680
10,24,26.000000
-28,16,32.249031
-14,28,31.304952
-20,20,28.284271
-23,5,23.537205
13,-13,18.384776
1,5,5.099020
-2,0,2.000000
1,35,35.014283
21,-27,34.205263
5,-21,21.587033
-31,-23,38.600518
43,23,48.764741
-9,13,15.811388
-12,24,26.832816
-17,-7,18.384776
16,32,35.777088
-1,-11,11.045361
34,-30,45.343136
8,-2,8.246211
-31,21,37.443290
-22,-24,32.557641
-6,6,8.485281
36,10,37.363083
2,-22,22.090722
37,-11,38.600518
38,8,38.832976
3,-13,13.341664
6,-2,6.324555
-9,-43,43.931765
-50,-4,50.159745
14,36,38.626416
-13,-3,13.341664
-1,-19,19.026298
78,6,78.230429
-12,6,13.416408
27,-59,64.884513
-5,-11,12.083046
3,-23,23.194827
-4,-12,12.649111
-8,6,10.000000
11,-19,21.954498
-12,14,18.439089
-25,1,25.019992
-17,-17,24.041631
22,-32,38.832976
-39,5,39.319207
20,18,26.907248
3,-7,7.615773
-12,-44,45.607017
19,17,25.495098
22,8,23.409400
9,-5,10.295630
-9,7,11.401754
27,13,29.966648
5,17,17.720045
-2,-6,6.324555
0,4,4.000000
-7,29,29.832868
-6,-26,26.683328
-6,-8,10.000000
18,-22,28.425341
19,7,20.248457
-4,-30,30.265492
-37,15,39.924930
-20,30,36.055513
1,3,3.162278
-10,8,12.806248
31,-17,35.355339
-6,-32,32.557641
30,-4,30.265492
22,-12,25.059928
-29,13,31.780497
-16,-2,16.124515
23,15,27.459060
-102,-30,106.320271
27,5,27.459060
-40,4,40.199502
4,-6,7.211103
-18,36,40.249224
1,19,19.026298
-7,-47,47.518417
20,-30,36.055513
25,7,25.961510
16,26,30.528675
-8,-56,56.568542
-10,16,18.867962
12,6,13.416408
-6,42,42.426407
29,-27,39.623226
46,6,46.389654
31,-19,36.359318
-3,5,5.830952
7,-39,39.623226
33,-19,38.078866
-5,21,21.587033
10,-2,10.198039
-12,-8,14.422205
-3,21,21.213203
-1,-7,7.071068
11,-53,54.129474
-19,-7,20.248457
-8,18,19.697716
4,72,72.111026
25,21,32.649655
-4,-28,28.284271
-23,-15,27.459060
-14,-24,27.784888
-22,-6,22.803509
-11,11,15.556349
3,-11,11.401754
-18,-16,24.083189
-3,3,4.242641
-15,19,24.207437
-2,-12,12.165525
-33,21,39.115214
-25,-3,25.179357
33,11,34.785054
-19,-31,36.359318
5,3,5.830952
12,10,15.620499
42,-16,44.944410
-9,-9,12.727922
20,18,26.907248
22,-30,37.202150
8,36,36.878178
2,-2,2.828427
5,-19,19.646883
9,29,30.364453
-16,8,17.888544
-4,44,44.181444
5,-13,13.928388
-25,13,28.178006
-1,-23,23.021729
9,33,34.205263
14,36,38.626416
-18,-28,33.286634
-33,5,33.376639
-23,31,38.600518
-6,6,8.485281
40,-18,43.863424
-7,-47,47.518417
4,-8,8.944272
-21,-5,21.587033
7,-69,69.354164
6,18,18.973666
6,6,8.485281
-35,-3,35.128336
-14,-46,48.083261
-15,-5,15.811388
-17,-27,31.906112
-48,-48,67.882251
-12,-18,21.633308
9,-1,9.055385
0,-8,8.000000
3,25,25.179357
-18,14,22.803509
-14,-6,15.231546
-42,16,44.944410
-7,-5,8.602325
-4,8,8.944272
-2,18,18.110770
8,30,31.048349
-7,-15,16.552945
2,8,8.246211
38,16,41.231056
-12,-6,13.416408
24,-6,24.738634
-6,6,8.485281
-25,11,27.313001
-16,-46,48.703183
18,-58,60.728906
-20,-52,55.713553
27,17,31.906112
-15,15,21.213203
14,24,27.784888
10,-26,27.856777
-22,-2,22.090722
37,-23,43.566042
-40,0,40.000000
2,-6,6.324555
7,-15,16.552945
40,-18,43.863424
9,-21,22.847319
-12,-2,12.165525
-6,14,15.231546
-27,-5,27.459060
22,4,22.360680
-15,-5,15.811388
21,-21,29.698485
-58,-8,58.549125
0,38,38.000000
18,-18,25.455844
-9,49,49.819675
-37,-11,38.600518
-26,-6,26.683328
-8,18,19.697716
1,-21,21.023796
26,2,26.076810
-2,-16,16.124515
-14,26,29.529646
11,-21,23.706539
-4,18,18.439089
19,-29,34.669872
13,21,24.698178
-25,5,25.495098
-2,56,56.035703
42,-8,42.755117
44,-16,46.818800
12,-2,12.165525
20,6,20.880613
-6,-8,10.000000
42,-10,43.174066
-25,43,49.739320
5,-9,10.295630
20,16,25.612497
-1,3,3.162278
-1,-13,13.038405
-34,22,40.496913
3,-21,21.213203
-9,7,11.401754
8,8,11.313708
11,27,29.154759
26,-6,26.683328
26,-14,29.529646
-9,29,30.364453
-22,0,22.000000
26,-26,36.769553
-27,-23,35.468296
-29,-3,29.154759
3,-9,9.486833
-30,50,58.309519
1,27,27.018512
-19,25,31.400637
30,20,36.055513
-8,-68,68.468971
28,-30,41.036569
-5,11,12.083046
-5,-45,45.276926
-15,-1,15.033296
-51,-5,51.244512
18,2,18.110770
-2,4,4.472136
-39,55,67.424031
-13,-33,35.468296
25,-19,31.400637
44,14,46.173586
23,-25,33.970576
-62,8,62.513998
6,38,38.470768
11,-35,36.687873
-25,19,31.400637
13,5,13.928388
5,1,5.099020
22,-32,38.832976
0,-18,18.000000
41,15,43.657760
-4,18,18.439089
-15,-25,29.154759
-2,24,24.083189
-54,12,55.317267
11,-23,25.495098
-17,11,20.248457
-27,-25,36.796739
30,18,34.985711
-3,-35,35.128336
-21,3,21.213203
-13,37,39.217343
-12,-28,30.463092
-3,43,43.104524
-37,-5,37.336309
-19,13,23.021729
40,12,41.761226
-40,-20,44.721360
32,4,32.249031
18,-12,21.633308
-26,4,26.305893
-32,-6,32.557641
17,-7,18.384776
-20,-14,24.413111
11,-45,46.324939
-4,26,26.305893
-28,-8,29.120440
9,-13,15.811388
3,1,3.162278
-29,13,31.780497
-7,43,43.566042
14,-8,16.124515
20,22,29.732137
-10,-20,22.360680
-7,9,11.401754
10,-20,22.360680
-3,-11,11.401754
-17,11,20.248457
36,34,49.517674
8,0,8.000000
35,-11,36.687873
1,-31,31.016125
-2,4,4.472136
-48,-8,48.662100
-41,-3,41.109610
11,7,13.038405
-24,-20,31.240999
-26,-14,29.529646
11,11,15.556349
-2,16,16.124515
23,7,24.041631
4,6,7.211103
-19,-55,58.189346
-4,-6,7.211103
28,-12,30.463092
31,51,59.682493
-12,4,12.649111
24,2,24.083189
5,-19,19.646883
8,-32,32.984845
19,13,23.021729
2,-22,22.090722
39,-9,40.024992
24,-12,26.832816
15,5,15.811388
-3,45,45.099889
-61,9,61.660360
9,23,24.698178
4,-34,34.234486
8,-34,34.928498
-37,-41,55.226805
6,74,74.242845
10,10,14.142136
0,8,8.000000
-16,16,22.627417
10,52,52.952809
8,26,27.202941
10,-12,15.620499
35,-49,60.216277
-6,2,6.324555
-20,-38,42.941821
2,-8,8.246211
-3,25,25.179357
17,5,17.720045
-1,-25,25.019992
9,-3,9.486833
14,8,16.124515
-1,-17,17.029386
7,15,16.552945
-10,20,22.360680
10,-56,56.885851
4,34,34.234486
70,0,70.000000
-45,-21,49.658836
64,24,68.352030
-2,2,2.828427
-2,-34,34.058773
12,-6,13.416408
-30,22,37.202150
28,-52,59.059292
32,10,33.526109
5,-33,33.376639
-19,5,19.646883
23,15,27.459060
11,23,25.495098
-6,-20,20.880613
16,-16,22.627417
1,-9,9.055385
-4,-10,10.770330
-21,37,42.544095
-17,11,20.248457
-11,-11,15.556349
-23,-9,24.698178
35,3,35.128336
36,10,37.363083
-10,-14,17.204651
-33,25,41.400483
-18,18,25.455844
10,16,18.867962
36,-12,37.947332
15,37,39.924930
-2,-12,12.165525
-21,-21,29.698485
-41,-13,43.011626
-23,19,29.832868
-3,9,9.486833
-19,-21,28.319605
58,6,58.309519
18,-6,18.973666
-14,28,31.304952
-6,6,8.485281
-59,-47,75.432089
-7,-7,9.899495
13,31,33.615473
-27,17,31.906112
-21,-7,22.135944
28,-16,32.249031
-15,31,34.438351
-12,8,14.422205
-12,-64,65.115282
-22,-8,23.409400
7,-49,49.497475
-41,31,51.400389
-35,-3,35.128336
-20,-8,21.540659
-18,30,34.985711
23,1,23.021729
-32,-6,32.557641
-23,9,24.698178
-7,27,27.892651
-31,15,34.438351
-8,30,31.048349
-1,49,49.010203
34,-6,34.525353
4,8,8.944272
-33,-1,33.015148
8,-18,19.697716
-26,12,28.635642
5,-35,35.355339
-3,1,3.162278
-25,-9,26.570661
-9,-13,15.811388
-15,31,34.438351
9,-5,10.295630
12,-16,20.000000
18,8,19.697716
17,-11,20.248457
9,25,26.570661
-12,8,14.422205
23,-3,23.194827
11,1,11.045361
-2,-40,40.049969
-37,-11,38.600518
-16,18,24.083189
-13,29,31.780497
-17,-37,40.718546
-13,3,13.341664
16,30,34.000000
-3,11,11.401754
6,10,11.661904
-14,18,22.803509
