x0,x1,x2,distancia
-6,31,-3,31.717503
-5,-9,6,11.916375
-13,12,43,46.497312
-13,-19,8,24.372115
-17,-19,2,25.573424
22,7,-53,57.810034
-26,-9,-15,31.336879
12,3,-5,13.341664
31,10,-15,35.860842
2,32,-14,34.985711
-17,3,2,17.378147
-14,-31,-23,41.060930
0,-17,13,21.400935
-12,11,1,16.309506
-10,-10,-6,15.362291
-20,22,6,30.331502
10,3,11,15.165751
14,-8,6,17.204651
-6,-16,16,23.409400
-20,30,14,38.678159
12,1,7,13.928388
48,-17,17,53.684262
-22,27,17,38.755645
7,-6,-5,10.488088
-19,9,-30,36.633318
-35,0,9,36.138622
-10,-36,-26,45.519227
-14,24,16,32.062439
-21,16,1,26.419690
-30,-18,30,46.086874
-8,-12,6,15.620499
22,24,-42,53.141321
10,15,11,21.118712
28,-10,8,30.789609
-12,-28,-12,32.741411
-8,-8,-4,12.000000
30,-1,-19,35.524639
9,-9,8,15.033296
13,-10,-1,16.431677
1,2,13,13.190906
3,16,1,16.309506
-35,-24,15,45.011110
2,44,-6,44.452222
22,2,-26,34.117444
2,19,-21,28.390139
-11,-4,-7,13.638182
-7,1,-2,7.348469
1,-4,5,6.480741
-30,-12,20,38.000000
41,-24,-3,47.602521
-31,-13,44,55.371473
3,9,16,18.601075
13,7,-26,29.899833
-3,17,-14,22.226111
22,5,-15,27.092434
-10,-31,9,33.793490
-16,5,-19,25.337719
-33,-2,23,40.274061
-26,3,27,37.603191
34,18,-10,39.749214
8,27,-11,30.232433
2,7,-13,14.899664
51,-4,5,51.400389
6,-7,17,19.339080
20,-1,9,21.954498
29,-12,-25,40.124805
12,0,-6,13.416408
33,5,-8,34.322005
23,7,-16,28.879058
-25,26,-23,42.778499
0,-18,34,38.470768
19,-1,20,27.604347
5,0,11,12.083046
-20,15,-9,26.570661
17,2,-9,19.339080
-14,-17,41,46.540305
14,-2,-4,14.696938
-3,14,25,28.809721
-5,-20,11,23.366643
16,-18,-12,26.907248
2,34,-8,34.985711
-33,6,-1,33.555923
18,-23,9,30.561414
-13,-12,21,27.459060
-2,-41,-41,58.017239
17,41,-10,45.497253
-3,-7,-28,29.017236
7,18,27,33.196385
-14,30,-10,34.583233
-6,-29,17,34.146742
-39,3,-14,41.545156
-8,12,-12,18.761663
-1,7,14,15.684387
25,-6,-11,27.964263
-3,17,-2,17.378147
5,-29,-48,56.302753
27,15,14,33.911650
-12,9,-1,15.033296
-53,-5,-18,56.196085
-16,3,13,20.832667
-9,37,-4,38.288379
10,-15,-1,18.055470
-10,9,-21,24.939928
15,-43,-4,45.716518
21,30,-7,37.282704
-18,4,-48,51.419841
16,-1,-19,24.859606
23,6,-7,24.779023
-19,-26,1,32.218007
-21,-6,9,23.622024
14,19,7,24.617067
4,-4,-44,44.362146
-9,18,27,33.674916
-32,-12,34,48.207883
54,-17,11,57.671483
-19,-22,-31,42.497059
16,14,26,33.585711
-12,-13,7,19.026298
18,-1,-11,21.118712
17,-3,32,36.359318
9,-13,20,25.495098
14,30,10,34.583233
7,33,-36,49.335586
-11,2,1,11.224972
25,-17,-16,34.205263
9,3,-4,10.295630
37,-10,-25,45.760245
-10,4,-10,14.696938
-33,9,-10,35.637059
6,3,-9,11.224972
10,5,-13,17.146428
-28,-9,-3,29.563491
39,-9,-14,42.402830
0,7,13,14.764823
10,-21,-23,32.710854
5,9,12,15.811388
6,-2,-14,15.362291
14,14,-8,21.354157
-22,46,-6,51.341991
-3,4,39,39.319207
-26,17,39,49.859803
13,14,-43,47.053161
42,2,-28,50.517324
-32,-13,-3,34.669872
-8,12,16,21.540659
1,12,13,17.720045
-12,11,-1,16.309506
-7,-20,-1,21.213203
-2,-20,-10,22.449944
15,-5,-4,16.309506
23,-26,25,42.778499
-3,-11,-2,11.575837
1,-10,11,14.899664
20,37,-31,52.249402
-19,12,11,25.019992
-1,-21,-8,22.494444
-14,2,-2,14.282857
-5,3,-4,7.071068
28,1,13,30.886890
18,6,-2,19.078784
-20,7,-7,22.315914
-1,3,12,12.409674
19,33,-4,38.288379
8,4,-22,23.748684
-6,12,6,14.696938
-27,17,4,32.155870
17,19,24,35.014283
5,23,-16,28.460499
-11,7,2,13.190906
-15,25,-40,49.497475
1,-5,-14,14.899664
3,-19,0,19.235384
5,-9,20,22.494444
-13,21,-8,25.961510
-20,-6,22,30.331502
22,38,34,55.533774
-3,20,-17,26.419690
-25,-2,-23,34.029399
-11,8,-15,20.248457
-11,3,12,16.552945
6,9,-9,14.071247
-12,-35,-3,37.121422
14,-30,2,33.166248
-26,16,-10,32.124757
-1,41,22,46.540305
-15,2,-15,21.307276
6,-4,-32,32.802439
-32,-2,8,33.045423
-10,-22,8,25.455844
14,-3,17,22.226111
-1,9,10,13.490738
-27,-1,28,38.910153
-31,-10,-7,33.316662
-12,10,-18,23.832751
-2,3,-25,25.258662
26,16,-12,32.802439
5,-2,-7,8.831761
-5,8,9,13.038405
1,-28,-17,32.771939
13,-5,0,13.928388
-8,4,0,8.944272
17,2,7,18.493242
-7,13,20,24.859606
17,-14,-15,26.645825
2,12,4,12.806248
-15,28,7,32.526912
14,22,0,26.076810
23,-12,17,31.016125
-22,-5,35,41.641326
-37,30,-5,47.895720
29,18,1,34.146742
9,1,14,16.673332
19,-13,-8,24.372115
-11,-7,-8,15.297059
-36,-13,-5,38.600518
18,13,11,24.779023
13,22,19,31.843367
-22,3,23,31.968735
10,2,-6,11.832160
6,-39,-25,46.711883
-3,4,25,25.495098
5,-33,32,46.238512
10,15,33,37.603191
-34,-14,2,36.823905
5,0,3,5.830952
-5,14,5,15.684387
-12,-39,17,44.204072
15,-10,13,22.226111
-12,-16,16,25.612497
15,-41,-8,44.384682
10,10,-32,34.985711
-4,29,-11,31.272992
39,-3,-2,39.166312
-24,30,-12,40.249224
1,-16,-31,34.899857
22,-8,16,28.354894
-17,28,5,33.136083
12,19,43,48.518038
0,-3,1,3.162278
14,-37,33,51.516987
34,18,20,43.358967
-3,-52,-9,52.858301
10,9,-7,15.165751
-20,42,6,46.904158
-36,7,-41,55.009090
-39,35,24,57.636794
2,15,-23,27.531800
26,7,-1,26.944387
-9,-16,-5,19.026298
35,-22,-17,44.698993
7,-10,7,14.071247
-6,2,6,8.717798
6,16,-6,18.110770
-17,-24,-7,30.232433
-4,-25,17,30.495901
17,1,36,39.824616
-11,-17,-22,29.899833
-29,11,6,31.591138
-24,-10,8,27.202941
-12,-11,35,38.600518
-25,1,-48,54.129474
-4,-8,-42,42.941821
9,-12,27,30.886890
-8,-36,-4,37.094474
8,17,11,21.771541
27,-3,2,27.239677
-12,19,15,27.018512
-29,37,0,47.010637
28,15,37,48.764741
11,14,-15,23.280893
-38,-14,-2,40.546270
-22,12,-10,26.981475
-2,30,20,36.110940
-13,9,-16,22.494444
2,-9,-19,21.118712
13,16,11,23.366643
12,-13,-9,19.849433
-18,18,-34,42.473521
6,-6,-10,13.114877
36,4,22,42.379240
-16,10,26,32.124757
-29,7,-36,46.754679
-26,22,-20,39.496835
18,-33,-7,38.236109
-36,10,-22,43.358967
-38,36,20,56.035703
-20,11,-7,23.874673
-15,-9,-14,22.405357
28,20,-2,34.467376
17,-1,10,19.748418
23,-6,-35,42.308392
-22,16,-54,60.464866
6,-21,-39,44.698993
9,-6,43,44.339599
-11,24,-33,42.261093
10,15,-7,19.339080
14,13,-9,21.118712
4,-24,-6,25.059928
-1,-7,-14,15.684387
9,3,16,18.601075
0,2,-6,6.324555
31,-12,1,33.256578
-2,18,-26,31.685959
3,2,19,19.339080
2,9,13,15.937377
37,15,12,41.689327
-9,-24,-1,25.651511
-14,-25,-21,35.524639
-5,-16,-11,20.049938
-6,-44,8,45.122057
-11,10,-9,17.378147
26,4,12,28.913665
-2,-10,-4,10.954451
30,8,-8,32.062439
-9,-2,37,38.131352
32,37,-27,55.874860
-20,-17,-9,27.748874
-3,12,25,27.892651
18,-21,3,27.820855
-34,17,9,39.064050
29,-20,-3,35.355339
-10,4,-12,16.124515
-9,-23,10,26.645825
21,25,-30,44.339599
24,-10,16,30.528675
36,-3,-9,37.229021
9,8,9,15.033296
3,2,23,23.280893
-13,-11,-32,36.249138
-19,14,17,29.086079
-2,12,40,41.809090
14,-5,31,34.380227
26,-14,8,30.594117
-35,25,-36,56.089215
-8,11,23,26.720778
-8,-10,-14,18.973666
-6,-6,8,11.661904
-24,12,-14,30.265492
11,1,22,24.617067
-35,-30,-29,54.460995
-6,-11,-5,13.490738
-42,-40,-28,64.404969
13,16,7,21.771541
6,-7,-5,10.488088
-37,-17,-18,44.519659
5,3,-4,7.071068
-14,-11,5,18.493242
-13,1,4,13.638182
8,-28,10,30.789609
-33,-31,8,45.978256
-12,8,-4,14.966630
-7,10,3,12.569805
9,-44,13,46.754679
-12,-2,4,12.806248
40,4,-18,44.045431
39,27,14,49.457052
32,-16,-26,44.226689
4,26,20,33.045423
26,-23,13,37.067506
11,-8,-17,21.771541
21,3,-4,21.587033
17,-14,13,25.573424
5,-4,-11,12.727922
-5,-10,3,11.575837
-16,-4,12,20.396078
23,31,14,41.060930
3,18,5,18.920888
32,-32,-42,61.741396
-5,-5,-18,19.339080
27,14,23,38.131352
11,-25,14,30.692019
11,27,14,32.341923
2,-49,35,60.249481
-8,-5,-13,16.062378
28,-20,8,35.327043
-8,-5,-5,10.677078
10,10,-22,26.153394
13,-2,-13,18.493242
-17,-6,-9,20.149442
18,-10,24,31.622777
8,5,-17,19.442222
18,6,12,22.449944
10,14,-12,20.976177
-62,-4,-10,62.928531
-16,-13,-19,28.035692
-9,-10,5,14.352700
-16,-8,-4,18.330303
-15,30,-11,35.298725
-27,-1,2,27.092434
7,-10,-5,13.190906
-3,12,-29,31.527766
-3,1,26,26.191602
-4,31,5,31.654384
-20,13,1,23.874673
-17,-21,-28,38.910153
-32,27,1,41.880783
-23,10,-35,43.058100
36,3,-3,36.249138
45,-11,-6,46.711883
26,51,15,59.177699
23,7,-14,27.820855
39,9,6,40.472213
2,-9,11,14.352700
15,5,-22,27.092434
-17,-26,19,36.414283
0,26,-18,31.622777
27,-4,-15,31.144823
10,19,1,21.494185
9,-16,-19,26.419690
10,-19,-5,22.045408
-4,-5,15,16.309506
-29,7,16,33.852622
-33,-23,2,40.274061
-23,-20,-23,38.183766
-16,11,1,19.442222
-13,-13,-8,20.049938
4,-13,17,21.771541
3,4,-9,10.295630
-9,1,0,9.055385
6,46,-14,48.456166
3,-44,-17,47.265209
33,27,-24,48.928519
-11,20,-39,45.188494
-8,22,-4,23.748684
-37,23,8,44.294469
9,16,-25,31.016125
24,46,20,55.605755
-20,-1,-25,32.031235
13,7,28,31.654384
-36,-10,0,37.363083
-13,0,-5,13.928388
-8,11,19,23.366643
4,-1,9,9.899495
-16,-11,1,19.442222
17,-18,1,24.779023
32,19,-15,40.124805
2,5,-21,21.679483
8,-23,19,30.886890
17,20,25,36.249138
33,31,2,45.321077
3,-26,-3,26.343880
21,0,1,21.023796
0,10,-12,15.620499
11,2,-5,12.247449
-16,-6,-4,17.549929
3,-26,21,33.555923
17,-34,-15,40.865633
2,5,17,17.832555
14,0,-24,27.784888
4,20,34,39.648455
15,-42,-3,44.698993
-14,1,-5,14.899664
-17,-6,45,48.476799
4,6,12,14.000000
-4,11,-17,20.639767
10,16,0,18.867962
-29,29,6,41.448764
41,7,34,53.721504
23,-19,-8,30.886890
-20,3,-3,20.445048
33,12,23,41.976184
3,4,-1,5.099020
9,-5,-16,19.026298
21,-10,-5,23.790755
4,10,28,30.000000
7,9,40,41.593269
-6,8,-24,26.000000
15,5,16,22.494444
-18,-21,-19,33.555923
-5,21,20,29.427878
-13,8,1,15.297059
-39,7,18,43.520110
2,18,-26,31.685959
15,0,3,15.297059
11,-17,24,31.400637
-28,16,-2,32.310989
19,-12,-39,45.011110
-20,4,14,24.738634
34,-14,12,38.678159
12,22,-14,28.705400
0,8,-4,8.944272
13,14,13,23.108440
16,8,2,18.000000
12,-2,-34,36.110940
8,7,-41,42.355637
-6,-3,3,7.348469
-6,12,-4,14.000000
-13,43,-16,47.686476
-24,-32,-8,40.792156
-3,21,4,21.587033
-40,4,-4,40.398020
8,10,-18,22.090722
-18,11,23,31.208973
4,-2,-38,38.262253
5,2,31,31.464265
-18,-18,-26,36.386811
31,13,12,35.693137
-3,-13,-6,14.628739
-27,25,-12,38.704005
6,29,-9,30.951575
-20,-5,31,37.229021
-19,-40,-13,46.151923
6,-22,2,22.891046
-4,35,-27,44.384682
11,26,35,44.966654
-32,16,4,36.000000
-10,-48,-12,50.477718
8,9,35,37.013511
-18,9,-3,20.346990
-31,27,-28,49.739320
25,28,9,38.600518
0,-12,4,12.649111
9,20,-11,24.535688
9,11,-34,36.851052
-2,2,-16,16.248077
-10,-4,0,10.770330
6,9,25,27.239677
6,7,1,9.273618
-25,-5,-14,29.086079
22,-8,6,24.166092
-29,4,-9,30.626786
-12,-12,20,26.229754
-1,14,15,20.542639
-9,3,8,12.409674
-24,2,6,24.819347
-8,31,-1,32.031235
-14,18,2,22.891046
13,-2,25,28.248894
14,-10,4,17.663522
-10,4,-56,57.026310
-18,-9,-25,32.093613
26,-16,26,40.099875
50,-24,34,65.053824
14,22,-26,36.823905
24,-12,10,28.635642
-24,38,-28,52.952809
-31,30,1,43.150898
0,-7,-27,27.892651
9,-7,26,28.390139
-5,3,12,13.341664
21,-20,-19,34.669872
30,-33,-1,44.609416
-14,-24,36,45.475268
-16,13,-15,25.495098
20,-3,-11,23.021729
-26,-29,23,45.232732
18,-21,3,27.820855
-19,19,42,49.859803
28,-3,1,28.178006
-9,-16,-9,20.445048
5,-11,-34,36.083237
-16,15,5,22.494444
31,-2,21,37.496667
-7,7,12,15.556349
-3,-39,-10,40.373258
-13,-18,-39,44.877611
27,-11,12,31.527766
9,3,-4,10.295630
-12,-29,-19,36.687873
20,3,-15,25.179357
27,-4,-23,35.693137
-3,18,23,29.359837
24,-2,-2,24.166092
-9,-31,42,52.971691
1,-36,11,37.656341
-12,-6,-26,29.257478
-2,14,-30,33.166248
-4,2,-6,7.483315
39,27,-2,47.476310
-52,-2,-20,55.749439
-29,11,30,43.150898
-5,-21,8,23.021729
0,-3,23,23.194827
4,2,-6,7.483315
-12,-31,-19,38.288379
37,22,-5,43.335897
-22,22,-54,62.321746
6,-13,7,15.937377
2,-13,21,24.779023
5,35,-12,37.336309
14,-5,19,24.124676
30,-7,-15,34.263683
-44,-20,26,54.881691
5,37,-12,39.217343
-19,24,51,59.481089
14,11,3,18.055470
-7,27,-24,36.796739
18,-2,34,38.522721
-19,-32,5,37.549967
16,-1,-25,29.698485
6,-45,13,47.222876
-12,1,37,38.910153
-33,-16,-3,36.796739
2,7,45,45.585085
-4,-3,-25,25.495098
-14,25,23,36.742346
-6,40,-8,41.231056
19,16,-21,32.526912
-4,11,-5,12.727922
-16,-43,23,51.322510
35,-5,-18,39.673669
-3,8,-15,17.262677
10,-5,-53,54.166410
-9,-8,19,22.494444
-10,26,-26,38.105118
-2,21,-19,28.390139
1,-28,23,36.249138
-4,7,27,28.178006
-14,15,-11,23.280893
14,-13,-29,34.727511
6,-9,-5,11.916375
-29,21,-16,39.217343
25,51,-4,56.938563
-32,10,6,34.058773
-22,30,36,51.768716
-4,3,-37,37.336309
8,41,-9,42.731721
2,-1,-17,17.146428
12,-3,5,13.341664
21,-9,20,30.364453
-9,-2,17,19.339080
-15,13,-8,21.400935
2,-19,-7,20.346990
4,-18,-12,22.000000
49,15,18,54.313902
-29,-12,9,32.649655
2,15,-15,21.307276
13,60,-29,67.896981
30,20,-12,38.000000
-1,-8,-17,18.814888
-22,4,-40,45.825757
-26,-10,-12,30.331502
-12,6,-34,36.551334
6,14,4,15.748016
-5,-7,-4,9.486833
10,-1,-9,13.490738
13,30,23,39.974992
21,2,19,28.390139
-15,-18,-9,25.099801
8,-1,-3,8.602325
-23,19,2,29.899833
13,14,-5,19.748418
-7,33,-30,45.144213
-25,-8,23,34.899857
19,13,-2,23.108440
1,-4,-3,5.099020
25,9,0,26.570661
-23,-15,-10,29.223278
4,28,16,32.496154
20,-24,-8,32.249031
0,-13,39,41.109610
2,-5,5,7.348469
7,-1,30,30.822070
-14,8,6,17.204651
-3,-27,-34,43.520110
17,16,-1,23.366643
-3,9,48,48.928519
-14,0,-44,46.173586
-30,-2,28,41.085277
20,-11,3,23.021729
-19,-5,10,22.045408
-2,0,-8,8.246211
-11,-7,18,22.226111
-15,-3,-8,17.262677
1,2,21,21.118712
-23,21,20,37.013511
-3,-9,8,12.409674
21,-8,5,23.021729
-17,15,6,23.452079
-11,10,9,17.378147
7,-25,-10,27.820855
-2,-18,32,36.769553
38,5,-17,41.928511
3,2,-13,13.490738
-18,-10,-6,21.447611
8,-6,40,41.231056
3,-17,0,17.262677
-23,10,-7,26.038433
-1,16,-1,16.062378
-2,-27,-3,27.239677
-26,6,-6,27.349589
-50,16,28,59.497899
17,12,-5,21.400935
-24,13,7,28.178006
6,-11,11,16.673332
-10,-11,-7,16.431677
23,14,-5,27.386128
29,-8,3,30.232433
15,-14,3,20.736441
-8,12,-12,18.761663
-19,16,35,42.918527
14,0,-10,17.204651
-8,-26,-16,31.559468
-16,1,-15,21.954498
6,-14,4,15.748016
-6,-27,15,31.464265
-2,-15,-5,15.937377
-9,-8,9,15.033296
-12,31,-11,35.014283
10,-2,2,10.392305
-23,-15,34,43.703547
-23,18,9,30.561414
-1,-3,10,10.488088
7,-6,11,14.352700
15,-2,-23,27.531800
30,4,10,31.874755
27,26,23,43.977267
34,-5,5,34.727511
6,-16,-4,17.549929
-4,-26,-8,27.495454
19,-18,3,26.343880
-6,-1,17,18.055470
-6,-9,-5,11.916375
3,-7,-32,32.893768
5,29,4,29.698485
7,17,0,18.384776
-4,35,-35,49.658836
20,-6,10,23.151674
9,-19,10,23.280893
14,-7,-1,15.684387
-6,22,26,34.583233
-23,-21,12,33.376639
7,15,6,17.606817
-4,14,16,21.633308
31,-7,-12,33.970576
-6,29,-7,30.430248
9,4,5,11.045361
-5,15,-18,23.958297
-11,10,1,14.899664
-5,4,-15,16.309506
7,-29,16,33.852622
1,-16,19,24.859606
-22,10,-30,38.522721
9,11,18,22.934690
22,1,37,43.058100
0,-10,-32,33.526109
11,-13,-44,47.180504
-9,-1,24,25.651511
13,21,2,24.779023
9,-20,19,29.017236
-13,0,-23,26.419690
12,-5,-15,19.849433
18,-5,-37,41.448764
13,-17,26,33.674916
-15,1,-14,20.542639
12,15,-37,41.689327
12,5,-5,13.928388
31,-12,-11,35.014283
-42,12,-30,52.990565
-9,-2,-31,32.341923
24,-27,-23,42.825226
-12,4,12,17.435596
8,5,31,32.403703
10,-5,-29,31.080541
1,-7,30,30.822070
-3,6,21,22.045408
4,10,-4,11.489125
1,-1,16,16.062378
-21,39,16,47.095647
-3,35,-8,36.027767
4,-8,-12,14.966630
20,-1,-3,20.248457
-12,30,8,33.286634
-1,21,10,23.280893
1,-12,-7,13.928388
-13,10,9,18.708287
-30,-46,-40,67.941151
-10,13,-5,17.146428
19,-18,-17,31.208973
-16,2,-4,16.613248
30,-16,40,52.497619
-7,-6,-27,28.530685
18,-8,-12,23.065125
10,-9,1,13.490738
3,13,18,22.405357
-6,10,-6,13.114877
-38,24,-2,44.988888
11,-5,6,13.490738
6,-17,-1,18.055470
-1,-7,4,8.124038
30,1,-29,41.737274
17,-11,-20,28.460499
-13,4,21,25.019992
-14,0,32,34.928498
7,35,-20,40.914545
-14,-12,8,20.099751
-10,-8,-28,30.789609
-14,-2,14,19.899749
-32,5,1,32.403703
-12,1,9,15.033296
-13,21,-18,30.561414
12,-12,4,17.435596
33,-6,45,56.124861
6,9,-1,10.862780
-26,16,-4,30.789609
13,-5,12,18.384776
3,-11,2,11.575837
-20,52,22,59.899917
-2,-9,-23,24.779023
-14,-29,17,36.414283
-9,-23,-8,25.961510
35,-25,-2,43.058100
7,4,21,22.494444
2,-13,7,14.899664
-33,9,-40,52.630789
-19,-16,27,36.687873
21,-10,11,25.729361
33,18,5,37.920970
6,33,-11,35.298725
-5,-7,28,29.291637
5,-11,-10,15.684387
-14,-35,-15,40.570926
12,20,12,26.229754
4,1,-3,5.099020
1,-5,32,32.403703
1,-15,10,18.055470
19,-4,31,36.578682
-19,-16,43,49.658836
-36,5,5,36.687873
-7,0,-5,8.602325
-6,14,-22,26.758176
5,11,14,18.493242
6,6,-12,14.696938
-10,15,21,27.676705
-22,14,-12,28.705400
25,-15,44,52.782573
-12,1,-7,13.928388
-17,43,-10,47.307505
0,9,23,24.698178
18,3,-11,21.307276
-10,4,-2,10.954451
-25,-13,-26,38.340579
-3,-1,4,5.099020
-28,-37,-7,46.925473
11,12,-23,28.178006
-9,-5,8,13.038405
11,-5,10,15.684387
18,-10,-6,21.447611
-12,-17,-11,23.537205
28,-26,8,39.038443
3,-10,-7,12.569805
6,-1,-15,16.186414
-16,-11,-17,25.806976
13,10,-43,46.021734
12,-17,3,21.023796
-18,25,21,37.282704
2,0,24,24.083189
9,40,7,41.593269
8,-3,7,11.045361
11,-11,-34,37.389838
2,-2,-4,4.898979
0,-14,-2,14.142136
5,23,36,43.011626
-3,-18,-11,21.307276
25,-23,20,39.420807
13,-14,3,19.339080
3,7,-6,9.695360
-2,4,10,10.954451
33,-17,-8,37.973675
14,14,10,22.181073
13,1,-2,13.190906
-12,-17,23,31.016125
-33,7,4,33.970576
-5,6,21,22.405357
20,-4,30,36.276714
26,23,7,35.411862
-8,-6,-6,11.661904
-1,-44,-9,44.922155
14,7,11,19.131126
1,-14,-19,23.622024
-14,13,-9,21.118712
24,-8,8,26.532998
8,-5,-39,40.124805
-17,-30,-1,34.496377
-27,-23,-4,35.693137
37,2,-1,37.067506
-15,-15,-2,21.307276
1,-1,-12,12.083046
19,-10,-13,25.099801
-27,8,-19,33.970576
-6,19,41,45.585085
18,33,-7,38.236109
-3,16,-5,17.029386
-16,7,-13,21.771541
5,23,-16,28.460499
-11,-2,-9,14.352700
20,7,37,42.638011
16,1,-15,21.954498
3,-37,14,39.673669
-19,-19,22,34.727511
-1,11,-22,24.617067
-16,-27,21,37.762415
6,4,22,23.151674
22,10,20,31.368774
1,-12,13,17.720045
3,-56,7,56.515485
-10,-3,21,23.452079
-24,26,6,35.888717
12,-11,-5,17.029386
6,-15,27,31.464265
-14,-26,-2,29.597297
0,6,32,32.557641
-2,-12,14,18.547237
26,-16,40,50.318983
9,-12,-3,15.297059
-4,-12,14,18.867962
-21,-3,-18,27.820855
-4,10,6,12.328828
-3,13,-2,13.490738
-11,13,16,23.366643
5,-10,-19,22.045408
29,13,30,43.703547
32,-69,19,78.396428
27,-5,0,27.459060
6,-10,-16,19.798990
-3,14,-9,16.911535
3,22,-13,25.729361
24,8,8,26.532998
3,-19,10,21.679483
-4,24,-8,25.612497
-33,-3,24,40.914545
-9,8,9,15.033296
9,-19,22,30.430248
-10,-13,19,25.099801
13,-30,-21,38.858718
-16,-22,2,27.276363
14,-2,16,21.354157
0,11,-9,14.212670
20,-2,22,29.799329
-19,-2,9,21.118712
35,25,0,43.011626
1,-5,-10,11.224972
18,-9,-15,25.099801
29,-5,8,30.495901
-38,-13,-7,40.767634
23,15,-8,28.600699
12,-6,4,14.000000
32,1,5,32.403703
-15,3,-6,16.431677
7,25,30,39.673669
35,21,6,41.255303
12,-30,14,35.213634
10,-2,-2,10.392305
28,-13,11,32.771939
-1,16,37,40.323690
14,19,1,23.622024
19,14,23,32.954514
8,39,-27,48.104054
10,35,47,59.447456
-11,-21,38,44.788391
1,2,-41,41.060930
28,8,-28,40.398020
16,-14,-38,43.543082
14,6,-8,17.204651
-16,-5,15,22.494444
14,10,4,17.663522
4,0,32,32.249031
-29,26,5,39.268308
4,-20,-2,20.493902
1,-19,6,19.949937
12,29,33,45.541190
-5,-17,8,19.442222
-46,-24,14,53.740115
21,-9,-16,27.892651
20,-5,9,22.494444
16,-50,32,61.481705
4,21,17,27.313001
32,19,-5,37.549967
11,13,0,17.029386
-13,-11,-12,20.832667
8,-3,-25,26.419690
-9,-1,8,12.083046
14,-16,0,21.260292
17,30,9,35.637059
-9,7,26,28.390139
-32,-8,-10,34.467376
11,-12,-19,25.019992
11,5,-14,18.493242
-10,35,-11,38.026307
-4,-36,-18,40.447497
23,-34,31,51.439285
9,0,-7,11.401754
-17,-29,-6,34.146742
-8,-11,-29,32.031235
-25,-43,0,49.739320
11,-21,24,33.734256
16,31,-13,37.229021
-5,5,-4,8.124038
-34,-16,10,38.884444
-5,-22,-3,22.759613
-12,-10,0,15.620499
-2,-29,-3,29.223278
18,-29,27,43.520110
-17,-19,18,31.208973
7,-32,13,35.242020
11,0,-13,17.029386
15,-7,-4,17.029386
0,15,33,36.249138
18,25,-7,31.591138
9,8,19,22.494444
-5,10,-27,29.223278
0,11,29,31.016125
25,-29,-10,39.572718
1,-16,5,16.792856
-3,-1,-60,60.083276
-13,11,-16,23.366643
-2,19,-3,19.339080
10,15,1,18.055470
4,-25,-3,25.495098
-3,-17,-4,17.720045
2,-38,-28,47.244047
6,17,-27,32.465366
13,30,15,35.972211
12,5,-9,15.811388
14,8,-16,22.715633
7,-12,3,14.212670
25,14,21,35.524639
-1,-10,21,23.280893
-28,-27,-7,39.522146
0,-8,28,29.120440
-2,0,2,2.828427
8,-31,5,32.403703
4,16,-28,32.496154
25,16,-17,34.205263
-10,-26,6,28.495614
32,40,0,51.224994
18,30,-24,42.426407
-12,-22,-4,25.377155
23,6,17,29.223278
27,4,-7,28.178006
-2,-33,-1,33.075671
9,-5,22,24.289916
39,22,21,49.457052
-3,-19,-20,27.748874
7,-8,-29,30.886890
14,-10,-6,18.220867
-12,-18,4,22.000000
-2,21,47,51.516987
8,13,-3,15.556349
-15,1,-14,20.542639
17,-6,-25,30.822070
-25,-12,-1,27.748874
-24,14,14,31.112698
23,-5,-2,23.622024
2,-1,9,9.273618
5,13,10,17.146428
12,-1,9,15.033296
-11,43,-2,44.429720
-16,-9,-31,36.027767
14,-7,-17,23.108440
-23,16,-19,33.852622
-20,11,-33,40.124805
1,-17,-34,38.026307
17,-21,-8,28.178006
-16,-34,2,37.629775
7,7,8,12.727922
44,17,1,47.180504
9,14,-15,22.405357
0,10,-20,22.360680
3,5,-4,7.071068
5,4,-1,6.480741
-11,12,-43,45.978256
-11,27,8,30.232433
-11,3,4,12.083046
-7,2,5,8.831761
9,12,-19,24.207437
-14,37,-13,41.641326
-11,24,-27,37.762415
22,-10,-8,25.455844
4,-25,-1,25.337719
33,19,-22,43.977267
19,3,2,19.339080
21,13,-18,30.561414
-11,21,-8,25.019992
-17,43,-26,53.047149
7,-11,-16,20.639767
16,7,-1,17.492856
-18,18,-38,45.738387
-20,2,8,21.633308
5,33,-8,34.322005
-53,-27,22,63.419240
-33,-26,-5,42.308392
-10,4,-6,12.328828
11,-44,9,46.238512
24,2,-10,26.076810
-18,-34,20,43.358967
-1,16,7,17.492856
22,18,-10,30.133038
-2,17,27,31.968735
22,0,-16,27.202941
3,4,-11,12.083046
8,20,18,28.071338
2,-1,31,31.080541
3,7,-18,19.544820
4,-21,-1,21.400935
-3,0,-19,19.235384
29,10,49,57.810034
4,-8,-16,18.330303
1,24,-9,25.651511
12,-17,19,28.178006
-15,18,23,32.832910
7,-35,-40,53.609701
-50,-37,-21,65.650590
9,-10,-7,15.165751
2,-27,27,38.236109
-13,7,4,15.297059
-20,41,13,47.434165
27,-4,33,42.825226
9,0,-1,9.055385
-7,7,14,17.146428
24,0,-4,24.331050
7,-8,-17,20.049938
10,4,6,12.328828
20,1,-23,30.495901
-8,17,-7,20.049938
-30,-13,-7,33.436507
20,-34,6,39.899875
-25,6,-3,25.884358
-40,-38,22,59.396970
-8,-5,9,13.038405
1,5,12,13.038405
-6,24,-4,25.059928
-28,20,-32,46.989360
35,-3,8,36.027767
29,-6,-9,30.951575
12,8,42,44.407207
-3,-6,-1,6.782330
16,10,-8,20.493902
-7,-19,-20,28.460499
3,-32,5,32.526912
6,24,12,27.495454
-10,-3,-1,10.488088
-24,5,-13,27.748874
-7,-7,-14,17.146428
-11,-37,-22,44.429720
-10,-10,40,42.426407
0,21,-13,24.698178
33,-21,42,57.393379
5,-3,-18,18.920888
-29,1,-12,31.400637
24,3,-21,32.031235
-20,16,-10,27.495454
8,-11,3,13.928388
-5,-30,23,38.131352
37,-26,21,49.859803
28,39,17,50.931326
-1,1,10,10.099505
7,-3,18,19.544820
27,9,16,32.649655
2,14,-24,27.856777
-23,-20,-11,32.403703
15,-13,-20,28.178006
-27,25,-20,41.880783
-2,0,-18,18.110770
-18,8,28,34.234486
-7,-21,-6,22.934690
12,0,4,12.649111
-31,14,29,44.698993
7,-11,26,29.086079
-52,-19,-5,55.587768
30,19,-7,36.193922
-5,-3,6,8.366600
-1,22,9,23.790755
-18,-41,21,49.457052
6,-2,14,15.362291
50,-3,-5,50.338852
-17,-3,8,19.026298
22,10,12,26.981475
6,27,15,31.464265
12,1,-51,52.402290
43,-26,-17,53.047149
-25,-36,-17,47.010637
-18,16,-20,31.304952
-19,-11,24,32.526912
-3,10,-15,18.275667
-5,-23,-34,41.352146
-17,20,-7,27.166155
12,-20,0,23.323808
-11,34,-17,39.572718
-27,10,9,30.166206
16,18,12,26.907248
-14,-37,-15,42.308392
-7,16,-13,21.771541
-20,-4,8,21.908902
-22,-6,-10,24.899799
5,-4,1,6.480741
29,-18,17,38.131352
-25,-9,-20,33.256578
-28,3,25,37.656341
-18,24,6,30.594117
1,11,-14,17.832555
12,-13,7,19.026298
0,-5,21,21.587033
17,-18,-19,31.208973
-14,20,26,35.665109
0,0,-52,52.000000
-8,5,19,21.213203
4,9,27,28.740216
16,-4,44,46.989360
-5,13,4,14.491377
-30,6,24,38.884444
-19,-11,-2,22.045408
19,-5,-12,23.021729
3,25,28,37.656341
43,10,-11,45.497253
-27,34,-15,45.934736
-30,5,11,32.341923
-22,-9,11,26.191602
-21,-10,13,26.645825
13,-20,1,23.874673
28,-1,9,29.427878
-9,-8,-9,15.033296
3,0,-5,5.830952
-19,14,-17,29.086079
6,12,-2,13.564660
-18,-5,-29,34.496377
-9,3,-6,11.224972
-26,7,-13,29.899833
-22,-19,15,32.710854
-29,-7,-2,29.899833
6,-4,14,15.748016
-26,-17,-19,36.414283
7,0,-15,16.552945
19,-7,2,20.346990
-24,3,-27,36.249138
-6,-31,-5,31.968735
-8,-2,12,14.560220
13,-17,22,30.692019
-1,-33,-14,35.860842
-15,-5,-2,15.937377
-24,11,-27,37.762415
8,29,23,37.868192
0,39,19,43.382024
1,19,6,19.949937
-28,-7,-39,48.518038
22,-34,6,40.938979
3,-17,-4,17.720045
-15,-19,-30,38.548671
4,24,12,27.129320
38,5,15,41.158231
26,-20,-4,33.045423
-30,4,10,31.874755
-32,-14,6,35.440090
4,-9,-9,13.341664
-9,7,-20,23.021729
17,-20,-5,26.720778
1,18,7,19.339080
-8,-23,15,28.600699
-8,-13,3,15.556349
-9,29,-26,39.974992
-42,-24,-6,48.744230
-33,20,-19,43.011626
30,-17,-19,39.370039
-15,12,31,36.469165
-5,-21,-16,26.870058
8,6,20,22.360680
16,-23,7,28.879058
-29,0,13,31.780497
16,-6,18,24.819347
12,-7,-7,15.556349
-24,-1,3,24.207437
20,-4,-32,37.947332
21,-18,15,31.464265
-25,-3,20,32.155870
-11,-3,20,23.021729
2,6,-12,13.564660
-8,-6,-44,45.122057
-4,-10,-36,37.576588
50,4,-10,51.146847
26,-27,-15,40.373258
5,-8,-13,16.062378
-14,-4,-14,20.199010
-25,6,-25,35.860842
-2,26,-16,30.594117
9,-7,4,12.083046
-1,-21,-12,24.207437
-33,44,-27,61.269895
13,-36,-23,44.654227
-32,-36,-6,48.538644
-18,-8,8,21.260292
2,-19,-13,23.108440
23,-27,-12,37.443290
32,3,-9,33.376639
13,-9,36,39.319207
18,-19,13,29.223278
7,10,7,14.071247
19,1,6,19.949937
-10,25,-43,50.734604
32,18,18,40.890097
27,6,-25,37.282704
18,17,1,24.779023
-27,31,-38,55.982140
40,24,12,48.166378
-14,8,2,16.248077
-13,-8,13,20.049938
6,-8,-34,35.440090
14,18,22,31.685959
14,11,3,18.055470
2,0,-10,10.198039
10,-7,-1,12.247449
-9,2,5,10.488088
6,0,38,38.470768
-2,-20,-6,20.976177
29,-7,18,34.842503
8,-27,13,31.016125
10,-38,-12,41.085277
10,11,1,14.899664
-31,20,9,37.973675
-13,15,-2,19.949937
-1,-5,-14,14.899664
28,20,14,37.148351
17,51,8,54.350713
41,7,18,45.321077
-1,15,34,37.175261
-11,-11,22,26.944387
-12,-5,29,31.780497
-4,-25,25,35.580894
-13,16,9,22.494444
30,12,20,38.000000
24,-3,-15,28.460499
-23,-6,-9,25.416530
36,-21,-23,47.602521
-22,9,-3,23.958297
-18,27,-1,32.465366
-7,-27,-2,27.964263
3,-15,-24,28.460499
14,10,-12,20.976177
21,20,1,29.017236
3,-39,34,51.826634
6,4,-10,12.328828
20,7,27,34.322005
-36,10,14,39.899875
-13,-6,-3,14.628739
4,6,8,10.770330
10,-12,-4,16.124515
11,-5,-14,18.493242
1,-2,-23,23.108440
4,31,-25,40.024992
-8,-27,23,36.359318
-3,1,-40,40.124805
4,0,8,8.944272
-10,-12,-18,23.832751
-16,-15,7,23.021729
-4,19,5,20.049938
50,-7,9,51.283526
-10,5,-15,18.708287
21,-14,-3,25.416530
19,26,17,36.414283
6,-8,20,22.360680
-1,23,-14,26.944387
-6,-7,-23,24.779023
-13,-40,1,42.071368
-1,-18,-21,27.676705
0,54,58,79.246451
-11,6,21,24.454039
37,2,-1,37.067506
30,8,10,32.619013
1,2,17,17.146428
-18,19,51,57.323643
23,31,16,41.785165
-21,-2,-17,27.092434
7,17,-8,20.049938
42,15,-3,44.698993
11,8,3,13.928388
-33,12,17,39.012818
24,3,11,26.570661
0,-5,-5,7.071068
18,-21,-17,32.465366
13,35,-30,47.895720
-12,-32,2,34.234486
-5,27,-16,31.780497
-28,19,13,36.249138
7,4,-9,12.083046
17,-22,7,28.670542
0,13,5,13.928388
8,8,-30,32.062439
-28,20,-22,40.841156
20,-4,-6,21.260292
-12,-2,-8,14.560220
-15,-6,-49,51.594573
-12,-34,12,38.000000
1,7,12,13.928388
17,-11,-24,31.400637
23,7,16,28.879058
-12,-38,2,39.899875
1,-10,15,18.055470
5,-5,16,17.492856
-35,-7,2,35.749126
20,-27,9,34.785054
14,-13,13,23.108440
-3,-12,-23,26.115130
-25,11,-12,29.832868
-7,50,9,51.283526
-22,6,-32,39.293765
36,17,-21,45.011110
-14,-7,15,21.679483
-8,9,23,25.961510
11,-18,-11,23.790755
17,-3,2,17.378147
2,-2,20,20.199010
1,20,11,22.847319
23,-19,-14,32.954514
8,-23,-9,25.961510
7,7,8,12.727922
-13,19,-8,24.372115
12,-4,12,17.435596
-15,11,18,25.884358
16,-20,-30,39.446166
1,-2,-9,9.273618
21,-2,25,32.710854
17,6,-15,23.452079
2,-3,21,21.307276
-3,-3,-6,7.348469
1,8,15,17.029386
-12,18,-4,22.000000
12,-16,-8,21.540659
24,34,-20,46.173586
29,-32,11,44.564560
24,13,39,47.602521
-21,-3,4,21.587033
-44,-4,14,46.346521
4,31,-5,31.654384
0,-18,18,25.455844
-11,24,-13,29.427878
25,-21,-20,38.288379
16,-10,-10,21.354157
40,-30,0,50.000000
25,4,33,41.593269
-3,4,-23,23.537205
-43,-8,5,44.022721
19,39,-14,45.585085
-12,1,-23,25.961510
3,-23,-6,23.958297
-16,-5,23,28.460499
-1,-16,-3,16.309506
5,22,19,29.495762
15,-9,-26,31.336879
-8,-17,17,25.337719
-3,11,-6,12.884099
-7,-27,0,27.892651
-8,-15,9,19.235384
6,25,-37,45.055521
1,10,-11,14.899664
4,22,4,22.715633
-8,12,-6,15.620499
-4,31,-15,34.669872
8,-25,-17,31.272992
32,-22,6,39.293765
13,-11,0,17.029386
-22,-13,-23,34.380227
23,8,9,25.961510
-32,6,-10,34.058773
-10,1,-13,16.431677
9,24,3,25.806976
-18,-9,15,25.099801
14,5,3,15.165751
6,-8,22,24.166092
22,17,13,30.692019
2,-12,26,28.705400
-42,-45,23,65.711491
-13,6,-1,14.352700
23,19,-2,29.899833
-11,-15,-6,19.544820
-2,21,25,32.710854
21,-5,16,26.870058
17,-9,-30,35.637059
20,15,19,31.400637
-4,-18,6,19.390719
9,-4,17,19.646883
-2,41,3,41.158231
3,-2,27,27.239677
-3,-38,11,39.673669
-18,41,9,45.672749
8,5,-23,24.859606
-36,-15,19,43.382024
-1,-12,-7,13.928388
13,9,26,30.430248
19,10,-11,24.124676
-37,-14,1,39.572718
-36,-21,21,46.669048
-6,25,11,27.964263
-15,-15,10,23.452079
1,32,1,32.031235
-20,19,1,27.604347
5,-21,18,28.106939
-11,-27,-2,29.223278
2,-19,23,29.899833
1,-21,2,21.118712
8,-6,-6,11.661904
24,-11,-1,26.419690
29,12,23,38.910153
6,5,7,10.488088
29,-20,1,35.242020
22,25,23,40.472213
31,9,-28,42.731721
-5,-14,5,15.684387
-12,3,7,14.212670
-1,17,16,23.366643
-36,10,-12,39.242834
4,-13,45,47.010637
5,-6,-3,8.366600
-19,-18,-21,33.555923
4,-1,5,6.480741
-7,33,-12,35.805028
3,-36,9,37.229021
14,-9,-37,40.570926
-17,-35,-48,61.789967
-1,-2,-7,7.348469
-20,-3,-17,26.419690
40,-13,17,45.365185
21,3,-4,21.587033
13,13,34,38.652296
16,27,-1,31.400637
-14,-2,-4,14.696938
-17,3,4,17.720045
-30,10,-22,38.522721
-22,25,11,35.071356
-15,14,17,26.645825
1,-46,1,46.021734
13,0,27,29.966648
5,1,26,26.495283
30,-11,-13,34.496377
-7,46,-15,48.887626
21,2,-7,22.226111
-10,13,-17,23.622024
-30,6,-20,36.551334
-15,12,-31,36.469165
-12,0,28,30.463092
21,7,0,22.135944
13,-19,-28,36.249138
5,16,25,30.099834
7,14,-7,17.146428
-9,7,14,18.055470
-18,20,4,27.202941
-5,33,4,33.615473
8,30,0,31.048349
-20,-1,1,20.049938
21,10,-7,24.289916
-37,-7,-14,40.174619
12,26,4,28.913665
-29,-9,10,31.968735
1,-15,-46,48.394215
9,13,10,18.708287
11,-38,9,40.570926
12,22,-12,27.784888
16,0,-16,22.627417
-10,-22,-20,31.368774
0,0,-4,4.000000
24,-1,-5,24.535688
6,-12,-8,15.620499
-32,-7,-23,40.024992
-16,15,19,29.017236
1,-29,-2,29.086079
-22,-37,-3,43.150898
7,-18,-3,19.544820
14,-20,2,24.494897
-7,8,-9,13.928388
-25,-5,6,26.191602
-10,21,3,23.452079
21,-5,10,23.790755
8,-16,-6,18.867962
5,20,43,47.686476
-5,-11,-8,14.491377
24,-13,-1,27.313001
2,-15,11,18.708287
9,-7,18,21.307276
36,11,-21,43.104524
16,-33,-17,40.422766
8,-5,-57,57.775427
13,-18,-7,23.280893
29,-3,22,36.523965
8,-1,13,15.297059
-1,-4,17,17.492856
-5,-10,19,22.045408
-14,1,-3,14.352700
8,2,-14,16.248077
5,-4,13,14.491377
10,-6,-6,13.114877
-4,-5,-9,11.045361
-15,26,-3,30.166206
-28,-17,9,33.970576
-7,-14,11,19.131126
27,-28,-3,39.012818
14,-3,-7,15.937377
-12,-1,11,16.309506
24,3,7,25.179357
-21,6,-15,26.495283
14,-17,1,22.045408
18,3,-27,32.588341
22,-13,-1,25.573424
-9,8,-17,20.832667
32,-9,-17,37.336309
11,-13,10,19.748418
-7,-16,3,17.720045
-26,0,-22,34.058773
11,-12,41,44.113490
-19,0,-21,28.319605
-17,16,-15,27.748874
5,25,20,32.403703
25,-3,-16,29.832868
39,6,9,40.472213
5,-10,1,11.224972
11,21,-14,27.531800
-6,-20,24,31.811947
9,25,-32,41.593269
3,-14,3,14.628739
-24,-14,-18,33.105891
-21,21,-6,30.298515
-6,-1,13,14.352700
8,15,1,17.029386
7,-14,11,19.131126
-13,7,-4,15.297059
19,0,-27,33.015148
1,5,-10,11.224972
-21,23,-28,41.880783
-5,-8,-9,13.038405
14,31,-19,38.961519
25,34,13,44.158804
1,-22,-31,38.026307
-1,10,19,21.494185
0,-21,3,21.213203
-1,-5,-8,9.486833
1,14,-1,14.071247
-25,10,-21,34.146742
-16,6,2,17.204651
-15,22,-17,31.591138
-2,27,1,27.092434
0,9,-17,19.235384
-20,-14,10,26.381812
-7,-5,18,19.949937
31,9,-2,32.341923
-5,1,8,9.486833
24,-6,22,33.105891
-6,-10,10,15.362291
-21,13,10,26.645825
36,-30,24,52.649786
-22,-21,21,36.959437
16,-5,11,20.049938
7,17,-4,18.814888
3,-11,8,13.928388
-22,-9,53,58.086143
-17,-6,-27,32.465366
37,-12,35,52.325902
4,9,-9,13.341664
1,1,-4,4.242641
23,30,35,51.516987
11,12,-1,16.309506
11,11,-4,16.062378
-15,33,-28,45.803930
4,-10,-2,10.954451
28,4,4,28.565714
-37,20,41,58.736701
-4,24,-2,24.413111
29,42,3,51.127292
7,15,16,23.021729
25,2,1,25.099801
-22,-6,0,22.803509
1,4,-5,6.480741
6,-29,-23,37.496667
-8,-5,-31,32.403703
-23,-10,-17,30.298515
-3,-17,22,27.964263
-28,-21,-7,35.693137
15,-4,-9,17.944358
28,-11,-5,30.495901
-16,-14,36,41.809090
3,7,-10,12.569805
-18,17,9,26.343880
18,6,10,21.447611
-1,8,-9,12.083046
6,-41,-3,41.545156
14,8,30,34.058773
21,29,-16,39.217343
-14,-24,-10,29.529646
11,-9,0,14.212670
0,-14,4,14.560220
2,-10,-4,10.954451
3,3,-2,4.690416
24,-11,-27,37.762415
6,23,-15,28.106939
16,-20,8,26.832816
-19,-8,-11,23.366643
23,-41,28,54.717456
-11,-3,0,11.401754
16,-9,-25,31.016125
-9,7,2,11.575837
-45,-2,21,49.699095
3,2,-47,47.138095
26,-5,-7,27.386128
6,19,-33,38.548671
17,-23,16,32.771939
-14,5,-15,21.118712
-9,-8,-15,19.235384
33,-9,0,34.205263
5,-20,-29,35.580894
-13,33,12,37.443290
-2,17,43,46.281746
-6,-9,1,10.862780
52,-28,14,60.695964
11,19,12,25.019992
-29,12,-9,32.649655
22,36,36,55.461698
7,12,9,16.552945
-27,4,-11,29.427878
-15,-19,4,24.535688
1,-15,-12,19.235384
-23,4,1,23.366643
29,-33,-4,44.113490
28,6,2,28.705400
10,10,-2,14.282857
-16,-27,-1,31.400637
29,8,3,30.232433
-10,1,-3,10.488088
9,1,16,18.384776
-2,-31,13,33.674916
23,-3,-8,24.535688
-2,10,0,10.198039
2,28,-16,32.310989
-37,35,-8,51.555795
-11,-1,4,11.747340
28,-22,10,36.986484
-9,28,-3,29.563491
0,5,-1,5.099020
-9,5,-2,10.488088
-5,2,15,15.937377
0,-2,-20,20.099751
-29,21,-10,37.175261
1,-13,2,13.190906
-5,20,29,35.580894
6,13,23,27.092434
-29,38,-23,53.047149
-7,8,29,30.886890
-3,32,17,36.359318
9,24,-15,29.698485
-5,4,-7,9.486833
-24,-35,-31,52.554733
-35,-5,10,36.742346
-21,16,-13,29.427878
-15,-10,5,18.708287
-22,-22,-16,34.985711
14,20,-12,27.202941
14,31,-17,38.026307
-9,10,7,15.165751
-6,-9,-15,18.493242
10,11,5,15.684387
19,12,13,25.961510
22,-17,1,27.820855
-6,29,-15,33.196385
-25,27,-28,46.238512
5,-11,-28,30.495901
-21,12,11,26.570661
4,41,17,44.564560
-22,24,6,33.105891
1,-1,-14,14.071247
-12,0,16,20.000000
4,-26,22,34.292856
18,-12,6,22.449944
-21,6,-9,23.622024
-6,-3,-9,11.224972
-9,27,22,35.972211
0,15,-3,15.297059
35,5,-12,37.336309
20,-4,24,31.496031
-23,6,-7,24.779023
-34,-41,25,58.838763
-5,13,-22,26.038433
-30,10,-4,31.874755
7,20,-17,27.166155
15,5,-24,28.740216
-9,-8,9,15.033296
30,-32,-2,43.908997
10,-12,10,18.547237
10,9,-9,16.186414
2,21,-19,28.390139
9,-3,18,20.346990
-24,-7,-11,27.313001
-9,14,-25,30.033315
5,19,2,19.748418
12,27,25,38.704005
-9,8,35,37.013511
3,43,16,45.978256
7,6,27,28.530685
50,-2,14,51.961524
-43,-18,-29,54.899909
27,-6,3,27.820855
-2,1,7,7.348469
-5,12,-5,13.928388
9,-6,-29,30.951575
27,2,15,30.951575
22,-10,-22,32.680269
10,20,4,22.715633
10,-24,28,38.209946
-1,20,-11,22.847319
11,29,4,31.272992
-4,-15,-7,17.029386
0,14,2,14.142136
2,21,-3,21.307276
27,-43,6,51.127292
-12,-38,0,39.849718
-43,-1,16,45.891176
3,27,-16,31.527766
-13,-15,10,22.226111
-9,-19,2,21.118712
20,10,-40,45.825757
11,19,-22,31.080541
20,29,23,42.071368
7,-28,-27,39.522146
17,2,-37,40.767634
21,-37,-22,47.895720
-4,-38,-2,38.262253
-24,0,10,26.000000
13,21,14,28.390139
-7,-1,8,10.677078
9,-22,-9,25.416530
-6,-2,8,10.198039
30,27,-5,40.669399
2,0,36,36.055513
-9,6,-7,12.884099
36,-17,-11,41.303753
-7,37,20,42.638011
-19,10,1,21.494185
32,18,32,48.703183
11,-16,-5,20.049938
21,-28,29,45.453273
-4,-17,-1,17.492856
-1,-24,7,25.019992
14,9,17,23.790755
17,-12,-37,42.449971
9,-5,4,11.045361
7,-3,-2,7.874008
7,47,4,47.686476
28,17,11,34.554305
23,-14,-1,26.944387
-24,-3,-27,36.249138
-12,4,-8,14.966630
-33,30,-7,45.144213
-26,5,15,30.430248
48,5,-27,55.299186
-8,13,-5,16.062378
5,10,-17,20.346990
13,24,15,31.144823
16,-13,25,32.403703
9,-4,-13,16.309506
27,-22,17,38.755645
0,-5,-19,19.646883
-13,-10,17,23.622024
21,-26,21,39.471509
-30,5,-1,30.430248
25,-24,5,35.014283
-25,16,19,35.242020
12,8,6,15.620499
-10,2,-42,43.220366
25,-2,1,25.099801
0,-26,12,28.635642
-20,10,6,23.151674
1,-11,28,30.099834
5,15,8,17.720045
4,-16,22,27.495454
-5,-22,-1,22.583180
16,6,8,18.867962
29,36,-15,48.600412
-7,19,8,21.771541
-26,-11,3,28.390139
-36,10,26,45.519227
-9,6,-27,29.086079
4,-7,-3,8.602325
21,33,-32,50.537115
3,-3,8,9.055385
11,0,-11,15.556349
-24,4,-2,24.413111
-22,0,-30,37.202150
-25,-13,-14,31.464265
-10,13,17,23.622024
15,5,-2,15.937377
5,-17,4,18.165902
7,-16,-27,32.155870
-13,9,-24,28.740216
38,9,31,49.859803
-10,-20,-18,28.705400
-3,4,33,33.376639
-6,-15,-5,16.911535
14,-18,10,24.899799
-26,29,19,43.335897
8,25,9,27.748874
-6,-22,-34,40.938979
-44,19,13,49.658836
39,1,26,46.882833
-2,-15,-33,36.304270
28,25,-13,39.724048
-14,-6,8,17.204651
5,-14,31,34.380227
-15,-15,-20,29.154759
-2,32,4,32.310989
1,8,7,10.677078
-9,6,-7,12.884099
31,-25,-10,41.060930
-16,-13,-9,22.494444
-16,-2,-34,37.629775
-1,-11,32,33.852622
-6,-13,11,18.055470
39,5,-36,53.310412
-5,-12,-1,13.038405
-1,9,8,12.083046
-6,22,20,30.331502
-9,-3,26,27.676705
16,8,-6,18.867962
-2,7,7,10.099505
-2,8,14,16.248077
-7,-13,-38,40.767634
4,5,-61,61.335145
-11,-17,-22,29.899833
-10,-13,-11,19.748418
29,-1,10,30.692019
8,16,-10,20.493902
-22,-8,4,23.748684
-24,-30,16,41.617304
21,-18,35,44.609416
-37,-28,33,56.938563
-15,8,5,17.720045
14,-20,4,24.738634
1,-9,-24,25.651511
-11,36,-13,39.824616
-31,21,-12,39.319207
16,11,9,21.400935
1,5,18,18.708287
-28,36,-32,55.713553
21,9,-32,39.319207
12,-12,4,17.435596
-25,-21,-2,32.710854
-15,22,1,26.645825
-8,22,8,24.738634
-7,-51,38,63.984373
-54,16,-46,72.718636
10,-7,-11,16.431677
-17,-2,17,24.124676
4,3,-13,13.928388
-17,-2,5,17.832555
34,18,18,42.473521
-20,-8,20,29.393877
21,4,5,21.954498
23,8,-17,29.698485
7,-14,-7,17.146428
32,-14,-26,43.543082
-20,9,-3,22.135944
-10,18,-14,24.899799
5,-7,6,10.488088
13,4,-3,13.928388
12,8,-18,23.065125
-2,-13,17,21.494185
-16,5,-17,23.874673
10,15,17,24.779023
18,-19,-31,40.570926
-6,-2,-48,48.414874
-12,-20,-44,49.799598
-12,-5,-11,17.029386
5,3,20,20.832667
11,-24,-25,36.359318
-32,7,-21,38.910153
9,-14,-5,17.378147
-12,20,6,24.083189
12,-33,-15,38.183766
-4,17,-23,28.879058
21,33,10,40.373258
-9,36,-15,40.024992
-9,-18,9,22.045408
24,-22,-6,33.105891
16,-4,22,27.495454
-37,1,-20,42.071368
16,22,20,33.763886
-4,-8,16,18.330303
8,19,-17,26.720778
18,-21,17,32.465366
-33,-20,5,38.910153
3,21,-4,21.587033
-12,-46,-2,47.581509
6,14,-6,16.370706
6,-18,8,20.591260
7,-5,18,19.949937
28,-39,11,49.254441
-21,-4,9,23.194827
-31,25,38,55.045436
12,8,-26,29.732137
12,27,-11,31.527766
-4,-3,-13,13.928388
9,19,-10,23.280893
-16,-4,4,16.970563
-1,-3,24,24.207437
0,-12,20,23.323808
7,-2,-53,53.497664
-7,4,-21,22.494444
9,10,9,16.186414
13,-28,11,32.771939
3,40,-1,40.124805
-17,-18,-7,25.729361
-49,4,9,49.979996
3,-6,13,14.628739
-5,0,11,12.083046
-18,-32,-8,37.576588
10,-5,13,17.146428
-8,8,12,16.492423
6,4,6,9.380832
-17,18,9,26.343880
-45,-12,11,47.853944
-1,-38,21,43.428102
17,-29,-8,34.554305
-9,14,-7,18.055470
29,14,5,32.588341
-17,17,24,33.970576
7,0,-11,13.038405
-23,12,-11,28.178006
-4,5,-5,8.124038
-13,3,6,14.628739
60,0,2,60.033324
-35,20,5,40.620192
5,10,-5,12.247449
-2,13,25,28.248894
22,-13,31,40.174619
-11,16,-5,20.049938
-17,11,-8,21.771541
-12,-8,-4,14.966630
6,2,-16,17.204651
4,-3,7,8.602325
3,10,25,27.092434
0,5,-3,5.830952
27,17,14,34.842503
-21,7,16,27.313001
10,-16,-4,19.287302
-17,-35,36,53.009433
8,-12,-12,18.761663
13,43,14,47.053161
-2,-12,-14,18.547237
22,-28,12,37.576588
-11,25,18,32.710854
-1,-5,-24,24.535688
-10,-8,-20,23.748684
-35,-15,-4,38.288379
-4,6,-26,26.981475
-5,13,56,57.706152
7,-15,-4,17.029386
-14,-14,2,19.899749
12,18,28,35.383612
27,25,-22,42.871902
7,-7,-16,18.814888
-4,22,4,22.715633
3,-3,36,36.249138
-42,16,8,45.650849
-22,18,-24,37.202150
-12,-11,-11,19.646883
9,6,5,11.916375
-22,2,0,22.090722
-17,-15,-12,25.651511
-29,7,18,34.842503
-17,-3,6,18.275667
34,-12,2,36.110940
17,-1,-12,20.832667
33,18,-21,43.058100
-6,-19,5,20.542639
2,-4,-2,4.898979
20,0,2,20.099751
10,-14,32,36.331804
9,-8,7,13.928388
-11,13,10,19.748418
22,2,6,22.891046
-3,-21,-8,22.671568
-9,4,19,21.400935
-19,-25,-22,38.340579
-4,0,18,18.439089
6,3,3,7.348469
-8,1,-9,12.083046
-49,4,9,49.979996
0,-14,12,18.439089
-25,-20,11,33.852622
28,-34,-24,50.159745
-6,26,26,37.255872
33,7,0,33.734256
-29,5,-20,35.580894
20,-17,-11,28.460499
8,6,20,22.360680
19,11,-40,45.628938
22,18,-4,28.705400
0,24,-8,25.298221
-3,18,-11,21.307276
7,43,24,49.739320
-8,-6,-10,14.142136
-4,-12,-4,13.266499
-23,5,-10,25.573424
22,32,-4,39.038443
-6,32,-8,33.526109
16,9,9,20.445048
-6,0,30,30.594117
3,28,5,28.600699
7,-36,-19,41.303753
-4,12,2,12.806248
3,14,-15,20.736441
-33,60,19,71.063352
7,-1,28,28.879058
6,22,2,22.891046
1,17,-16,23.366643
-18,-30,0,34.985711
-33,28,-7,43.840620
5,11,22,25.099801
10,8,10,16.248077
31,-3,2,31.208973
20,13,-1,23.874673
29,7,34,45.232732
23,48,21,57.218878
19,-5,-12,23.021729
20,27,1,33.615473
2,4,-4,6.000000
-28,21,17,38.910153
10,14,-12,20.976177
-10,-17,-31,36.742346
13,1,-22,25.573424
-6,-16,-16,23.409400
-32,-5,31,44.833024
-7,20,-31,37.549967
2,-7,1,7.348469
-8,3,-45,45.803930
-27,20,9,34.785054
5,-4,9,11.045361
-1,-11,-12,16.309506
-7,-12,17,21.954498
18,-10,16,26.076810
15,-7,-4,17.029386
-11,-7,8,15.297059
7,-1,-10,12.247449
-7,1,-14,15.684387
-11,-12,-7,17.720045
10,-14,-32,36.331804
15,-18,-11,25.884358
-6,-5,11,13.490738
15,-10,9,20.149442
-9,9,-20,23.706539
-33,-11,-10,36.193922
16,-7,19,25.806976
-10,15,-9,20.149442
-41,13,0,43.011626
13,-31,-20,39.115214
-7,20,-9,23.021729
-1,0,-27,27.018512
-44,12,16,48.332184
3,28,9,29.563491
21,8,11,25.019992
22,10,20,31.368774
-13,-12,17,24.535688
21,16,3,26.570661
-56,3,19,59.211485
15,-9,14,22.405357
4,3,11,12.083046
5,-7,20,21.771541
-12,-36,22,43.863424
-5,4,9,11.045361
3,-8,1,8.602325
30,14,-4,33.346664
-20,38,46,62.928531
10,-3,7,12.569805
-8,-13,3,15.556349
0,3,-17,17.262677
-1,49,14,50.970580
-15,-2,-7,16.673332
-1,-9,-14,16.673332
37,-4,-29,47.180504
5,-9,8,13.038405
-20,36,-24,47.665501
-1,-16,1,16.062378
8,8,16,19.595918
-6,-41,1,41.448764
-11,6,3,12.884099
-20,-1,15,25.019992
-14,-3,7,15.937377
-3,-18,25,30.951575
11,0,25,27.313001
39,17,-14,44.788391
7,-7,-10,14.071247
-18,-13,15,26.795522
-36,-3,23,42.825226
-6,-21,-29,36.304270
4,-27,9,28.740216
3,-22,11,24.779023
-9,21,8,24.207437
-6,3,9,11.224972
20,24,-6,31.811947
-7,-9,10,15.165751
-30,-2,2,30.133038
28,5,-37,46.669048
23,-3,4,23.537205
5,8,5,10.677078
-28,-40,10,49.839743
-1,-8,7,10.677078
-2,-20,-18,26.981475
-16,10,-4,19.287302
-18,40,26,50.990195
-3,2,-11,11.575837
20,25,31,44.564560
39,18,21,47.812132
-34,22,36,54.184869
10,25,-13,29.899833
16,8,22,28.354894
-20,-12,10,25.377155
25,7,-28,38.183766
12,-6,8,15.620499
5,-21,-24,32.280025
18,-15,-27,35.749126
21,10,-17,28.809721
7,-5,14,16.431677
5,16,19,25.337719
-16,-23,-17,32.771939
11,-14,5,18.493242
-18,6,24,30.594117
0,-12,-18,21.633308
26,41,15,50.813384
-14,-22,16,30.594117
19,-5,-14,24.124676
10,-20,-22,31.368774
17,4,25,30.495901
22,17,5,28.248894
-1,-13,16,20.639767
-19,11,-36,42.166337
-7,3,0,7.615773
-6,-24,-18,30.594117
-21,3,0,21.213203
3,-20,15,25.179357
-3,6,-9,11.224972
-25,8,-31,40.620192
-2,21,-19,28.390139
-36,6,8,37.363083
28,-39,-11,49.254441
-12,-16,-8,21.540659
-5,-5,28,28.879058
16,13,-31,37.229021
23,22,15,35.185224
23,-11,-8,26.720778
10,-1,-3,10.488088
-10,28,26,39.496835
10,18,-2,20.688161
-3,-30,-29,41.833001
-16,2,22,27.276363
-4,-16,-34,37.788887
-7,-9,22,24.779023
-30,22,-4,37.416574
-24,-17,-13,32.155870
-18,-8,0,19.697716
-11,-5,46,47.560488
17,10,-27,33.436507
13,25,32,42.638011
5,-21,18,28.106939
9,-14,21,26.795522
20,-13,-1,23.874673
-19,14,21,31.591138
1,-4,21,21.400935
-14,2,14,19.899749
38,11,29,49.050994
-1,40,5,40.323690
-6,-11,11,16.673332
-4,-18,-2,18.547237
-1,33,18,37.603191
23,-3,16,28.178006
28,-1,-1,28.035692
9,-40,-5,41.303753
-16,5,27,31.780497
6,-5,13,15.165751
-2,11,-19,22.045408
1,-19,28,33.852622
-9,5,-6,11.916375
35,12,-21,42.544095
11,-4,-3,12.083046
-21,-2,-33,39.166312
15,24,19,34.088121
-10,13,-27,31.591138
-11,11,0,15.556349
-6,1,-3,6.782330
-22,-3,41,46.626173
-6,-49,-9,50.179677
-25,8,-5,26.720778
-17,-4,-21,27.313001
-30,-10,20,37.416574
9,-37,28,47.265209
7,-7,-16,18.814888
-13,-24,25,37.013511
-31,-38,-5,49.295030
-26,-10,10,29.597297
0,25,1,25.019992
0,-6,46,46.389654
-19,21,12,30.757113
34,5,1,34.380227
-19,26,-11,34.029399
-45,-4,-9,46.065171
19,-2,-3,19.339080
2,26,24,35.440090
-11,-12,-11,19.646883
10,-7,-3,12.569805
-1,7,6,9.273618
34,-34,-2,48.124838
-11,-8,19,23.366643
-20,-7,-35,40.914545
0,16,6,17.088007
17,10,-21,28.809721
-27,-16,-1,31.400637
39,-29,12,50.059964
-18,16,0,24.083189
4,-9,-13,16.309506
16,13,-3,20.832667
-12,-3,-3,12.727922
7,23,-4,24.372115
-16,-28,14,35.156792
35,-3,-20,40.422766
2,-7,-5,8.831761
-14,-11,-33,37.496667
-20,-18,12,29.461840
3,-16,-1,16.309506
-5,10,-7,13.190906
-13,2,-5,14.071247
-9,23,-14,28.390139
7,6,-27,28.530685
2,-11,5,12.247449
16,17,17,28.879058
-7,20,-21,29.832868
6,0,22,22.803509
-3,33,4,33.376639
38,-9,-39,55.190579
17,26,9,32.341923
14,-8,6,17.204651
5,16,1,16.792856
-26,22,-24,41.665333
0,-16,-36,39.395431
-11,7,-6,14.352700
6,-10,-4,12.328828
20,-23,-17,34.899857
26,14,-16,33.585711
17,-43,14,48.311489
31,-1,2,31.080541
-12,10,-20,25.377155
8,-22,22,32.124757
1,6,-11,12.569805
0,-15,11,18.601075
-25,-14,9,30.033315
1,-12,21,24.207437
11,0,-11,15.556349
-7,23,-12,26.870058
-6,12,-6,14.696938
-8,-3,21,22.671568
-13,27,-22,37.175261
21,-3,4,21.587033
-1,-12,33,35.128336
21,-6,-9,23.622024
-19,9,-6,21.863211
-19,-14,-11,26.038433
-3,-12,1,12.409674
17,35,10,40.174619
-2,14,12,18.547237
17,-21,-8,28.178006
-9,28,7,30.232433
-2,0,22,22.090722
26,-28,14,40.693980
13,11,52,54.717456
-38,-1,29,47.812132
-4,-3,-7,8.602325
45,14,21,51.594573
-4,15,9,17.944358
20,-12,20,30.724583
-17,-4,-9,19.646883
17,-11,8,21.771541
-3,10,1,10.488088
23,-8,-1,24.372115
-8,28,-24,37.735925
-31,-26,-17,43.886217
11,-31,6,33.436507
10,25,-29,39.572718
7,-8,-1,10.677078
6,29,-23,37.496667
-11,-1,16,19.442222
-18,9,5,20.736441
4,-9,11,14.764823
-11,-16,17,25.806976
-5,3,28,28.600699
-30,14,-14,35.944402
-1,-11,-18,21.118712
10,-23,-3,25.258662
22,-6,-16,27.856777
-10,-17,23,30.298515
-5,2,15,15.937377
30,8,-28,41.809090
0,-9,17,19.235384
4,-15,-7,17.029386
8,24,-20,32.249031
-30,-38,6,48.785244
-39,12,-5,41.109610
3,-12,23,26.115130
-17,15,0,22.671568
-14,-11,-19,26.038433
3,-6,-19,20.149442
26,2,-10,27.928480
34,-13,-13,38.652296
0,-38,-10,39.293765
-29,16,5,33.496268
15,-15,22,30.561414
0,-21,11,23.706539
0,-9,11,14.212670
-14,-4,0,14.560220
14,-4,10,17.663522
-22,-36,16,45.122057
19,-25,16,35.242020
7,14,-37,40.174619
8,-20,-22,30.789609
-2,-13,13,18.493242
-7,12,9,16.552945
5,4,1,6.480741
-3,-19,-44,48.020829
-14,12,6,19.390719
-7,-3,-8,11.045361
16,1,-13,20.639767
-4,22,-2,22.449944
-11,30,-13,34.496377
-10,-4,-42,43.358967
-4,28,-4,28.565714
9,1,12,15.033296
-41,21,-6,46.454279
-7,4,11,13.638182
-9,-32,29,44.113490
-12,-29,-7,32.155870
3,-10,-7,12.569805
-6,-12,-12,18.000000
-12,-25,5,28.178006
-46,-2,8,46.733286
-13,-9,14,21.118712
-5,3,-12,13.341664
-5,28,9,29.832868
13,12,-13,21.954498
-23,13,6,27.092434
7,-14,3,15.937377
21,-9,-8,24.207437
8,-25,7,27.166155
-46,-8,-34,57.758116
-5,-1,-6,7.874008
-9,-1,2,9.273618
11,-2,-7,13.190906
-3,22,-31,38.131352
3,6,27,27.820855
31,4,21,37.656341
-38,14,12,42.237424
31,-17,30,46.368092
1,2,5,5.477226
-11,0,15,18.601075
1,-5,-2,5.477226
13,6,-15,20.736441
2,31,21,37.496667
-11,-19,12,25.019992
-12,16,-8,21.540659
6,-5,-1,7.874008
6,0,-10,11.661904
37,-10,11,39.874804
10,-12,-12,19.697716
8,-16,-24,29.933259
8,-1,-55,55.587768
-2,17,21,27.092434
31,7,2,31.843367
-7,0,3,7.615773
1,12,-11,16.309506
3,-19,-8,20.832667
11,-3,28,30.232433
-5,-33,-6,33.911650
-21,-2,1,21.118712
14,-13,31,36.414283
0,10,-10,14.142136
-9,9,-2,12.884099
-23,-7,-4,24.372115
-19,2,-1,19.131126
-20,31,21,42.449971
23,3,62,66.196677
-28,10,-48,56.462377
27,-4,43,50.931326
24,-10,0,26.000000
19,-11,-6,22.759613
-16,-12,8,21.540659
-22,24,4,32.802439
2,-2,14,14.282857
7,-4,-3,8.602325
-14,-12,10,20.976177
17,1,12,20.832667
-8,1,-3,8.602325
-37,-32,1,48.928519
30,-13,-1,32.710854
-20,-16,12,28.284271
11,29,6,31.591138
-12,-23,15,29.966648
50,-15,3,52.287666
3,-29,-14,32.341923
-12,20,-6,24.083189
5,16,17,23.874673
8,12,-4,14.966630
5,-5,6,9.273618
-22,-12,10,26.981475
-3,-8,1,8.602325
7,-2,-13,14.899664
8,21,23,32.155870
-14,19,-15,27.964263
9,-21,-6,23.622024
6,7,3,9.695360
14,-2,-2,14.282857
28,-5,-19,34.205263
-9,-10,15,20.149442
20,-3,-35,40.422766
-1,17,14,22.045408
6,-69,-47,83.701852
19,11,-40,45.628938
-3,-39,4,39.319207
-36,17,17,43.289722
-17,-18,-3,24.939928
-12,24,-24,36.000000
27,-42,17,52.744668
-1,5,32,32.403703
17,-7,16,24.372115
-13,10,-13,20.928450
3,-35,28,44.922155
-15,-44,1,46.497312
-14,2,22,26.153394
-10,-7,-3,12.569805
-10,-12,4,16.124515
-33,-6,-25,41.833001
1,-22,-19,29.086079
-21,-16,1,26.419690
1,-32,-17,36.249138
7,-7,-14,17.146428
-19,-17,36,44.113490
-7,-6,5,10.488088
-6,-2,8,10.198039
11,-10,7,16.431677
22,13,-11,27.820855
-3,-10,-11,15.165751
7,15,10,19.339080
-14,-4,-18,23.151674
-8,20,6,22.360680
24,23,-1,33.256578
-3,15,4,15.811388
-4,42,-10,43.358967
25,28,15,40.422766
-13,7,-8,16.792856
19,-22,19,34.727511
-13,-7,-16,21.771541
1,-21,42,46.968074
16,-6,16,23.409400
-44,-10,16,47.874837
19,-37,-16,44.564560
-6,31,-1,31.591138
-3,-5,-34,34.496377
18,-11,-1,21.118712
-14,0,2,14.142136
-17,-10,-29,35.071356
8,-5,19,21.213203
-21,-27,-14,36.959437
0,-3,-9,9.486833
-3,7,0,7.615773
21,5,18,28.106939
17,1,10,19.748418
10,4,-10,14.696938
-18,-36,-50,64.187226
5,-5,14,15.684387
21,-18,-17,32.465366
-13,-17,20,29.291637
14,7,-25,29.495762
15,7,-30,34.263683
16,-24,12,31.240999
-26,-19,-19,37.389838
-5,-9,-8,13.038405
43,10,5,44.429720
39,-14,1,41.448764
-17,-7,34,38.652296
43,2,-5,43.335897
16,20,18,31.304952
-14,4,16,21.633308
-18,11,17,27.092434
8,-12,2,14.560220
25,13,-12,30.626786
-9,14,-35,38.755645
-22,15,15,30.561414
-4,5,5,8.124038
27,-14,-5,30.822070
16,-13,17,26.720778
-5,-30,11,32.341923
5,-6,-15,16.911535
4,-44,6,44.586994
4,-14,-6,15.748016
-14,-1,5,14.899664
-1,-11,-40,41.496988
-16,-35,3,38.600518
5,20,17,26.720778
28,-4,22,35.832946
-10,-10,-6,15.362291
-5,14,-9,17.378147
17,-4,-13,21.771541
7,-9,8,13.928388
6,-4,-2,7.483315
-1,-19,-28,33.852622
-9,-6,7,12.884099
-6,-6,0,8.485281
-20,11,5,23.366643
1,-22,-21,30.430248
-11,-2,-13,17.146428
-34,-2,12,36.110940
15,23,8,28.600699
0,3,47,47.095647
18,-48,-8,51.884487
13,-5,28,31.272992
-6,34,8,35.440090
8,13,3,15.556349
18,-6,6,19.899749
13,-4,-3,13.928388
-20,-12,20,30.724583
-13,14,-1,19.131126
-29,-34,9,45.585085
15,-2,5,15.937377
7,-26,-27,38.131352
25,-4,7,26.267851
14,40,12,44.045431
20,-7,3,21.400935
2,-9,3,9.695360
-6,31,25,40.274061
-15,17,4,23.021729
-12,13,19,25.961510
-11,-6,-7,14.352700
24,-4,8,25.612497
-28,-4,12,30.724583
-13,-1,-6,14.352700
13,13,2,18.493242
-2,-21,49,53.347915
-17,24,17,33.970576
-32,-18,34,50.039984
5,8,-11,14.491377
-19,-13,6,23.790755
4,-3,-11,12.083046
-4,18,20,27.202941
-33,15,8,37.121422
11,-9,-34,36.851052
10,5,25,27.386128
24,-19,5,31.016125
-7,5,20,21.771541
-30,-21,-7,37.282704
-11,15,32,37.013511
7,-9,6,12.884099
-22,-2,-28,35.665109
16,21,1,26.419690
-10,10,-28,31.368774
-27,-9,-16,32.649655
11,7,-16,20.639767
0,11,-5,12.083046
-39,-1,2,39.064050
-7,-7,-22,24.124676
-7,48,-13,50.219518
-15,5,-4,16.309506
2,-49,-17,51.903757
30,-21,33,49.295030
0,-23,-17,28.600699
-8,7,-13,16.792856
8,-7,37,38.496753
29,10,-5,31.080541
6,12,-6,14.696938
-43,12,-7,45.188494
11,35,36,51.400389
24,6,-32,40.447497
-1,-8,29,30.099834
-11,5,-30,32.341923
-17,-4,-17,24.372115
17,-4,-5,18.165902
6,-6,6,10.392305
17,-13,16,26.720778
-12,10,10,18.547237
-17,29,-40,52.249402
-6,-19,11,22.759613
5,1,14,14.899664
-5,-13,2,14.071247
-5,4,-13,14.491377
-16,10,-12,22.360680
-19,16,17,30.099834
-1,19,-26,32.218007
22,-4,6,23.151674
-3,-8,-9,12.409674
5,10,25,27.386128
5,16,-5,17.492856
1,-20,-1,20.049938
16,-17,-9,25.019992
-1,-36,-5,36.359318
-12,4,0,12.649111
-25,14,25,38.026307
28,-13,5,31.272992
13,6,-9,16.911535
-20,10,18,28.705400
1,21,-14,25.258662
-5,3,28,28.600699
-13,-13,-14,23.108440
-12,-37,-1,38.910153
34,3,-1,34.146742
10,7,-17,20.928450
-8,-25,31,40.620192
-17,-13,24,32.155870
1,-5,18,18.708287
-6,-13,25,28.809721
7,-1,0,7.071068
19,-23,2,29.899833
9,-62,15,64.420494
-4,-5,-9,11.045361
6,8,2,10.198039
7,-2,-19,20.346990
-7,-11,8,15.297059
0,12,-6,13.416408
-4,-6,12,14.000000
4,42,-4,42.379240
-9,21,26,34.612137
-24,2,-8,25.377155
6,-7,-33,34.263683
5,13,-12,18.384776
2,-7,-1,7.348469
-2,25,21,32.710854
10,-16,14,23.494680
-29,2,5,29.495762
13,21,-30,38.858718
21,-3,-26,33.555923
-24,-7,-27,36.796739
14,-25,-23,36.742346
17,-18,1,24.779023
21,-20,13,31.780497
16,-20,20,32.496154
18,18,30,39.344631
-13,5,32,34.899857
-21,16,-9,27.892651
-10,-37,17,41.928511
-34,-1,-3,34.146742
-17,-10,29,35.071356
12,15,1,19.235384
6,40,26,48.083261
4,6,18,19.390719
-4,29,-15,32.893768
-13,-4,-9,16.309506
-5,9,4,11.045361
4,-17,5,18.165902
-2,5,-23,23.622024
5,9,8,13.038405
19,-4,17,25.806976
2,-1,7,7.348469
8,-6,14,17.204651
-36,-2,-10,37.416574
12,-4,-4,13.266499
-11,-15,-4,19.026298
7,-12,1,13.928388
27,-16,-13,33.970576
1,-6,17,18.055470
10,-3,-7,12.569805
19,-5,4,20.049938
16,-22,16,31.559468
-43,0,-11,44.384682
-15,-32,-7,36.027767
5,18,7,19.949937
-16,-16,12,25.612497
18,-31,3,35.972211
11,-4,13,17.492856
6,-21,-11,24.454039
6,0,32,32.557641
5,2,25,25.573424
35,-7,-12,37.656341
-12,-4,-30,32.557641
-25,-18,27,40.963398
-2,9,5,10.488088
17,-21,16,31.400637
-32,18,-8,37.576588
-10,-6,24,26.683328
7,19,4,20.639767
-14,15,-15,25.416530
30,-17,3,34.612137
-11,15,24,30.364453
10,-7,-7,14.071247
-10,-45,-3,46.195238
12,-19,5,23.021729
1,18,-33,37.603191
21,-17,12,29.563491
12,-20,6,24.083189
-6,-15,-13,20.736441
5,21,2,21.679483
9,-7,-2,11.575837
-31,18,7,36.523965
25,0,-5,25.495098
7,9,-16,19.646883
13,-15,-8,21.400935
-12,30,-6,32.863353
-7,-25,-30,39.673669
-5,20,-15,25.495098
27,-4,33,42.825226
14,-7,25,29.495762
-13,-12,-13,21.954498
6,-23,-35,42.308392
-3,33,-18,37.709415
-31,-6,-13,34.146742
-20,-5,-29,35.580894
-14,13,23,29.899833
4,-7,-21,22.494444
13,3,6,14.628739
22,9,15,28.106939
-13,-22,9,27.092434
21,12,-7,25.179357
-18,32,2,36.769553
7,11,8,15.297059
12,23,15,29.966648
-19,-7,-4,20.639767
-25,15,2,29.223278
-9,-15,-10,20.149442
-14,-18,-14,26.758176
-15,2,13,19.949937
-7,-6,25,26.645825
4,1,21,21.400935
-6,4,8,10.770330
-39,2,9,40.074930
34,-8,8,35.832946
-22,-3,19,29.223278
21,3,-20,29.154759
1,-10,-9,13.490738
-41,8,-15,44.384682
4,4,0,5.656854
28,20,0,34.409301
23,20,-1,30.495901
-10,-5,-11,15.684387
-19,36,17,44.113490
-25,19,20,37.229021
-1,-14,-17,22.045408
-8,-23,-17,29.698485
18,-12,-12,24.738634
5,14,9,17.378147
34,9,-9,36.304270
-23,11,18,31.208973
10,14,-28,32.863353
6,-1,-27,27.676705
-25,2,-17,30.298515
-5,0,-31,31.400637
-33,-5,-20,38.910153
-2,-6,0,6.324555
-7,-30,1,30.822070
-15,21,-16,30.364453
5,-8,-7,11.747340
-4,18,-14,23.151674
-8,21,-19,29.427878
19,27,22,39.673669
11,0,-17,20.248457
-6,-2,6,8.717798
21,-17,-28,38.910153
1,-3,-8,8.602325
-5,-25,14,29.086079
-2,-32,-12,34.234486
-21,-31,0,37.443290
13,-26,-33,43.977267
8,8,0,11.313708
-8,-31,3,32.155870
13,-26,3,29.223278
-21,6,-35,41.255303
-19,-4,13,23.366643
-13,-24,-17,32.155870
4,14,-4,15.099669
48,-3,-1,48.104054
-19,-14,3,23.790755
-5,1,-42,42.308392
-29,-12,-7,32.155870
30,14,10,34.583233
31,-31,-14,46.021734
-26,-9,-11,29.631065
-10,1,23,25.099801
9,19,-4,21.400935
7,-21,2,22.226111
-16,-8,-12,21.540659
-3,-5,2,6.164414
35,-47,42,72.097157
1,10,-13,16.431677
1,25,12,27.748874
2,-4,16,16.613248
9,-8,1,12.083046
-14,0,-40,42.379240
-1,3,54,54.092513
6,12,-40,42.190046
-26,29,5,39.268308
18,30,4,35.213634
-25,32,15,43.289722
3,4,7,8.602325
20,-10,12,25.377155
-29,0,21,35.805028
11,-38,17,43.058100
6,-39,-31,50.179677
-16,-28,28,42.708313
7,6,39,40.074930
-8,8,12,16.492423
18,2,-2,18.220867
-6,16,4,17.549929
-40,-28,16,51.380930
-10,-1,19,21.494185
-5,1,-6,7.874008
-33,25,20,45.978256
-14,-14,6,20.688161
-46,-12,-4,47.707442
25,16,-51,59.008474
-11,4,27,29.427878
24,-1,31,39.217343
-8,2,-4,9.165151
15,-22,11,28.809721
21,22,-1,30.430248
-11,-17,28,34.554305
17,-12,-21,29.563491
8,45,15,48.104054
0,-14,18,22.803509
36,22,-2,42.237424
14,20,22,32.863353
-21,7,-34,40.570926
12,7,-25,28.600699
6,-48,24,54.000000
-12,22,0,25.059928
-3,25,34,42.308392
-20,-31,17,40.620192
13,2,-21,24.779023
15,6,5,16.911535
17,-1,2,17.146428
-6,29,-3,29.765752
-1,-27,18,32.465366
16,6,-4,17.549929
-39,-4,27,47.602521
11,-23,-30,39.370039
-14,-5,-13,19.748418
-28,-24,2,36.932371
-30,-7,29,42.308392
5,-4,-9,11.045361
-19,-12,15,27.018512
17,-23,-26,38.652296
-2,3,25,25.258662
24,10,14,29.529646
-18,-10,38,43.220366
-27,-4,5,27.748874
-8,-10,-2,12.961481
15,22,5,27.092434
-16,-20,18,31.304952
-13,-4,-27,30.232433
3,-17,0,17.262677
11,13,-4,17.492856
-2,-1,17,17.146428
33,-3,-12,35.242020
-19,-1,4,19.442222
3,-10,-1,10.488088
-1,-5,-12,13.038405
6,2,12,13.564660
-21,0,13,24.698178
5,21,18,28.106939
-11,-8,17,21.771541
12,-7,9,16.552945
20,3,9,22.135944
8,10,38,40.099875
-32,4,14,35.156792
18,-3,1,18.275667
13,-2,15,19.949937
-17,5,12,21.400935
-24,-3,13,27.459060
1,10,17,19.748418
-34,-10,-22,41.713307
-7,-3,2,7.874008
19,25,14,34.380227
-11,-30,-5,32.341923
-2,5,1,5.477226
32,2,-4,32.310989
7,13,-6,15.937377
-7,7,20,22.315914
16,8,6,18.867962
7,-39,6,40.074930
5,-37,28,46.669048
-18,-8,-4,20.099751
-8,0,-30,31.048349
10,-19,9,23.280893
34,9,1,35.185224
29,6,23,37.496667
5,-5,0,7.071068
-20,-21,1,29.017236
-24,-14,-42,50.358713
-21,8,-17,28.178006
-9,42,-11,44.339599
-30,1,1,30.033315
-16,1,3,16.309506
-9,11,0,14.212670
-5,-15,16,22.494444
4,4,-12,13.266499
-28,-15,-19,37.013511
22,2,36,42.237424
-13,-6,5,15.165751
3,-22,11,24.779023
14,-6,18,23.579652
-10,-5,-3,11.575837
-22,-19,-9,30.430248
5,-2,-13,14.071247
-40,20,-22,49.839743
-10,-9,13,18.708287
9,1,8,12.083046
-27,-14,-7,31.208973
4,-1,-9,9.899495
-56,9,-5,56.938563
19,2,1,19.131126
-25,29,18,42.308392
4,14,18,23.151674
-31,12,-1,33.256578
-25,-7,-8,27.166155
-31,30,3,43.243497
31,-8,21,38.288379
3,-6,3,7.348469
-6,-5,-19,20.542639
25,-12,9,29.154759
-5,-13,-4,14.491377
30,-8,-22,38.052595
23,28,19,40.914545
12,22,-4,25.377155
5,-13,2,14.071247
-16,6,-4,17.549929
-8,7,25,27.166155
-17,11,-12,23.537205
-24,9,15,29.698485
16,35,-7,39.115214
18,16,-16,28.913665
0,16,16,22.627417
18,23,-11,31.208973
8,-4,-20,21.908902
-39,-6,-11,40.963398
34,23,-33,52.668776
-30,11,1,31.968735
-21,7,-14,26.191602
1,5,-14,14.899664
15,9,20,26.570661
-13,9,18,23.958297
-20,-15,-25,35.355339
7,24,5,25.495098
-7,-8,9,13.928388
-6,2,6,8.717798
4,-45,-1,45.188494
10,23,3,25.258662
9,-14,9,18.920888
-9,-2,-15,17.606817
-14,-33,-13,38.131352
-12,7,7,15.556349
30,11,17,36.193922
19,26,15,35.524639
28,4,-10,30.000000
-19,-32,5,37.549967
-23,35,32,52.706736
14,29,-31,44.698993
-8,14,-12,20.099751
20,-2,10,22.449944
-26,9,5,27.964263
-35,-10,45,57.879185
-18,-11,23,31.208973
-6,-22,-4,23.151674
8,20,0,21.540659
6,34,48,59.126982
37,14,45,59.916609
28,4,-16,32.496154
-2,-20,26,32.863353
-6,6,6,10.392305
-6,8,-14,17.204651
-35,-12,11,38.600518
-5,9,14,17.378147
9,12,7,16.552945
13,5,-12,18.384776
-7,-43,-14,45.760245
-25,15,22,36.523965
-38,34,-28,58.172158
-47,6,37,60.116553
-31,-1,2,31.080541
-9,4,-3,10.295630
15,9,-18,25.099801
-8,-31,9,33.256578
-3,-19,-10,21.679483
-4,-13,-11,17.492856
-20,0,10,22.360680
7,-1,2,7.348469
-6,2,12,13.564660
-21,8,9,24.207437
57,29,-24,68.308125
15,1,-16,21.954498
-26,17,-1,31.080541
1,18,37,41.158231
-8,35,-17,39.724048
14,-16,-2,21.354157
-11,-12,23,28.178006
-5,26,21,33.793490
-10,16,-22,28.982753
-7,1,4,8.124038
4,27,-15,31.144823
0,11,9,14.212670
-3,-30,5,30.561414
-27,-27,-22,44.068129
12,-20,-8,24.657656
11,8,-19,23.366643
-8,17,1,18.814888
32,22,-8,39.648455
-23,-6,1,23.790755
10,29,-15,34.146742
-28,-10,-20,35.832946
-9,12,-29,32.649655
-4,17,-15,23.021729
-17,2,-11,20.346990
-22,29,-11,38.026307
-4,-16,4,16.970563
0,-8,6,10.000000
-2,-18,42,45.738387
6,49,-31,58.292367
40,-22,-24,51.575188
38,-21,15,45.934736
5,-38,-13,40.472213
8,-9,-9,15.033296
16,15,-5,22.494444
-10,-2,-4,10.954451
-13,-10,17,23.622024
-11,-9,12,18.601075
1,4,-19,19.442222
16,-1,15,21.954498
-25,-13,14,31.464265
-14,-17,17,27.820855
-7,0,11,13.038405
-44,11,3,45.453273
2,-24,20,31.304952
11,-23,-10,27.386128
42,0,-56,70.000000
30,-18,-32,47.413078
-14,4,-40,42.567593
-1,-19,18,26.191602
7,27,24,36.796739
6,-26,18,32.186954
-3,-2,-19,19.339080
-26,5,17,31.464265
0,3,-27,27.166155
20,-8,20,29.393877
-12,-18,18,28.142495
-3,9,-10,13.784049
-15,-11,16,24.535688
-10,9,23,26.645825
22,4,2,22.449944
-2,-17,11,20.346990
8,4,10,13.416408
22,-13,11,27.820855
12,-15,-13,23.194827
-5,14,13,19.748418
-10,22,-12,26.981475
29,-7,16,33.852622
-21,10,-21,31.336879
-10,1,-13,16.431677
-8,10,12,17.549929
-27,11,-12,31.527766
10,17,11,22.583180
-30,-14,-4,33.346664
16,-24,8,29.933259
-16,-10,-32,37.148351
-25,14,-9,30.033315
-11,-5,26,28.670542
-18,6,12,22.449944
17,40,-13,45.365185
-11,-3,10,15.165751
32,-29,11,44.564560
-3,3,-18,18.493242
14,43,-5,45.497253
-30,-4,-14,33.346664
3,0,27,27.166155
-6,-8,-32,33.526109
-3,-4,-23,23.537205
-12,1,-1,12.083046
-10,-23,-5,25.573424
-31,24,3,39.319207
-3,-39,-24,45.891176
-21,35,20,45.453273
-2,3,-25,25.258662
1,-15,-6,16.186414
-9,-5,16,19.026298
-11,-17,8,21.771541
-25,-9,-22,34.496377
-16,-25,9,31.016125
10,7,-3,12.569805
14,11,-11,20.928450
-7,17,-14,23.108440
-17,-33,-12,39.012818
-5,0,5,7.071068
6,19,-3,20.149442
-30,-5,-19,35.860842
-12,33,-7,35.805028
4,-8,-4,9.797959
5,18,7,19.949937
-6,3,15,16.431677
3,-37,10,38.444766
18,22,42,50.714889
16,37,7,40.914545
-12,-12,28,32.741411
-12,-8,-54,55.892754
-6,-26,-12,29.257478
5,-13,-28,31.272992
47,-36,5,59.413803
-6,19,-3,20.149442
18,1,15,23.452079
-9,2,15,17.606817
-18,-3,1,18.275667
-8,7,41,42.355637
-17,-12,-1,20.832667
15,2,15,21.307276
11,11,-4,16.062378
-9,-10,41,43.150898
0,13,13,18.384776
-8,-27,-27,39.012818
6,-8,-2,10.198039
-30,-9,-3,31.464265
-17,-24,-5,29.832868
-12,-2,-20,23.409400
-9,-10,-11,17.378147
20,-9,25,33.256578
-5,-20,-19,28.035692
-17,19,-4,25.806976
-35,5,14,38.026307
10,28,-34,45.166359
15,0,-7,16.552945
10,11,3,15.165751
7,-3,18,19.544820
2,45,-15,47.476310
-17,-21,-4,27.313001
26,-24,16,38.832976
-6,7,5,10.488088
-9,-19,38,43.428102
-37,17,22,46.281746
2,-23,5,23.622024
-16,3,1,16.309506
-18,29,1,34.146742
0,-2,-10,10.198039
5,0,-19,19.646883
-3,34,-35,48.887626
17,10,-19,27.386128
-11,-33,-34,48.641546
38,14,0,40.496913
-18,-9,9,22.045408
-11,11,26,30.298515
7,39,22,45.321077
2,2,10,10.392305
49,-15,-12,52.630789
17,24,11,31.400637
21,-5,32,38.600518
26,1,7,26.944387
-6,9,13,16.911535
-1,9,4,9.899495
12,-16,-32,37.735925
7,-16,9,19.646883
-30,-5,-7,31.208973
-10,8,4,13.416408
-19,-43,-8,47.686476
-17,9,0,19.235384
-10,25,1,26.944387
22,27,-17,38.755645
14,-7,-1,15.684387
4,24,12,27.129320
-2,20,16,25.690465
-31,1,-14,34.029399
9,-4,-9,13.341664
16,25,33,44.384682
3,-16,-11,19.646883
-6,8,10,14.142136
-62,6,6,62.577951
-11,31,6,33.436507
-19,-13,12,25.961510
-4,0,22,22.360680
-33,-21,0,39.115214
-17,38,-35,54.387499
23,-24,-29,44.113490
8,5,-13,16.062378
3,-8,-7,11.045361
16,-1,27,31.400637
5,32,-29,43.474130
11,-18,-17,27.092434
29,-8,21,36.687873
63,-7,20,66.468037
-17,-20,-7,27.166155
60,-31,-13,68.774995
15,-3,-20,25.179357
-11,17,-8,21.771541
22,22,-6,31.685959
15,1,36,39.012818
-18,16,-2,24.166092
0,-51,37,63.007936
42,38,20,60.066630
-5,-5,-16,17.492856
8,39,-17,43.289722
3,-9,4,10.295630
-14,13,-9,21.118712
3,42,3,42.213742
2,-38,26,46.086874
-10,-19,-9,23.280893
-16,21,5,26.870058
-10,26,18,33.166248
-24,13,-5,27.748874
7,-5,-6,10.488088
10,11,25,29.086079
5,1,18,18.708287
7,41,2,41.641326
-23,28,-21,41.880783
-35,-13,-6,37.815341
17,36,-3,39.924930
36,-6,-24,43.680659
50,17,3,52.896125
-16,0,-30,34.000000
-23,-5,-38,44.698993
17,6,3,18.275667
-1,-26,17,31.080541
-10,-12,8,17.549929
-7,-23,-8,25.337719
-2,7,-25,26.038433
-4,7,-15,17.029386
-12,-3,3,12.727922
18,-10,18,27.349589
-37,-5,20,42.355637
-9,30,1,31.336879
-10,7,1,12.247449
15,14,-13,24.289916
0,3,37,37.121422
-1,-7,24,25.019992
-2,4,8,9.165151
-28,4,-16,32.496154
-4,14,4,15.099669
9,-10,7,15.165751
-15,20,15,29.154759
-15,-21,-6,26.495283
-13,-3,14,19.339080
23,-11,-22,33.674916
-14,6,-2,15.362291
-10,-15,-1,18.055470
-21,19,22,35.860842
14,9,-15,22.405357
12,6,-22,25.768197
-4,2,-6,7.483315
20,2,-24,31.304952
-27,-17,-22,38.755645
-16,9,-31,36.027767
-5,-18,15,23.958297
-4,35,-13,37.549967
-5,13,-20,24.372115
-25,12,-9,29.154759
-33,-2,25,41.448764
39,-3,-6,39.572718
8,38,8,39.648455
9,-11,32,35.014283
-8,-3,27,28.319605
-15,9,0,17.492856
-28,-13,-37,48.187135
-12,-8,-4,14.966630
-8,-25,17,31.272992
31,20,29,46.925473
-7,-18,29,34.842503
10,11,5,15.684387
-25,-5,4,25.806976
-9,-12,-21,25.806976
4,8,10,13.416408
-32,2,6,32.619013
-4,14,-12,18.867962
8,-3,17,19.026298
-6,2,-2,6.633250
-13,5,-22,26.038433
-23,-2,-15,27.531800
-30,-2,4,30.331502
14,18,28,36.110940
44,-15,-9,47.349762
19,3,20,27.748874
2,-2,14,14.282857
-24,-18,18,34.985711
4,-4,-6,8.246211
-17,19,-10,27.386128
-7,-7,-10,14.071247
-4,7,15,17.029386
46,-29,35,64.668385
-20,-8,8,22.978251
14,24,-10,29.529646
-11,-1,-10,14.899664
10,26,-2,27.928480
-4,12,-28,30.724583
25,-14,41,50.019996
35,8,-41,54.497706
5,-11,26,28.670542
41,20,-19,49.416596
16,-4,8,18.330303
23,-15,12,29.966648
18,-7,3,19.544820
-32,8,4,33.226495
27,4,-17,32.155870
5,9,14,17.378147
-2,22,18,28.495614
-23,-31,-10,39.874804
5,-7,16,18.165902
3,-9,28,29.563491
-6,-6,24,25.455844
7,-13,42,44.519659
-9,8,-13,17.720045
-29,-16,-3,33.256578
-6,-11,-1,12.569805
28,23,3,36.359318
19,24,-13,33.256578
38,-19,-5,42.778499
0,0,-10,10.000000
7,-2,-5,8.831761
26,23,11,36.414283
-5,-5,-8,10.677078
34,-29,-21,49.376108
9,6,1,10.862780
30,17,-5,34.842503
-10,-1,-37,38.340579
-12,-16,-32,37.735925
-12,-19,9,24.207437
-11,19,-36,42.166337
33,10,-5,34.842503
-2,12,-16,20.099751
12,22,-4,25.377155
7,-15,-16,23.021729
39,11,14,42.871902
-33,-4,-25,41.593269
-7,-9,32,33.970576
-5,30,15,33.911650
-30,-9,-1,31.336879
7,-13,4,15.297059
15,-7,-6,17.606817
12,-11,13,20.832667
-40,-17,1,43.474130
21,-20,-5,29.427878
-25,-1,10,26.944387
17,-13,14,25.573424
9,12,-9,17.492856
20,10,-6,23.151674
-5,13,14,19.748418
22,20,-10,31.368774
9,-11,6,15.427249
-11,34,11,37.389838
18,-19,9,27.676705
33,-22,7,40.274061
-7,-21,-24,32.649655
-20,0,20,28.284271
21,68,-19,73.661387
-3,13,-10,16.673332
-8,14,12,20.099751
-15,-5,-24,28.740216
10,4,8,13.416408
13,16,-35,40.620192
-6,43,1,43.428102
26,3,-11,28.390139
9,-12,27,30.886890
11,27,18,34.263683
6,38,-24,45.343136
17,15,-10,24.779023
-14,-2,-32,34.985711
19,-1,-24,30.626786
-35,-1,16,38.496753
-32,-7,-11,34.554305
-3,7,-12,14.212670
-4,22,10,24.494897
-3,0,9,9.486833
-43,-29,-18,54.899909
-21,7,-12,25.179357
-5,-16,-5,17.492856
10,-29,15,34.146742
-6,-7,-7,11.575837
-3,-7,-4,8.602325
-3,6,-3,7.348469
0,0,-32,32.000000
14,-8,-20,25.690465
6,8,-12,15.620499
-36,31,-7,48.020829
-6,21,-33,39.572718
-28,-2,18,33.346664
7,-3,10,12.569805
1,-3,-18,18.275667
4,28,26,38.418745
19,12,-3,22.671568
39,16,27,50.059964
5,-5,-4,8.124038
-9,11,-18,22.934690
8,-10,32,34.467376
13,0,11,17.029386
-11,-20,-3,23.021729
-20,8,34,40.249224
-27,15,12,33.136083
-11,24,-23,35.014283
1,-2,7,7.348469
1,31,-38,49.050994
-4,-4,0,5.656854
13,25,-10,29.899833
-11,0,-21,23.706539
37,-1,-12,38.910153
16,7,35,39.115214
28,-5,-3,28.600699
-5,-27,-16,31.780497
-17,-18,-23,33.793490
-4,-21,-9,23.194827
-21,-7,-6,22.934690
-41,-24,9,48.352870
6,-16,22,27.856777
19,-28,-21,39.824616
-27,13,-22,37.175261
8,10,-24,27.202941
-23,-12,-37,45.188494
16,-19,-19,31.272992
-20,-12,22,32.062439
-29,-34,-7,45.232732
7,1,-26,26.944387
-16,39,9,43.104524
24,36,-14,45.475268
-19,-31,12,38.288379
10,18,-10,22.891046
-34,-2,-16,37.629775
-6,29,-5,30.033315
-21,-3,-36,41.785165
12,34,0,36.055513
-11,15,-12,22.135944
-1,-26,-21,33.436507
28,-6,-16,32.802439
34,-7,3,34.842503
18,13,21,30.561414
21,-10,29,37.175261
-13,-3,-6,14.628739
-36,8,-2,36.932371
-41,-5,-10,42.497059
23,20,7,31.272992
-22,-17,-11,29.899833
33,23,16,43.289722
-2,10,16,18.973666
-3,-21,18,27.820855
-21,7,46,51.048996
-35,11,18,40.865633
-27,20,-15,36.796739
19,-37,-12,43.289722
-28,6,16,32.802439
-33,4,-19,38.288379
4,11,-37,38.807216
-44,-3,11,45.453273
-23,-8,15,28.600699
8,-23,-25,34.899857
14,13,7,20.346990
35,-13,0,37.336309
-21,12,-3,24.372115
-4,9,5,11.045361
-4,34,4,34.467376
18,40,-6,44.271887
-12,-19,-17,28.178006
-22,30,6,37.682887
-3,-9,-24,25.806976
38,13,-13,42.213742
30,15,-1,33.555923
-14,-10,20,26.381812
-7,35,8,36.578682
-31,3,-4,31.400637
-6,16,4,17.549929
-26,-1,-19,32.218007
-2,15,-25,29.223278
-24,12,-16,31.240999
8,-13,-25,29.291637
5,-14,-1,14.899664
23,-5,-14,27.386128
44,-33,-37,66.287254
1,6,-5,7.874008
6,-23,-21,31.717503
-9,-2,-11,14.352700
-12,-9,5,15.811388
10,1,-9,13.490738
-13,-27,-4,30.232433
-6,17,25,30.822070
5,24,-35,42.731721
-3,-33,14,35.972211
10,7,13,17.832555
29,6,1,29.631065
-29,-24,7,38.288379
4,-3,-1,5.099020
45,-19,26,55.335341
17,13,-4,21.771541
-23,18,-7,30.033315
22,-4,-30,37.416574
13,19,42,47.895720
-10,13,-21,26.645825
-31,5,-50,59.042358
18,2,-46,49.436828
-14,15,7,21.679483
0,-1,1,1.414214
18,-23,15,32.832910
0,-18,-26,31.622777
27,-2,-5,27.531800
4,-25,-7,26.267851
-10,2,-6,11.832160
-18,18,-36,44.090815
2,-16,8,18.000000
1,9,-8,12.083046
-21,-5,30,36.959437
-16,30,-30,45.343136
-23,23,12,34.669872
24,-8,-4,25.612497
-8,7,9,13.928388
-29,-2,35,45.497253
0,2,6,6.324555
7,-41,-20,46.151923
-5,25,8,26.720778
46,-12,6,47.916594
0,-11,-9,14.212670
14,-2,28,31.368774
-23,13,-18,31.968735
10,-6,-36,37.841776
-22,-2,-12,25.139610
0,-7,5,8.602325
20,9,27,34.785054
17,51,2,53.795911
8,-9,3,12.409674
-16,-4,12,20.396078
12,7,-5,14.764823
-25,6,27,37.282704
-28,9,1,29.427878
-26,-19,-13,34.727511
-8,-10,14,18.973666
-20,14,-20,31.559468
34,-3,-11,35.860842
-9,19,-6,21.863211
-10,30,20,37.416574
-26,1,25,36.083237
-21,3,40,45.276926
24,19,11,32.526912
2,2,-26,26.153394
-12,9,-13,19.849433
26,-24,-26,43.908997
4,51,9,51.942276
4,-14,-30,33.346664
2,-14,8,16.248077
4,-28,-8,29.393877
1,3,-6,6.782330
16,6,-10,19.798990
-4,-16,30,34.234486
-2,5,-1,5.477226
-20,-36,-14,43.497126
-3,-17,10,19.949937
-11,24,17,31.400637
-10,14,2,17.320508
10,-15,7,19.339080
32,2,-8,33.045423
-3,-13,22,25.729361
11,2,-25,27.386128
-6,3,15,16.431677
-3,-16,15,22.135944
-9,-6,-5,11.916375
17,26,5,31.464265
16,5,-23,28.460499
0,-18,52,55.027266
-10,17,1,19.748418
3,21,26,33.555923
-17,10,7,20.928450
-13,32,-3,34.669872
2,12,16,20.099751
28,6,30,41.472883
-1,-19,48,51.633323
15,-5,-2,15.937377
-3,17,12,21.023796
-12,-6,-20,24.083189
-13,-8,27,31.016125
10,4,-30,31.874755
2,5,3,6.164414
2,17,7,18.493242
28,3,-29,40.422766
1,17,-2,17.146428
13,-18,13,25.729361
-27,8,15,31.906112
-8,13,-25,29.291637
18,18,6,26.153394
10,-10,0,14.142136
16,-33,7,37.336309
4,3,-5,7.071068
-1,1,6,6.164414
-4,34,-10,35.665109
-14,8,-12,20.099751
-6,-32,18,37.202150
-12,-10,-38,41.085277
-9,-1,14,16.673332
-20,12,22,32.062439
7,-30,-21,37.282704
31,27,12,42.825226
-10,11,-13,19.748418
-15,19,4,24.535688
-8,31,-55,63.639610
-27,10,-7,29.631065
-2,-16,-20,25.690465
31,8,-13,34.554305
23,-3,16,28.178006
-19,-28,-37,50.139805
13,-12,-37,41.012193
-13,-35,-36,51.865210
0,23,17,28.600699
4,14,-6,15.748016
6,-10,-4,12.328828
-3,-14,-13,19.339080
12,5,-7,14.764823
-3,1,-16,16.309506
-25,-13,30,41.158231
17,9,-10,21.679483
10,10,-28,31.368774
-10,11,1,14.899664
30,-9,-3,31.464265
6,-13,-5,15.165751
11,18,-15,25.884358
-4,30,30,42.614552
15,44,-9,47.349762
14,12,18,25.768197
10,-20,22,31.368774
8,3,1,8.602325
7,10,33,35.185224
-10,-46,8,47.749346
-1,11,-6,12.569805
-57,-18,-15,61.627916
3,-17,14,22.226111
-20,12,0,23.323808
9,-18,-3,20.346990
1,-19,4,19.442222
0,20,6,20.880613
3,15,-6,16.431677
32,10,0,33.526109
-24,-25,-3,34.785054
2,-35,-5,35.411862
18,13,-1,22.226111
25,9,26,37.175261
-6,-19,-13,23.790755
16,-25,-7,30.495901
-5,-10,-17,20.346990
-10,-16,10,21.354157
21,10,11,25.729361
26,5,-29,39.268308
-17,28,25,41.206796
-1,11,-28,30.099834
-11,-11,2,15.684387
-23,22,35,47.307505
8,-10,34,36.331804
3,18,1,18.275667
-11,16,-7,20.639767
6,37,33,49.939964
-27,-34,-7,43.977267
4,5,-17,18.165902
-26,8,28,39.038443
25,-18,7,31.591138
13,-8,-9,17.720045
-25,-10,-3,27.092434
38,-8,18,42.801869
21,-6,17,27.676705
9,21,-8,24.207437
5,18,-41,45.055521
1,4,-15,15.556349
-4,-25,-19,31.654384
9,-13,-24,28.740216
22,7,9,24.779023
12,-21,3,24.372115
-3,11,8,13.928388
-18,23,47,55.335341
10,5,-1,11.224972
31,-29,-12,44.113490
-9,-13,-18,23.958297
-48,-38,-18,63.812225
20,3,11,23.021729
-6,20,-34,39.899875
-21,-24,5,32.280025
37,16,9,41.303753
5,2,-13,14.071247
-49,-16,47,69.756720
6,-29,3,29.765752
-15,12,3,19.442222
-4,-5,-11,12.727922
8,-16,-12,21.540659
2,-1,3,3.741657
3,4,43,43.289722
-25,-20,-21,38.288379
-8,-10,-2,12.961481
10,0,-10,14.142136
-29,-25,12,40.124805
9,-70,-5,70.753092
34,-9,-25,43.150898
29,7,-14,32.954514
-21,17,-2,27.092434
9,-13,12,19.849433
23,-3,-8,24.535688
25,8,5,26.720778
30,-29,-5,42.023803
14,-15,-1,20.542639
-20,19,-25,37.229021
-24,-2,-18,30.066593
2,25,-1,25.099801
3,6,25,25.884358
11,39,-2,40.570926
6,18,-14,23.579652
8,7,27,29.017236
24,15,9,29.698485
-29,0,-39,48.600412
4,2,-8,9.165151
-1,-19,-8,20.639767
-33,-14,7,36.523965
-11,0,29,31.016125
-3,-11,0,11.401754
-4,-7,-15,17.029386
-11,-4,33,35.014283
-14,-17,1,22.045408
29,7,-6,30.430248
28,-6,8,29.732137
-18,-36,-26,47.916594
-3,19,2,19.339080
6,-16,0,17.088007
12,8,28,31.496031
-1,12,-17,20.832667
26,-28,-36,52.497619
7,-35,14,38.340579
1,-6,-5,7.874008
19,-21,4,28.600699
-14,-9,41,44.249294
27,-21,2,34.263683
-33,14,-23,42.591079
-12,-16,-6,20.880613
-6,-10,-20,23.151674
-3,-5,-24,24.698178
-4,-2,8,9.165151
-12,-3,19,22.671568
-9,-8,-9,15.033296
-2,-3,-13,13.490738
11,-29,-32,44.564560
20,15,11,27.313001
-8,-15,19,25.495098
-4,-8,-14,16.613248
-12,9,17,22.671568
11,2,-11,15.684387
25,23,-2,34.029399
18,-4,2,18.547237
16,13,-23,30.886890
-21,1,-12,24.207437
-3,0,21,21.213203
-24,-6,-22,33.105891
26,-20,26,41.856899
15,0,23,27.459060
-22,-42,-20,51.458721
4,0,-18,18.439089
37,15,0,39.924930
-25,-28,7,38.183766
12,4,-44,45.782093
-5,32,-25,40.914545
3,20,-41,45.716518
38,22,-4,44.090815
-14,-22,8,27.276363
2,5,-7,8.831761
-11,-9,-10,17.378147
-20,2,8,21.633308
3,-16,19,25.019992
30,24,-22,44.271887
14,2,20,24.494897
5,-24,13,27.748874
6,15,-39,42.213742
-13,-15,26,32.710854
-1,2,-5,5.477226
27,-20,7,34.322005
-10,-2,24,26.076810
14,15,1,20.542639
4,-3,-3,5.830952
-23,7,4,24.372115
-1,55,4,55.154329
9,12,-39,41.785165
-15,2,13,19.949937
-4,-36,-14,38.832976
-18,-6,-4,19.390719
-8,-22,4,23.748684
-12,32,38,51.107729
11,19,-10,24.124676
13,21,-2,24.779023
-55,39,-12,68.483575
-3,6,3,7.348469
-1,3,4,5.099020
-10,3,53,54.018515
-41,20,11,46.925473
-21,-18,-1,27.676705
4,0,-12,12.649111
-8,17,-17,25.337719
-4,8,-4,9.797959
-20,14,-10,26.381812
-15,-21,-38,45.934736
20,1,7,21.213203
11,8,-1,13.638182
-10,-28,4,30.000000
13,43,-12,46.497312
-7,11,-42,43.977267
33,-13,8,36.359318
-15,18,35,42.118879
2,-10,4,10.954451
-15,2,17,22.759613
-5,-20,-5,21.213203
0,5,21,21.587033
11,11,-8,17.492856
-9,21,-26,34.612137
18,2,-20,26.981475
-22,-1,7,23.108440
1,7,2,7.348469
17,-39,24,48.846699
-15,17,14,26.645825
-15,10,5,18.708287
11,-11,2,15.684387
-10,-26,-22,35.496479
-22,14,2,26.153394
15,-12,7,20.445048
3,7,44,44.654227
-2,48,16,50.635956
6,3,-17,18.275667
5,-6,-19,20.542639
12,10,-22,26.981475
23,-2,-1,23.108440
-31,-13,22,40.174619
32,-4,-6,32.802439
-23,20,5,30.886890
-33,-2,-9,34.263683
-20,19,-13,30.495901
-16,5,35,38.807216
31,20,3,37.013511
-10,-14,-10,19.899749
0,24,-32,40.000000
8,-21,-5,23.021729
8,-20,2,21.633308
-24,-16,14,32.062439
-11,18,19,28.390139
13,-2,-11,17.146428
-5,-15,-18,23.958297
0,4,34,34.234486
-7,14,-35,38.340579
5,-48,1,48.270074
5,-13,10,17.146428
8,-6,-12,15.620499
21,3,18,27.820855
10,25,-25,36.742346
28,-17,17,36.905284
-18,19,-21,33.555923
28,16,-4,32.496154
-3,5,-18,18.920888
29,33,2,43.977267
-23,8,5,24.859606
11,5,-16,20.049938
38,-8,-16,42.000000
23,6,17,29.223278
6,18,0,18.973666
23,1,-24,33.256578
24,-18,10,31.622777
13,-2,11,17.146428
-29,10,-29,42.213742
-9,29,22,37.496667
-24,-11,-13,29.427878
-29,13,18,36.523965
-5,42,5,42.591079
-11,-21,18,29.765752
30,-13,-1,32.710854
-5,10,3,11.575837
3,26,-41,48.641546
18,-12,-24,32.310989
-7,13,-18,23.280893
44,19,9,48.764741
2,-32,16,35.832946
15,-16,15,26.570661
-10,8,-16,20.493902
-7,-2,-11,13.190906
-7,1,-46,46.540305
7,-12,7,15.556349
19,-10,7,22.583180
8,-31,-11,33.852622
20,9,15,26.570661
-28,-9,3,29.563491
-18,6,20,27.568098
10,28,-4,30.000000
2,-4,-8,9.165151
-13,-2,5,14.071247
-6,14,-10,18.220867
19,35,-38,55.045436
-5,-19,10,22.045408
-7,-2,-21,22.226111
-3,-29,22,36.523965
-24,-22,6,33.105891
-5,24,1,24.535688
31,-3,-18,35.972211
-46,14,34,58.889727
7,9,-30,32.093613
11,28,-1,30.099834
36,-9,23,43.657760
-4,19,11,22.315914
-7,28,-1,28.879058
13,12,-3,17.944358
10,7,-11,16.431677
22,-16,6,27.856777
-6,11,7,14.352700
11,36,13,39.824616
-12,-41,35,55.226805
22,-4,12,25.377155
27,-14,-33,44.877611
40,2,34,52.535702
21,2,17,27.092434
-15,20,3,25.179357
6,-17,7,19.339080
-9,-1,18,20.149442
16,-1,7,17.492856
9,13,10,18.708287
23,-14,-11,29.086079
26,-27,-21,42.965102
0,40,28,48.826222
31,1,-16,34.899857
-3,-10,-21,23.452079
22,47,-15,54.018515
-2,16,-32,35.832946
-10,9,-17,21.679483
-14,-34,-20,41.856899
-27,26,-1,37.496667
12,-3,-27,29.698485
31,0,11,32.893768
-10,16,40,44.226689
-2,17,17,24.124676
-33,-2,-13,35.524639
-11,-24,-9,27.892651
5,19,28,34.205263
14,38,-2,40.546270
7,-12,9,16.552945
-32,12,-26,42.941821
-15,-14,11,23.280893
-8,-8,-36,37.735925
-5,20,23,30.886890
-8,17,19,26.720778
-22,19,17,33.674916
-20,17,-9,27.748874
0,11,19,21.954498
10,-36,30,47.916594
-6,-17,29,34.146742
-27,-26,13,39.673669
29,34,-21,49.376108
20,5,-15,25.495098
-15,-16,39,44.743715
25,-11,-6,27.964263
4,12,2,12.806248
-6,-13,15,20.736441
9,-18,7,21.307276
-9,-6,31,32.832910
8,2,-10,12.961481
33,6,3,33.674916
-26,-19,5,32.588341
-15,12,-21,28.460499
-9,32,-5,33.615473
0,-37,-23,43.566042
-5,-34,-3,34.496377
-15,-9,24,29.698485
48,-20,-10,52.952809
33,-2,-11,34.842503
-7,13,8,16.792856
20,4,20,28.565714
20,18,0,26.907248
1,7,-2,7.348469
-28,8,12,31.496031
10,8,34,36.331804
29,-1,18,34.146742
29,6,-23,37.496667
-12,-36,28,47.159304
-10,7,-1,12.247449
-5,3,32,32.526912
23,-21,-8,32.155870
-3,-2,-49,49.132474
-3,34,-3,34.263683
19,-15,34,41.737274
-17,14,-13,25.573424
-10,-2,4,10.954451
-3,-7,10,12.569805
5,8,-17,19.442222
30,11,27,41.833001
16,-6,4,17.549929
7,7,-4,10.677078
-8,28,24,37.735925
0,-10,-36,37.363083
-10,4,20,22.715633
-1,17,-12,20.832667
12,1,-27,29.563491
-14,19,-21,31.591138
29,24,5,37.973675
13,-16,9,22.494444
0,-8,2,8.246211
-12,16,10,22.360680
38,-29,23,53.047149
-13,-15,-12,23.194827
-7,-8,15,18.384776
-5,-1,-14,14.899664
27,-19,-4,33.256578
27,-6,-31,41.545156
9,-11,14,19.949937
7,-10,11,16.431677
-2,12,-4,12.806248
25,17,-18,35.185224
13,-11,14,22.045408
4,-2,-30,30.331502
-13,-4,5,14.491377
-19,-8,-13,24.372115
37,15,24,46.583259
-4,25,-21,32.893768
-6,-19,19,27.531800
-16,3,33,36.796739
-6,-21,7,22.934690
4,-8,20,21.908902
0,-16,12,20.000000
-37,-15,34,52.440442
2,-6,-16,17.204651
-61,-13,6,62.657801
28,-16,12,34.409301
-3,8,25,26.419690
3,25,0,25.179357
20,-25,-31,44.564560
3,-7,-26,27.092434
0,-2,-14,14.142136
11,2,5,12.247449
-8,7,-1,10.677078
24,1,39,45.803930
12,-8,22,26.305893
21,33,-40,55.946403
19,7,-4,20.639767
1,4,-11,11.747340
1,-37,8,37.868192
-33,-14,7,36.523965
-11,3,8,13.928388
16,-7,-21,27.313001
25,16,-37,47.434165
-7,-9,-18,21.307276
12,-21,-13,27.459060
-51,15,12,54.497706
-5,16,-1,16.792856
3,12,3,12.727922
-26,-24,2,35.440090
20,-17,21,33.615473
34,21,-1,39.974992
-8,-21,-5,23.021729
5,12,-29,31.780497
-26,21,5,33.793490
0,-8,0,8.000000
-10,9,-11,17.378147
-26,1,3,26.191602
15,4,7,17.029386
-15,-8,17,24.041631
7,-12,31,33.970576
36,11,-3,37.762415
32,-4,-6,32.802439
-15,-6,21,26.495283
0,11,-31,32.893768
-11,-6,3,12.884099
1,12,-41,42.731721
18,-13,-3,22.405357
20,-14,0,24.413111
-17,-35,46,60.249481
0,8,0,8.000000
-1,-12,-17,20.832667
8,-24,-24,34.871192
0,-10,26,27.856777
-13,-21,28,37.336309
27,-1,16,31.400637
17,-25,12,32.526912
14,13,-17,25.573424
-15,11,10,21.118712
3,17,-26,31.208973
-9,-19,0,21.023796
27,-15,36,47.434165
10,17,9,21.679483
-18,11,-11,23.790755
0,-5,-1,5.099020
-23,-31,-20,43.474130
-11,-22,-11,26.944387
31,-28,9,42.731721
-1,-22,7,23.108440
-19,31,2,36.414283
5,-16,7,18.165902
17,12,23,31.016125
-7,-19,22,29.899833
-7,7,44,45.099889
26,-1,7,26.944387
-21,8,-15,27.018512
5,0,-45,45.276926
1,-35,-10,36.414283
-10,8,4,13.416408
-9,-17,-26,32.341923
-8,-17,-19,26.720778
-1,-5,-38,38.340579
24,-9,7,26.570661
-16,-12,-16,25.612497
21,-14,-5,25.729361
11,26,-3,28.390139
2,7,3,7.874008
-30,36,-8,47.539457
21,-40,-1,45.188494
-25,12,23,36.027767
-3,-19,20,27.748874
-1,-10,21,23.280893
6,22,38,44.317040
-3,-1,4,5.099020
-48,2,42,63.812225
2,-3,-23,23.280893
-22,12,2,25.139610
13,-35,2,37.389838
15,-11,-22,28.809721
18,7,-7,20.542639
-4,17,47,50.139805
15,-18,-19,30.166206
-33,-2,-1,33.075671
-14,-13,-19,26.944387
-8,-4,-12,14.966630
-19,-11,-10,24.124676
26,-29,-31,49.779514
-10,-27,3,28.948230
-33,-24,25,47.853944
7,13,-48,50.219518
-25,0,-21,32.649655
-30,35,35,57.879185
22,-13,9,27.092434
-18,3,23,29.359837
-20,4,-24,31.496031
-11,1,-8,13.638182
14,-28,6,31.874755
-15,11,-4,19.026298
-10,-44,-6,45.519227
16,19,1,24.859606
-17,31,2,35.411862
-6,-6,32,33.105891
-18,34,14,40.938979
16,24,10,30.528675
-1,13,2,13.190906
14,-11,-17,24.617067
11,8,15,20.248457
7,-8,11,15.297059
18,-28,32,46.173586
-7,15,-36,39.623226
-14,5,-41,43.611925
6,1,-9,10.862780
-7,-8,-5,11.747340
-17,-12,1,20.832667
-25,-35,-8,43.749286
-2,2,-16,16.248077
-36,-1,-11,37.656341
-16,-27,-7,32.155870
-38,11,1,39.572718
-10,5,21,23.790755
15,-9,4,17.944358
-3,13,48,49.819675
13,20,27,36.027767
-25,-6,-9,27.239677
1,-15,-12,19.235384
2,0,14,14.142136
2,-22,-22,31.176915
10,-10,-6,15.362291
19,-22,19,34.727511
14,-20,6,25.139610
-1,15,14,20.542639
20,23,-1,30.495901
22,26,0,34.058773
24,3,-3,24.372115
1,12,-5,13.038405
-15,-24,21,35.242020
-22,-1,-13,25.573424
11,23,14,29.086079
0,2,28,28.071338
36,17,-15,42.544095
2,7,-27,27.964263
25,-19,0,31.400637
0,-47,-1,47.010637
5,27,36,45.276926
-4,0,-22,22.360680
26,-22,6,34.583233
-16,-16,10,24.738634
-1,-9,8,12.083046
-26,-6,8,27.856777
-15,-10,49,52.211110
-9,13,-24,28.740216
24,22,-4,32.802439
14,-6,18,23.579652
4,37,5,37.549967
6,10,6,13.114877
4,5,-21,21.954498
24,-22,-20,38.209946
4,11,1,11.747340
-29,17,-6,34.146742
25,33,8,42.166337
-12,13,3,17.944358
-8,9,25,27.748874
2,-17,25,30.298515
3,9,2,9.695360
2,-8,2,8.485281
2,-10,-2,10.392305
11,-9,36,38.704005
-22,-3,-7,23.280893
6,28,14,31.874755
9,-20,-21,30.364453
-2,3,-11,11.575837
-24,-3,-21,32.031235
-27,23,4,35.693137
4,10,-20,22.715633
1,-22,19,29.086079
-32,-23,-7,40.024992
-18,-8,18,26.683328
-15,-16,-7,23.021729
4,-18,20,27.202941
8,-24,0,25.298221
16,34,-12,39.446166
-5,7,-50,50.734604
-13,41,-28,51.322510
24,16,10,30.528675
23,14,-3,27.092434
30,29,-19,45.847574
-4,-1,-13,13.638182
-41,-12,-19,46.754679
0,-12,-16,20.000000
-12,-17,-13,24.535688
5,38,9,39.370039
5,-28,-5,28.879058
3,20,33,38.704005
18,5,43,46.882833
18,-7,-37,41.737274
49,40,17,65.498092
10,9,13,18.708287
-15,5,-2,15.937377
-5,-2,-21,21.679483
-22,2,-2,22.181073
14,-15,15,25.416530
9,0,37,38.078866
19,22,-5,29.495762
17,5,8,19.442222
0,2,18,18.110770
-11,32,9,35.014283
-8,-35,-23,42.638011
-31,-7,-14,34.727511
-12,-22,24,34.698703
6,-2,-28,28.705400
-4,23,39,45.453273
-17,5,10,20.346990
3,3,-8,9.055385
-2,-3,-17,17.378147
-15,23,-10,29.223278
-3,12,-39,40.914545
9,-3,4,10.295630
-24,-16,4,29.120440
23,9,-18,30.561414
5,30,-35,46.368092
3,-25,-24,34.785054
-34,15,3,37.282704
16,11,19,27.166155
6,4,-18,19.390719
11,-28,-3,30.232433
-7,18,-5,19.949937
-1,-38,15,40.865633
-14,28,4,31.559468
4,-8,-34,35.156792
9,17,-24,30.757113
-13,-7,24,28.178006
-18,15,-1,23.452079
7,4,21,22.494444
8,-4,-4,9.797959
7,35,-12,37.656341
-6,24,26,35.888717
-3,10,7,12.569805
-28,-6,-2,28.705400
1,-9,-2,9.273618
19,41,30,54.240206
3,6,31,31.717503
27,-4,-11,29.427878
-1,6,-47,47.391982
-6,5,23,24.289916
13,-13,10,20.928450
-17,46,-5,49.295030
-14,35,-7,38.340579
51,-41,20,68.425142
4,48,-2,48.207883
-8,-20,-26,33.763886
36,18,14,42.614552
3,-4,-11,12.083046
-32,14,4,35.156792
-20,-2,38,42.988371
-11,26,13,31.080541
-8,14,20,25.690465
-19,0,1,19.026298
30,-12,-26,41.472883
30,-10,-16,35.440090
2,-13,-7,14.899664
22,24,18,37.202150
-10,-6,-12,16.733201
3,-16,31,35.014283
19,-16,11,27.166155
28,-4,-34,44.226689
15,14,23,30.822070
0,33,-21,39.115214
-18,1,7,19.339080
1,-11,20,22.847319
12,-31,21,39.319207
7,-19,16,25.806976
11,11,24,28.600699
15,-12,-11,22.135944
-6,12,-2,13.564660
15,-30,-15,36.742346
-13,4,49,50.852729
5,17,24,29.832868
-19,21,0,28.319605
-9,-19,40,45.188494
8,26,-12,29.732137
-11,10,9,17.378147
14,-2,4,14.696938
8,-21,9,24.207437
30,-29,-29,50.813384
1,-14,33,35.860842
3,12,-13,17.944358
21,-26,-23,40.570926
-1,3,14,14.352700
-4,19,19,27.166155
2,3,33,33.196385
18,6,-12,22.449944
-1,-18,7,19.339080
-6,-2,20,20.976177
-28,16,-8,33.226495
23,-14,-7,27.820855
3,4,-9,10.295630
36,-17,-5,40.124805
-4,-1,-23,23.366643
10,-9,-33,35.637059
-1,7,0,7.071068
0,40,-18,43.863424
-14,-14,8,21.354157
-8,13,11,18.814888
2,-5,15,15.937377
9,-4,17,19.646883
23,-12,-5,26.419690
23,17,-18,33.793490
3,31,-20,37.013511
-18,1,5,18.708287
-5,-4,-9,11.045361
-5,-20,-11,23.366643
16,-19,5,25.337719
31,28,7,42.355637
6,-28,22,36.110940
25,-16,-35,45.891176
30,23,-11,39.370039
-14,19,-15,27.964263
9,-2,47,47.895720
-15,21,-16,30.364453
4,20,38,43.127717
20,-7,-29,35.916570
-8,-15,-27,31.906112
14,5,53,55.045436
-8,-10,0,12.806248
-36,-1,-1,36.027767
-12,-32,-12,36.221541
8,19,9,22.494444
11,2,-13,17.146428
-20,9,-15,26.570661
-19,3,-14,23.790755
11,-18,-23,31.208973
1,4,-7,8.124038
1,-8,13,15.297059
-22,12,-10,26.981475
21,10,-13,26.645825
16,43,33,56.515485
-22,14,-6,26.758176
4,21,25,32.893768
-27,-12,1,29.563491
-15,15,-12,24.372115
35,-18,-11,40.865633
12,-19,-17,28.178006
59,-6,29,66.015150
21,24,-17,36.138622
-5,-10,-11,15.684387
-10,38,-22,45.033321
-10,12,4,16.124515
-4,-18,-2,18.547237
18,-12,-24,32.310989
-18,5,27,32.832910
-38,16,10,42.426407
2,-24,-10,26.076810
8,8,-2,11.489125
-30,19,17,39.370039
-26,10,6,28.495614
-16,-13,-1,20.639767
-19,-24,33,45.011110
26,25,3,36.193922
-12,26,44,52.497619
-3,13,2,13.490738
12,29,-49,58.189346
-13,-47,26,55.263008
39,-9,2,40.074930
-18,-14,20,30.331502
-8,8,2,11.489125
1,2,-29,29.086079
15,4,3,15.811388
14,-8,10,18.973666
11,12,-11,19.646883
1,28,19,33.852622
12,-7,9,16.552945
7,9,8,13.928388
-3,16,-17,23.537205
-6,-7,-7,11.575837
-2,-2,-16,16.248077
13,22,-11,27.820855
3,8,21,22.671568
-12,18,-12,24.738634
-8,-13,35,38.183766
38,-7,17,42.213742
14,12,24,30.265492
11,-8,-37,39.420807
-16,-17,-3,23.537205
-21,-1,-14,25.258662
12,-12,-4,17.435596
-7,0,9,11.401754
32,-3,1,32.155870
8,33,19,38.910153
-20,-16,-20,32.496154
-28,-6,4,28.913665
-20,-9,-5,22.494444
-14,15,-19,27.964263
-32,-48,-16,59.866518
-17,8,11,21.771541
3,-10,1,10.488088
13,19,42,47.895720
2,-3,1,3.741657
1,-5,-20,20.639767
19,-25,32,44.833024
-17,-15,30,37.603191
13,41,12,44.654227
-12,11,11,19.646883
7,28,29,40.914545
12,-3,25,27.892651
-16,-5,19,25.337719
-11,-1,-34,35.749126
-10,-8,-28,30.789609
11,-15,-4,19.026298
7,-7,-12,15.556349
5,-5,8,10.677078
6,9,5,11.916375
7,10,-21,24.289916
6,14,-14,20.688161
-1,3,24,24.207437
-2,-8,-30,31.112698
26,14,20,35.665109
3,52,9,52.858301
14,1,-25,28.670542
37,18,-5,41.448764
8,-13,9,17.720045
-32,-15,-7,36.027767
-8,-18,-2,19.798990
-15,-4,3,15.811388
17,12,-45,49.578221
-1,-9,-22,23.790755
-56,7,7,56.868269
-24,-16,-28,40.199502
19,7,-8,21.771541
-26,19,5,32.588341
24,33,-17,44.204072
-24,-5,11,26.870058
-39,-4,-7,39.824616
-19,-17,12,28.178006
21,27,22,40.669399
-18,1,-3,18.275667
9,-7,-8,13.928388
9,1,-18,20.149442
-34,-2,6,34.583233
15,-6,-1,16.186414
-13,4,-13,18.814888
-18,-25,7,31.591138
0,24,-22,32.557641
1,-14,-41,43.335897
-17,-13,18,27.964263
-14,-15,7,21.679483
17,8,13,22.847319
-37,17,20,45.365185
10,1,3,10.488088
19,21,16,32.526912
-39,6,19,43.794977
-4,11,17,20.639767
-2,13,7,14.899664
1,5,-28,28.460499
13,-42,-17,47.138095
-21,-17,-26,37.496667
-22,-18,-14,31.685959
30,5,7,31.208973
-2,-12,-4,12.806248
-33,-21,10,40.373258
-25,29,0,38.288379
-27,13,-4,30.232433
6,-23,-11,26.191602
19,-5,-6,20.542639
14,5,11,18.493242
-6,-6,40,40.890097
-11,18,13,24.779023
12,-4,-26,28.913665
8,1,35,35.916570
-20,-28,18,38.832976
10,19,9,23.280893
25,16,-35,45.891176
14,7,-1,15.684387
-11,-5,42,43.703547
6,-45,-23,50.892043
-8,10,18,22.090722
-59,49,-10,77.343390
-13,-6,-9,16.911535
-33,0,-9,34.205263
3,-9,-6,11.224972
7,-12,-7,15.556349
10,25,-27,38.131352
8,-5,17,19.442222
-13,23,14,29.899833
-10,-5,-7,13.190906
-5,18,-39,43.243497
-14,-2,22,26.153394
-20,-1,15,25.019992
-2,-35,5,35.411862
21,12,-7,25.179357
40,-39,19,59.008474
14,11,-3,18.055470
20,-15,-3,25.179357
13,15,10,22.226111
1,-1,10,10.099505
-10,-22,6,24.899799
26,-12,12,31.048349
-34,-5,-3,34.496377
-11,-5,0,12.083046
36,18,16,43.312816
11,9,16,21.400935
-9,5,-26,27.964263
-7,0,-3,7.615773
-3,-6,-21,22.045408
15,-8,13,21.400935
-7,12,13,19.026298
10,-16,-30,35.440090
-8,-11,1,13.638182
22,14,20,32.863353
18,-33,41,55.623736
12,-15,13,23.194827
5,-22,-17,28.248894
-3,1,-14,14.352700
-6,-1,-19,19.949937
32,27,9,42.825226
2,-10,-12,15.748016
-7,-5,-14,16.431677
2,-4,-8,9.165151
-3,-15,-8,17.262677
14,-7,25,29.495762
-18,25,17,35.185224
5,1,18,18.708287
5,-13,4,14.491377
-1,-9,-4,9.899495
-12,-11,-25,29.832868
-27,40,-15,50.537115
-25,11,0,27.313001
4,9,-11,14.764823
4,12,30,32.557641
-10,-27,-1,28.809721
-29,19,10,36.083237
22,26,-30,45.387223
4,-17,19,25.806976
1,6,7,9.273618
29,-29,8,41.785165
-14,-32,20,40.249224
7,-20,27,34.322005
23,6,19,30.430248
-7,4,33,33.970576
7,-6,-3,9.695360
16,7,1,17.492856
20,19,13,30.495901
3,-27,8,28.319605
27,-9,-34,44.339599
0,0,-14,14.000000
-18,-22,-32,42.801869
13,11,28,32.771939
8,-4,12,14.966630
-32,-11,-25,42.071368
15,-34,-17,40.865633
-12,-18,8,23.065125
-4,14,6,15.748016
13,20,-23,33.136083
19,-7,-26,32.954514
-4,19,-13,23.366643
-5,7,-18,19.949937
6,-13,-25,28.809721
-6,-29,5,30.033315
-8,-1,7,10.677078
18,30,-2,35.042831
20,25,-9,33.256578
-26,2,-8,27.276363
24,-19,-17,35.014283
-19,-60,27,68.483575
-11,2,13,17.146428
16,9,33,37.762415
-4,-53,7,53.609701
12,-11,-37,40.422766
6,-23,-9,25.416530
-8,6,-6,11.661904
12,0,16,20.000000
15,21,8,27.018512
-4,-27,-11,29.427878
33,9,24,41.785165
2,-13,-11,17.146428
13,8,-3,15.556349
30,15,-13,35.972211
-6,-12,-4,14.000000
-4,-1,21,21.400935
-20,-5,31,37.229021
-11,13,-6,18.055470
5,24,9,26.115130
-11,-11,6,16.673332
-12,-23,-15,29.966648
6,-21,7,22.934690
24,3,-23,33.376639
-32,24,2,40.049969
-21,4,11,24.041631
13,-4,21,25.019992
39,10,11,41.737274
13,16,-31,37.229021
10,-6,16,19.798990
-13,-17,-50,54.387499
3,-32,15,35.468296
21,-46,-57,76.197113
14,14,34,39.344631
4,-3,3,5.830952
-11,-6,3,12.884099
26,-11,7,29.086079
-15,2,-13,19.949937
27,21,14,36.959437
-6,-3,-11,12.884099
-31,-9,22,39.064050
21,6,11,24.454039
7,2,-7,10.099505
-29,10,-19,36.083237
42,9,-3,43.058100
12,-6,-12,18.000000
26,-2,14,29.597297
-12,8,10,17.549929
12,-14,-34,38.678159
6,-7,-27,28.530685
-12,-21,-23,33.376639
26,9,-3,27.676705
15,-10,3,18.275667
-11,-10,-3,15.165751
-10,19,-25,32.954514
12,-4,-34,36.276714
-5,6,13,15.165751
16,-6,-44,47.201695
16,9,-9,20.445048
32,11,17,37.868192
23,-1,22,31.843367
-36,-22,-18,45.869380
10,-11,11,18.493242
-17,21,-20,33.615473
-4,13,27,30.232433
-2,-10,-20,22.449944
9,-21,-8,24.207437
-24,-1,-3,24.207437
23,15,-26,37.815341
1,35,2,35.071356
23,4,39,45.453273
35,8,27,44.922155
-12,17,-5,21.400935
12,-12,28,32.741411
24,6,-8,26.000000
34,-1,-3,34.146742
14,23,15,30.822070
-25,-5,6,26.191602
7,23,-24,33.970576
34,14,14,39.344631
5,5,28,28.879058
9,-43,30,53.197744
1,21,-4,21.400935
9,-22,-5,24.289916
-7,6,-35,36.193922
3,-31,10,32.710854
-11,20,-19,29.698485
-4,2,12,12.806248
-15,10,19,26.191602
-18,-15,-17,28.948230
12,9,-3,15.297059
-13,-4,-21,25.019992
-6,-4,-20,21.260292
-7,24,-23,33.970576
-3,5,10,11.575837
7,-10,7,14.071247
-30,-28,10,42.237424
1,20,-11,22.847319
24,-24,-22,40.447497
-23,16,-3,28.178006
-13,29,14,34.727511
10,-19,-3,21.679483
29,0,-11,31.016125
8,-4,-8,12.000000
17,-1,4,17.492856
-6,-16,18,24.819347
10,-14,18,24.899799
-9,20,17,27.748874
-19,-18,13,29.223278
19,-6,-17,26.191602
-26,-20,22,39.496835
25,-8,-43,50.378567
16,1,1,16.062378
-4,0,-28,28.284271
25,44,-37,62.689712
10,8,28,30.789609
-27,5,-4,27.748874
21,-6,1,21.863211
-39,27,16,50.059964
-2,26,-8,27.276363
-38,-19,17,45.760245
2,12,8,14.560220
-24,-26,10,36.769553
-4,36,0,36.221541
-16,0,-4,16.492423
3,-4,-23,23.537205
-24,-12,20,33.466401
32,11,7,34.554305
-7,1,-4,8.124038
-3,27,14,30.561414
23,12,1,25.961510
-39,18,13,44.877611
-35,-11,-4,36.905284
-8,28,20,35.327043
35,-28,15,47.265209
8,-16,18,25.377155
40,-48,-24,66.932802
-7,-1,32,32.771939
13,-34,-1,36.414283
-26,-2,0,26.076810
-33,10,-13,36.851052
10,-7,11,16.431677
7,-2,3,7.874008
25,-11,-20,33.852622
-16,0,2,16.124515
-31,26,15,43.150898
0,-4,22,22.360680
8,-29,-11,32.031235
17,-6,55,57.879185
-10,12,8,17.549929
7,-7,0,9.899495
-4,33,-21,39.319207
10,-17,-13,23.622024
6,19,-11,22.759613
5,-18,5,19.339080
4,19,31,36.578682
18,7,5,19.949937
-10,-11,-9,17.378147
10,3,-3,10.862780
-10,4,8,13.416408
-19,-25,10,32.954514
-19,25,8,32.403703
-15,12,7,20.445048
3,-18,-17,24.939928
4,-5,-31,31.654384
8,-14,40,43.127717
30,-15,1,33.555923
19,4,-1,19.442222
-47,-5,2,47.307505
0,-23,-5,23.537205
-3,2,11,11.575837
-23,4,-7,24.372115
-6,-39,-23,45.672749
8,-17,-7,20.049938
-5,38,5,38.652296
1,7,-4,8.124038
-1,-19,22,29.086079
-29,-14,3,32.341923
-10,22,44,50.199602
12,-7,11,17.720045
-10,19,19,28.670542
-22,-37,-39,58.086143
-25,2,-5,25.573424
-37,5,-6,37.815341
-20,-4,-28,34.641016
-25,30,7,39.673669
2,36,-8,36.932371
-23,-25,-4,34.205263
0,-20,20,28.284271
-19,6,19,27.531800
-15,-11,46,49.618545
20,-5,-27,33.970576
-19,-4,7,20.639767
-10,-16,-2,18.973666
-8,-7,-9,13.928388
13,3,20,24.041631
-15,-8,13,21.400935
-10,16,-6,19.798990
-16,-29,-5,33.496268
14,16,4,21.633308
0,-36,-24,43.266615
-13,-14,-29,34.727511
-45,-12,41,62.048368
-8,-13,25,29.291637
6,-14,-18,23.579652
19,1,-22,29.086079
-2,-13,-37,39.268308
3,-18,-17,24.939928
-6,1,-7,9.273618
-1,30,13,32.710854
11,-20,9,24.535688
9,-7,-8,13.928388
22,-17,-25,37.389838
27,-5,4,27.748874
19,-4,3,19.646883
-15,-38,-1,40.865633
9,3,-8,12.409674
1,-10,-3,10.488088
-11,-14,11,20.928450
-2,2,-8,8.485281
-9,13,-34,37.496667
18,11,23,31.208973
-19,2,35,39.874804
5,20,-11,23.366643
2,2,44,44.090815
13,37,24,45.978256
6,-17,-21,27.676705
-4,-26,-14,29.799329
45,3,-12,46.669048
29,-15,0,32.649655
-10,-5,11,15.684387
-14,14,-16,25.455844
-19,-17,14,29.086079
-4,-11,-37,38.807216
-4,-2,30,30.331502
-7,-1,6,9.273618
16,-4,-4,16.970563
5,-13,-4,14.491377
-14,14,-28,34.292856
-7,-22,5,23.622024
-18,6,24,30.594117
0,-8,24,25.298221
-2,4,-14,14.696938
-30,6,32,44.271887
50,33,21,63.482281
7,-8,-41,42.355637
6,-15,13,20.736441
-10,-7,1,12.247449
33,11,-18,39.166312
3,17,-4,17.720045
-8,21,-3,22.671568
1,2,-3,3.741657
-10,23,31,39.874804
-3,-13,-16,20.832667
9,-30,-19,36.633318
14,9,17,23.790755
-6,-12,20,24.083189
31,4,1,31.272992
2,-29,5,29.495762
-2,-11,13,17.146428
48,32,-12,58.923679
-6,-24,-20,31.811947
-8,17,-15,24.041631
4,-17,25,30.495901
-26,-10,16,32.124757
-27,26,-33,49.939964
0,6,-4,7.211103
-42,7,1,42.591079
3,29,-2,29.223278
4,-1,-15,15.556349
3,-5,-8,9.899495
13,-18,9,23.958297
16,30,-6,34.525353
-2,7,5,8.831761
-14,-2,6,15.362291
11,2,7,13.190906
-39,26,-29,55.118055
-10,3,15,18.275667
-11,-21,2,23.790755
-26,-7,1,26.944387
9,-2,1,9.273618
-22,10,8,25.455844
-7,43,-38,57.810034
-34,-15,-17,40.865633
4,-1,5,6.480741
-4,21,-27,34.438351
-17,-1,-14,22.045408
19,-3,-6,20.149442
-13,29,-6,32.341923
9,26,3,27.676705
-26,1,5,26.495283
-10,-14,2,17.320508
11,10,-11,18.493242
-11,-16,-21,28.600699
-8,17,-17,25.337719
11,-8,-25,28.460499
-33,-9,34,48.228622
-3,-16,-9,18.601075
18,-20,-26,37.416574
-13,-4,-9,16.309506
30,17,-11,36.193922
4,5,-15,16.309506
-8,26,2,27.276363
-28,-8,20,35.327043
11,0,-11,15.556349
-6,-27,25,37.282704
-9,-4,19,21.400935
-17,-14,-3,22.226111
13,-31,34,47.812132
-42,-12,-18,47.244047
25,-1,6,25.729361
-33,28,27,51.009803
0,-22,-48,52.801515
-34,22,20,45.166359
11,-49,6,50.576674
8,2,-24,25.377155
2,-16,-22,27.276363
5,24,3,24.698178
-34,15,-25,44.788391
-11,-12,7,17.720045
-30,0,-22,37.202150
-15,-2,-5,15.937377
9,5,-32,33.615473
4,-36,6,36.715120
-25,10,5,27.386128
0,2,-8,8.246211
57,-25,-2,62.273590
5,-24,13,27.748874
25,5,-20,32.403703
9,-22,-31,39.064050
-8,2,-2,8.485281
-21,-17,24,36.138622
12,26,-16,32.802439
-1,-25,-6,25.729361
-36,-42,0,55.317267
-22,-24,-20,38.209946
-18,22,-22,35.944402
-9,-1,-30,31.336879
-21,3,-28,35.128336
3,-16,-5,17.029386
17,9,-10,21.679483
-2,19,-5,19.748418
8,0,-20,21.540659
0,28,2,28.071338
-4,-30,42,51.768716
-31,-28,5,42.071368
35,-34,9,49.618545
1,5,-16,16.792856
2,8,24,25.377155
14,-1,1,14.071247
11,-18,-1,21.118712
-3,-26,-1,26.191602
21,-14,5,25.729361
10,7,35,37.067506
10,-4,8,13.416408
5,-18,27,32.832910
17,14,5,22.583180
23,49,30,61.886994
5,-13,-10,17.146428
13,-21,-4,25.019992
-8,-11,-3,13.928388
7,0,5,8.602325
17,-2,-43,46.281746
-4,11,-21,24.041631
5,-19,-14,24.124676
-4,32,6,32.802439
-10,-29,21,37.175261
-1,-2,15,15.165751
18,15,-17,28.948230
-29,25,-24,45.188494
-15,8,5,17.720045
17,-13,20,29.291637
18,-15,-1,23.452079
-14,18,-6,23.579652
9,-26,-47,54.460995
18,2,10,20.688161
38,5,-3,38.444766
-1,18,-7,19.339080
-23,-3,-10,25.258662
-16,-16,0,22.627417
-11,-2,-13,17.146428
13,-42,7,44.519659
-36,-6,-14,39.089641
-2,19,29,34.727511
-11,-14,45,48.394215
-5,-19,-6,20.542639
-4,7,9,12.083046
30,-32,16,46.690470
-25,38,1,45.497253
-17,21,-16,31.400637
42,3,-25,48.969378
22,-4,-24,32.802439
-29,16,-9,34.322005
2,-34,6,34.583233
-3,-21,4,21.587033
-1,6,-1,6.164414
-6,2,14,15.362291
-10,-14,-14,22.181073
-21,-15,18,31.464265
12,-16,-12,23.323808
-15,-3,26,30.166206
-29,6,23,37.496667
-13,-2,11,17.146428
-34,13,-15,39.370039
-15,4,1,15.556349
14,-24,-20,34.234486
8,12,12,18.761663
17,-7,38,42.213742
-3,-17,0,17.262677
-14,-5,41,43.611925
-13,1,-6,14.352700
-10,-26,-18,33.166248
23,-2,-27,35.524639
-10,-36,28,46.690470
14,-9,-17,23.790755
22,-1,-25,33.316662
8,-15,-33,37.121422
16,34,4,37.788887
-6,-19,29,35.185224
-15,19,-12,27.018512
1,-4,29,29.291637
23,-10,31,39.874804
15,23,-2,27.531800
-8,-9,-13,17.720045
-23,-42,-5,48.145612
-25,27,8,37.656341
-11,0,17,20.248457
-21,-11,18,29.765752
-39,6,7,40.074930
1,29,8,30.099834
6,-22,34,40.938979
-7,6,-25,26.645825
19,-17,24,35.014283
18,3,-1,18.275667
-9,29,2,30.430248
2,23,-11,25.573424
9,-2,-35,36.193922
23,-4,-19,30.099834
-16,6,16,23.409400
7,16,-5,18.165902
5,5,14,15.684387
-13,-15,-12,23.194827
26,28,20,43.127717
8,-18,12,23.065125
-18,-4,-12,22.000000
-3,34,-17,38.131352
26,-3,-11,28.390139
-15,17,-24,33.015148
19,0,-17,25.495098
-8,42,-2,42.801869
7,4,11,13.638182
-13,13,14,23.108440
24,-38,-22,50.039984
-15,-28,15,35.128336
-18,-7,-9,21.307276
19,24,-21,37.121422
-9,-8,-23,25.961510
-5,34,-19,39.268308
1,-7,-10,12.247449
15,-29,-18,37.282704
0,24,-10,26.000000
12,17,43,47.770284
18,16,6,24.819347
16,-17,-3,23.537205
-5,-3,12,13.341664
10,-22,-6,24.899799
12,-38,12,41.617304
-10,-13,5,17.146428
-6,0,-18,18.973666
1,-13,22,25.573424
3,-13,16,20.832667
5,23,8,24.859606
21,12,-25,34.785054
13,25,-22,35.749126
9,-4,3,10.295630
11,24,1,26.419690
8,9,-19,22.494444
6,-2,-4,7.483315
-24,-12,32,41.761226
-18,28,-30,44.810713
-24,-22,4,32.802439
-20,-21,-17,33.615473
-8,-5,15,17.720045
-1,-10,-3,10.488088
51,-1,20,54.790510
-2,-15,1,15.165751
-38,5,-19,42.778499
-4,24,14,28.071338
-4,27,-35,44.384682
-12,13,43,46.497312
-4,1,-7,8.124038
24,-15,-17,33.015148
2,34,-32,46.733286
-20,-11,-21,31.016125
-16,6,-14,22.090722
0,-15,-23,27.459060
-8,15,-17,24.041631
-21,10,-19,30.033315
-13,-6,-13,19.339080
-35,-5,2,35.411862
14,16,12,24.413111
27,-8,35,44.922155
-42,0,2,42.047592
-23,-18,-17,33.793490
-38,3,-15,40.963398
23,31,24,45.453273
-37,-30,23,52.896125
29,22,-37,51.903757
-22,-5,-1,22.583180
6,9,-11,15.427249
23,-25,2,34.029399
8,-43,37,57.288742
-9,-22,7,24.779023
-6,-23,-7,24.779023
14,-14,22,29.597297
6,-12,16,20.880613
-13,16,1,20.639767
-18,4,10,20.976177
-16,-2,-20,25.690465
3,-18,17,24.939928
12,-25,1,27.748874
-23,-7,20,31.272992
-9,-22,-1,23.790755
-11,-7,14,19.131126
10,-10,-2,14.282857
-7,16,1,17.492856
-2,-13,11,17.146428
16,36,-8,40.199502
-16,-13,-17,26.720778
32,-4,28,42.708313
-13,-7,8,16.792856
-13,6,11,18.055470
24,18,4,30.265492
9,-14,-3,16.911535
12,-31,3,33.376639
-1,-10,-1,10.099505
-8,-9,17,20.832667
-18,-16,-14,27.856777
-19,17,8,26.720778
-6,-15,27,31.464265
-12,-18,26,33.823069
3,15,-4,15.811388
6,-6,-20,21.725561
-15,-1,6,16.186414
24,15,19,34.088121
-2,20,12,23.409400
-19,55,8,58.736701
25,-15,16,33.256578
23,22,-19,37.067506
-18,11,7,22.226111
10,-4,34,35.665109
-36,11,-15,40.521599
17,-27,-6,32.465366
15,1,-20,25.019992
-17,0,-3,17.262677
-40,-25,3,47.265209
-1,17,12,20.832667
-24,2,-14,27.856777
-16,7,-17,24.372115
3,-21,-18,27.820855
-26,-22,-14,36.823905
-31,-21,-4,37.656341
-36,5,-7,37.013511
45,16,5,48.020829
-19,9,-46,50.576674
-13,-2,-9,15.937377
2,13,-13,18.493242
-9,-13,16,22.494444
-6,0,-34,34.525353
1,5,12,13.038405
2,-5,-19,19.748418
5,-12,-43,44.922155
13,-29,36,48.020829
-14,-26,-4,29.799329
4,-19,5,20.049938
-29,-27,-2,39.673669
19,21,-14,31.591138
-8,27,19,33.970576
14,11,-15,23.280893
-29,20,-23,42.071368
-21,4,1,21.400935
16,-43,-17,48.928519
-12,23,-7,26.870058
-22,-14,22,34.117444
-4,-16,-8,18.330303
-27,-19,-20,38.600518
5,6,15,16.911535
8,3,-35,36.027767
14,33,-3,35.972211
5,14,-31,34.380227
23,9,22,33.075671
11,1,12,16.309506
-10,38,-24,46.043458
2,8,-36,36.932371
19,7,-18,27.092434
5,5,26,26.944387
-11,-8,11,17.492856
19,-12,-37,43.289722
-6,-7,25,26.645825
-6,24,-32,40.447497
40,-18,8,44.586994
-4,3,3,5.830952
11,-2,41,42.497059
28,-35,-3,44.922155
1,-20,-21,29.017236
0,22,10,24.166092
19,23,-26,39.572718
5,4,25,25.806976
3,23,-18,29.359837
14,26,34,45.033321
-10,9,21,24.939928
-39,-2,-5,39.370039
1,36,3,36.138622
28,15,33,45.803930
-33,3,22,39.774364
-56,9,11,57.775427
4,40,12,41.952354
3,4,17,17.720045
-19,21,8,29.427878
17,-9,0,19.235384
-18,-3,11,21.307276
6,16,-16,23.409400
25,-21,6,33.196385
-42,-10,16,46.043458
27,28,-53,65.741920
15,14,3,20.736441
13,21,0,24.698178
19,8,-3,20.832667
-3,-4,7,8.602325
8,2,-18,19.798990
0,27,-7,27.892651
35,29,6,45.847574
19,26,-3,32.341923
-12,0,22,25.059928
-22,-14,-12,28.705400
22,-9,-1,23.790755
34,-15,5,37.496667
-12,-2,-24,26.907248
-10,23,19,31.464265
-14,21,-19,31.591138
15,10,25,30.822070
-8,-4,6,10.770330
-19,31,-22,42.497059
-13,10,15,22.226111
9,-12,-1,15.033296
-7,12,-5,14.764823
-6,-8,14,17.204651
12,15,19,27.018512
-3,-1,28,28.178006
-10,2,-8,12.961481
17,-23,-24,37.336309
13,23,-4,26.720778
-27,-2,-21,34.263683
-6,-7,5,10.488088
-44,-19,29,56.017854
23,-27,-4,35.693137
-5,9,16,19.026298
-6,1,-1,6.164414
-8,7,-11,15.297059
-19,-16,13,28.035692
-33,9,-8,35.128336
-3,19,-2,19.339080
10,-9,-25,28.390139
-6,-16,30,34.525353
-7,5,14,16.431677
-25,0,11,27.313001
3,-3,-4,5.830952
15,11,-8,20.248457
-21,-10,-5,23.790755
-7,-6,23,24.779023
26,59,-9,65.099923
16,-12,-14,24.413111
-4,0,28,28.284271
-9,-3,-30,31.464265
-2,1,-35,35.071356
-10,5,5,12.247449
8,-13,-13,20.049938
-3,0,-3,4.242641
16,29,-21,39.217343
-14,2,-12,18.547237
-19,-1,2,19.131126
14,16,-18,27.856777
-6,3,-31,31.717503
21,5,6,22.405357
15,-8,-17,24.041631
-26,18,6,32.186954
-11,2,35,36.742346
-11,-13,-24,29.427878
10,-14,4,17.663522
12,-23,37,45.188494
7,-13,-4,15.297059
18,5,-3,18.920888
27,-22,-7,35.524639
8,20,-10,23.748684
9,-14,13,21.118712
-20,-17,13,29.291637
-2,-21,39,44.339599
-6,30,28,41.472883
2,-5,-1,5.477226
20,17,21,33.615473
34,23,25,48.062459
3,-2,3,4.690416
11,-33,0,34.785054
14,9,1,16.673332
-1,29,-14,32.218007
7,9,28,30.232433
-26,-21,7,34.146742
-15,3,26,30.166206
3,-21,-28,35.128336
22,23,-5,32.218007
2,52,-28,59.093147
7,-23,-14,27.820855
-22,23,-37,48.805737
-25,-2,9,26.645825
17,-6,-11,21.118712
-11,11,26,30.298515
22,10,-8,25.455844
8,-2,0,8.246211
20,13,-1,23.874673
0,14,42,44.271887
-6,-19,9,21.863211
13,-11,12,20.832667
-22,17,-15,31.591138
21,5,0,21.587033
16,-19,-19,31.272992
-13,-11,10,19.748418
28,28,-8,40.398020
6,-28,-2,28.705400
-41,6,-21,46.454279
-24,12,2,26.907248
14,-16,-24,32.062439
-3,21,-12,24.372115
2,25,3,25.258662
-2,10,8,12.961481
9,-14,-19,25.258662
3,4,-17,17.720045
19,11,-2,22.045408
-25,18,-7,31.591138
8,7,-25,27.166155
2,29,1,29.086079
21,-5,-10,23.790755
-31,31,14,46.021734
10,-11,-15,21.118712
5,-11,-34,36.083237
4,-20,-16,25.922963
10,12,32,35.608988
6,-13,17,22.226111
-4,-12,-16,20.396078
36,-19,5,41.012193
-14,8,-16,22.715633
-2,3,-29,29.223278
5,42,1,42.308392
-9,-9,18,22.045408
-7,-6,-3,9.695360
-20,36,0,41.182521
-18,-1,9,20.149442
-22,5,5,23.108440
-16,19,21,32.526912
31,-7,24,39.824616
19,-24,5,31.016125
-7,0,7,9.899495
7,-2,37,37.709415
-7,-15,36,39.623226
15,-6,-15,22.045408
-9,-6,-11,15.427249
10,15,15,23.452079
1,16,5,16.792856
-6,-8,4,10.770330
1,-2,-3,3.741657
12,15,-19,27.018512
-33,-5,6,33.911650
-18,-27,13,34.957117
15,37,22,45.585085
9,17,-4,19.646883
23,14,-19,32.954514
11,1,-2,11.224972
-6,9,-17,20.149442
14,10,14,22.181073
-11,15,6,19.544820
9,10,35,37.496667
0,35,13,37.336309
5,-11,-12,17.029386
-17,-3,-20,26.419690
16,4,-12,20.396078
-11,-18,21,29.765752
-8,11,19,23.366643
5,-15,-12,19.849433
-34,4,-4,34.467376
-25,20,-17,36.249138
16,8,-14,22.715633
-23,-11,16,30.099834
-4,-7,-5,9.486833
-14,2,-8,16.248077
-35,29,16,48.187135
-40,16,-22,48.373546
-25,-1,10,26.944387
-17,0,-15,22.671568
-12,26,-4,28.913665
8,11,17,21.771541
11,-23,-2,25.573424
-24,6,20,31.811947
-23,6,-17,29.223278
-26,-5,-1,26.495283
5,-31,24,39.522146
5,-12,-5,13.928388
20,31,7,37.549967
-7,-20,19,28.460499
7,-4,35,35.916570
-4,18,-6,19.390719
13,0,-9,15.811388
15,-30,-9,34.727511
-23,-2,23,32.588341
-42,-1,1,42.023803
26,-32,-8,42.000000
-3,-12,23,26.115130
8,-31,-19,37.229021
3,-33,20,38.704005
-30,5,-23,38.131352
-20,11,-9,24.535688
11,-10,15,21.118712
1,-16,17,23.366643
11,-1,-4,11.747340
-36,4,0,36.221541
-7,-23,-22,32.588341
-26,18,12,33.823069
-25,8,9,27.748874
-6,-44,0,44.407207
24,-7,-21,32.649655
-23,-14,-3,27.092434
-15,26,-21,36.633318
-3,-26,-9,27.676705
24,-15,-15,32.031235
-13,20,-57,61.789967
-26,-19,-9,33.436507
-2,3,-15,15.427249
11,-25,24,36.359318
-13,-8,-11,18.814888
-16,2,18,24.166092
16,18,-6,24.819347
19,16,19,31.272992
11,4,-9,14.764823
9,42,9,43.886217
-11,-15,12,22.135944
7,-15,18,24.454039
-9,26,37,46.108568
-3,-7,6,9.695360
-9,-8,-13,17.720045
7,-15,20,25.961510
11,40,3,41.593269
46,5,19,50.019996
-6,9,-23,25.416530
-35,-9,0,36.138622
19,-12,11,25.019992
-8,-13,9,17.720045
-11,-8,5,14.491377
-6,37,-9,38.548671
-23,38,-7,44.966654
-24,1,1,24.041631
9,30,15,34.727511
-7,5,22,23.622024
3,-32,9,33.376639
-6,17,-19,26.191602
37,14,13,41.641326
17,0,-19,25.495098
1,11,12,16.309506
12,27,-5,29.966648
-12,25,19,33.615473
-23,1,-4,23.366643
-6,16,-14,22.090722
5,4,-11,12.727922
15,9,-6,18.493242
-20,6,2,20.976177
-14,5,-1,14.899664
-6,-14,-8,17.204651
38,-2,6,38.522721
23,-33,8,41.012193
41,22,-11,47.812132
9,29,20,36.359318
-14,13,35,39.874804
-6,-4,-14,15.748016
7,-2,9,11.575837
-2,-6,28,28.705400
38,-19,-23,48.311489
-3,-11,0,11.401754
-1,4,-7,8.124038
-14,-22,-8,27.276363
20,-9,37,43.011626
4,20,54,57.723479
13,-15,-30,35.972211
22,-25,-3,33.436507
-21,8,13,25.961510
-24,19,21,37.121422
9,-33,-12,36.249138
7,2,9,11.575837
6,-23,-9,25.416530
-11,-9,-8,16.309506
-11,14,1,17.832555
26,-41,-7,49.050994
4,-26,-24,35.608988
6,16,16,23.409400
3,38,-17,41.737274
-13,-10,-3,16.673332
-21,5,-16,26.870058
4,12,-62,63.277168
7,-5,-8,11.747340
11,-12,17,23.537205
-4,-17,-3,17.720045
-4,-14,16,21.633308
29,-31,20,46.925473
-9,-8,27,29.563491
-21,4,-13,25.019992
-4,-20,18,27.202941
29,16,-29,44.022721
-28,-1,-5,28.460499
16,7,11,20.639767
34,4,-28,44.226689
-20,7,7,22.315914
9,6,-17,20.149442
34,8,18,39.293765
14,-31,-7,34.727511
-5,-9,18,20.736441
-19,7,20,28.460499
11,5,-16,20.049938
-14,22,2,26.153394
-1,27,-30,40.373258
9,-17,-8,20.832667
26,-9,23,35.860842
49,-13,22,55.263008
29,3,24,37.762415
-3,1,-6,6.782330
-4,-41,41,58.120564
2,18,-4,18.547237
0,12,30,32.310989
-22,21,-27,40.669399
21,-3,40,45.276926
-17,6,1,18.055470
-4,9,-1,9.899495
13,20,1,23.874673
-9,-13,0,15.811388
1,6,9,10.862780
6,-5,43,43.703547
13,-5,-18,22.759613
-24,-28,-14,39.446166
9,16,-27,32.649655
11,16,-17,25.806976
-17,5,-24,29.832868
-3,4,-5,7.071068
-28,-14,14,34.292856
11,-7,2,13.190906
-25,-3,4,25.495098
32,-12,-26,42.941821
45,-14,47,66.558245
-31,13,-18,38.131352
-12,3,-27,29.698485
-11,15,-12,22.135944
21,-31,22,43.428102
25,8,-27,37.656341
5,-7,-40,40.914545
6,-41,-5,41.737274
8,-7,23,25.337719
-3,2,-17,17.378147
-12,5,-11,17.029386
8,-1,-11,13.638182
39,7,0,39.623226
24,-7,-15,29.154759
-5,-7,20,21.771541
-17,-10,29,35.071356
-27,14,-27,40.669399
-27,0,19,33.015148
-2,22,-16,27.276363
47,-5,-14,49.295030
30,26,18,43.588989
15,-10,-7,19.339080
41,-2,3,41.158231
7,-27,-28,39.522146
-22,-2,4,22.449944
-17,-11,-6,21.118712
4,25,-5,25.806976
-13,2,17,21.494185
11,-54,-31,63.229740
-30,-7,43,52.896125
10,-13,1,16.431677
6,-15,-29,33.196385
26,-13,3,29.223278
-29,30,19,45.847574
11,-28,5,30.495901
2,-12,-20,23.409400
35,44,3,56.302753
-14,8,-4,16.613248
3,15,-10,18.275667
-25,8,-15,30.232433
52,1,-7,52.478567
11,-41,-22,47.812132
-11,22,33,41.158231
27,-20,21,39.623226
28,-22,-10,36.986484
-25,-12,-27,38.704005
25,-24,-27,43.931765
-6,-11,3,12.884099
13,-22,27,37.175261
-8,-7,27,29.017236
-11,2,55,56.124861
19,2,-3,19.339080
24,-29,9,38.704005
5,-16,-1,16.792856
-16,6,16,23.409400
21,12,-1,24.207437
1,-16,11,19.442222
-21,-17,14,30.430248
-7,3,6,9.695360
32,-12,10,35.608988
-9,20,45,50.059964
5,-8,-3,9.899495
16,10,18,26.076810
4,-7,-45,45.716518
16,13,11,23.366643
-1,10,23,25.099801
-11,-2,27,29.223278
17,-45,0,48.104054
-4,-1,-21,21.400935
16,27,13,33.970576
-2,5,17,17.832555
16,-28,6,32.802439
6,10,-24,26.683328
-32,25,39,56.302753
-11,21,-8,25.019992
5,21,2,21.679483
30,17,1,34.496377
6,-2,-12,13.564660
-25,20,5,32.403703
-30,-32,-6,44.271887
21,7,-26,34.146742
2,-20,-30,36.110940
42,-2,14,44.317040
20,-27,21,39.623226
-10,53,1,53.944416
-15,-7,-22,27.531800
-31,-21,-6,37.920970
2,7,5,8.831761
-30,-15,-21,39.572718
18,-12,20,29.461840
-8,-10,30,32.619013
-25,7,16,30.495901
-33,-25,-22,46.882833
2,-6,-36,36.551334
-7,9,2,11.575837
-14,-6,12,19.390719
37,14,19,43.886217
2,-24,-20,31.304952
9,14,23,28.390139
-7,43,8,44.294469
8,-23,-17,29.698485
-4,6,0,7.211103
-19,-2,-5,19.748418
-20,14,-16,29.189039
-35,-8,-9,37.013511
21,-6,-21,30.298515
-14,47,27,55.982140
-6,-10,20,23.151674
-7,40,31,51.088159
37,16,-1,40.323690
11,-1,8,13.638182
-3,8,5,9.899495
-2,-6,24,24.819347
37,-21,6,42.965102
6,-10,14,18.220867
32,6,38,50.039984
45,9,-36,58.326666
1,-5,-28,28.460499
41,-34,-21,57.253821
4,-13,21,25.019992
2,10,18,20.688161
16,14,-4,21.633308
16,4,-22,27.495454
-3,2,33,33.196385
0,-7,-17,18.384776
-7,-5,-2,8.831761
-46,-32,14,57.758116
-11,5,-14,18.493242
17,31,6,35.860842
-11,1,-28,30.099834
22,1,-21,30.430248
-5,14,5,15.684387
19,10,-31,37.709415
8,2,14,16.248077
-3,-20,25,32.155870
-19,0,-9,21.023796
-37,-12,3,39.012818
3,25,-4,25.495098
-26,26,20,41.856899
11,6,1,12.569805
5,-23,0,23.537205
-23,15,12,29.966648
2,-15,-1,15.165751
15,-30,29,44.339599
-6,25,-17,30.822070
-22,20,6,30.331502
-19,-1,10,21.494185
27,-27,6,38.652296
-23,-16,17,32.771939
12,31,-13,35.693137
-4,6,20,21.260292
-31,-5,24,39.522146
-6,2,-40,40.496913
10,20,-8,23.748684
1,36,-39,53.084838
-25,21,-18,37.282704
13,1,8,15.297059
5,22,-3,22.759613
-8,13,-9,17.720045
1,11,-8,13.638182
-5,24,-5,25.019992
0,-1,-9,9.055385
23,-2,-15,27.531800
-15,-14,5,21.118712
16,35,-33,50.695167
9,-3,-8,12.409674
5,15,18,23.958297
0,-10,-16,18.867962
1,-26,-1,26.038433
-23,-21,-4,31.400637
-8,-34,42,54.626001
6,-18,-10,21.447611
2,-27,-27,38.236109
-20,-34,8,40.249224
-24,-44,12,51.536395
6,-18,-20,27.568098
6,-18,-52,55.353410
48,4,2,48.207883
-19,-23,0,29.832868
-6,14,26,30.133038
11,17,-6,21.118712
-12,1,-3,12.409674
-3,0,11,11.401754
-35,5,0,35.355339
25,5,20,32.403703
22,5,-5,23.108440
-34,-17,31,49.050994
-9,-31,-8,33.256578
-16,3,19,25.019992
0,9,-23,24.698178
3,10,3,10.862780
5,-17,-32,36.578682
-20,-8,-42,47.201695
-24,-41,-23,52.782573
20,17,-17,31.272992
-22,5,-3,22.759613
-5,2,-9,10.488088
-6,-15,-31,34.957117
-4,23,-5,23.874673
3,31,2,31.208973
2,-4,10,10.954451
25,9,-28,38.600518
29,-14,-19,37.389838
-5,-15,-44,46.754679
-9,9,-6,14.071247
17,1,8,18.814888
4,29,15,32.893768
-27,-32,-21,46.840154
20,-16,-10,27.495454
7,7,22,24.124676
9,-1,14,16.673332
40,-2,0,40.049969
-5,5,-26,26.944387
16,-36,-4,39.597980
15,25,-24,37.762415
-11,2,15,18.708287
-21,37,-18,46.195238
-31,-24,-21,44.474712
-32,24,0,40.000000
-9,-11,-12,18.601075
-12,-1,-9,15.033296
35,-3,14,37.815341
-5,-21,18,28.106939
0,4,34,34.234486
2,-2,12,12.328828
6,12,12,18.000000
-29,6,-25,38.755645
3,2,-43,43.150898
-25,-5,-22,33.674916
-14,-15,-19,27.964263
-10,17,-3,19.949937
-6,5,7,10.488088
1,12,19,22.494444
-10,-16,12,22.360680
7,24,31,39.824616
25,-7,-8,27.166155
34,9,-37,51.048996
10,-30,0,31.622777
45,4,-7,45.716518
28,-9,13,32.155870
0,3,9,9.486833
4,10,22,24.494897
-10,-4,10,14.696938
11,10,11,18.493242
1,40,15,42.731721
23,-18,13,31.968735
37,0,3,37.121422
-24,5,17,29.832868
-18,4,0,18.439089
-13,-11,-8,18.814888
-14,13,-11,22.045408
18,-41,3,44.877611
18,9,-15,25.099801
-6,-1,17,18.055470
-10,5,-1,11.224972
19,10,-11,24.124676
27,15,-12,33.136083
18,-3,-3,18.493242
34,-8,4,35.156792
-4,6,-10,12.328828
-6,-10,-4,12.328828
20,-40,-8,45.431267
-31,2,37,48.311489
9,30,-1,31.336879
1,21,8,22.494444
-32,5,1,32.403703
16,9,5,19.026298
6,4,-6,9.380832
10,11,-3,15.165751
-9,-7,-4,12.083046
8,-31,1,32.031235
-17,21,-12,29.563491
-22,25,9,34.496377
-5,18,3,18.920888
-19,-15,-42,48.476799
1,-35,18,39.370039
1,-24,35,42.449971
-1,11,22,24.617067
-16,-14,-20,29.189039
-21,-4,19,28.600699
5,-5,18,19.339080
-13,3,16,20.832667
-38,14,24,47.074409
-9,19,26,33.436507
4,-7,-5,9.486833
-16,10,-18,26.076810
-16,2,40,43.127717
22,3,-13,25.729361
-25,-8,-15,30.232433
7,-21,-16,27.313001
13,-31,-20,39.115214
4,-14,28,31.559468
23,-7,6,24.779023
2,-34,14,36.823905
-11,-25,0,27.313001
-8,-12,12,18.761663
-18,25,17,35.185224
25,-9,10,28.390139
-4,-9,5,11.045361
-5,23,-8,24.859606
-18,-37,-11,42.591079
-23,8,-9,25.961510
-7,-14,-5,16.431677
-18,-22,-16,32.619013
-9,10,15,20.149442
-7,21,-22,31.208973
-20,-5,-9,22.494444
-10,8,-10,16.248077
-24,4,-2,24.413111
7,-7,-10,14.071247
-1,-12,5,13.038405
10,-6,-4,12.328828
-31,-5,8,32.403703
7,-19,-18,27.092434
-2,0,-14,14.142136
-5,11,-2,12.247449
-20,-6,-28,34.928498
-16,25,11,31.654384
-16,-4,8,18.330303
12,-35,-23,43.566042
29,-24,13,39.824616
-17,36,-7,40.422766
7,-31,4,32.031235
-51,18,-9,54.827001
5,-13,4,14.491377
25,6,-3,25.884358
-23,16,3,28.178006
-33,-7,18,38.236109
-7,7,-16,18.814888
-17,-20,13,29.291637
-5,-17,4,18.165902
-21,21,0,29.698485
-12,1,1,12.083046
40,17,39,58.395205
17,13,20,29.291637
10,-11,9,17.378147
-1,0,-7,7.071068
-2,54,16,56.356011
7,-2,3,7.874008
0,35,17,38.910153
4,-36,16,39.597980
12,-21,-13,27.459060
9,-16,15,23.706539
-16,-34,18,41.665333
-24,1,19,30.626786
-15,-2,3,15.427249
-1,-1,-12,12.083046
29,-34,27,52.211110
18,-5,25,31.208973
5,17,34,38.340579
26,-15,25,39.064050
34,-25,27,50.099900
13,12,7,19.026298
15,-11,-10,21.118712
-15,-19,-24,34.088121
12,15,15,24.372115
13,-25,4,28.460499
0,36,6,36.496575
7,8,13,16.792856
-13,-7,16,21.771541
2,-1,-9,9.273618
-5,27,-20,33.970576
-16,12,26,32.802439
15,-4,5,16.309506
10,22,-28,36.986484
7,-11,-6,14.352700
35,14,5,38.026307
0,42,-16,44.944410
4,18,4,18.867962
26,-15,1,30.033315
4,45,-13,47.010637
21,-45,-2,49.699095
-22,-34,20,45.166359
-3,21,-8,22.671568
0,-20,24,31.240999
11,-10,15,21.118712
-15,39,-38,56.480085
-5,19,-18,26.645825
1,-15,-30,33.555923
-9,15,-20,26.570661
-14,15,-9,22.405357
-33,-17,4,37.336309
13,27,18,34.957117
24,10,2,26.076810
-13,-4,-25,28.460499
-11,-1,-38,39.572718
-29,4,-5,29.698485
13,15,-8,21.400935
-15,-8,1,17.029386
3,-21,-2,21.307276
-13,3,-14,19.339080
34,5,-25,42.497059
0,16,-6,17.088007
-14,-3,-17,22.226111
-13,-25,18,33.436507
5,18,-1,18.708287
-7,-6,-5,10.488088
17,-35,-24,45.716518
0,0,-18,18.000000
-13,-8,23,27.604347
-33,5,-24,41.109610
5,-41,12,43.011626
-4,5,-19,20.049938
19,33,-4,38.288379
-21,8,1,22.494444
-29,9,-12,32.649655
32,-25,31,51.088159
-15,-3,-42,44.698993
-40,6,-6,40.890097
-14,30,-18,37.682887
26,-16,24,38.832976
37,-13,32,50.616203
27,10,19,34.496377
3,-3,-8,9.055385
18,9,-9,22.045408
4,21,-33,39.319207
22,-50,0,54.626001
-30,-7,5,31.208973
4,1,5,6.480741
-21,21,14,32.832910
18,-6,-8,20.591260
24,8,-12,28.000000
-42,-18,16,48.414874
11,35,0,36.687873
20,-6,-30,36.551334
17,1,18,24.779023
8,27,-17,32.893768
-5,8,11,14.491377
9,7,2,11.575837
4,-6,24,25.059928
-18,-22,58,64.591021
-19,25,8,32.403703
-8,9,13,17.720045
-18,9,-3,20.346990
-10,-17,9,21.679483
11,11,28,32.031235
8,-61,-39,72.842295
-31,21,6,37.920970
7,7,-16,18.814888
7,-34,7,35.411862
-15,15,26,33.555923
12,-6,6,14.696938
22,17,9,29.223278
-17,-3,4,17.720045
1,8,23,24.372115
4,-7,29,30.099834
-23,4,-25,34.205263
-15,-19,-4,24.535688
-24,4,-12,27.129320
-11,-20,-23,32.403703
-2,9,25,26.645825
9,-15,-10,20.149442
-2,-27,11,29.223278
26,7,19,32.954514
9,-20,11,24.535688
-15,-6,15,22.045408
-22,-14,6,26.758176
-2,-12,32,34.234486
-30,21,-9,37.709415
24,-26,2,35.440090
27,29,-6,40.074930
-29,13,-8,32.771939
-3,20,1,20.248457
-18,-29,-9,35.298725
3,-6,9,11.224972
-8,0,22,23.409400
0,-5,-5,7.071068
-12,-12,22,27.784888
19,8,5,21.213203
-23,-19,8,30.886890
12,21,1,24.207437
13,3,-20,24.041631
1,-7,12,13.928388
-11,-11,14,20.928450
13,16,-25,32.403703
-28,15,-11,33.615473
0,-7,-9,11.401754
-26,0,-4,26.305893
20,-14,-14,28.142495
13,-35,24,44.384682
21,14,-33,41.545156
-21,16,5,26.870058
2,3,11,11.575837
-8,11,-25,28.460499
0,6,-2,6.324555
8,-8,2,11.489125
-10,-10,-16,21.354157
-13,-3,-14,19.339080
18,-14,22,31.685959
-1,-14,5,14.899664
-9,-16,3,18.601075
6,12,-16,20.880613
-14,-9,-11,19.949937
2,24,8,25.377155
45,18,-19,52.057660
-1,0,15,15.033296
11,24,-13,29.427878
-27,-20,-13,36.027767
-32,28,-6,42.941821
23,9,-12,27.459060
-13,-50,13,53.272882
7,-20,-35,40.914545
-39,11,32,51.633323
-5,1,32,32.403703
-24,12,-10,28.635642
-25,42,13,50.576674
-25,-52,-11,58.736701
17,32,-7,36.905284
-17,-4,-23,28.879058
-7,7,0,9.899495
21,2,-11,23.790755
4,-15,-15,21.587033
18,0,2,18.110770
14,-11,-3,18.055470
19,-8,15,25.495098
-3,-7,6,9.695360
16,0,-12,20.000000
15,-3,-10,18.275667
10,-15,5,18.708287
-5,-8,23,24.859606
-7,-10,-21,24.289916
-12,3,-23,26.115130
0,-11,19,21.954498
-27,-15,16,34.785054
-15,2,9,17.606817
-1,13,-20,23.874673
-7,-15,12,20.445048
-9,17,8,20.832667
13,2,11,17.146428
3,-29,-22,36.523965
-19,25,-38,49.295030
-10,26,-4,28.142495
12,9,-3,15.297059
29,-29,4,41.206796
21,-35,-16,43.840620
34,-13,3,36.523965
17,-35,-12,40.718546
-30,7,33,45.144213
-35,-20,-7,40.914545
-12,7,17,21.954498
-34,4,8,35.156792
14,22,-4,26.381812
45,6,7,45.934736
-21,-6,-21,30.298515
-8,6,-4,10.770330
-3,6,-1,6.782330
18,-45,25,54.534393
1,10,-1,10.099505
-2,18,-12,21.725561
-33,-8,-7,34.669872
3,-46,17,49.132474
-18,-1,7,19.339080
-3,-10,37,38.444766
22,-23,-47,56.762664
19,17,18,31.208973
3,7,4,8.602325
16,3,15,22.135944
13,-30,17,36.851052
12,21,-1,24.207437
-20,6,-6,21.725561
-25,14,11,30.692019
13,12,-5,18.384776
24,-36,-6,43.680659
-12,14,12,22.000000
17,-21,16,31.400637
-15,-17,-36,42.544095
9,-16,15,23.706539
18,2,22,28.495614
7,-10,17,20.928450
-20,-18,-32,41.809090
-4,-22,-10,24.494897
-22,-1,-3,22.226111
-13,-16,-3,20.832667
27,29,-12,41.400483
2,-22,-12,25.139610
-21,-2,-1,21.118712
24,3,-19,30.757113
-9,-14,19,25.258662
6,12,-10,16.733201
10,36,0,37.363083
8,-26,2,27.276363
4,-12,6,14.000000
6,6,-72,72.498276
29,-26,21,44.249294
18,9,-5,20.736441
29,21,-20,41.012193
-11,11,-20,25.337719
-8,-8,16,19.595918
-25,-23,22,40.472213
32,-16,-14,38.418745
6,15,13,20.736441
-16,-11,-11,22.315914
17,4,17,24.372115
-42,-15,13,46.454279
-37,27,-20,49.979996
7,-4,-1,8.124038
32,21,-3,38.392708
-25,-21,26,41.737274
-9,-14,3,16.911535
-4,12,2,12.806248
-49,51,24,74.686009
-9,5,-14,17.378147
-11,3,6,12.884099
-8,-22,12,26.305893
3,-20,21,29.154759
4,8,10,13.416408
9,27,16,32.649655
28,-16,10,33.763886
-22,-30,12,39.089641
-1,14,-17,22.045408
11,15,8,20.248457
-14,23,-29,39.572718
-28,-3,-9,29.563491
-21,-19,-20,34.669872
16,23,23,36.249138
-38,5,-1,38.340579
6,9,-13,16.911535
-11,39,18,44.339599
36,0,2,36.055513
-5,7,-8,11.747340
-7,9,-6,12.884099
-18,-13,-13,25.729361
-12,-27,-35,45.803930
-42,8,30,52.230259
-13,-13,-6,19.339080
7,-24,-9,26.570661
-36,-18,20,44.944410
2,8,-34,34.985711
-6,29,33,44.339599
-19,40,-19,48.187135
8,-18,6,20.591260
11,-4,-37,38.807216
-18,-23,7,30.033315
-18,-5,-7,19.949937
7,27,0,27.892651
53,20,9,57.358522
35,5,-4,35.580894
6,4,26,26.981475
25,12,7,28.600699
-4,-26,-16,30.789609
-20,2,-36,41.231056
-25,17,16,34.205263
8,2,36,36.932371
-44,8,8,45.431267
-3,0,25,25.179357
-18,-4,-16,24.413111
4,-4,-12,13.266499
-12,-22,14,28.705400
-23,2,3,23.280893
-6,38,-14,40.938979
2,5,9,10.488088
23,4,19,30.099834
25,17,16,34.205263
-48,-40,16,64.498062
-29,-11,2,31.080541
0,14,-30,33.105891
9,18,-11,22.934690
13,-28,3,31.016125
-19,-4,-17,25.806976
-36,8,2,36.932371
-11,-7,28,30.886890
-2,-3,-19,19.339080
37,22,-33,54.240206
13,-23,10,28.248894
20,13,-7,24.859606
-21,-11,22,32.341923
-6,0,28,28.635642
-21,36,1,41.689327
5,12,13,18.384776
-26,0,4,26.305893
-41,12,25,49.497475
-8,0,10,12.806248
16,-17,1,23.366643
22,-1,9,23.790755
-15,9,-24,29.698485
13,32,19,39.420807
-16,-28,34,46.861498
-21,-43,8,48.518038
-6,-29,19,35.185224
5,-14,11,18.493242
7,0,-35,35.693137
-5,19,-10,22.045408
7,-25,-20,32.771939
-12,-6,-6,14.696938
38,0,0,38.000000
-2,-23,11,25.573424
-14,-13,-11,22.045408
-8,21,-7,23.537205
8,17,3,19.026298
17,4,1,17.492856
-10,9,19,23.280893
-16,-6,-8,18.867962
-15,-19,2,24.289916
6,-58,-14,59.966657
-6,-32,-16,36.276714
-2,12,36,38.000000
27,-8,17,32.893768
3,27,-8,28.319605
3,7,34,34.842503
-2,1,21,21.118712
30,24,10,39.698866
-11,-2,11,15.684387
-15,-20,23,33.970576
12,5,15,19.849433
0,-27,15,30.886890
-2,-8,6,10.198039
-2,2,-2,3.464102
-3,20,-17,26.419690
-12,44,34,56.885851
4,19,-29,34.899857
-2,-37,11,38.652296
0,11,9,14.212670
-33,-9,46,57.323643
-10,9,-13,18.708287
-9,-17,10,21.679483
17,13,0,21.400935
11,23,-10,27.386128
-18,8,-4,20.099751
-8,2,0,8.246211
51,-1,24,56.373753
-24,1,13,27.313001
1,4,13,13.638182
34,-35,5,49.050994
30,-11,5,32.341923
-11,-36,-15,40.521599
-14,6,-18,23.579652
-15,15,-22,30.561414
3,-3,0,4.242641
-14,-9,-15,22.405357
-19,-34,-19,43.335897
-14,-21,-7,26.191602
-13,-13,24,30.232433
41,7,14,43.886217
34,13,-25,44.158804
-1,-26,-11,28.248894
-8,1,11,13.638182
0,20,0,20.000000
13,1,34,36.414283
-5,-3,-18,18.920888
-16,-5,-17,23.874673
-17,21,2,27.092434
17,0,-13,21.400935
-3,14,1,14.352700
4,-15,-15,21.587033
5,10,31,32.954514
9,17,6,20.149442
25,-24,-33,47.853944
-37,13,-10,40.472213
14,-24,-6,28.425341
14,-29,-11,34.029399
26,2,2,26.153394
8,-14,-16,22.715633
2,5,9,10.488088
-6,-16,24,29.461840
-11,20,5,23.366643
-4,17,3,17.720045
-4,-43,3,43.289722
-13,-1,-8,15.297059
-9,10,-15,20.149442
-16,20,-16,30.199338
3,0,19,19.235384
1,17,-8,18.814888
-20,-8,-34,40.249224
1,9,16,18.384776
1,0,-5,5.099020
-31,-4,-15,34.669872
3,4,5,7.071068
-22,10,-2,24.248711
7,-15,-24,29.154759
7,8,21,23.537205
-17,-4,3,17.720045
-5,12,-1,13.038405
28,16,10,33.763886
9,-20,-17,27.748874
-19,30,-11,37.175261
2,-28,-20,34.467376
-2,16,-2,16.248077
-2,14,2,14.282857
14,0,4,14.560220
3,17,40,43.566042
-7,16,-19,25.806976
11,-11,0,15.556349
-1,2,-19,19.131126
-2,-7,-45,45.585085
16,-7,15,23.021729
34,4,-16,37.788887
17,17,16,28.879058
-4,-3,9,10.295630
3,-20,17,26.419690
28,-3,-7,29.017236
-37,13,-2,39.268308
0,-28,-6,28.635642
3,-2,13,13.490738
-5,18,3,18.920888
-12,24,-6,27.495454
-10,4,18,20.976177
19,-28,17,37.868192
31,-4,15,34.669872
43,-13,-18,48.394215
5,-19,-10,22.045408
30,31,11,44.519659
9,21,-8,24.207437
-43,24,-11,50.457903
-26,14,-4,29.799329
12,-3,1,12.409674
14,1,-27,30.430248
2,0,-2,2.828427
2,-4,10,10.954451
-12,-9,-15,21.213203
13,19,-12,25.961510
23,14,23,35.411862
14,-7,-9,18.055470
8,-4,-2,9.165151
16,-4,-24,29.120440
1,33,14,35.860842
0,0,-2,2.000000
3,15,-12,19.442222
-32,13,-11,36.249138
-13,-1,-14,19.131126
-38,9,5,39.370039
2,13,39,41.158231
-12,-7,-35,37.656341
5,8,25,26.720778
-1,-18,17,24.779023
15,-2,-15,21.307276
18,21,-3,27.820855
-9,4,31,32.526912
33,-8,7,34.669872
-26,-40,22,52.535702
33,-28,1,43.289722
-17,-24,-7,30.232433
14,-7,13,20.346990
0,3,-17,17.262677
-32,11,-3,33.970576
-2,-2,-26,26.153394
-6,-10,-8,14.142136
-5,-29,4,29.698485
-11,13,34,38.026307
-12,2,-2,12.328828
6,-10,16,19.798990
-9,-32,7,33.970576
11,27,24,37.762415
-7,10,5,13.190906
-18,41,-17,47.895720
2,-22,32,38.884444
9,3,22,23.958297
-17,-11,2,20.346990
-29,11,4,31.272992
23,14,25,36.742346
1,2,-5,5.477226
14,6,6,16.370706
-41,12,-25,49.497475
-6,23,7,24.779023
10,-14,18,24.899799
-11,34,17,39.572718
0,17,15,22.671568
4,5,-19,20.049938
-9,19,-4,21.400935
2,23,-37,43.611925
-13,-18,37,43.150898
12,-11,-33,36.796739
-7,-11,-28,30.886890
-1,-10,-5,11.224972
16,3,-3,16.552945
-10,7,1,12.247449
21,4,7,22.494444
-21,-13,-10,26.645825
17,11,12,23.537205
-3,15,-12,19.442222
-39,-15,2,41.833001
28,22,22,41.856899
3,8,-7,11.045361
11,15,24,30.364453
-34,-33,27,54.534393
-22,29,3,36.523965
-2,-54,16,56.356011
15,-4,41,43.840620
-15,25,14,32.341923
-31,-18,23,42.591079
6,-10,2,11.832160
-25,13,-4,28.460499
8,11,-13,18.814888
-5,9,-10,14.352700
-6,8,-32,33.526109
-6,-12,-10,16.733201
17,21,4,27.313001
-20,-10,22,31.368774
-7,-21,10,24.289916
4,9,-39,40.224371
7,-45,-8,46.238512
11,13,30,34.496377
-25,28,3,37.656341
14,-1,17,22.045408
-15,-29,-22,39.370039
5,14,23,27.386128
-3,1,-44,44.113490
-35,-5,-50,61.237244
19,-11,-16,27.166155
-20,23,-35,46.411206
-14,2,-4,14.696938
-1,20,19,27.604347
-8,6,24,26.000000
11,-26,13,31.080541
-10,1,-25,26.944387
5,-14,-37,39.874804
-6,10,-2,11.832160
49,16,-9,52.325902
9,11,10,17.378147
-13,-9,4,16.309506
8,43,-3,43.840620
22,43,29,56.338264
9,-14,17,23.790755
12,-17,-27,34.088121
6,18,-12,22.449944
27,2,1,27.092434
22,-8,-24,33.526109
9,-4,-23,25.019992
13,39,16,44.113490
3,-25,-18,30.951575
-1,-8,-1,8.124038
-12,-8,12,18.761663
-6,-23,-5,24.289916
10,-7,-3,12.569805
10,10,-6,15.362291
19,21,-54,60.975405
6,0,46,46.389654
-18,-24,-14,33.105891
2,8,12,14.560220
-3,-8,-11,13.928388
-19,31,-12,38.288379
6,-15,-5,16.911535
0,26,12,28.635642
-15,-5,-6,16.911535
-7,-29,0,29.832868
-17,-12,31,37.336309
14,18,-14,26.758176
1,13,-20,23.874673
0,30,44,53.254108
-9,-23,-24,34.438351
-28,-30,-18,44.810713
2,-35,-7,35.749126
-2,-6,-8,10.198039
18,-3,-21,27.820855
4,-6,-2,7.483315
-31,0,23,38.600518
4,5,-9,11.045361
22,-3,-19,29.223278
-3,-6,41,41.545156
21,11,-22,32.341923
-10,-45,-1,46.108568
-22,-13,-19,31.843367
53,24,-1,58.189346
-18,-32,28,46.173586
12,12,16,23.323808
-8,7,-11,15.297059
-10,-14,8,18.973666
2,38,2,38.105118
6,-19,-41,45.585085
20,26,-8,33.763886
13,-2,11,17.146428
5,-22,15,27.092434
9,-1,0,9.055385
53,-6,13,54.899909
-17,1,-36,39.824616
-25,-32,57,69.985713
0,9,21,22.847319
15,30,-11,35.298725
-35,2,-31,46.797436
0,16,-20,25.612497
-7,-1,4,8.124038
23,8,-21,32.155870
-12,17,-43,47.770284
-7,24,1,25.019992
-11,0,15,18.601075
-7,17,4,18.814888
5,19,8,21.213203
-17,11,10,22.583180
-9,14,27,31.717503
-2,-13,21,24.779023
-8,-10,-34,36.331804
18,0,10,20.591260
24,12,-14,30.265492
15,26,-23,37.815341
-4,14,-12,18.867962
-34,2,-4,34.292856
-37,2,23,43.611925
-8,-16,-8,19.595918
15,-8,-1,17.029386
0,6,8,10.000000
-15,-13,-32,37.656341
-27,2,-3,27.239677
10,-6,-36,37.841776
19,7,2,20.346990
-25,23,0,33.970576
32,35,-13,49.173163
-11,-15,-22,28.809721
-14,6,6,16.370706
2,-8,-24,25.377155
20,-13,1,23.874673
-25,17,16,34.205263
-6,7,-29,30.430248
-3,7,-12,14.212670
-27,-19,-10,34.496377
1,-13,6,14.352700
-34,-7,-1,34.727511
-3,21,4,21.587033
-33,-4,11,35.014283
7,0,-5,8.602325
10,-41,-19,46.281746
45,7,16,48.270074
-15,18,19,30.166206
-6,-20,-14,25.139610
-42,6,2,42.473521
-6,-34,10,35.944402
-11,23,0,25.495098
-19,-1,14,23.622024
-28,-12,6,31.048349
6,-14,0,15.231546
6,-2,30,30.659419
2,-9,13,15.937377
-19,10,11,24.124676
2,-23,-5,23.622024
-29,-18,-13,36.523965
1,-8,17,18.814888
-4,32,-10,33.763886
-4,-3,-29,29.427878
-25,22,-21,39.370039
25,30,-1,39.064050
-10,1,3,10.488088
-54,-17,5,56.833089
-19,9,2,21.118712
25,16,1,29.698485
-9,12,15,21.213203
4,4,8,9.797959
4,8,-20,21.908902
26,-18,-24,39.698866
5,-13,16,21.213203
9,-17,-8,20.832667
7,16,-11,20.639767
-12,44,0,45.607017
32,-8,12,35.099858
0,-6,-4,7.211103
-12,-4,2,12.806248
1,-9,-32,33.256578
7,-30,-31,43.703547
15,-28,5,32.155870
-33,-18,-7,38.236109
-21,25,8,33.615473
-19,-2,13,23.108440
6,-27,13,30.561414
27,-29,6,40.074930
1,-26,27,37.496667
-10,34,-38,51.961524
-9,-8,35,37.013511
17,18,-1,24.779023
-18,1,-1,18.055470
-13,1,4,13.638182
17,25,10,31.843367
4,-19,-11,22.315914
14,-11,9,19.949937
-14,9,-11,19.949937
-9,6,-1,10.862780
-5,-13,0,13.928388
14,-14,26,32.680269
-15,11,0,18.601075
5,27,20,33.970576
4,18,-12,22.000000
-4,2,4,6.000000
1,-9,20,21.954498
5,-13,6,15.165751
37,-13,6,39.673669
-17,22,1,27.820855
-8,-62,-6,62.801274
11,4,-41,42.638011
19,20,-31,41.496988
-10,18,-4,20.976177
29,10,-19,36.083237
-4,32,2,32.310989
13,-32,-41,53.609701
13,-23,2,26.495283
-18,5,-1,18.708287
-5,-12,-3,13.341664
4,15,9,17.944358
9,-6,25,27.239677
24,4,-2,24.413111
-9,3,0,9.486833
12,-47,-21,52.858301
-42,4,16,45.122057
7,2,19,20.346990
4,11,31,33.136083
10,-6,14,18.220867
1,-11,-8,13.638182
-27,6,11,29.765752
-3,23,-22,31.968735
-1,13,-12,17.720045
-16,9,1,18.384776
7,-6,45,45.934736
-8,-46,-26,53.441557
18,-11,21,29.765752
5,-12,19,23.021729
-28,-7,-3,29.017236
4,-9,-27,28.740216
-1,-14,11,17.832555
16,5,15,22.494444
4,13,3,13.928388
-10,33,5,34.842503
-22,30,16,40.496913
14,-19,1,23.622024
40,0,-2,40.049969
-24,-13,19,33.256578
-3,7,10,12.569805
-30,32,-20,48.207883
6,-6,18,19.899749
4,16,34,37.788887
18,-24,0,30.000000
-11,8,-5,14.491377
-7,11,-28,30.886890
-19,14,-29,37.389838
23,19,28,40.914545
2,-8,6,10.198039
20,-13,15,28.178006
-1,28,-13,30.886890
8,-31,7,32.771939
-19,44,-7,48.435524
6,6,6,10.392305
12,39,7,41.400483
40,14,2,42.426407
15,-31,-12,36.469165
-32,22,-10,40.099875
20,28,-24,41.952354
2,26,-10,27.928480
-19,-15,-34,41.737274
17,22,1,27.820855
-8,43,13,45.628938
1,6,17,18.055470
7,-14,-11,19.131126
-19,11,-32,38.807216
15,31,10,35.860842
-1,-16,-3,16.309506
-19,8,-5,21.213203
-3,20,-11,23.021729
-21,8,9,24.207437
5,2,-13,14.071247
37,5,-18,41.448764
22,1,33,39.673669
-3,-8,5,9.899495
-5,-12,21,24.698178
17,41,20,48.682646
-14,12,-2,18.547237
6,7,-7,11.575837
44,-23,-5,49.899900
18,-39,-7,43.520110
24,9,9,27.166155
5,22,23,32.218007
-3,-1,0,3.162278
21,-8,-27,35.128336
22,11,7,25.573424
13,-10,11,19.748418
-37,14,-49,62.976186
-8,-36,12,38.781439
-37,-1,-8,37.868192
5,12,-19,23.021729
1,9,-18,20.149442
0,-35,7,35.693137
-17,-23,-18,33.793490
-1,15,14,20.542639
-25,9,2,26.645825
-2,-8,0,8.246211
-6,13,15,20.736441
0,-32,-18,36.715120
9,-7,-14,18.055470
0,-2,-6,6.324555
10,-7,-21,24.289916
-11,-15,20,27.313001
19,-15,-12,27.018512
29,18,-9,35.298725
8,-8,-4,12.000000
12,21,-1,24.207437
-27,-20,1,33.615473
-3,21,44,48.846699
0,-22,-10,24.166092
15,7,-20,25.961510
6,-10,40,41.665333
11,-42,7,43.977267
-3,-22,-29,36.523965
5,12,5,13.928388
33,49,22,63.039670
-13,-11,4,17.492856
-9,3,-2,9.695360
14,26,10,31.176915
-13,17,-18,27.964263
-36,-14,20,43.497126
18,36,8,41.036569
15,28,-11,33.615473
7,-11,0,13.038405
28,-3,31,41.880783
-2,-8,-48,48.703183
-20,-2,8,21.633308
-11,7,6,14.352700
16,-20,-16,30.199338
-11,-14,-33,37.496667
-21,12,-19,30.757113
41,-7,-16,44.564560
25,4,33,41.593269
21,4,1,21.400935
-14,0,-6,15.231546
-2,-17,15,22.759613
16,17,-7,24.372115
31,4,11,33.136083
-10,-15,-13,22.226111
-5,-35,-12,37.336309
-28,-7,3,29.017236
-31,-16,-41,53.833075
-2,-38,-12,39.899875
-7,8,-15,18.384776
3,-9,2,9.695360
37,-6,1,37.496667
-28,-7,-7,29.698485
-17,13,-10,23.622024
2,4,22,22.449944
-20,-17,5,26.720778
21,19,50,57.463032
-3,27,12,29.698485
2,-20,-18,26.981475
-5,3,6,8.366600
16,14,-22,30.594117
35,-43,-4,55.587768
0,25,23,33.970576
-13,40,11,43.474130
12,18,-42,47.244047
-32,-6,-12,34.698703
-15,-22,-1,26.645825
4,10,16,19.287302
5,-28,-1,28.460499
5,-5,-6,9.273618
-17,21,12,29.563491
27,-18,9,33.674916
14,21,7,26.191602
-14,-15,-5,21.118712
21,-5,-36,41.976184
-1,-8,-15,17.029386
7,-33,10,35.185224
-26,-8,-8,28.354894
-8,-5,-17,19.442222
-23,3,-12,26.115130
17,26,-21,37.496667
4,29,-3,29.427878
-17,0,-15,22.671568
3,-4,-21,21.587033
2,-3,-31,31.208973
41,-22,-27,53.795911
-8,8,-22,24.738634
-28,2,-4,28.354894
-6,21,7,22.934690
10,11,-3,15.165751
9,-4,17,19.646883
-9,41,24,48.352870
-14,-13,-13,23.108440
3,20,1,20.248457
-6,32,2,32.619013
-11,-31,16,36.578682
15,-46,-27,55.407581
-3,-16,-5,17.029386
-6,9,13,16.911535
-18,-20,18,32.372828
28,-5,-19,34.205263
3,-48,43,64.513564
-15,-27,2,30.951575
-13,-8,23,27.604347
-11,-38,3,39.673669
11,4,39,40.718546
-12,2,4,12.806248
-13,-36,43,57.567352
-18,-1,-13,22.226111
3,2,-1,3.741657
27,-18,15,35.749126
6,21,17,27.676705
-17,8,37,41.496988
-1,-6,21,21.863211
-15,-9,-42,45.497253
2,-31,31,43.886217
16,5,9,19.026298
2,-4,0,4.472136
-54,-10,-26,60.761830
-2,-13,1,13.190906
-15,-17,2,22.759613
-10,20,16,27.495454
27,28,15,41.689327
8,4,26,27.495454
-4,8,-14,16.613248
31,-31,0,43.840620
-29,20,17,39.115214
-17,4,1,17.492856
0,-6,20,20.880613
7,-15,18,24.454039
-3,9,-14,16.911535
0,-26,10,27.856777
3,3,32,32.280025
-7,24,-11,27.313001
-1,-33,16,36.687873
-11,-5,-18,21.679483
-27,-16,-15,34.785054
-17,8,-31,36.249138
2,-6,-42,42.473521
-1,-2,37,37.067506
0,1,13,13.038405
23,25,-2,34.029399
11,-25,6,27.964263
5,-22,-9,24.289916
-35,18,7,39.974992
-3,-19,16,25.019992
39,25,8,47.010637
5,-15,-20,25.495098
14,15,-11,23.280893
9,1,10,13.490738
7,-24,23,33.970576
9,11,-6,15.427249
17,-17,-22,32.588341
-19,-58,45,75.828754
2,21,23,31.208973
-16,-7,13,21.771541
-45,-2,3,45.144213
-10,-15,-31,35.860842
6,5,-31,31.968735
21,-20,9,30.364453
3,-12,-13,17.944358
-18,22,10,30.133038
-9,-20,13,25.495098
-7,-13,10,17.832555
16,32,-18,40.049969
-15,29,20,38.288379
2,10,22,24.248711
-4,-4,-12,13.266499
32,-11,-27,43.289722
24,-20,-6,31.811947
-13,0,9,15.811388
-14,8,-14,21.354157
-63,-15,10,65.528620
-28,14,22,38.262253
-4,16,6,17.549929
-48,12,4,49.638695
15,17,-14,26.645825
-21,1,-2,21.118712
23,23,-6,33.075671
20,4,4,20.784610
13,-8,7,16.792856
5,-2,3,6.164414
-34,-9,-15,38.236109
18,14,6,23.579652
17,0,-5,17.720045
0,-24,-22,32.557641
-5,5,12,13.928388
18,21,-3,27.820855
-8,-3,11,13.928388
-11,-25,-4,27.604347
27,-3,-20,33.734256
-7,15,26,30.822070
15,-10,23,29.223278
-10,-39,-29,49.618545
-26,17,29,42.497059
3,26,-39,46.968074
-13,24,9,28.740216
5,-11,-8,14.491377
-13,-5,-20,24.372115
-22,17,-5,28.248894
25,-5,16,30.099834
37,-40,-29,61.725197
-1,-20,5,20.639767
-27,-10,-17,33.436507
-30,-19,17,39.370039
-9,-26,-21,34.612137
-15,23,-24,36.469165
24,27,13,38.392708
-11,4,-23,25.806976
-24,13,7,28.178006
-23,-22,19,37.067506
-4,13,19,23.366643
-10,-12,16,22.360680
12,13,-19,25.961510
1,-7,4,8.124038
-25,3,20,32.155870
-10,19,-15,26.191602
35,-5,12,37.336309
1,19,-14,23.622024
17,1,-22,27.820855
-6,13,21,25.416530
-3,12,-7,14.212670
-8,-38,42,57.201399
33,22,7,40.274061
8,16,12,21.540659
6,25,9,27.239677
0,17,15,22.671568
-11,-22,15,28.809721
-18,0,52,55.027266
7,-13,-12,19.026298
-7,-6,-23,24.779023
5,-8,45,45.978256
30,0,-16,34.000000
-25,-6,9,27.239677
-3,48,17,51.009803
21,24,7,32.649655
19,-3,-4,19.646883
-8,3,-13,15.556349
20,0,26,32.802439
-22,11,11,26.944387
33,-7,16,37.336309
-16,24,14,32.062439
-36,-4,-22,42.379240
-16,-43,-3,45.978256
23,1,0,23.021729
-3,15,10,18.275667
44,-14,-6,46.561787
16,12,2,20.099751
14,27,23,38.131352
9,-17,30,35.637059
0,-8,-16,17.888544
-2,6,-4,7.483315
-14,21,-11,27.531800
-15,37,32,51.166395
20,19,-29,40.024992
-20,-30,-16,39.446166
2,22,38,43.954522
-16,21,-13,29.427878
2,-18,-12,21.725561
12,12,16,23.323808
35,-1,-2,35.071356
12,13,-5,18.384776
-2,7,3,7.874008
0,37,-17,40.718546
6,-23,-13,27.092434
-10,-3,21,23.452079
21,11,-6,24.454039
-17,-9,16,25.019992
12,-2,4,12.806248
14,23,33,42.591079
-31,-14,9,35.185224
2,-9,27,28.530685
-5,27,4,27.748874
-7,-4,1,8.124038
4,-7,-1,8.124038
-28,-13,-13,33.496268
-9,-14,25,30.033315
-9,-15,-26,31.336879
13,-12,11,20.832667
0,-6,-22,22.803509
-10,26,-2,27.928480
-3,0,11,11.401754
3,8,-9,12.409674
24,19,23,38.288379
-9,7,-4,12.083046
14,-21,19,31.591138
5,12,-19,23.021729
-17,-35,-8,39.724048
3,-20,-9,22.135944
-5,-1,22,22.583180
5,10,-17,20.346990
-26,-12,26,38.678159
16,-2,8,18.000000
4,10,40,41.424630
24,0,-30,38.418745
-10,-28,-24,38.209946
40,-8,-4,40.987803
-5,-19,22,29.495762
-4,19,-1,19.442222
1,6,25,25.729361
23,-10,7,26.038433
-11,-5,-10,15.684387
-22,-14,-10,27.928480
3,7,4,8.602325
17,2,-7,18.493242
10,6,-12,16.733201
0,16,4,16.492423
-17,-25,-38,48.559242
19,-9,52,56.089215
-62,12,16,65.145990
9,8,17,20.832667
13,-15,-16,25.495098
6,-36,2,36.551334
27,3,14,30.561414
9,-30,1,31.336879
-1,37,8,37.868192
3,12,-7,14.212670
26,-38,-6,46.432747
-24,16,-34,44.586994
11,30,13,34.496377
29,25,-12,40.124805
-25,-29,-2,38.340579
-7,6,21,22.934690
-9,-12,13,19.849433
-16,-12,-6,20.880613
-2,15,23,27.531800
-6,21,-1,21.863211
-27,-5,0,27.459060
-20,20,-18,33.526109
-6,4,-18,19.390719
-6,-12,-30,32.863353
10,11,15,21.118712
-9,8,23,25.961510
27,-21,-12,36.249138
-22,50,26,60.497934
-17,4,15,23.021729
9,19,4,21.400935
-16,4,22,27.495454
26,2,20,32.863353
3,24,13,27.459060
10,-3,15,18.275667
-5,-28,-5,28.879058
8,-24,12,28.000000
12,-11,-13,20.832667
-25,18,-3,30.951575
3,-1,32,32.155870
-27,-2,-7,27.964263
-9,-26,9,28.948230
-16,-4,24,29.120440
28,10,30,42.237424
5,-26,-27,37.815341
-14,22,22,34.117444
15,17,-2,22.759613
-16,-9,5,19.026298
-2,12,-2,12.328828
-5,-28,-3,28.600699
-10,10,28,31.368774
-11,-2,-13,17.146428
-20,6,-10,23.151674
-5,-11,22,25.099801
-3,9,20,22.135944
5,-20,13,24.372115
-1,-12,33,35.128336
-13,-6,-19,23.790755
-9,0,-25,26.570661
5,16,21,26.870058
-3,3,0,4.242641
-29,4,5,29.698485
-9,-11,12,18.601075
-11,23,-24,35.014283
11,-2,-19,22.045408
9,-11,28,31.400637
-15,-8,-9,19.235384
29,-14,-17,36.414283
-24,-15,7,29.154759
-7,16,-9,19.646883
1,-9,8,12.083046
-7,15,0,16.552945
1,-6,-13,14.352700
-25,-2,-17,30.298515
31,34,7,46.540305
2,12,-40,41.809090
1,2,25,25.099801
-7,9,4,12.083046
30,8,10,32.619013
-12,-21,37,44.204072
-11,36,17,41.303753
3,-8,-3,9.055385
-35,-8,-11,37.549967
-41,-16,-3,44.113490
-15,-13,-12,23.194827
2,-6,22,22.891046
5,-6,9,11.916375
-21,-18,-11,29.765752
5,-31,-2,31.464265
37,13,4,39.420807
-15,-17,-8,24.041631
24,11,13,29.427878
-12,-14,-14,23.151674
9,8,1,12.083046
9,4,-7,12.083046
-3,-28,7,29.017236
19,-6,21,28.948230
1,5,0,5.099020
-32,-6,-36,48.538644
1,14,15,20.542639
-17,-14,-25,33.316662
2,-9,1,9.273618
-21,-9,8,24.207437
-50,-12,16,53.851648
8,14,-14,21.354157
-29,-32,-3,43.289722
5,7,-4,9.486833
-1,-5,20,20.639767
-5,15,-12,19.849433
11,2,-13,17.146428
-20,9,-1,21.954498
-13,7,8,16.792856
9,25,2,26.645825
19,12,23,32.155870
9,25,-6,27.239677
-16,10,14,23.494680
-3,-2,-5,6.164414
6,-1,9,10.862780
20,-25,17,36.249138
13,34,-7,37.067506
-25,4,17,30.495901
9,9,32,34.438351
-32,14,-12,36.932371
1,8,-1,8.124038
-14,0,-12,18.439089
-24,7,21,32.649655
-17,-15,10,24.779023
-5,36,1,36.359318
-20,-13,49,54.497706
5,-9,-6,11.916375
3,-19,10,21.679483
-30,8,26,40.496913
24,-2,-14,27.856777
2,-6,-26,26.758176
-25,3,4,25.495098
28,-17,-31,45.099889
-18,6,-2,19.078784
-21,4,17,27.313001
1,30,-13,32.710854
4,-15,19,24.535688
-41,-4,5,41.496988
13,9,-10,18.708287
25,-26,-5,36.414283
-36,15,15,41.785165
-2,31,25,39.874804
-28,42,-12,51.884487
-26,-8,26,37.629775
36,-8,-40,54.405882
-3,-41,-2,41.158231
-4,-8,20,21.908902
-5,11,-16,20.049938
-10,23,13,28.248894
-12,-16,-2,20.099751
16,10,6,19.798990
-11,14,-5,18.493242
-11,-22,-27,36.523965
25,-12,3,27.892651
26,18,-18,36.386811
-1,-14,-5,14.899664
-2,20,32,37.788887
23,-1,6,23.790755
-5,-12,-33,35.468296
5,-14,17,22.583180
14,30,6,33.645208
-13,-17,8,22.847319
12,-4,-16,20.396078
-3,-11,2,11.575837
-6,4,20,21.260292
9,32,1,33.256578
-29,6,-11,31.591138
12,-15,-5,19.849433
6,12,-4,14.000000
-1,-4,-21,21.400935
-12,-21,-13,27.459060
7,6,-5,10.488088
-4,-6,-12,14.000000
9,4,-3,10.295630
-1,8,-1,8.124038
24,13,-19,33.256578
-42,-19,23,51.516987
-52,-19,-1,55.371473
49,8,-23,54.717456
3,21,-10,23.452079
-7,3,22,23.280893
-13,-12,-9,19.849433
-1,6,-15,16.186414
-8,-11,-19,23.366643
-5,-4,9,11.045361
-29,23,18,41.158231
21,-18,15,31.464265
0,-21,-17,27.018512
-2,-8,-14,16.248077
7,13,2,14.899664
-28,-29,-29,49.658836
-18,-11,-35,40.865633
30,-8,16,34.928498
-14,-11,5,18.493242
8,18,14,24.166092
16,-11,-5,20.049938
-18,1,43,46.626173
40,4,16,43.266615
24,-5,-3,24.698178
13,-12,-25,30.626786
-12,-19,-23,32.155870
3,2,25,25.258662
-8,7,27,29.017236
-32,-35,13,49.173163
12,-16,-2,20.099751
-9,-14,21,26.795522
-8,14,-26,30.594117
26,-38,-32,56.071383
17,-12,15,25.651511
24,40,12,48.166378
-4,4,-12,13.266499
-44,23,25,55.587768
-16,38,8,42.000000
-21,5,2,21.679483
27,-4,11,29.427878
-22,0,-2,22.090722
-31,19,-2,36.414283
2,-14,20,24.494897
-7,-4,49,49.658836
7,-39,12,41.400483
-12,4,10,16.124515
18,-2,14,22.891046
37,-12,-5,39.217343
-29,15,-10,34.146742
40,0,-6,40.447497
13,15,-26,32.710854
2,-5,5,7.348469
20,18,6,27.568098
-9,14,-19,25.258662
1,2,29,29.086079
12,8,6,15.620499
-11,18,-19,28.390139
10,-1,3,10.488088
32,-10,-2,33.585711
24,4,-16,29.120440
-27,-11,12,31.527766
23,15,-14,30.822070
-4,-17,11,20.639767
12,2,0,12.165525
-3,3,-28,28.319605
4,5,-41,41.496988
0,33,3,33.136083
-17,13,-20,29.291637
8,15,9,19.235384
-10,-6,16,19.798990
11,-34,5,36.083237
23,24,-23,40.422766
-39,10,-13,42.308392
-7,17,4,18.814888
-14,-8,16,22.715633
-1,-3,2,3.741657
23,7,4,24.372115
17,-19,54,59.715995
-4,-10,-14,17.663522
34,-3,-21,40.074930
12,-5,-13,18.384776
7,1,2,7.348469
29,2,3,29.223278
2,-9,-29,30.430248
-5,-40,-11,41.785165
-24,11,-9,27.892651
7,-3,12,14.212670
-2,1,-11,11.224972
-29,19,-4,34.899857
11,-1,18,21.118712
12,-13,7,19.026298
12,2,-2,12.328828
-8,8,-16,19.595918
16,-15,13,25.495098
43,-22,21,52.668776
-11,-27,16,33.256578
19,8,-43,47.686476
18,-19,-21,33.555923
0,-15,-1,15.033296
-26,3,-17,31.208973
18,28,14,36.110940
-14,4,-20,24.738634
39,8,1,39.824616
-26,-2,-4,26.381812
6,-14,-20,25.139610
-27,-50,13,58.292367
3,7,24,25.179357
-18,-10,2,20.688161
21,23,6,31.717503
22,-12,6,25.768197
-22,-6,28,36.110940
-23,-8,3,24.535688
32,1,-21,38.288379
12,-16,48,52.000000
-7,4,-9,12.083046
15,2,7,16.673332
14,34,-16,40.099875
28,-11,-17,34.554305
-22,41,33,57.043843
5,9,-4,11.045361
-35,-28,-29,53.385391
10,-21,-25,34.146742
6,-26,6,27.349589
-19,11,-8,23.366643
5,2,17,17.832555
17,-5,48,51.166395
19,-10,1,21.494185
-10,-6,4,12.328828
-3,-7,16,17.720045
-36,-21,-13,43.657760
8,-24,-10,27.202941
9,-20,-1,21.954498
1,-21,-4,21.400935
19,13,16,28.035692
-15,14,-15,25.416530
0,-18,-16,24.083189
-28,25,1,37.549967
-6,16,-44,47.201695
13,-23,16,30.886890
24,-5,25,35.014283
7,-17,6,19.339080
-41,-24,-17,50.457903
-4,-39,-29,48.764741
1,39,0,39.012818
-2,-2,32,32.124757
-5,-1,-2,5.477226
-4,20,-4,20.784610
4,35,1,35.242020
-7,-25,2,26.038433
9,-17,0,19.235384
0,-5,-11,12.083046
-25,-14,17,33.316662
25,3,-4,25.495098
13,14,3,19.339080
2,-13,1,13.190906
28,9,7,30.232433
15,21,12,28.460499
-38,-10,22,45.033321
-6,20,18,27.568098
-31,-11,-10,34.380227
27,-31,-12,42.825226
-19,-3,0,19.235384
-3,-4,37,37.336309
34,-11,-7,36.414283
-21,14,3,25.416530
-34,24,-6,42.047592
0,3,31,31.144823
14,15,-23,30.822070
-20,16,24,35.099858
-4,-4,-12,13.266499
15,-2,-9,17.606817
-6,-14,6,16.370706
-29,-36,-19,49.979996
-25,-11,-56,62.305698
-3,-25,-10,27.092434
-21,-12,5,24.698178
-17,5,-2,17.832555
9,6,-1,10.862780
11,-4,3,12.083046
-11,2,27,29.223278
-27,-7,16,32.155870
-36,-7,-17,40.422766
-36,-2,-24,43.312816
-10,2,-22,24.248711
6,-38,20,43.358967
-7,19,40,44.833024
15,15,-16,26.570661
-12,-25,-17,32.526912
-13,-11,14,22.045408
-3,14,3,14.628739
17,17,8,25.337719
6,-8,-14,17.204651
31,-21,-4,37.656341
4,-9,-23,25.019992
-2,4,-40,40.249224
-4,-12,4,13.266499
52,3,5,52.325902
3,-47,30,55.839054
18,-34,-6,38.935845
-17,10,27,33.436507
-8,-1,-23,24.372115
-11,13,-4,17.492856
-16,-11,-11,22.315914
10,25,29,39.572718
-35,0,17,38.910153
5,50,-1,50.259327
10,14,10,19.899749
1,33,-10,34.496377
4,5,-19,20.049938
9,-27,32,42.825226
16,0,6,17.088007
19,-13,-26,34.727511
2,-10,-16,18.973666
21,12,-7,25.179357
-1,-22,19,29.086079
0,11,-9,14.212670
19,36,27,48.846699
7,-20,-13,24.859606
25,-13,-18,33.436507
-5,-29,8,30.495901
19,14,-13,26.944387
8,-20,18,28.071338
-13,27,36,46.840154
5,-7,-18,19.949937
1,24,-31,39.217343
18,-1,9,20.149442
21,-8,5,23.021729
-7,25,40,47.686476
4,-12,-8,14.966630
6,-14,14,20.688161
9,12,1,15.033296
-3,-5,-20,20.832667
-14,-26,36,46.561787
2,-9,-31,32.341923
-11,5,-22,25.099801
-3,0,5,5.830952
7,4,5,9.486833
-6,-12,-22,25.768197
4,-5,-27,27.748874
3,-13,24,27.459060
-23,-5,2,23.622024
22,12,-12,27.784888
-23,6,7,24.779023
-5,20,13,24.372115
-13,-12,-11,20.832667
-25,-11,-6,27.964263
-18,20,-12,29.461840
-7,8,-3,11.045361
-10,5,-15,18.708287
-31,14,-3,34.146742
39,-13,-48,63.198101
4,2,-8,9.165151
6,21,1,21.863211
-25,17,22,37.389838
-1,30,-1,30.033315
13,27,28,41.012193
-22,-30,4,37.416574
4,4,-26,26.608269
18,-1,-23,29.223278
-9,-57,-32,65.984847
8,8,16,19.595918
13,45,-8,47.518417
-4,-24,12,27.129320
11,-13,24,29.427878
23,15,10,29.223278
40,-7,19,44.833024
10,7,27,29.631065
14,-23,19,32.954514
-13,-36,-19,42.731721
5,-15,-10,18.708287
17,8,-15,24.041631
19,10,-1,21.494185
-2,-3,-19,19.339080
-11,11,-4,16.062378
14,2,36,38.678159
12,-24,24,36.000000
-18,9,-9,22.045408
-1,-28,9,29.427878
-5,9,-4,11.045361
18,-2,-2,18.220867
16,-11,23,30.099834
22,-24,-4,32.802439
18,7,37,41.737274
25,33,-14,43.703547
4,20,-14,24.738634
15,-18,-13,26.795522
58,-27,-3,64.046858
-32,29,-3,43.289722
-14,-20,6,25.139610
-8,-12,6,15.620499
6,-11,-13,18.055470
-13,15,10,22.226111
16,-7,31,35.580894
3,-3,34,34.263683
-4,12,8,14.966630
-12,12,-6,18.000000
0,-6,16,17.088007
-29,-26,-5,39.268308
-2,-1,5,5.477226
27,6,-1,27.676705
5,3,-10,11.575837
-26,-11,29,40.472213
23,-28,13,38.496753
-30,-12,16,36.055513
19,4,1,19.442222
17,2,1,17.146428
-8,-16,2,18.000000
-13,-28,-7,31.654384
20,45,-9,50.059964
-10,-13,7,17.832555
24,-15,-7,29.154759
10,5,9,14.352700
20,3,-39,43.931765
-2,-22,12,25.139610
-15,12,31,36.469165
27,14,-11,32.341923
-9,13,-2,15.937377
-11,-30,-5,32.341923
-30,-13,5,33.075671
1,-13,10,16.431677
-18,-15,-5,23.958297
-1,10,-21,23.280893
0,23,-21,31.144823
27,8,29,40.422766
25,-45,40,65.192024
1,-30,-13,32.710854
15,10,9,20.149442
17,21,8,28.178006
-13,-8,27,31.016125
-19,-8,-15,25.495098
-8,-18,-6,20.591260
1,-9,-8,12.083046
39,10,-9,41.255303
-5,-41,-20,45.891176
-2,0,36,36.055513
-19,26,-43,53.721504
-31,9,2,32.341923
-3,4,13,13.928388
2,-5,-31,31.464265
-15,-11,12,22.135944
20,1,-9,21.954498
12,24,-10,28.635642
-24,-22,-18,37.202150
-16,-6,14,22.090722
5,24,-1,24.535688
18,1,13,22.226111
-11,-25,4,27.604347
-2,-6,14,15.362291
13,8,21,25.961510
-29,8,13,32.771939
31,-7,-6,32.341923
16,-18,6,24.819347
23,11,-6,26.191602
-12,-8,-16,21.540659
7,9,6,12.884099
21,10,5,23.790755
-35,-24,-5,42.731721
5,-6,-31,31.968735
-6,22,-14,26.758176
-2,14,28,31.368774
-2,-34,-4,34.292856
-4,1,25,25.337719
2,4,-12,12.806248
-21,10,-1,23.280893
-10,35,-17,40.174619
-23,5,-26,35.071356
22,7,3,23.280893
-17,-8,-9,20.832667
13,31,2,33.674916
-15,3,6,16.431677
-11,2,-3,11.575837
-14,-3,-11,18.055470
-19,-3,-14,23.790755
-1,17,-2,17.146428
-13,-33,-12,37.443290
-16,4,20,25.922963
-6,-30,-18,35.496479
34,6,-6,35.042831
-4,1,9,9.899495
12,3,7,14.212670
-1,-4,-11,11.747340
34,0,20,39.446166
8,1,23,24.372115
22,5,-7,23.622024
-4,-3,17,17.720045
-8,-1,-3,8.602325
-20,-25,11,33.852622
-3,-22,-7,23.280893
11,-1,-4,11.747340
10,16,6,19.798990
-36,11,1,37.656341
15,-16,13,25.495098
-10,8,20,23.748684
29,6,19,35.185224
-12,-33,-7,35.805028
-3,23,36,42.825226
-16,-18,24,34.000000
-5,31,30,43.428102
-6,-22,10,24.899799
-3,12,9,15.297059
6,26,32,41.665333
25,15,26,39.064050
25,24,17,38.600518
-5,-28,-3,28.600699
30,-44,-26,59.262130
-18,-2,-32,36.769553
1,-12,-3,12.409674
-49,5,10,50.259327
0,-19,-1,19.026298
-29,14,-11,34.029399
19,16,3,25.019992
7,-3,-22,23.280893
32,19,1,37.229021
25,-17,26,39.874804
17,1,30,34.496377
11,6,23,26.191602
-15,21,-52,58.051701
-7,5,-28,29.291637
23,-1,-24,33.256578
2,8,-12,14.560220
9,3,-4,10.295630
2,9,11,14.352700
12,-2,34,36.110940
-4,21,-7,22.494444
-2,-19,-13,23.108440
15,8,-1,17.029386
-16,7,-9,19.646883
-20,7,31,37.549967
-12,4,-12,17.435596
33,15,36,51.088159
14,-8,-8,18.000000
-7,14,23,27.820855
-14,-8,10,18.973666
2,-10,14,17.320508
38,-4,-10,39.496835
-13,-9,-6,16.911535
-8,15,-5,17.720045
3,-19,18,26.343880
-25,-1,-16,29.698485
24,-4,-4,24.657656
11,-3,-2,11.575837
-5,0,-9,10.295630
-21,-10,-9,24.939928
16,24,24,37.523326
-23,-4,1,23.366643
-15,24,-9,29.698485
-12,-14,12,22.000000
-20,-22,10,31.368774
3,11,-22,24.779023
-16,11,-17,25.806976
32,-24,-20,44.721360
42,-2,20,46.561787
1,-18,41,44.788391
-22,-2,34,40.546270
17,14,-9,23.790755
16,1,-3,16.309506
-10,39,9,41.255303
-23,22,3,31.968735
7,16,-7,18.814888
5,20,53,56.868269
-7,-32,3,32.893768
-29,-10,-9,31.968735
-25,3,-4,25.495098
0,6,-18,18.973666
28,-18,-10,34.756294
22,-15,25,36.523965
-7,-21,2,22.226111
-10,10,-6,15.362291
15,23,-10,29.223278
-14,-2,-20,24.494897
36,-4,14,38.832976
-37,20,-9,43.011626
-10,-25,25,36.742346
6,-21,-21,30.298515
5,-16,-27,31.780497
4,-6,4,8.246211
-29,-3,0,29.154759
-26,-10,26,38.105118
12,5,15,19.849433
-34,-3,-19,39.064050
-17,4,-9,19.646883
-17,-24,-49,57.148928
11,6,11,16.673332
8,21,-5,23.021729
-5,11,-14,18.493242
26,-17,-23,38.652296
33,-12,11,36.796739
-3,0,13,13.341664
-17,18,21,32.465366
-7,24,9,26.570661
-46,0,32,56.035703
-10,0,34,35.440090
3,36,-23,42.825226
33,-9,2,34.263683
-1,-4,3,5.099020
3,-16,5,17.029386
-12,2,4,12.806248
-28,-24,14,39.446166
9,-26,21,34.612137
12,-45,17,49.578221
-27,27,-42,56.762664
8,4,28,29.393877
4,33,35,48.270074
20,32,-8,38.574603
-11,-25,-24,36.359318
20,-4,12,23.664319
29,8,1,30.099834
20,8,10,23.748684
16,19,-25,35.242020
19,10,19,28.670542
-8,0,-6,10.000000
-16,-7,5,18.165902
-8,7,-3,11.045361
7,11,-8,15.297059
73,-13,-26,78.574805
-6,-18,-32,37.202150
-7,-1,6,9.273618
-8,4,-14,16.613248
4,-8,-24,25.612497
0,-26,18,31.622777
6,-1,1,6.164414
-12,-12,8,18.761663
-23,-36,13,44.654227
9,-23,-22,33.075671
6,8,-10,14.142136
-10,-7,-21,24.289916
-17,-5,-14,22.583180
2,24,-34,41.665333
-17,-8,17,25.337719
16,3,-9,18.601075
-7,-26,7,27.820855
8,-25,-15,30.232433
18,2,-10,20.688161
-10,-13,-11,19.748418
-4,-12,4,13.266499
-7,-18,23,30.033315
-15,-8,-3,17.262677
17,-18,3,24.939928
3,33,2,33.196385
13,-14,9,21.118712
-32,-21,25,45.716518
10,31,19,37.709415
24,26,14,38.052595
-12,16,4,20.396078
-7,-13,0,14.764823
5,16,-9,19.026298
-11,13,30,34.496377
10,-20,38,44.090815
-28,-41,-21,53.907328
4,-29,-27,39.824616
31,-27,-4,41.303753
19,-24,21,37.121422
-11,-24,-49,55.659680
-29,-6,17,34.146742
-3,4,23,23.537205
7,-11,-32,34.554305
-17,-19,-8,26.720778
2,0,-2,2.828427
33,-15,8,37.121422
-36,-3,11,37.762415
31,-24,35,52.554733
10,23,-1,25.099801
-34,-25,-15,44.788391
-30,-10,20,37.416574
-4,-10,0,10.770330
-10,14,-4,17.663522
-12,-3,13,17.944358
-2,2,24,24.166092
13,23,-20,33.136083
-5,5,-8,10.677078
-9,-27,8,29.563491
-3,6,13,14.628739
-13,5,-12,18.384776
8,7,17,20.049938
10,24,-8,27.202941
5,-28,-7,29.291637
21,1,20,29.017236
-19,-9,14,25.258662
17,6,1,18.055470
8,5,7,11.747340
6,1,-23,23.790755
2,-15,11,18.708287
35,11,-10,38.026307
14,19,21,31.591138
-22,-24,4,32.802439
-19,-10,-15,26.191602
-9,8,7,13.928388
-12,21,-15,28.460499
-22,18,-4,28.705400
18,-14,2,22.891046
5,-5,-2,7.348469
-12,26,-10,30.331502
-2,-8,-18,19.798990
19,10,15,26.191602
18,15,33,40.472213
10,-3,5,11.575837
8,-36,-2,36.932371
-35,20,15,43.011626
4,16,-24,29.120440
3,34,11,35.860842
19,5,2,19.748418
17,17,-8,25.337719
-10,-31,15,35.860842
-3,-10,-21,23.452079
4,-8,22,23.748684
3,-9,32,33.376639
50,-4,-6,50.517324
-1,-18,-9,20.149442
-32,2,22,38.884444
-11,-10,-19,24.124676
-18,6,2,19.078784
-19,-2,3,19.339080
-41,-8,-45,61.400326
30,2,8,31.112698
-24,35,-21,47.349762
6,25,21,33.196385
-5,10,-9,14.352700
-8,-24,0,25.298221
3,26,9,27.676705
-42,10,12,44.810713
-8,1,-3,8.602325
-5,36,25,44.113490
19,22,-1,29.086079
41,-23,-14,49.050994
-25,9,6,27.239677
4,7,-17,18.814888
10,8,-4,13.416408
7,26,-5,27.386128
7,-6,-7,11.575837
33,-4,23,40.422766
-4,-19,-9,21.400935
-27,18,7,33.196385
20,-17,-7,27.166155
18,4,-12,22.000000
16,41,11,45.365185
-22,15,-29,39.370039
-7,8,7,12.727922
-24,9,9,27.166155
-5,-18,-29,34.496377
28,-12,-6,31.048349
18,1,-23,29.223278
-1,-23,-18,29.223278
-28,4,-6,28.913665
-17,7,24,30.232433
30,-3,-31,43.243497
10,17,19,27.386128
-5,-1,36,36.359318
-22,12,4,25.377155
-23,40,-25,52.478567
-29,14,21,38.444766
-10,-11,-7,16.431677
-14,-19,9,25.258662
-2,-5,1,5.477226
-4,34,-12,36.276714
8,25,21,33.615473
18,9,-11,22.934690
6,6,-32,33.105891
1,-9,2,9.273618
-6,6,-20,21.725561
31,19,4,36.578682
-4,-5,-1,6.480741
-47,0,5,47.265209
-8,34,24,42.379240
-10,26,22,35.496479
31,12,1,33.256578
-11,4,-3,12.083046
-2,4,8,9.165151
-19,32,1,37.229021
15,-4,23,27.748874
2,-19,-1,19.131126
-47,5,-6,47.644517
-11,20,-31,38.496753
34,20,-2,39.496835
13,4,-15,20.248457
20,-35,15,43.011626
-3,20,-1,20.248457
18,-17,11,27.092434
17,-15,-30,37.603191
-9,-35,24,43.382024
-28,-17,1,32.771939
-12,8,-4,14.966630
-31,27,-30,50.892043
-40,15,-5,43.011626
-5,6,-23,24.289916
19,4,-23,30.099834
22,9,7,24.779023
-42,24,20,52.345009
-5,-14,7,16.431677
2,-16,-8,18.000000
-8,40,14,43.127717
33,33,6,47.053161
10,-4,18,20.976177
-1,0,-15,15.033296
-6,-11,7,14.352700
-7,-2,-13,14.899664
-13,-11,2,17.146428
-29,-1,12,31.400637
-6,12,4,14.000000
4,-7,-3,8.602325
16,2,-16,22.715633
-7,7,8,12.727922
11,13,-26,31.080541
-3,32,3,32.280025
-3,4,-11,12.083046
-11,-4,-41,42.638011
5,6,1,7.874008
5,3,8,9.899495
15,-26,7,30.822070
-19,-10,-23,31.464265
13,12,-13,21.954498
-20,15,5,25.495098
-2,7,-3,7.874008
-10,7,3,12.569805
26,-11,-9,29.631065
37,-5,-34,50.497525
11,-6,17,21.118712
-9,6,25,27.239677
25,0,-21,32.649655
17,3,6,18.275667
2,26,-20,32.863353
10,-4,26,28.142495
54,-18,-12,58.172158
5,22,-15,27.092434
-9,-1,-4,9.899495
19,-9,2,21.118712
11,-9,36,38.704005
-1,23,-22,31.843367
-14,-16,-8,22.715633
-7,3,16,17.720045
7,36,-5,37.013511
-11,-34,-1,35.749126
-3,28,1,28.178006
-5,3,-4,7.071068
-9,0,19,21.023796
18,-31,-1,35.860842
28,7,-7,29.698485
-20,-26,-20,38.418745
-24,5,9,26.115130
26,35,-29,52.364110
13,-4,-19,23.366643
-1,-20,-5,20.639767
-13,-4,-25,28.460499
-3,0,9,9.486833
20,-24,-14,34.234486
3,15,-4,15.811388
-17,15,-2,22.759613
6,-4,-10,12.328828
17,14,13,25.573424
23,2,3,23.280893
14,2,48,50.039984
-7,-18,1,19.339080
-41,-6,-15,44.068129
1,40,-15,42.731721
1,-32,9,33.256578
28,4,-4,28.565714
26,-14,24,38.052595
-5,-26,19,32.588341
10,7,5,13.190906
-21,3,10,23.452079
-5,21,-18,28.106939
0,-8,-8,11.313708
-30,27,-35,53.422842
-3,-2,-3,4.690416
-9,-2,13,15.937377
32,2,-16,35.832946
-19,-8,-19,28.035692
-4,-21,11,24.041631
5,26,15,30.430248
43,27,-8,51.400389
16,35,17,42.071368
3,-9,14,16.911535
1,-28,-7,28.879058
-18,0,-6,18.973666
3,3,10,10.862780
-16,-11,-35,40.024992
-2,7,21,22.226111
-39,14,-3,41.545156
-12,-10,18,23.832751
11,1,-20,22.847319
24,0,4,24.331050
-7,-2,-5,8.831761
-27,-11,-12,31.527766
34,-9,-43,55.551778
8,-26,-10,28.982753
14,-1,3,14.352700
53,11,-18,57.043843
14,15,-3,20.736441
-11,11,-18,23.790755
-6,-20,28,34.928498
29,-13,12,33.970576
-1,-28,41,49.658836
7,2,21,22.226111
-34,-3,-9,35.298725
-5,-20,3,20.832667
45,-46,19,67.096945
-34,-13,35,50.497525
-16,45,19,51.400389
-3,-36,-11,37.762415
-30,7,5,31.208973
-20,26,-12,34.928498
-6,12,8,15.620499
-1,-4,-17,17.492856
-4,-33,3,33.376639
26,-2,24,35.440090
-3,8,-1,8.602325
-6,48,-22,53.141321
15,-3,14,20.736441
-6,0,-16,17.088007
-13,16,-13,24.372115
-24,11,-11,28.600699
3,13,-10,16.673332
17,-5,-36,40.124805
52,-18,-8,55.605755
2,4,32,32.310989
0,20,0,20.000000
30,-16,8,34.928498
-8,-26,-38,46.733286
-15,21,12,28.460499
-28,-12,4,30.724583
-39,24,7,46.324939
-26,12,2,28.705400
-20,-13,19,30.495901
6,-19,7,21.118712
11,4,-15,19.026298
-12,8,14,20.099751
10,10,-6,15.362291
-16,4,6,17.549929
-2,14,-14,19.899749
-12,13,33,37.443290
-17,8,-9,20.832667
16,-6,22,27.856777
-15,0,9,17.492856
-15,-27,14,33.911650
26,8,6,27.856777
11,46,-1,47.307505
-23,-22,11,33.674916
-7,-18,-1,19.339080
-34,23,9,42.023803
-15,41,4,43.840620
-36,-9,-7,37.762415
3,8,-17,19.026298
-10,17,-15,24.779023
-8,4,-8,12.000000
-11,23,6,26.191602
16,23,7,28.879058
5,-10,-9,14.352700
-5,-8,-23,24.859606
13,3,22,25.729361
-9,30,-7,32.093613
19,24,3,30.757113
-14,-7,-9,18.055470
-15,18,5,23.958297
-38,-13,33,51.980766
-26,55,-1,60.844063
-16,1,5,16.792856
17,-27,-8,32.893768
-24,41,17,50.457903
0,10,-30,31.622777
-19,-15,-8,25.495098
-23,-8,-13,27.604347
-8,6,-14,17.204651
-24,-27,7,36.796739
13,-13,24,30.232433
18,-12,2,21.725561
33,4,-9,34.438351
-3,20,51,54.863467
7,-10,7,14.071247
22,-27,-1,34.842503
-26,-31,-1,40.472213
-8,2,12,14.560220
-7,3,20,21.400935
4,-10,10,14.696938
42,-31,11,53.347915
-13,-5,-6,15.165751
9,-29,-8,31.400637
9,-15,-30,34.727511
-24,23,-31,45.453273
-16,-19,-23,33.852622
-21,-23,2,31.208973
-7,-3,8,11.045361
11,-6,31,33.436507
20,-2,0,20.099751
47,8,-1,47.686476
-16,23,-23,36.249138
22,11,5,25.099801
1,-4,-11,11.747340
-13,-37,4,39.420807
-1,27,-14,30.430248
3,-19,20,27.748874
-5,-7,4,9.486833
-17,-26,5,31.464265
-19,-9,8,22.494444
-3,-18,7,19.544820
-3,10,-1,10.488088
2,14,-20,24.494897
47,-35,-6,58.906706
11,6,-15,19.544820
-6,18,0,18.973666
0,27,13,29.966648
-9,-2,9,12.884099
28,6,24,37.363083
33,-18,15,40.472213
-2,18,-14,22.891046
13,0,-3,13.341664
6,-19,45,49.213819
18,10,2,20.688161
0,-20,-12,23.323808
20,-1,11,22.847319
2,-18,10,20.688161
5,15,-4,16.309506
2,-3,7,7.874008
1,-9,-18,20.149442
-7,-4,-15,17.029386
-14,13,-7,20.346990
-2,-4,26,26.381812
19,-8,-3,20.832667
-16,-12,-14,24.413111
7,45,-22,50.576674
-19,-14,5,24.124676
-20,19,-33,43.011626
2,28,-18,33.346664
0,-14,8,16.124515
-11,-56,-1,57.078893
-18,44,-12,49.030603
-7,-1,-18,19.339080
7,10,3,12.569805
-13,9,-42,44.877611
-38,-4,16,41.424630
3,31,0,31.144823
-10,-5,11,15.684387
21,18,-29,40.074930
21,15,4,26.115130
-3,14,-3,14.628739
-4,15,-13,20.248457
-4,24,6,25.059928
-26,33,3,42.118879
12,-7,31,33.970576
-12,28,-16,34.409301
-17,4,9,19.646883
4,-4,2,6.000000
17,26,-9,32.341923
16,-4,28,32.496154
-9,10,-11,17.378147
0,12,-20,23.323808
-7,-9,12,16.552945
16,-32,14,38.418745
13,-14,3,19.339080
-18,-36,14,42.614552
-18,23,-5,29.631065
-3,15,-8,17.262677
2,-10,-40,41.279535
-25,-29,28,47.434165
19,1,2,19.131126
20,40,-16,47.497368
-19,-7,-16,25.806976
-7,-6,-7,11.575837
19,3,30,35.637059
-7,-21,24,32.649655
1,-11,4,11.747340
-7,-5,4,9.486833
-11,3,-8,13.928388
3,2,-7,7.874008
-35,-6,5,35.860842
29,-17,-4,33.852622
8,16,10,20.493902
4,4,-8,9.797959
-4,-3,-3,5.830952
18,-14,32,39.293765
11,2,35,36.742346
29,-27,-8,40.422766
-2,-33,-59,67.631354
14,-9,15,22.405357
-6,41,1,41.448764
-16,-20,-6,26.305893
9,-11,0,14.212670
36,-4,-12,38.157568
20,17,33,42.166337
-12,8,-22,26.305893
-18,2,-16,24.166092
30,-17,1,34.496377
-24,-6,-12,27.495454
-4,15,-11,19.026298
5,-27,-8,28.600699
-3,22,-25,33.436507
-19,26,-7,32.954514
-16,-3,3,16.552945
-16,16,-6,23.409400
26,-33,19,46.108568
21,-27,-12,36.249138
8,-13,11,18.814888
-26,7,-23,35.411862
8,13,-15,21.400935
7,-12,15,20.445048
22,11,3,24.779023
-2,3,19,19.339080
-31,9,0,32.280025
-19,-32,7,37.868192
-11,-5,-2,12.247449
-15,-7,14,21.679483
13,-5,18,22.759613
-4,2,-42,42.237424
22,35,-15,43.977267
15,-5,-30,33.911650
-16,4,6,17.549929
-17,9,-2,19.339080
29,2,7,29.899833
1,-29,-10,30.692019
-25,-19,30,43.428102
2,31,-33,45.321077
7,-14,-31,34.727511
15,10,-3,18.275667
-16,-13,-5,21.213203
-9,5,4,11.045361
-12,-15,-9,21.213203
-21,-12,-17,29.563491
36,-7,-21,42.261093
-11,24,-5,26.870058
-15,12,25,31.527766
9,6,5,11.916375
-2,-6,-12,13.564660
1,-9,-22,23.790755
9,-20,19,29.017236
9,-26,15,31.336879
14,21,23,34.146742
-3,1,6,6.782330
-1,-19,-10,21.494185
15,-6,-11,19.544820
-32,-2,-10,33.585711
-15,-30,13,35.972211
-8,18,8,21.260292
-23,-19,26,39.572718
-15,-22,31,40.865633
3,3,10,10.862780
-10,-8,-8,15.099669
-10,32,-8,34.467376
-2,-6,-26,26.758176
-30,-1,-13,32.710854
6,-4,4,8.246211
2,21,-21,29.765752
-17,-3,8,19.026298
-25,18,-9,32.093613
42,33,-25,58.974571
16,-7,3,17.720045
-44,-14,8,46.861498
-7,16,-25,30.495901
0,-2,0,2.000000
-3,26,-11,28.390139
20,-19,11,29.698485
-6,-19,11,22.759613
-25,6,-11,27.964263
2,-25,1,25.099801
-37,-23,-6,43.977267
-31,15,0,34.438351
-16,4,12,20.396078
-52,35,-1,62.689712
2,39,19,43.428102
-1,-21,-40,45.188494
-14,-8,10,18.973666
13,-8,-13,20.049938
12,16,-20,28.284271
-4,5,-11,12.727922
-8,44,-8,45.431267
-27,1,-18,32.465366
14,8,14,21.354157
3,-7,10,12.569805
-14,19,3,23.790755
-2,2,16,16.248077
3,-3,-16,16.552945
14,-27,5,30.822070
-2,17,-1,17.146428
31,-7,2,31.843367
-8,-52,-40,66.090847
-6,-9,-13,16.911535
2,-21,19,28.390139
-21,20,-3,29.154759
-22,18,-8,29.529646
7,13,-42,44.519659
9,15,-4,17.944358
25,15,-40,49.497475
-23,-2,-7,24.124676
-11,-15,4,19.026298
-32,-12,4,34.409301
-11,0,13,17.029386
11,0,-11,15.556349
-7,-32,1,32.771939
-33,12,21,40.914545
3,6,11,12.884099
15,16,-11,24.535688
17,24,29,41.303753
2,17,15,22.759613
-4,-4,8,9.797959
-11,-14,-55,57.810034
-2,29,47,55.263008
-15,-23,2,27.531800
-25,-3,-6,25.884358
15,1,26,30.033315
19,-11,-2,22.045408
1,-12,33,35.128336
4,12,-2,12.806248
12,-7,35,37.656341
0,16,6,17.088007
-12,23,45,51.942276
16,40,-28,51.380930
19,-12,13,25.961510
20,-13,1,23.874673
-3,31,-14,34.146742
34,10,18,39.749214
-2,-4,-24,24.413111
-34,-2,-6,34.583233
-30,2,4,30.331502
43,-27,-20,54.571055
-2,22,20,29.799329
-1,-16,1,16.062378
11,-20,-11,25.337719
3,4,33,33.376639
-9,-2,31,32.341923
-4,-33,-7,33.970576
-25,14,-3,28.809721
-17,-6,53,55.982140
-13,9,4,16.309506
52,14,-12,55.172457
32,-27,-3,41.976184
26,5,3,26.645825
-2,3,-1,3.741657
7,-7,-6,11.575837
-7,-10,7,14.071247
-24,16,-16,32.984845
4,17,5,18.165902
-6,19,25,31.968735
-25,4,1,25.337719
27,-14,-25,39.370039
-22,9,1,23.790755
-6,-13,33,35.972211
14,-8,-10,18.973666
-20,-12,10,25.377155
-15,14,-9,22.405357
23,-23,-40,51.555795
3,30,-5,30.561414
-7,-31,4,32.031235
25,3,0,25.179357
24,-17,-5,29.832868
-4,22,-22,31.368774
-54,16,-12,57.584720
40,36,16,56.142675
6,20,16,26.305893
-1,-12,-13,17.720045
0,-10,-46,47.074409
15,-19,0,24.207437
-27,-17,8,32.893768
-21,-7,-4,22.494444
-35,-10,-5,36.742346
-6,-1,-3,6.782330
-15,-4,3,15.811388
-19,-4,17,25.806976
-47,-11,-18,51.516987
13,-16,-11,23.366643
14,-26,2,29.597297
-12,15,-15,24.372115
14,14,18,26.758176
26,14,-12,31.874755
-10,33,-3,34.612137
13,36,3,38.392708
-9,28,31,42.731721
9,27,16,32.649655
16,30,-16,37.576588
11,12,1,16.309506
-20,-10,-22,31.368774
4,20,-10,22.715633
10,-1,31,32.588341
18,26,-2,31.685959
-24,12,6,27.495454
-1,-24,3,24.207437
28,11,39,49.254441
15,-3,-8,17.262677
28,-13,-19,36.249138
-6,1,-5,7.874008
-32,-25,-5,40.914545
3,-7,-8,11.045361
20,-3,17,26.419690
-23,0,17,28.600699
13,-15,-10,22.226111
-38,-6,-10,39.749214
1,1,4,4.242641
25,13,12,30.626786
-5,11,-10,15.684387
-22,-16,-4,27.495454
39,15,-8,42.544095
11,11,32,35.580894
16,-27,13,33.970576
-42,-43,49,77.549984
-7,-7,-22,24.124676
-3,7,0,7.615773
-5,7,-2,8.831761
-18,15,19,30.166206
14,15,13,24.289916
2,-11,-13,17.146428
-7,3,32,32.893768
16,7,3,17.720045
-5,16,1,16.792856
-12,26,24,37.363083
-16,-2,-10,18.973666
26,-15,21,36.633318
4,-1,3,5.099020
9,2,-11,14.352700
-48,3,-7,48.600412
-38,-31,19,52.592775
-5,12,5,13.928388
-20,-37,17,45.365185
17,20,-3,26.419690
-10,8,4,13.416408
9,2,-35,36.193922
-23,-4,9,25.019992
-11,-9,18,22.934690
-19,30,-9,36.633318
21,-13,18,30.561414
-26,31,-3,40.570926
-18,-7,-13,23.280893
26,-1,13,29.086079
27,3,-20,33.734256
-11,-30,41,51.980766
9,-23,-34,42.023803
-22,5,-27,35.185224
-4,-20,-2,20.493902
22,8,-42,48.083261
10,-6,2,11.832160
5,44,15,46.754679
31,19,-32,48.435524
-2,7,13,14.899664
4,10,-48,49.193496
-8,-14,-8,18.000000
7,4,23,24.372115
13,5,8,16.062378
2,0,-18,18.110770
-3,-7,-4,8.602325
25,14,-25,38.026307
-18,8,24,31.048349
-6,-4,-6,9.380832
6,32,-10,34.058773
8,8,-8,13.856406
9,-17,12,22.671568
5,-24,23,33.615473
23,-12,7,26.870058
26,2,-10,27.928480
32,-12,4,34.409301
22,13,11,27.820855
-8,2,-2,8.485281
0,25,-45,51.478151
-19,-6,21,28.948230
18,-18,-14,29.051678
-1,13,34,36.414283
10,11,-1,14.899664
-4,6,-12,14.000000
2,-12,-36,38.000000
16,18,-12,26.907248
-6,8,-24,26.000000
-26,-23,-27,43.977267
-15,20,23,33.970576
-35,-19,-6,40.274061
31,8,-9,33.256578
-19,-22,-13,31.843367
-12,0,-10,15.620499
-13,20,31,39.115214
10,-2,-26,27.928480
-31,17,-20,40.620192
9,6,-25,27.239677
24,-15,3,28.460499
-1,18,-11,21.118712
-1,0,-23,23.021729
19,2,13,23.108440
-10,11,15,21.118712
-16,3,5,17.029386
18,2,-18,25.534291
-11,6,9,15.427249
2,-33,-1,33.075671
-14,25,-23,36.742346
6,10,-6,13.114877
12,20,8,24.657656
28,1,-35,44.833024
-21,-3,24,32.031235
9,22,19,30.430248
10,10,4,14.696938
-9,-22,-9,25.416530
10,0,2,10.198039
-33,-19,-14,40.570926
24,6,10,26.683328
18,-12,-34,40.298883
1,13,-2,13.190906
-1,-7,-8,10.677078
-2,-47,11,48.311489
20,3,5,20.832667
1,-20,-15,25.019992
39,-32,-15,52.630789
-15,-1,-32,35.355339
-8,-12,-22,26.305893
4,-11,13,17.492856
-14,2,-12,18.547237
-10,15,13,22.226111
4,10,0,10.770330
5,5,-8,10.677078
47,-33,14,59.110067
-8,-20,8,22.978251
-15,1,10,18.055470
15,34,-3,37.282704
-12,13,-5,18.384776
-17,-20,-7,27.166155
12,15,7,20.445048
21,-10,-11,25.729361
-9,1,-2,9.273618
22,-29,1,36.414283
14,-24,12,30.265492
-7,1,6,9.273618
-22,34,-12,42.237424
6,-5,1,7.874008
-45,13,2,46.882833
15,30,-9,34.727511
11,-3,-32,33.970576
-36,21,-15,44.294469
-7,8,-45,46.238512
6,-6,-10,13.114877
7,-14,-7,17.146428
11,31,-22,39.572718
-21,5,-2,21.679483
-5,12,5,13.928388
-3,-10,9,13.784049
29,21,4,36.027767
8,24,-50,56.035703
42,7,5,42.871902
34,34,-14,50.079936
21,10,9,24.939928
-2,3,-1,3.741657
18,15,11,25.884358
-26,0,8,27.202941
-19,-16,-7,25.806976
-26,-3,37,45.321077
17,16,3,23.537205
19,-33,-18,42.118879
-11,-29,20,36.905284
8,-6,-24,26.000000
-9,41,-14,44.249294
27,-25,12,38.704005
-4,21,3,21.587033
-12,-29,-17,35.693137
3,-2,17,17.378147
16,22,24,36.276714
2,3,-1,3.741657
-1,13,-4,13.638182
-32,-4,-20,37.947332
-6,-2,6,8.717798
19,5,-2,19.748418
-18,-24,-6,30.594117
22,-4,16,27.495454
6,6,-16,18.110770
4,1,-1,4.242641
6,-13,-25,28.809721
-27,9,-16,32.649655
-4,14,-4,15.099669
-43,17,10,47.307505
-14,-9,-17,23.790755
8,-19,9,22.494444
-1,-3,-6,6.782330
-4,8,16,18.330303
-28,-1,-5,28.460499
-8,18,-10,22.090722
-3,-3,4,5.830952
-32,-2,6,32.619013
9,22,7,24.779023
-17,-2,-41,44.429720
32,2,2,32.124757
-11,14,-19,26.038433
15,-26,-11,31.968735
-31,-13,8,34.554305
5,11,4,12.727922
7,24,-5,25.495098
-8,28,-38,47.874837
-19,-5,-34,39.268308
-7,-9,-8,13.928388
-2,-11,-5,12.247449
-14,25,-13,31.464265
-4,-17,21,27.313001
-13,15,20,28.178006
14,16,-2,21.354157
2,-42,8,42.801869
21,17,6,27.676705
-9,23,-6,25.416530
20,6,-34,39.899875
-7,7,4,10.677078
30,21,-3,36.742346
-6,-10,0,11.661904
-8,12,-4,14.966630
-1,23,0,23.021729
-6,0,20,20.880613
-12,-19,13,25.961510
-4,-33,17,37.336309
10,-35,49,61.040970
19,-4,-19,27.166155
-5,-21,-4,21.954498
2,20,-20,28.354894
-25,20,-17,36.249138
44,-17,-15,49.497475
8,1,3,8.602325
28,-5,-19,34.205263
-5,17,-16,23.874673
-25,-3,-12,27.892651
-13,-5,12,18.384776
7,-5,16,18.165902
24,-5,5,25.019992
-26,0,-24,35.383612
-2,1,-29,29.086079
-12,19,-21,30.757113
0,-37,9,38.078866
-7,3,-2,7.874008
-13,-7,-22,26.495283
-14,-9,-5,17.378147
1,-38,-11,39.572718
-19,-6,13,23.790755
-9,-23,-16,29.427878
5,21,-14,25.729361
19,4,25,31.654384
-7,4,-7,10.677078
-4,5,-21,21.954498
27,3,-22,34.957117
12,17,-33,39.012818
-37,0,21,42.544095
0,-20,-6,20.880613
-14,5,-15,21.118712
14,2,2,14.282857
-15,10,1,18.055470
-19,-22,-5,29.495762
10,-7,25,27.820855
13,-15,20,28.178006
-6,-7,-5,10.488088
18,2,-24,30.066593
16,-22,-26,37.629775
18,-11,-1,21.118712
5,-28,17,33.136083
14,-2,-14,19.899749
-2,-10,-18,20.688161
1,5,22,22.583180
-4,30,14,33.346664
28,4,12,30.724583
0,30,4,30.265492
7,9,-10,15.165751
11,17,14,24.617067
3,-10,17,19.949937
8,17,17,25.337719
1,-24,23,33.256578
-29,-42,15,53.197744
4,9,47,48.020829
-19,-27,6,33.555923
-23,-18,27,39.774364
2,1,31,31.080541
-13,-11,4,17.492856
-10,19,17,27.386128
2,-15,17,22.759613
22,25,-25,41.641326
-4,-24,18,30.265492
-19,-33,16,41.303753
-51,-7,-42,66.437941
8,-15,9,19.235384
1,8,-11,13.638182
-2,27,11,29.223278
-1,2,-11,11.224972
-18,4,0,18.439089
27,22,-15,37.920970
55,-32,-11,64.575537
6,-17,-7,19.339080
-14,-12,8,20.099751
2,-4,20,20.493902
33,46,-1,56.621551
0,1,-15,15.033296
-3,20,13,24.041631
-7,6,-13,15.937377
-5,-12,13,18.384776
-36,20,-12,42.895221
-1,24,5,24.535688
-48,-16,16,53.065997
-8,-3,1,8.602325
20,9,11,24.535688
-13,0,5,13.928388
21,21,-4,29.966648
-13,-24,-3,27.459060
-3,-42,19,46.195238
-6,1,19,19.949937
-3,-2,3,4.690416
-12,2,16,20.099751
-10,36,0,37.363083
0,-16,-12,20.000000
-1,12,3,12.409674
-2,18,-6,19.078784
26,-21,-5,33.793490
-24,17,-33,44.204072
-63,27,4,68.658576
18,-12,-22,30.854497
-8,-25,27,37.656341
-19,47,-4,50.852729
-22,-3,-7,23.280893
15,-26,11,31.968735
-17,1,10,19.748418
-30,8,46,55.497748
-15,-27,-10,32.465366
3,-11,-30,32.093613
40,3,-31,50.695167
31,-31,-2,43.886217
21,9,-46,51.361464
3,-19,-28,33.970576
3,0,9,9.486833
2,22,2,22.181073
19,-8,-17,26.720778
-9,30,-11,33.196385
-4,11,11,16.062378
-11,-5,-2,12.247449
10,-9,23,26.645825
10,14,36,39.899875
13,1,-6,14.352700
-9,-6,17,20.149442
-25,2,-1,25.099801
-12,22,8,26.305893
1,-13,-38,40.174619
13,-21,-2,24.779023
7,9,-18,21.307276
-14,42,6,44.676616
-1,1,-28,28.035692
-20,-23,5,30.886890
0,39,-7,39.623226
30,-12,2,32.372828
-11,-47,-12,49.739320
-23,7,0,24.041631
-3,18,19,26.343880
15,17,12,25.651511
24,3,-7,25.179357
23,-17,6,29.223278
12,23,-19,32.155870
7,3,14,15.937377
26,7,23,35.411862
23,-13,0,26.419690
-3,-21,-14,25.416530
-5,7,-6,10.488088
15,11,18,25.884358
25,-14,13,31.464265
0,28,14,31.304952
-3,11,-24,26.570661
14,-15,-5,21.118712
23,7,-2,24.124676
-16,29,-3,33.256578
-19,-9,26,33.436507
12,7,3,14.212670
-39,-11,2,40.570926
35,-8,-41,54.497706
36,10,-14,39.899875
29,17,-32,46.411206
-10,3,31,32.710854
-3,-5,-4,7.071068
3,-5,10,11.575837
-23,-21,42,52.287666
-12,2,-4,12.806248
6,11,-5,13.490738
0,7,3,7.615773
29,7,30,42.308392
3,25,6,25.884358
-6,-1,11,12.569805
-14,14,-6,20.688161
35,18,3,39.471509
-19,22,9,30.430248
-3,18,3,18.493242
-10,-11,15,21.118712
-36,25,29,52.554733
-2,9,17,19.339080
25,-6,-1,25.729361
5,1,18,18.708287
-5,-9,0,10.295630
-10,21,23,32.710854
10,26,26,38.105118
-3,4,19,19.646883
25,15,-22,36.523965
18,5,31,36.193922
3,13,-8,15.556349
9,8,25,27.748874
10,-23,-19,31.464265
-17,-37,0,40.718546
21,3,-20,29.154759
-14,21,-27,36.959437
1,17,2,17.146428
3,19,26,32.341923
-9,-11,-10,17.378147
-33,3,10,34.612137
3,-6,1,6.782330
-2,-12,0,12.165525
-38,-9,19,43.428102
-23,3,-2,23.280893
-16,-10,6,19.798990
37,-31,-16,50.852729
16,3,-1,16.309506
2,-7,-51,51.516987
-20,24,2,31.304952
-25,-5,18,31.208973
-10,15,-23,29.223278
7,-21,-26,34.146742
-10,15,-1,18.055470
-20,-17,-9,27.748874
14,7,-1,15.684387
4,14,-22,26.381812
23,-16,1,28.035692
16,-31,-5,35.242020
-6,11,-11,16.673332
-36,-7,-1,36.687873
2,-2,-26,26.153394
-10,-4,8,13.416408
6,-8,14,17.204651
-4,-21,-41,46.238512
-15,-20,11,27.313001
-3,16,-5,17.029386
2,17,-25,30.298515
11,12,37,40.422766
-45,4,-19,49.010203
19,21,28,39.824616
18,7,17,25.729361
13,2,-13,18.493242
7,13,-12,19.026298
9,20,-7,23.021729
-1,13,-34,36.414283
7,13,10,17.832555
32,7,-3,32.893768
-11,1,30,31.968735
33,19,-12,39.924930
4,-8,8,12.000000
-7,-12,-25,28.600699
-16,-26,32,44.226689
-10,-6,-10,15.362291
-5,-41,-6,41.737274
4,1,21,21.400935
7,11,26,29.086079
-5,15,-28,32.155870
-6,10,26,28.495614
-18,14,4,23.151674
10,-22,12,26.981475
-8,-24,26,36.276714
1,0,-7,7.071068
34,7,-9,35.860842
7,14,19,24.617067
38,-3,7,38.755645
-2,4,-14,14.696938
7,-17,-22,28.670542
-13,37,-28,48.187135
-28,-16,8,33.226495
0,-2,14,14.142136
-3,-9,24,25.806976
-1,4,-27,27.313001
2,-4,-30,30.331502
31,-49,0,57.982756
-16,-22,-24,36.276714
11,10,-15,21.118712
-9,-4,1,9.899495
8,20,0,21.540659
-12,0,-10,15.620499
-5,4,-1,6.480741
12,8,18,23.065125
26,-7,33,42.591079
1,5,30,30.430248
-30,-14,-42,53.478968
3,-17,6,18.275667
-12,-35,-27,45.803930
-1,21,-2,21.118712
-17,61,4,63.450768
9,-19,30,36.633318
-25,17,-10,31.843367
3,-34,13,36.523965
-4,-20,6,21.260292
-16,3,-5,17.029386
30,13,1,32.710854
-5,-1,-46,46.281746
-10,-9,-11,17.378147
33,0,33,46.669048
7,1,-8,10.677078
-12,-16,10,22.360680
-32,13,-9,35.693137
-26,-7,15,30.822070
-4,-19,-3,19.646883
1,12,21,24.207437
-21,2,-19,28.390139
0,-5,-7,8.602325
-12,-2,-36,38.000000
3,5,2,6.164414
-1,-2,35,35.071356
-17,13,-24,32.155870
-1,-2,7,7.348469
-15,-18,1,23.452079
29,21,-18,40.074930
-20,-7,15,25.961510
13,3,-30,32.832910
-13,-2,-17,21.494185
-8,-18,4,20.099751
9,-12,-11,18.601075
25,-8,13,29.291637
0,17,15,22.671568
17,30,3,34.612137
9,35,-4,36.359318
21,15,-14,29.359837
-41,0,25,48.020829
-11,14,21,27.531800
-10,-10,46,48.124838
-10,14,-14,22.181073
-24,13,-1,27.313001
10,-5,-3,11.575837
-2,21,9,22.934690
19,-19,12,29.427878
18,15,25,34.263683
30,26,26,47.455242
-11,41,-6,42.871902
-4,0,44,44.181444
2,5,-19,19.748418
27,10,-19,34.496377
-37,6,11,39.064050
19,7,-26,32.954514
-5,13,-10,17.146428
-2,-3,-11,11.575837
-1,-11,20,22.847319
-4,-26,0,26.305893
16,17,23,32.771939
1,17,8,18.814888
13,13,2,18.493242
9,-33,6,34.727511
25,-23,-12,36.027767
23,19,-6,30.430248
2,5,-9,10.488088
-9,-12,7,16.552945
-20,-13,1,23.874673
-11,28,27,40.422766
20,3,-9,22.135944
18,28,-4,33.526109
22,-4,54,58.446557
-20,2,-36,41.231056
15,3,40,42.825226
17,-2,9,19.339080
-2,-12,-2,12.328828
-42,-38,14,58.343809
10,7,-19,22.583180
9,2,1,9.273618
5,1,-18,18.708287
-13,9,-2,15.937377
-22,15,11,28.809721
-14,17,-15,26.645825
19,9,-22,30.430248
-12,0,-6,13.416408
-26,12,22,36.110940
11,-27,8,30.232433
9,6,-3,11.224972
11,-13,24,29.427878
-6,-4,-24,25.059928
-24,19,-21,37.121422
-4,25,-9,26.870058
17,0,19,25.495098
-12,-22,12,27.784888
-24,-7,29,38.288379
-12,-29,-5,31.780497
-17,18,17,30.033315
-6,-1,5,7.874008
-10,-3,11,15.165751
-9,-10,-11,17.378147
-8,-8,-10,15.099669
-13,-20,13,27.166155
37,-7,-16,40.914545
-36,-18,-8,41.036569
27,-4,39,47.602521
14,-8,14,21.354157
-13,13,2,18.493242
-32,-24,4,40.199502
31,10,-1,32.588341
-9,23,-14,28.390139
16,7,-7,18.814888
-32,44,-2,54.442630
13,-2,7,14.899664
7,34,23,41.641326
6,24,32,40.447497
29,-24,-9,38.704005
15,10,-1,18.055470
-5,-2,-19,19.748418
-5,-24,11,26.870058
31,-5,-34,46.281746
-7,-2,3,7.874008
0,-1,21,21.023796
-29,35,10,46.540305
-11,-28,31,43.197222
-7,-35,14,38.340579
1,-3,14,14.352700
-28,-16,-6,32.802439
-8,-41,13,43.749286
7,20,11,23.874673
-2,1,-11,11.224972
18,-6,18,26.153394
19,28,15,37.013511
-31,-1,0,31.016125
-9,3,4,10.295630
-27,-18,11,34.263683
-28,5,-41,49.899900
9,-2,-9,12.884099
2,-38,10,39.344631
3,47,-24,52.858301
-33,-16,-19,41.303753
26,-40,2,47.749346
-15,-6,9,18.493242
-12,18,38,43.726422
31,5,-18,36.193922
1,27,-20,33.615473
37,18,3,41.255303
-10,-10,-10,17.320508
19,-6,-9,21.863211
1,6,-21,21.863211
-2,-3,-33,33.196385
-13,-24,-11,29.427878
-4,-2,-8,9.165151
-10,-2,-2,10.392305
-12,-6,2,13.564660
-21,-13,-2,24.779023
36,-9,-7,37.762415
1,-22,-13,25.573424
13,-23,18,31.968735
-4,8,12,14.966630
-19,-15,2,24.289916
-5,8,17,19.442222
14,-5,67,68.629440
-26,-9,-7,28.390139
-16,-19,3,25.019992
-1,27,-10,28.809721
16,4,-4,16.970563
-21,34,17,43.428102
3,5,2,6.164414
10,-9,-9,16.186414
21,16,-19,32.526912
3,-20,-3,20.445048
7,-13,12,19.026298
23,-17,4,28.879058
-13,10,5,17.146428
-13,-6,-15,20.736441
14,-16,4,21.633308
15,-6,3,16.431677
25,11,22,35.071356
1,6,-33,33.555923
-27,-10,1,28.809721
-30,16,-30,45.343136
-12,-9,1,15.033296
-13,-8,-17,22.847319
1,-9,-20,21.954498
19,7,2,20.346990
-18,-1,35,39.370039
4,-2,2,4.898979
-2,12,20,23.409400
-25,-3,-34,42.308392
4,-5,-27,27.748874
8,-26,22,34.985711
15,14,9,22.405357
-18,2,-10,20.688161
-44,24,20,53.962950
12,4,26,28.913665
-25,-4,-29,38.496753
-18,4,-8,20.099751
-27,11,16,33.256578
-2,0,-2,2.828427
3,15,-24,28.460499
-4,-18,-20,27.202941
20,4,0,20.396078
14,4,-8,16.613248
-16,23,3,28.178006
18,24,-14,33.105891
-24,1,1,24.041631
10,-2,-6,11.832160
-25,-28,21,43.011626
10,23,-23,34.029399
-5,-9,-12,15.811388
39,19,2,43.428102
-18,24,8,31.048349
29,39,-12,50.059964
-10,17,11,22.583180
1,4,-17,17.492856
30,5,7,31.208973
-13,9,2,15.937377
9,3,-20,22.135944
22,-12,-12,27.784888
39,-7,-22,45.321077
14,-14,-6,20.688161
14,-20,0,24.413111
-10,-23,17,30.298515
-3,9,16,18.601075
-6,-16,-14,22.090722
-10,-21,25,34.146742
-16,4,2,16.613248
29,-25,-20,43.197222
16,-21,5,26.870058
8,4,12,14.966630
19,-8,11,23.366643
12,0,12,16.970563
-16,1,-17,23.366643
-8,-10,0,12.806248
-10,20,-8,23.748684
-2,-2,28,28.142495
15,1,-4,15.556349
-7,26,1,26.944387
25,16,33,44.384682
-32,40,-26,57.445626
-11,-17,-8,21.771541
-29,12,5,31.780497
-4,32,-8,33.226495
12,13,3,17.944358
-24,12,-12,29.393877
-5,-2,-21,21.679483
24,-1,-9,25.651511
-16,-5,-11,20.049938
28,0,-20,34.409301
-12,-7,15,20.445048
-3,36,37,51.710734
-28,5,-13,31.272992
11,4,5,12.727922
-3,-2,11,11.575837
22,26,8,34.985711
-14,3,21,25.416530
9,7,16,19.646883
-13,29,4,32.031235
-33,5,10,34.842503
1,10,3,10.488088
-18,-11,1,21.118712
-9,24,-15,29.698485
-42,-33,19,56.692151
0,-35,-37,50.931326
-29,-19,26,43.335897
-2,-19,19,26.944387
10,3,-43,44.249294
10,-13,-35,38.652296
17,8,-11,21.771541
-10,2,22,24.248711
-11,26,-1,28.248894
-6,-23,-25,34.496377
-3,15,-50,52.287666
-17,33,0,37.121422
-22,-4,18,28.705400
-34,2,6,34.583233
36,8,-8,37.735925
-10,-8,-12,17.549929
34,14,22,42.848571
-36,-37,-5,51.865210
-12,18,-6,22.449944
3,-2,23,23.280893
11,12,17,23.537205
9,-31,-14,35.185224
20,-11,25,33.852622
2,-21,3,21.307276
11,28,-9,31.400637
-11,-22,5,25.099801
-27,33,18,46.281746
23,-6,-19,30.430248
-20,-21,13,31.780497
2,14,0,14.142136
25,-19,20,37.229021
25,8,5,26.720778
31,-18,7,36.523965
-3,-25,-6,25.884358
-12,11,-3,16.552945
28,3,1,28.178006
20,11,1,22.847319
-5,28,53,60.149813
23,4,13,26.720778
-9,8,-1,12.083046
-4,9,7,12.083046
10,-30,-14,34.583233
6,-3,-5,8.366600
34,-13,-9,37.496667
16,21,13,29.427878
-2,19,3,19.339080
-40,3,-25,47.265209
-2,12,16,20.099751
-49,3,14,51.048996
10,10,-10,17.320508
-7,7,12,15.556349
6,2,-4,7.483315
3,14,23,27.092434
11,15,2,18.708287
31,16,9,36.027767
-19,4,-19,27.166155
31,17,-20,40.620192
-16,-21,-17,31.400637
-10,23,-19,31.464265
-3,-8,-17,19.026298
8,4,-14,16.613248
-20,15,11,27.313001
1,-4,11,11.747340
-13,4,-27,30.232433
-6,28,6,29.257478
-17,16,11,25.806976
7,-4,21,22.494444
-6,-32,-2,32.619013
-30,6,-6,31.176915
2,-12,-8,14.560220
16,-19,-7,25.806976
-8,-11,-1,13.638182
-28,-34,-2,44.090815
5,-6,15,16.911535
-23,-19,-34,45.232732
-36,2,-42,55.353410
15,0,11,18.601075
28,-2,-4,28.354894
-1,-18,5,18.708287
35,-7,-24,43.011626
24,11,7,27.313001
16,11,7,20.639767
7,11,0,13.038405
-32,4,0,32.249031
-2,14,14,19.899749
26,8,22,34.985711
14,19,-7,24.617067
6,-20,16,26.305893
-21,2,19,28.390139
-21,-16,-3,26.570661
-21,14,9,26.795522
-35,-24,5,42.731721
-25,14,-15,32.341923
0,13,-7,14.764823
-26,-9,-13,30.430248
-17,2,11,20.346990
-11,-22,15,28.809721
15,15,-10,23.452079
-26,2,2,26.153394
24,-19,27,40.816663
11,6,-5,13.490738
-1,-15,18,23.452079
-4,-5,5,8.124038
6,-19,-7,21.118712
-4,32,16,36.000000
-23,0,-33,40.224371
11,-36,-11,39.217343
16,15,-5,22.494444
-9,3,-32,33.376639
7,-7,14,17.146428
1,-26,21,33.436507
-23,7,18,30.033315
5,-3,-4,7.071068
-25,10,15,30.822070
-31,-13,18,38.131352
-16,20,8,26.832816
-39,13,-2,41.158231
-14,20,24,34.234486
31,13,-36,49.254441
10,-9,21,24.939928
0,16,-4,16.492423
25,7,8,27.166155
1,6,3,6.782330
30,20,46,58.446557
-13,-15,-32,37.656341
-52,-19,13,56.868269
34,-19,53,65.772335
-10,8,-18,22.090722
-1,-3,8,8.602325
7,-30,25,39.673669
9,3,0,9.486833
15,-21,-12,28.460499
10,-10,-50,51.961524
60,-10,-20,64.031242
12,0,20,23.323808
13,43,-16,47.686476
4,7,13,15.297059
-25,7,20,32.771939
1,21,14,25.258662
-28,-31,11,43.197222
-20,12,20,30.724583
1,-32,-21,38.288379
21,17,0,27.018512
-19,0,-23,29.832868
-29,14,15,35.524639
-6,20,-6,21.725561
7,23,-6,24.779023
28,-22,24,42.941821
8,-4,22,23.748684
-29,7,8,30.886890
1,21,10,23.280893
18,24,-16,34.000000
-20,23,11,32.403703
27,-12,9,30.886890
0,-31,-3,31.144823
-33,-11,6,35.298725
-6,-27,-13,30.561414
-10,-39,-1,40.274061
-29,-38,-13,49.537864
-4,15,1,15.556349
23,-23,26,41.641326
-21,-34,-5,40.274061
6,-20,-10,23.151674
-18,-46,6,49.759421
9,-8,15,19.235384
43,-8,-3,43.840620
-9,-24,3,25.806976
5,-19,16,25.337719
7,30,-5,31.208973
14,41,15,45.847574
-13,-35,6,37.815341
-6,5,5,9.273618
-5,36,-25,44.113490
14,6,-14,20.688161
-26,-46,-44,68.760454
-15,-30,17,37.603191
4,-9,9,13.341664
20,-8,30,36.932371
3,-28,-13,31.016125
7,-3,-6,9.695360
11,-15,-6,19.544820
20,-1,-11,22.847319
-2,28,6,28.705400
-32,-27,17,45.188494
17,1,-12,20.832667
9,-10,-5,14.352700
-17,6,-17,24.779023
10,-11,7,16.431677
-5,-7,12,14.764823
20,6,8,22.360680
1,4,-13,13.638182
26,10,-16,32.124757
-5,-15,-26,30.430248
-9,22,25,34.496377
6,-4,-20,21.260292
-12,-2,14,18.547237
-11,23,16,30.099834
27,-4,-3,27.459060
-14,8,32,35.832946
-28,-4,6,28.913665
16,-20,42,49.193496
7,-12,7,15.556349
5,11,30,32.341923
0,-23,-9,24.698178
34,1,-23,41.060930
4,-15,-25,29.427878
-2,1,3,3.741657
-30,26,16,42.801869
-12,-15,-3,19.442222
34,26,2,42.848571
7,25,-30,39.673669
-5,8,19,21.213203
-10,19,-29,36.083237
24,-21,9,33.136083
-6,-31,-15,34.957117
7,-30,-19,36.193922
7,1,22,23.108440
-12,-2,-14,18.547237
13,12,-3,17.944358
41,-27,-16,51.633323
17,-28,11,34.554305
9,-2,-17,19.339080
-1,9,0,9.055385
36,8,-10,38.209946
0,17,35,38.910153
-39,3,14,41.545156
1,-4,27,27.313001
23,26,-9,35.860842
-1,12,-33,35.128336
-9,17,32,37.336309
-2,-6,-26,26.758176
-6,-7,3,9.695360
7,16,-19,25.806976
22,31,11,39.572718
-12,13,3,17.944358
-16,4,-4,16.970563
15,17,4,23.021729
9,17,-4,19.646883
3,-9,22,23.958297
10,1,7,12.247449
20,5,-29,35.580894
14,-2,0,14.142136
33,15,-4,36.469165
0,-41,23,47.010637
-16,24,0,28.844410
-6,20,22,30.331502
29,-25,-2,38.340579
-18,8,-16,25.377155
-2,13,-3,13.490738
-29,-14,-25,40.767634
-14,-12,-2,18.547237
-23,18,3,29.359837
0,14,-32,34.928498
-49,15,-18,54.313902
29,-37,-2,47.053161
-5,-2,-11,12.247449
12,2,28,30.528675
-5,3,32,32.526912
-12,-4,-4,13.266499
18,28,28,43.497126
0,6,6,8.485281
-3,-31,-22,38.131352
10,-16,-6,19.798990
13,20,15,28.178006
-6,11,25,27.964263
-20,-17,-13,29.291637
3,17,-4,17.720045
-40,5,1,40.323690
11,14,-9,19.949937
5,-22,-21,30.822070
-42,23,-13,49.618545
17,6,-1,18.055470
-26,-33,-37,55.982140
-1,7,-12,13.928388
-9,-19,-8,22.494444
13,1,22,25.573424
8,10,-20,23.748684
-3,23,0,23.194827
-30,3,3,30.298515
-27,-1,14,30.430248
5,29,-14,32.588341
7,-34,11,36.414283
6,-16,-14,22.090722
-27,-18,-11,34.263683
-11,-11,-12,19.646883
-7,-21,-8,23.537205
-16,-9,-1,18.384776
33,31,-12,46.840154
-1,5,-10,11.224972
22,26,14,36.823905
11,12,-9,18.601075
10,-16,-10,21.354157
-14,-34,6,37.255872
12,-11,-1,16.309506
-11,14,-29,34.029399
12,-19,5,23.021729
16,27,9,32.649655
-26,-16,-16,34.467376
4,-23,37,43.749286
-3,-3,-10,10.862780
13,-11,28,32.771939
19,-9,-8,22.494444
0,20,-6,20.880613
-7,3,-22,23.280893
6,-2,-16,17.204651
-9,-23,-22,33.075671
32,-28,0,42.520583
-2,39,13,41.158231
1,22,-15,26.645825
7,-24,17,30.232433
8,5,1,9.486833
-25,-2,-41,48.062459
4,-18,4,18.867962
7,-6,-3,9.695360
-40,-33,-9,52.630789
3,-24,3,24.372115
16,20,38,45.825757
-29,14,-3,32.341923
30,-1,17,34.496377
25,12,17,32.526912
35,22,-17,44.698993
-6,2,22,22.891046
5,20,-31,37.229021
8,6,-16,18.867962
11,22,-9,26.191602
-14,19,17,29.086079
-15,8,9,19.235384
-29,-21,6,36.304270
25,-27,-8,37.656341
29,4,35,45.628938
16,-13,17,26.720778
2,0,14,14.142136
-17,10,9,21.679483
21,5,-10,23.790755
9,-2,9,12.884099
11,15,-4,19.026298
-3,-12,-29,31.527766
-9,3,6,11.224972
-3,-21,-20,29.154759
-5,-11,12,17.029386
-3,-15,-4,15.811388
-14,3,-25,28.809721
0,8,-26,27.202941
21,6,3,22.045408
-21,-16,-35,43.840620
-14,-15,25,32.341923
-9,4,-3,10.295630
-1,14,-5,14.899664
-1,-27,-6,27.676705
-4,-24,-6,25.059928
17,23,-18,33.793490
-19,0,-1,19.026298
-6,3,25,25.884358
-5,-8,-25,26.720778
15,-21,-18,31.464265
-31,23,-10,39.874804
-26,8,-26,37.629775
25,2,11,27.386128
-29,43,-16,54.277067
1,-9,8,12.083046
15,22,-27,37.920970
0,25,-21,32.649655
29,17,-18,38.131352
12,-10,-12,19.697716
-28,36,-36,58.103356
-1,-5,-16,16.792856
-1,-21,8,22.494444
1,-13,8,15.297059
-1,-9,30,31.336879
1,-11,30,31.968735
19,0,21,28.319605
-11,-3,-16,19.646883
21,-15,18,31.464265
10,11,7,16.431677
41,0,11,42.449971
-8,5,-15,17.720045
8,5,21,23.021729
27,2,7,27.964263
0,-16,-32,35.777088
-1,-7,8,10.677078
-1,-20,-19,27.604347
20,34,-12,41.231056
-11,-5,-6,13.490738
-7,5,22,23.622024
1,-6,7,9.273618
-21,-17,-38,46.626173
-16,13,-17,26.720778
19,27,-12,35.128336
23,-33,-18,44.068129
-1,22,17,27.820855
35,-1,6,35.524639
26,11,-21,35.185224
-16,6,0,17.088007
-1,-32,11,33.852622
-16,2,10,18.973666
13,-17,-28,35.242020
29,19,-2,34.727511
-7,19,-2,20.346990
-3,-9,34,35.298725
7,-3,8,11.045361
-2,6,-6,8.717798
15,9,-18,25.099801
8,-1,-21,22.494444
-1,-20,-7,21.213203
2,22,30,37.255872
-12,-17,19,28.178006
-15,2,-1,15.165751
-26,0,24,35.383612
-35,-3,8,36.027767
1,-2,9,9.273618
21,2,25,32.710854
-11,-13,8,18.814888
-9,-20,-29,36.359318
16,18,-24,34.000000
7,15,28,32.526912
1,-11,2,11.224972
22,-17,-21,34.842503
-13,-4,-7,15.297059
-22,11,45,51.283526
8,7,27,29.017236
2,31,23,38.652296
-11,-27,-8,30.232433
9,-10,-7,15.165751
9,-1,14,16.673332
4,19,39,43.566042
4,-12,-2,12.806248
-22,-19,-15,32.710854
-33,-8,17,37.973675
23,23,28,42.918527
2,10,2,10.392305
10,-6,-10,15.362291
9,11,48,50.059964
17,11,-12,23.537205
-6,4,-4,8.246211
43,24,-7,49.739320
-28,4,22,35.832946
-10,4,10,14.696938
22,-17,-17,32.588341
-35,-45,2,57.043843
11,-13,-4,17.492856
8,13,-5,16.062378
22,9,-15,28.106939
15,18,15,27.820855
-30,3,-1,30.166206
2,11,-5,12.247449
-3,-16,3,16.552945
-13,-14,-7,20.346990
-15,-3,2,15.427249
-8,2,-14,16.248077
34,-10,2,35.496479
-3,17,6,18.275667
36,28,-8,46.303348
0,27,-7,27.892651
13,10,-17,23.622024
-1,-1,0,1.414214
-3,2,17,17.378147
14,-8,2,16.248077
-6,3,1,6.782330
37,17,-52,66.045439
-16,12,-2,20.099751
16,7,-27,32.155870
-8,3,25,26.419690
-5,20,17,26.720778
-5,27,6,28.106939
-14,-3,-19,23.790755
-3,19,-32,37.336309
14,10,10,19.899749
-12,-8,-30,33.286634
-4,-25,15,29.427878
3,-6,-3,7.348469
-5,-8,7,11.747340
-6,-8,-4,10.770330
29,0,-1,29.017236
-8,-16,-22,28.354894
-4,-8,-18,20.099751
25,14,-15,32.341923
-19,14,-17,29.086079
14,52,-4,54.000000
-20,10,4,22.715633
17,-9,-12,22.671568
24,2,22,32.619013
-5,-38,-21,43.703547
-15,7,2,16.673332
-19,13,-16,28.035692
-31,13,-4,33.852622
-7,-1,-20,21.213203
14,24,-2,27.856777
-6,-8,-2,10.198039
9,-11,-10,17.378147
10,12,24,28.635642
-18,3,35,39.471509
-30,-13,-5,33.075671
-1,3,2,3.741657
-4,-13,-3,13.928388
-6,-23,23,33.075671
14,-2,6,15.362291
16,11,-11,22.315914
25,6,25,35.860842
-11,-5,0,12.083046
-8,0,8,11.313708
10,25,11,29.086079
-16,-11,25,31.654384
3,-2,25,25.258662
1,-15,-2,15.165751
-16,29,21,39.217343
28,-4,30,41.231056
4,15,17,23.021729
-16,-14,16,26.608269
10,5,9,14.352700
-17,14,7,23.108440
27,-16,5,31.780497
-18,1,-3,18.275667
11,28,9,31.400637
-28,-29,1,40.323690
-18,7,-1,19.339080
-4,-9,7,12.083046
5,-22,-9,24.289916
-14,-5,-9,17.378147
-21,-44,-11,49.979996
4,13,-3,13.928388
-6,-2,-20,20.976177
-14,2,-14,19.899749
-12,-21,-5,24.698178
8,16,-4,18.330303
-8,-28,-4,29.393877
42,-2,14,44.317040
7,10,-1,12.247449
-39,-6,-35,52.744668
6,12,10,16.733201
-25,0,-3,25.179357
-16,3,7,17.720045
36,-6,-8,37.363083
51,-13,18,55.623736
-15,-20,19,31.400637
-19,5,-18,26.645825
1,-7,-32,32.771939
9,29,-20,36.359318
3,10,7,12.569805
-10,-17,-9,21.679483
-13,15,10,22.226111
32,15,-23,42.166337
6,-7,-3,9.695360
8,39,-9,40.816663
24,13,-3,27.459060
-12,-26,-16,32.802439
-11,1,-12,16.309506
1,-3,2,3.741657
-17,10,37,41.928511
-35,13,-8,38.183766
14,-8,18,24.166092
8,4,-12,14.966630
9,-6,-23,25.416530
-9,16,17,25.019992
16,-9,-19,26.419690
9,-16,19,26.419690
-21,-8,-7,23.537205
11,8,-1,13.638182
-24,-23,-5,33.615473
8,-8,-40,41.569219
-4,-29,-19,34.899857
38,-14,-6,40.938979
28,9,5,29.832868
21,-13,8,25.961510
42,-23,-17,50.813384
1,50,-9,50.813384
-6,-6,0,8.485281
-11,4,1,11.747340
7,6,-27,28.530685
-5,4,15,16.309506
20,3,3,20.445048
17,-44,13,48.928519
-48,21,59,78.905006
7,-2,-5,8.831761
19,13,26,34.727511
-8,-9,21,24.207437
4,2,0,4.472136
-5,-17,-42,45.585085
-4,-14,4,15.099669
5,-27,-22,35.185224
40,-22,26,52.535702
3,-21,14,25.416530
-17,-22,-7,28.670542
5,24,7,25.495098
-12,-1,-9,15.033296
20,-1,21,29.017236
2,-28,-16,32.310989
4,31,27,41.303753
4,-19,5,20.049938
22,-17,15,31.591138
-28,10,12,32.062439
20,19,3,27.748874
2,-8,34,34.985711
8,1,-1,8.124038
-22,-13,-15,29.631065
16,-15,-27,34.785054
24,-1,-11,26.419690
-24,5,-11,26.870058
-21,-22,41,51.048996
-9,-28,-21,36.138622
-17,5,8,19.442222
-32,-31,3,44.654227
1,11,-4,11.747340
4,-1,17,17.492856
43,-16,33,56.515485
12,26,12,31.048349
0,5,-9,10.295630
14,7,-11,19.131126
-36,5,-15,39.319207
-9,-13,30,33.911650
-20,-12,20,30.724583
18,-13,-5,22.759613
4,9,-11,14.764823
4,10,4,11.489125
-16,7,21,27.313001
22,11,-7,25.573424
4,-38,-16,41.424630
20,17,13,29.291637
-16,5,21,26.870058
2,9,15,17.606817
17,12,19,28.178006
12,0,-12,16.970563
-3,3,28,28.319605
20,15,3,25.179357
3,-29,16,33.256578
29,22,-3,36.523965
-16,2,28,32.310989
-5,5,-8,10.677078
17,17,-10,26.038433
-11,-22,19,31.080541
-10,0,-26,27.856777
-25,1,-12,27.748874
3,-6,7,9.695360
5,-9,-14,17.378147
-3,6,9,11.224972
12,21,5,24.698178
-22,6,10,24.899799
16,5,-15,22.494444
-7,17,6,19.339080
6,-6,8,11.661904
9,2,17,19.339080
-13,-24,19,33.256578
20,13,15,28.178006
5,0,11,12.083046
20,-18,4,27.202941
-2,-18,24,30.066593
13,-25,-16,32.403703
-3,-28,-21,35.128336
-35,-2,9,36.193922
3,-14,-33,35.972211
31,-2,5,31.464265
19,-18,-35,43.703547
9,9,-4,13.341664
-11,-11,14,20.928450
30,5,-9,31.717503
-25,16,-17,34.205263
-21,-14,23,34.146742
1,4,-13,13.638182
15,-5,-34,37.496667
-9,19,-4,21.400935
1,3,-32,32.155870
9,9,-30,32.588341
-14,-11,21,27.531800
4,6,-2,7.483315
-6,-5,-23,24.289916
8,50,-10,51.613952
4,-7,1,8.124038
-13,3,-8,15.556349
24,7,-17,30.232433
14,4,14,20.199010
-42,31,-7,52.668776
-12,2,-20,23.409400
0,23,1,23.021729
15,-2,-19,24.289916
0,4,32,32.249031
6,-5,-21,22.405357
16,-31,9,36.027767
-14,23,29,39.572718
-3,8,7,11.045361
-8,2,22,23.494680
-3,-13,4,13.928388
15,-22,17,31.591138
4,-9,-3,10.295630
22,32,-12,40.644803
-17,15,22,31.591138
-8,-16,-10,20.493902
6,-10,2,11.832160
-17,32,19,40.914545
-29,-9,4,30.626786
0,-37,7,37.656341
-11,-2,-3,11.575837
10,-1,-1,10.099505
-22,11,-7,25.573424
9,6,19,21.863211
7,-11,-18,22.226111
-7,10,29,31.464265
-14,-3,-21,25.416530
-29,0,27,39.623226
-4,-3,15,15.811388
6,0,-20,20.880613
-19,-12,-25,33.615473
11,16,-21,28.600699
-20,14,10,26.381812
-16,15,3,22.135944
11,-12,29,33.256578
6,-17,23,29.223278
-9,-14,27,31.717503
-15,-30,35,48.476799
-2,3,9,9.695360
24,7,-39,46.324939
22,26,-12,36.110940
12,-3,53,54.424259
-41,13,-30,52.440442
-21,-13,-30,38.858718
-21,-28,-25,43.011626
-8,-37,-3,37.973675
-71,-14,-7,72.704883
-24,-7,3,25.179357
14,-6,16,22.090722
-30,-16,-2,34.058773
30,20,-14,38.678159
7,-13,18,23.280893
20,-20,-4,28.565714
-16,-6,12,20.880613
-18,-13,13,25.729361
22,-1,17,27.820855
-9,-8,17,20.832667
25,8,23,34.899857
-17,-9,10,21.679483
47,11,-14,50.259327
10,-6,-6,13.114877
-11,23,4,25.806976
12,5,-9,15.811388
-15,-14,35,40.570926
-4,6,-24,25.059928
13,-62,27,68.862181
-29,13,2,31.843367
-10,22,-12,26.981475
34,-20,-22,45.166359
21,-9,8,24.207437
-14,6,-44,46.561787
22,-20,0,29.732137
-19,24,35,46.497312
42,-7,19,46.626173
2,-7,11,13.190906
4,-13,-15,20.248457
-14,-29,-27,42.023803
4,27,7,28.178006
-10,8,-16,20.493902
20,-11,7,23.874673
3,9,14,16.911535
35,-19,-16,42.918527
10,38,2,39.344631
7,-19,-10,22.583180
-3,-19,24,30.757113
8,14,2,16.248077
25,18,-33,45.144213
-27,13,-18,34.957117
1,-25,-16,29.698485
4,-2,22,22.449944
-9,11,-14,19.949937
5,18,-11,21.679483
27,-23,-8,36.359318
15,17,4,23.021729
-24,-9,19,31.906112
4,-4,14,15.099669
-1,9,16,18.384776
-8,13,-19,24.372115
-4,5,13,14.491377
-5,0,7,8.602325
13,-14,-5,19.748418
-4,-36,2,36.276714
-4,-12,-34,36.276714
23,31,36,52.782573
-29,38,15,50.099900
32,11,67,75.059976
10,-24,14,29.529646
6,-26,34,43.220366
56,-1,23,60.547502
15,-9,-10,20.149442
-2,56,-8,56.603887
14,34,-24,43.908997
16,-10,-16,24.738634
-21,8,-21,30.757113
6,32,-28,42.941821
-14,5,-25,29.086079
-32,-16,22,42.000000
30,7,-29,42.308392
2,-28,28,39.648455
-17,-25,-20,36.249138
25,-6,-11,27.964263
-12,20,-16,28.284271
1,12,3,12.409674
-18,-33,-1,37.603191
17,-41,-4,44.564560
-7,8,9,13.928388
21,-3,-8,22.671568
-6,19,-1,19.949937
33,16,-1,36.687873
3,24,5,24.698178
30,11,-9,33.196385
2,-13,-21,24.779023
-11,4,29,31.272992
-9,20,-7,23.021729
-13,-3,10,16.673332
-11,31,20,38.496753
26,-13,-21,35.860842
-6,-5,-13,15.165751
-12,-27,-15,33.136083
-24,27,-23,42.825226
-1,-1,-2,2.449490
-23,24,-1,33.256578
-6,-32,-18,37.202150
-4,-15,-17,23.021729
18,5,-7,19.949937
13,-26,-21,35.860842
-30,-26,10,40.938979
15,-35,4,38.288379
-10,-11,1,14.899664
-10,7,-17,20.928450
-24,21,19,37.121422
-10,28,12,32.062439
-26,-17,-5,31.464265
-13,-8,-15,21.400935
-29,13,14,34.727511
-1,22,25,33.316662
0,-13,-43,44.922155
25,43,12,51.166395
-23,37,-24,49.739320
14,-2,2,14.282857
30,-22,6,37.682887
12,-3,27,29.698485
3,-11,-54,55.190579
17,-13,-2,21.494185
-7,-4,-17,18.814888
-9,-11,2,14.352700
-2,-21,23,31.208973
37,-32,11,50.139805
-6,-14,0,15.231546
1,-14,-11,17.832555
-2,-5,21,21.679483
-7,23,-6,24.779023
15,13,-20,28.178006
-3,18,-1,18.275667
18,-15,9,25.099801
5,-19,4,20.049938
12,-5,-23,26.419690
18,39,5,43.243497
-1,12,-31,33.256578
-16,5,-7,18.165902
3,-21,6,22.045408
-1,14,-13,19.131126
0,-12,-14,18.439089
36,-8,-44,57.410800
-15,8,15,22.671568
19,23,-4,30.099834
-5,16,-37,40.620192
-26,-3,-5,26.645825
-25,3,16,29.832868
5,43,-24,49.497475
-1,9,-8,12.083046
15,14,-13,24.289916
7,-29,18,34.842503
9,36,-29,47.095647
-4,21,-19,28.600699
24,3,1,24.207437
-23,14,9,28.390139
16,14,16,26.608269
14,21,-1,25.258662
15,-11,22,28.809721
36,-31,-23,52.782573
-7,-11,-8,15.297059
-14,11,-9,19.949937
0,-23,15,27.459060
29,-2,-17,33.674916
42,34,2,54.074023
11,-23,-2,25.573424
-10,28,-22,36.986484
15,-4,-3,15.811388
-34,2,-38,51.029403
26,38,-10,47.116876
-9,-37,20,43.011626
2,1,5,5.477226
-11,3,-2,11.575837
-3,44,-3,44.204072
7,33,-10,35.185224
2,-4,40,40.249224
-13,10,11,19.748418
10,-30,2,31.685959
-9,18,-13,23.958297
-17,-34,11,39.572718
36,-16,-20,44.181444
12,2,-6,13.564660
9,-14,17,23.790755
-15,-15,18,27.820855
10,7,-57,58.292367
-4,-9,-21,23.194827
26,31,19,44.698993
-4,18,10,20.976177
7,-9,0,11.401754
19,13,-8,24.372115
-22,-8,26,34.985711
9,10,27,30.166206
-24,-22,10,34.058773
7,32,-3,32.893768
-8,-9,-15,19.235384
30,-39,-7,49.699095
8,-1,43,43.749286
-6,28,18,33.823069
-10,-13,-21,26.645825
31,-32,-13,46.411206
16,5,51,53.684262
-12,15,-13,23.194827
13,-9,-8,17.720045
-21,6,25,33.196385
-20,26,-12,34.928498
27,2,-5,27.531800
8,19,-21,29.427878
60,-1,-7,60.415230
-5,0,-11,12.083046
29,-14,-17,36.414283
7,-6,-15,17.606817
-3,0,-15,15.297059
8,-56,26,62.257530
24,28,-30,47.539457
-7,-31,22,38.652296
39,-19,18,46.968074
18,22,-20,34.756294
-19,-17,-48,54.350713
9,12,-21,25.806976
1,5,10,11.224972
-11,2,-7,13.190906
1,8,-9,12.083046
2,-16,-8,18.000000
31,28,-17,45.099889
9,-5,4,11.045361
-13,-30,1,32.710854
-12,-20,6,24.083189
8,12,-10,17.549929
-17,-32,-15,39.217343
-4,-29,-5,29.698485
12,-26,6,29.257478
8,16,24,29.933259
-9,-1,-10,13.490738
-1,0,3,3.162278
25,2,15,29.223278
-31,4,5,31.654384
25,0,-9,26.570661
14,24,12,30.265492
1,21,22,30.430248
-8,1,7,10.677078
3,-19,0,19.235384
11,-5,-32,34.205263
26,-22,-12,36.110940
17,16,-11,25.806976
13,1,4,13.638182
-19,4,21,28.600699
0,10,-24,26.000000
18,-7,-5,19.949937
-1,11,16,19.442222
-14,3,23,27.092434
-16,-28,8,33.226495
-16,43,5,46.151923
42,-23,11,49.132474
3,-29,10,30.822070
-11,-19,8,23.366643
18,0,6,18.973666
26,6,16,31.112698
2,24,-6,24.819347
23,6,-9,25.416530
-1,7,-4,8.124038
-33,29,-18,47.476310
-18,9,-39,43.886217
-1,31,-4,31.272992
29,1,-6,29.631065
29,-13,6,32.341923
0,11,-17,20.248457
20,17,3,26.419690
35,37,-18,54.018515
20,-11,-11,25.337719
15,6,15,22.045408
1,20,-9,21.954498
-14,9,17,23.790755
33,-17,16,40.422766
15,-32,13,37.656341
21,-39,28,52.402290
-29,2,17,33.674916
-30,-8,4,31.304952
-9,-41,-14,44.249294
-7,9,-2,11.575837
18,10,-28,34.756294
-3,35,2,35.185224
-9,19,-12,24.207437
27,9,4,28.740216
-6,-11,-19,22.759613
-8,-2,6,10.198039
6,28,6,29.257478
-27,28,21,44.204072
34,20,12,41.231056
36,-10,-2,37.416574
-4,12,-8,14.966630
-14,-7,1,15.684387
-55,-29,-4,62.305698
-1,-5,-6,7.874008
2,-22,-18,28.495614
11,18,3,21.307276
-30,4,0,30.265492
17,19,4,25.806976
10,-13,3,16.673332
-20,-4,-2,20.493902
-50,-1,-1,50.019996
17,4,-1,17.492856
-40,10,-10,42.426407
-1,19,-12,22.494444
20,-12,-20,30.724583
16,16,28,36.000000
-23,-11,22,33.674916
-21,35,-28,49.497475
-2,-10,-24,26.076810
5,29,2,29.495762
0,-3,-11,11.401754
26,-9,13,30.430248
0,6,-10,11.661904
38,-31,-17,51.903757
18,-1,3,18.275667
1,0,3,3.162278
20,14,18,30.331502
-1,-2,-5,5.477226
2,-13,-21,24.779023
15,-23,8,28.600699
-13,-11,38,41.641326
2,-9,3,9.695360
6,3,25,25.884358
29,-9,-26,39.974992
13,32,-25,42.638011
-15,-2,-17,22.759613
-12,-5,33,35.468296
10,6,22,24.899799
-17,4,-11,20.639767
-6,10,6,13.114877
35,13,12,39.217343
13,2,9,15.937377
-47,6,29,55.551778
-8,-3,-1,8.602325
-19,4,-23,30.099834
13,8,7,16.792856
-15,3,-2,15.427249
15,-14,-5,21.118712
13,-1,0,13.038405
25,5,18,31.208973
-10,26,-18,33.166248
6,-9,1,10.862780
16,-4,-12,20.396078
-25,-4,3,25.495098
-39,-18,27,50.734604
5,4,-13,14.491377
7,8,11,15.297059
13,-8,-5,16.062378
2,-29,-5,29.495762
-10,-2,8,12.961481
-30,5,-11,32.341923
23,-5,6,24.289916
-3,-20,-5,20.832667
17,2,7,18.493242
-35,19,-8,40.620192
-31,6,17,35.860842
34,-10,-38,51.961524
-1,12,9,15.033296
3,6,-3,7.348469
4,-4,-10,11.489125
35,-5,-12,37.336309
37,-11,18,42.591079
3,7,22,23.280893
-15,-22,-3,26.795522
39,29,-8,49.254441
4,-9,-7,12.083046
-19,30,-15,38.548671
-1,-34,-25,42.213742
-16,0,2,16.124515
14,-14,-22,29.597297
22,39,-3,44.877611
3,5,8,9.899495
23,-18,19,34.842503
-18,-15,7,24.454039
-12,-1,-5,13.038405
9,3,4,10.295630
-22,-5,-29,36.742346
-29,8,1,30.099834
31,27,-12,42.825226
-23,34,15,43.703547
13,-9,-8,17.720045
26,16,-8,31.559468
31,-19,22,42.497059
-32,-20,-8,38.574603
1,13,14,19.131126
-7,23,24,33.970576
0,-34,12,36.055513
12,5,-7,14.764823
32,-17,1,36.249138
-16,-36,2,39.446166
26,-6,6,27.349589
-33,-29,42,60.778286
-6,13,33,35.972211
2,-17,41,44.429720
-20,-2,-24,31.304952
11,9,-12,18.601075
6,22,-36,42.614552
5,-10,1,11.224972
25,-4,7,26.267851
-24,13,9,28.740216
-7,8,-9,13.928388
11,22,-35,42.778499
18,19,15,30.166206
-30,5,3,30.561414
22,3,-11,24.779023
-12,18,34,40.298883
5,17,8,19.442222
41,41,-6,58.292367
30,27,1,40.373258
20,-4,-36,41.376322
-24,-12,-12,29.393877
-4,-44,20,48.497423
-3,-31,-10,32.710854
10,35,1,36.414283
-2,-11,23,25.573424
-4,-17,-7,18.814888
32,18,4,36.932371
-1,-7,-10,12.247449
0,-10,-22,24.166092
10,4,18,20.976177
26,15,-35,46.108568
16,2,-18,24.166092
-9,5,4,11.045361
-9,-52,-5,53.009433
-5,7,-14,16.431677
-1,-12,11,16.309506
-27,-22,11,36.523965
-9,13,26,30.430248
16,17,19,30.099834
-2,25,-7,26.038433
-29,-34,5,44.966654
-5,-21,-4,21.954498
-20,-48,14,53.851648
39,26,-7,47.391982
1,-11,28,30.099834
16,4,16,22.978251
-4,21,-7,22.494444
-13,-14,9,21.118712
-32,19,27,45.978256
17,-17,2,24.124676
-12,10,-56,58.137767
-10,0,12,15.620499
-5,4,27,27.748874
-3,19,4,19.646883
27,19,-8,33.970576
-1,-27,-2,27.092434
7,-18,11,22.226111
31,20,-21,42.449971
-11,-12,-11,19.646883
-11,-10,-3,15.165751
17,-15,30,37.603191
-24,18,-28,41.036569
-20,-9,19,29.017236
4,12,-16,20.396078
-23,-8,-9,25.961510
28,6,6,29.257478
15,5,-18,23.958297
-2,-1,15,15.165751
-3,-17,2,17.378147
7,1,8,10.677078
-23,2,3,23.280893
-6,-14,-38,40.938979
8,-28,26,39.038443
-23,-32,3,39.522146
-8,-8,-18,21.260292
1,0,-19,19.026298
19,-6,-27,33.555923
0,21,23,31.144823
11,-39,22,46.108568
0,14,18,22.803509
-20,-33,-13,40.718546
23,7,-8,25.337719
9,-22,-1,23.790755
-35,-15,32,49.739320
19,18,-1,26.191602
-49,28,7,56.868269
-7,2,3,7.874008
-38,25,-11,46.797436
-5,-1,-4,6.480741
-18,5,-21,28.106939
9,-13,2,15.937377
6,3,27,27.820855
27,15,14,33.911650
39,-14,7,42.023803
26,16,-24,38.832976
-36,8,6,37.363083
-9,-2,17,19.339080
8,-34,-20,40.249224
-19,-13,-16,28.035692
-16,-21,1,26.419690
-20,-13,1,23.874673
-5,3,-18,18.920888
-21,-1,6,21.863211
-10,-5,7,13.190906
-15,-12,-25,31.527766
6,12,28,31.048349
2,18,10,20.688161
18,3,-3,18.493242
-18,-2,-4,18.547237
18,54,36,67.349833
5,-20,23,30.886890
-13,-1,-2,13.190906
15,2,-9,17.606817
-4,3,-7,8.602325
8,-17,-17,25.337719
35,45,18,59.782941
-14,-27,-7,31.208973
0,1,11,11.045361
-23,-15,0,27.459060
3,27,-2,27.239677
17,3,4,17.720045
35,-28,-5,45.099889
-16,0,14,21.260292
17,-7,6,19.339080
-16,21,31,40.718546
26,8,-4,27.495454
13,1,-10,16.431677
-9,-17,-8,20.832667
11,-21,-10,25.729361
32,-20,-12,39.597980
-6,-2,6,8.717798
4,-6,18,19.390719
2,-4,-2,4.898979
-28,6,4,28.913665
17,2,-35,38.961519
-5,-3,-2,6.164414
-10,-6,12,16.733201
10,-29,3,30.822070
11,12,-5,17.029386
2,4,4,6.000000
-2,1,-23,23.108440
-14,-31,15,37.175261
5,-15,22,27.092434
-6,4,14,15.748016
-15,27,10,32.465366
18,11,-5,21.679483
6,10,-14,18.220867
44,-3,9,45.011110
-26,-34,-10,43.954522
8,8,-26,28.354894
18,2,-10,20.688161
6,30,18,35.496479
13,-4,-9,16.309506
4,3,-3,5.830952
7,16,17,24.372115
-11,56,35,66.947741
18,31,33,48.723711
2,20,6,20.976177
-2,-12,-6,13.564660
-16,-15,13,25.495098
-17,-4,1,17.492856
-11,14,-25,30.692019
23,-18,45,53.646994
-24,7,-3,25.179357
17,28,21,38.910153
18,7,41,45.321077
28,10,2,29.799329
-2,6,-32,32.619013
4,-2,-14,14.696938
-16,-20,14,29.189039
-13,-9,26,30.430248
26,7,1,26.944387
35,29,12,47.010637
-16,-4,6,17.549929
0,-13,49,50.695167
-32,33,-9,46.840154
-14,-26,4,29.799329
8,-21,-15,27.018512
-14,22,-10,27.928480
-10,-19,-11,24.124676
-9,-5,40,41.303753
17,35,-32,50.378567
-21,53,-12,58.258047
-13,2,-3,13.490738
-25,27,-32,48.764741
22,4,4,22.715633
8,25,-19,32.403703
4,-27,9,28.740216
9,21,-22,31.717503
13,-16,-17,26.720778
-7,-23,16,28.879058
2,12,-36,38.000000
13,-10,-7,17.832555
38,-13,5,40.472213
-41,18,11,46.108568
-4,-8,0,8.944272
-19,-6,-19,27.531800
-3,14,33,35.972211
4,25,-15,29.427878
-18,-23,-11,31.208973
-1,-6,-25,25.729361
43,-14,39,59.715995
-18,-6,-34,38.935845
-2,9,-31,32.341923
-22,20,6,30.331502
14,8,30,34.058773
36,-23,7,43.289722
15,-10,-5,18.708287
18,10,0,20.591260
22,-7,-9,24.779023
1,-31,22,38.026307
-7,7,-8,12.727922
13,-19,22,31.843367
10,-12,-4,16.124515
-8,5,3,9.899495
23,2,-21,31.208973
12,5,-11,17.029386
-26,-2,20,32.863353
3,30,17,34.612137
40,-14,-2,42.426407
-14,1,1,14.071247
0,-6,-8,10.000000
-20,12,8,24.657656
-7,7,-16,18.814888
-11,-9,-14,19.949937
10,-30,-16,35.440090
30,4,-8,31.304952
14,2,4,14.696938
-6,-27,17,32.465366
26,25,-21,41.737274
26,7,-5,27.386128
0,8,28,29.120440
30,14,-40,51.923020
35,19,0,39.824616
-2,-2,0,2.828427
-2,-18,-8,19.798990
8,-24,12,28.000000
-25,2,-7,26.038433
15,26,-5,30.430248
-10,0,20,22.360680
-10,11,-3,15.165751
-1,20,9,21.954498
-18,28,-2,33.346664
-29,-6,-11,31.591138
20,12,20,30.724583
15,-17,-24,33.015148
-24,-19,39,49.578221
15,10,-13,22.226111
2,31,15,34.496377
-32,-4,-38,49.839743
-23,24,25,41.593269
27,-48,15,57.078893
9,12,-25,29.154759
21,-23,-34,46.108568
9,14,-17,23.790755
10,-20,10,24.494897
27,-9,-10,30.166206
-11,-19,12,25.019992
17,-22,11,29.899833
15,23,-10,29.223278
1,7,28,28.879058
2,-11,-3,11.575837
-6,11,11,16.673332
9,-12,-15,21.213203
-10,-2,-22,24.248711
-34,-14,-2,36.823905
3,3,14,14.628739
-1,5,2,5.477226
2,3,-21,21.307276
-3,-1,-16,16.309506
-5,-3,-10,11.575837
-25,-8,7,27.166155
-16,-3,-3,16.552945
-1,-15,2,15.165751
5,1,-10,11.224972
14,-15,13,24.289916
-23,0,-1,23.021729
-17,-23,-8,29.698485
4,9,1,9.899495
-12,-4,-12,17.435596
16,-1,-11,19.442222
-5,0,-1,5.099020
-20,50,30,61.644140
9,16,-5,19.026298
3,-3,-4,5.830952
-10,5,1,11.224972
-17,-15,2,22.759613
-11,7,-32,34.554305
24,-13,11,29.427878
15,9,34,38.236109
2,32,18,36.769553
7,-18,7,20.542639
-7,-47,-22,52.364110
4,-59,-1,59.143892
-2,13,19,23.108440
8,-8,22,24.738634
-13,0,-1,13.038405
-26,-6,6,27.349589
12,17,-29,35.693137
-1,-28,-27,38.910153
40,-8,16,43.817805
15,5,20,25.495098
-34,-26,-48,64.311741
-15,5,4,16.309506
-30,0,-24,38.418745
-6,-11,11,16.673332
20,10,18,28.705400
8,2,-40,40.841156
-17,23,-14,31.843367
13,1,-24,27.313001
23,35,-40,57.913729
-9,9,-8,15.033296
37,-14,33,51.516987
31,-2,27,41.158231
-11,21,-20,31.016125
-42,-30,28,58.719673
8,-8,-34,35.832946
-39,10,-19,44.519659
8,-4,-2,9.165151
5,13,-42,44.249294
-34,-14,-32,48.744230
-24,-34,30,51.303021
21,-4,-5,21.954498
-15,1,-32,35.355339
-3,-15,20,25.179357
-16,15,21,30.364453
-11,-23,-30,39.370039
17,29,18,38.131352
-26,23,-5,35.071356
4,-41,15,43.840620
31,28,-7,42.355637
-22,16,-2,27.276363
10,9,17,21.679483
-2,15,11,18.708287
5,14,13,19.748418
-26,-22,0,34.058773
-20,57,-29,67.007462
16,17,-19,30.099834
2,-12,-4,12.806248
-6,-2,16,17.204651
-9,-1,12,15.033296
33,-6,-17,37.603191
1,-4,-13,13.638182
-15,10,43,46.626173
-3,-38,9,39.166312
-12,-31,33,46.840154
9,-7,18,21.307276
-19,10,-7,22.583180
-9,23,22,33.075671
23,-6,-11,26.191602
-15,14,1,20.542639
-15,10,-35,39.370039
8,-6,24,26.000000
12,1,-15,19.235384
0,16,12,20.000000
-17,41,-8,45.099889
18,-22,22,35.944402
-18,26,-22,38.522721
17,3,-6,18.275667
-23,10,-13,28.248894
-8,18,-16,25.377155
12,9,3,15.297059
17,-15,8,24.041631
-8,-23,7,25.337719
14,16,4,21.633308
-20,32,4,37.947332
-31,-4,3,31.400637
13,-10,-21,26.645825
-8,12,-2,14.560220
38,-16,18,44.988888
5,23,8,24.859606
-16,10,-4,19.287302
15,13,-8,21.400935
0,-6,12,13.416408
-2,-14,-10,17.320508
7,-4,25,26.267851
-27,-2,-3,27.239677
32,-9,-1,33.256578
-15,-2,-13,19.949937
40,-23,-11,47.434165
-20,-17,5,26.720778
5,12,-5,13.928388
-3,-18,-25,30.951575
9,5,-8,13.038405
44,13,-33,56.515485
12,-18,-16,26.907248
-3,-1,-10,10.488088
3,27,12,29.698485
-2,19,-3,19.339080
5,-12,1,13.038405
24,-4,10,26.305893
24,4,20,31.496031
21,-1,-6,21.863211
15,-33,-20,41.400483
-9,-7,-24,26.570661
-47,-1,0,47.010637
39,-24,-21,50.378567
-6,-4,0,7.211103
-6,-16,-6,18.110770
0,-5,1,5.099020
-4,2,-12,12.806248
12,17,17,26.870058
27,4,-19,33.256578
-14,-1,-1,14.071247
7,-7,20,22.315914
0,38,-4,38.209946
-5,-15,2,15.937377
28,-13,27,41.012193
0,25,7,25.961510
7,-11,24,27.313001
-1,17,20,26.267851
6,23,-5,24.289916
10,-30,-10,33.166248
-25,-12,-25,37.336309
-7,-7,8,12.727922
-14,40,-2,42.426407
18,17,-11,27.092434
-18,-13,9,23.958297
-4,8,-8,12.000000
-6,10,-16,19.798990
13,12,27,32.280025
9,12,-5,15.811388
23,-31,8,39.420807
-2,-1,-21,21.118712
7,2,17,18.493242
-13,2,37,39.268308
4,-4,-4,6.928203
4,36,16,39.597980
8,2,4,9.165151
-8,-16,12,21.540659
-3,-14,7,15.937377
10,-29,-29,42.213742
-20,6,18,27.568098
1,28,-19,33.852622
-2,4,-4,6.000000
-8,-6,8,12.806248
-9,9,22,25.416530
47,38,3,60.514461
2,-1,-9,9.273618
35,8,-9,37.013511
-16,7,-3,17.720045
-29,-16,-31,45.365185
18,-5,-39,43.243497
5,-10,9,14.352700
14,-43,19,49.050994
-7,6,23,24.779023
-8,-3,3,9.055385
-33,-5,4,33.615473
-4,-12,6,14.000000
5,-26,5,26.944387
20,21,23,37.013511
-5,11,-8,14.491377
-14,-8,26,30.594117
-22,7,-3,23.280893
12,-14,12,22.000000
34,-22,-22,46.086874
-24,-7,27,36.796739
5,12,-19,23.021729
-20,11,11,25.337719
17,0,-11,20.248457
-13,-14,17,25.573424
15,-17,-14,26.645825
35,-16,-47,60.745370
-29,-4,-25,38.496753
9,16,-17,25.019992
-19,-4,-25,31.654384
4,-4,-12,13.266499
-1,-6,13,14.352700
-19,-21,20,34.669872
9,4,7,12.083046
-6,12,8,15.620499
17,-18,15,28.948230
29,15,8,33.615473
30,14,24,40.890097
-18,-19,23,34.842503
-5,35,6,35.860842
-9,-28,27,39.924930
9,-32,9,34.438351
47,-6,-1,47.391982
-16,-14,-2,21.354157
-14,-7,9,18.055470
10,-6,-2,11.832160
-21,-3,4,21.587033
-16,16,18,28.913665
1,-5,-14,14.899664
-24,-4,6,25.059928
-2,5,-33,33.436507
50,-25,-15,57.879185
30,-12,-36,48.373546
-2,20,-4,20.493902
-5,17,-22,28.248894
23,-20,-51,59.413803
-31,-20,-1,36.905284
20,9,-13,25.495098
12,18,10,23.832751
-6,3,-21,22.045408
-11,26,-43,51.439285
-13,38,9,41.158231
2,-39,-23,45.321077
-7,12,-1,13.928388
25,-8,-1,26.267851
-8,22,24,33.526109
-21,-4,-5,21.954498
-17,20,-13,29.291637
-22,36,-22,47.581509
3,27,8,28.319605
-18,-4,-28,33.526109
-9,-14,-1,16.673332
-3,1,26,26.191602
-11,-24,25,36.359318
8,37,-29,47.686476
-7,-25,-12,28.600699
-2,9,-15,17.606817
-20,-21,-35,45.453273
18,0,4,18.439089
-6,3,59,59.380131
9,-25,4,26.870058
-17,36,21,45.011110
6,-15,-11,19.544820
12,21,19,30.757113
24,7,11,27.313001
9,7,8,13.928388
-3,32,-1,32.155870
32,29,-25,49.899900
-22,-20,-6,30.331502
-7,-13,16,21.771541
-6,18,-18,26.153394
-36,-2,8,36.932371
-8,-31,-31,44.564560
-20,12,-12,26.229754
-14,-5,27,30.822070
18,2,-14,22.891046
36,-13,15,41.109610
25,17,-28,41.206796
-25,29,44,58.326666
3,16,-11,19.646883
10,2,6,11.832160
2,24,-16,28.913665
-4,7,9,12.083046
26,43,-19,53.721504
-26,-5,19,32.588341
-4,-2,6,7.483315
-13,13,18,25.729361
7,-18,1,19.339080
6,-9,13,16.911535
-3,6,-15,16.431677
1,-39,20,43.840620
18,-8,-2,19.798990
29,-32,-23,48.928519
25,12,-3,27.892651
-11,-12,-35,38.600518
11,-1,-20,22.847319
1,3,26,26.191602
-3,10,13,16.673332
51,30,-5,59.380131
-9,-10,13,18.708287
-33,-9,14,36.959437
-14,-3,-7,15.937377
22,20,-6,30.331502
12,38,-6,40.298883
-10,31,25,41.060930
20,-2,16,25.690465
32,0,6,32.557641
-19,5,-20,28.035692
-10,-20,6,23.151674
-7,21,6,22.934690
42,14,22,49.436828
3,-2,-21,21.307276
1,-11,-8,13.638182
-7,-10,11,16.431677
17,-17,4,24.372115
-9,7,46,47.391982
4,36,-2,36.276714
32,37,35,60.149813
3,-12,-17,21.023796
19,0,-33,38.078866
-21,2,-21,29.765752
-1,8,-5,9.486833
13,-25,4,28.460499
4,-6,-12,14.000000
-5,14,21,25.729361
-4,-11,-15,19.026298
13,-4,19,23.366643
-14,-37,-9,40.570926
-19,-19,18,32.341923
7,-12,-9,16.552945
2,25,19,31.464265
-12,39,-17,44.204072
-11,-6,-11,16.673332
10,16,-24,30.528675
35,-4,-5,35.580894
6,-26,24,35.888717
-15,-4,-35,38.288379
-23,-19,-18,34.842503
17,3,14,22.226111
7,-10,1,12.247449
-10,-13,-23,28.248894
-9,-4,-5,11.045361
-24,1,5,24.535688
7,-33,-8,34.669872
-1,-3,-30,30.166206
-7,3,-8,11.045361
-51,-11,4,52.325902
-11,0,11,15.556349
-3,-13,12,17.944358
-6,-21,23,31.717503
-11,-18,15,25.884358
11,9,-4,14.764823
5,-15,-6,16.911535
6,43,-39,58.360946
6,15,-3,16.431677
-18,34,16,41.665333
-26,-7,-23,35.411862
1,34,5,34.380227
-31,27,-10,42.308392
-16,6,-4,17.549929
13,9,22,27.092434
-5,19,-14,24.124676
-15,-7,-10,19.339080
19,28,-9,35.014283
42,-10,6,43.588989
12,-5,-5,13.928388
9,6,-19,21.863211
32,-8,16,36.660606
-15,13,34,39.370039
1,6,1,6.164414
-23,5,10,25.573424
-39,7,18,43.520110
-10,-12,36,39.242834
7,16,-13,21.771541
-20,-22,-8,30.789609
16,20,-6,26.305893
-7,10,-13,17.832555
-11,20,-3,23.021729
31,18,-13,38.131352
2,-8,-20,21.633308
25,9,4,26.870058
26,-30,6,40.149720
-10,-4,10,14.696938
4,-17,-1,17.492856
-24,8,-12,28.000000
-11,-36,-9,38.704005
-14,16,-40,45.299007
-9,-35,2,36.193922
-23,14,-9,28.390139
5,-3,6,8.366600
-11,6,-29,31.591138
-6,22,18,29.051678
-3,-10,-25,27.092434
4,-7,9,12.083046
-32,5,1,32.403703
4,-29,-5,29.698485
5,-11,10,15.684387
54,-35,-33,72.318739
-36,-37,21,55.731499
-8,27,-5,28.600699
22,12,-6,25.768197
12,27,-41,50.537115
2,9,-15,17.606817
-16,-34,2,37.629775
2,16,22,27.276363
-12,-6,-4,14.000000
0,12,-8,14.422205
-5,-8,37,38.183766
-17,-39,6,42.965102
-19,-7,0,20.248457
-19,-19,0,26.870058
-33,-25,-10,42.591079
25,3,-6,25.884358
12,13,5,18.384776
2,35,-19,39.874804
20,12,0,23.323808
-29,5,24,37.973675
3,-9,-4,10.295630
41,-14,23,49.050994
-21,7,-2,22.226111
4,42,4,42.379240
-30,-14,6,33.645208
-5,-9,6,11.916375
18,48,-4,51.419841
26,-19,19,37.389838
-3,2,13,13.490738
-11,-28,11,32.031235
0,-19,-13,23.021729
-4,-4,2,6.000000
37,-10,11,39.874804
-12,-3,15,19.442222
-28,21,5,35.355339
13,5,12,18.384776
6,6,24,25.455844
-1,5,-12,13.038405
8,41,7,42.355637
29,-26,-27,47.391982
-16,-5,-41,44.294469
6,21,17,27.676705
-10,-26,32,42.426407
-19,-12,-5,23.021729
-3,-11,14,18.055470
19,3,4,19.646883
12,25,3,27.892651
9,2,15,17.606817
6,12,10,16.733201
-24,-17,33,44.204072
15,14,-21,29.359837
30,-9,-1,31.336879
-12,-6,0,13.416408
3,8,37,37.973675
2,27,33,42.684892
-15,1,28,31.780497
26,35,9,44.519659
-4,-11,11,16.062378
-1,27,-14,30.430248
12,-19,5,23.021729
-13,10,-25,29.899833
25,4,19,31.654384
33,-14,-19,40.570926
3,1,18,18.275667
-28,14,22,38.262253
-8,6,24,26.000000
-24,-6,-4,25.059928
-13,-4,15,20.248457
19,-16,-15,29.017236
-20,22,-8,30.789609
5,-31,-8,32.403703
5,18,7,19.949937
-19,-6,-5,20.542639
6,-6,0,8.485281
-2,11,-13,17.146428
-5,4,-21,21.954498
-35,-8,5,36.249138
-26,20,-4,33.045423
-8,-1,-23,24.372115
6,-3,47,47.476310
-17,31,16,38.807216
-12,-6,10,16.733201
3,28,-3,28.319605
7,11,-20,23.874673
-11,-2,3,11.575837
17,-22,13,30.692019
24,14,-6,28.425341
-15,-12,-29,34.785054
7,7,0,9.899495
6,-16,-16,23.409400
-10,12,12,19.697716
0,35,-3,35.128336
14,5,-19,24.124676
23,-7,0,24.041631
-1,-7,10,12.247449
-10,22,8,25.455844
12,24,30,40.249224
16,-17,-13,26.720778
-5,-2,-1,5.477226
20,-1,19,27.604347
-15,-1,16,21.954498
-6,4,16,17.549929
26,13,23,37.067506
-23,4,27,35.693137
-27,-20,13,36.027767
-15,3,10,18.275667
21,-8,-5,23.021729
-4,-19,-9,21.400935
6,-9,-41,42.402830
-6,17,-17,24.779023
-2,-7,-15,16.673332
4,-19,-23,30.099834
-17,-17,-4,24.372115
-19,4,-19,27.166155
21,12,-1,24.207437
5,-15,-6,16.911535
-14,8,-10,18.973666
12,9,-3,15.297059
-5,-28,-15,32.155870
27,5,-10,29.223278
12,11,-3,16.552945
-2,-10,-4,10.954451
-32,-25,35,53.609701
13,15,44,48.270074
-1,0,-7,7.071068
2,-1,-5,5.477226
24,18,-26,39.698866
32,-4,-28,42.708313
-26,-14,12,31.874755
-26,7,5,27.386128
18,2,0,18.110770
-31,5,-16,35.242020
-7,7,-4,10.677078
7,-2,-21,22.226111
-14,20,-20,31.559468
4,3,-13,13.928388
17,4,-1,17.492856
2,7,9,11.575837
-24,-2,10,26.076810
13,17,-18,27.964263
1,-29,8,30.099834
-13,12,-15,23.194827
10,-6,4,12.328828
12,-44,26,52.497619
4,1,11,11.747340
4,0,-12,12.649111
32,-3,-11,33.970576
17,-3,-22,27.964263
12,18,10,23.832751
-46,-29,27,60.712437
-20,-9,-13,25.495098
-24,3,9,25.806976
-10,15,19,26.191602
-6,-3,-9,11.224972
-11,-7,-2,13.190906
-11,-6,-7,14.352700
11,24,17,31.400637
-12,23,5,26.419690
-7,-15,10,19.339080
11,6,-5,13.490738
-12,-35,-1,37.013511
-6,16,24,29.461840
18,-3,1,18.275667
13,-12,-13,21.954498
-11,0,-11,15.556349
2,-13,-15,19.949937
3,19,-2,19.339080
11,12,-3,16.552945
13,19,12,25.961510
-2,-38,2,38.105118
11,17,-10,22.583180
0,12,-4,12.649111
-3,4,-7,8.602325
1,18,5,18.708287
-14,-1,-17,22.045408
-12,-14,22,28.705400
-12,14,-14,23.151674
30,-43,17,55.118055
-2,-2,4,4.898979
45,32,11,56.302753
9,23,18,30.561414
-52,-7,15,54.571055
-8,29,65,71.624018
-18,9,27,33.674916
-2,10,-4,10.954451
17,-2,1,17.146428
-16,7,-13,21.771541
22,10,-6,24.899799
-5,-13,4,14.491377
-6,-5,-39,39.774364
-20,17,3,26.419690
13,-3,26,29.223278
26,-46,6,53.178943
21,-1,-2,21.118712
4,-10,-44,45.299007
-3,4,-23,23.537205
-12,-3,25,27.892651
-1,-3,10,10.488088
3,20,-9,22.135944
-3,-2,9,9.695360
-17,-9,2,19.339080
-6,-8,12,15.620499
4,22,22,31.368774
0,7,15,16.552945
20,16,0,25.612497
20,10,30,37.416574
18,24,18,34.985711
-12,25,-15,31.527766
8,7,23,25.337719
-33,-19,10,39.370039
-18,30,2,35.042831
15,-3,12,19.442222
-34,-3,9,35.298725
1,-9,-2,9.273618
-23,-3,-10,25.258662
-10,21,23,32.710854
12,3,-15,19.442222
21,-16,-37,45.453273
25,8,15,30.232433
-47,14,15,51.283526
15,9,12,21.213203
-11,15,-16,24.535688
3,13,2,13.490738
6,-21,9,23.622024
6,1,15,16.186414
16,4,-4,16.970563
36,-18,16,43.312816
-3,-40,11,41.593269
10,-13,3,16.673332
-3,4,1,5.099020
-11,-9,22,26.191602
-26,-23,-1,34.727511
-2,4,22,22.449944
15,-34,11,38.755645
13,-36,19,42.731721
-10,8,14,18.973666
-23,-13,-2,26.495283
-14,-13,13,23.108440
-12,24,-18,32.310989
5,0,-15,15.811388
-13,9,-20,25.495098
19,-1,10,21.494185
-7,17,-10,20.928450
-14,-15,-13,24.289916
22,0,18,28.425341
40,-8,-20,45.431267
24,-22,54,63.055531
-13,12,7,19.026298
-9,-25,-4,26.870058
10,-10,12,18.547237
0,-43,-5,43.289722
-2,8,0,8.246211
7,-33,-34,47.895720
-5,-4,5,8.124038
25,-15,-12,31.527766
18,6,18,26.153394
3,-5,0,5.830952
11,-3,-2,11.575837
14,-4,26,29.799329
27,-5,-24,36.469165
-10,18,2,20.688161
-24,-1,3,24.207437
40,13,9,43.011626
5,8,-25,26.720778
-29,23,8,37.868192
-9,27,40,49.091751
-7,10,9,15.165751
11,4,-11,16.062378
15,-8,-19,25.495098
2,-27,7,27.964263
0,14,-12,18.439089
-40,5,-43,58.940648
2,-7,-23,24.124676
7,-18,-1,19.339080
12,15,9,21.213203
3,15,14,20.736441
31,41,6,51.749396
-20,-26,16,36.496575
-12,-10,-26,30.331502
7,2,31,31.843367
5,12,-1,13.038405
9,12,-27,30.886890
4,11,53,54.277067
27,-35,16,47.010637
-9,24,-23,34.438351
19,2,11,22.045408
0,-24,4,24.331050
40,6,22,46.043458
-26,0,-4,26.305893
-11,15,-6,19.544820
16,-9,11,21.400935
1,10,13,16.431677
14,12,6,19.390719
-30,-25,1,39.064050
-9,12,33,36.249138
-20,1,1,20.049938
36,18,6,40.693980
6,-15,-7,17.606817
-7,-9,18,21.307276
-1,5,-28,28.460499
3,31,-8,32.155870
-2,-22,20,29.799329
9,4,3,10.295630
-11,20,-1,22.847319
-26,-18,12,33.823069
15,26,-3,30.166206
4,-23,-7,24.372115
30,11,15,35.298725
-23,10,-9,26.645825
-11,3,26,28.390139
-22,-16,26,37.629775
-7,20,21,29.832868
-9,-15,4,17.944358
-35,9,12,38.078866
12,-9,33,36.249138
6,5,33,33.911650
13,-20,13,27.166155
25,-18,-25,39.673669
20,-15,5,25.495098
7,36,33,49.335586
8,2,-8,11.489125
-20,-16,6,26.305893
-2,-14,10,17.320508
6,17,-3,18.275667
-4,-12,-24,27.129320
-18,16,-4,24.413111
-2,-23,-11,25.573424
21,2,31,37.496667
46,25,17,55.045436
-8,-18,-12,23.065125
-16,-18,0,24.083189
-18,35,-15,42.118879
6,25,-1,25.729361
2,-26,22,34.117444
6,2,16,17.204651
6,7,-31,32.341923
45,-9,8,46.583259
-6,-2,-2,6.633250
16,-11,-29,34.899857
-28,14,36,47.707442
-9,1,-2,9.273618
-6,9,-5,11.916375
-6,-32,-6,33.105891
56,11,9,57.775427
0,-12,2,12.165525
7,11,-2,13.190906
-10,-25,3,27.092434
8,21,-33,39.924930
7,-19,-14,24.617067
-22,-24,-32,45.650849
-10,8,-28,30.789609
6,-17,-19,26.191602
9,-12,-7,16.552945
-4,-3,25,25.495098
-22,-42,-6,47.791213
-8,-8,-8,13.856406
-28,30,-16,44.045431
32,-13,11,36.249138
29,-5,-4,29.698485
-51,-21,18,58.017239
-8,0,6,10.000000
3,2,13,13.490738
-15,-16,-23,31.780497
0,26,16,30.528675
-27,13,-14,33.075671
-19,-5,-4,20.049938
1,4,11,11.747340
7,14,-19,24.617067
4,4,4,6.928203
11,12,-21,26.570661
10,10,-28,31.368774
-15,14,27,33.911650
-11,10,-11,18.493242
-11,8,-43,45.099889
-7,-35,-2,35.749126
0,6,8,10.000000
-13,19,-12,25.961510
17,-17,8,25.337719
-4,-3,21,21.587033
8,4,-6,10.770330
-12,6,6,14.696938
-46,-7,-9,47.391982
-27,21,4,34.438351
12,-4,36,38.157568
14,-2,-18,22.891046
-37,47,-14,61.432890
-19,-8,-7,21.771541
20,-5,9,22.494444
35,12,-3,37.121422
35,2,15,38.131352
16,0,4,16.492423
32,24,4,40.199502
0,-8,6,10.000000
24,22,-10,34.058773
-3,45,8,45.803930
-12,33,7,35.805028
-13,8,-17,22.847319
-17,-9,-12,22.671568
-11,-14,15,23.280893
3,-3,4,5.830952
7,-1,6,9.273618
-20,-12,-28,36.441734
-6,4,-2,7.483315
3,19,-16,25.019992
26,-32,-18,44.988888
-23,14,5,27.386128
3,14,-11,18.055470
-24,1,13,27.313001
-11,1,-6,12.569805
21,11,-2,23.790755
-25,-59,6,64.358372
-10,-9,31,33.793490
28,6,-16,32.802439
9,0,17,19.235384
-12,1,13,17.720045
-9,-13,-16,22.494444
-7,-1,8,10.677078
15,35,0,38.078866
-30,9,9,32.588341
-21,30,9,37.709415
27,35,-8,44.922155
25,19,-12,33.615473
-14,-2,4,14.696938
-21,-25,-24,40.521599
26,0,-28,38.209946
-10,-7,-33,35.185224
16,18,0,24.083189
14,27,9,31.717503
-4,10,20,22.715633
0,9,1,9.055385
-6,-9,-29,30.951575
-11,3,-6,12.884099
-2,11,-1,11.224972
0,-10,-4,10.770330
23,-18,-9,30.561414
13,-31,-10,35.071356
3,-13,-4,13.928388
-19,-23,-14,32.954514
17,3,2,17.378147
2,23,7,24.124676
30,-10,8,32.619013
-36,-19,1,40.718546
-32,-3,-3,32.280025
3,-8,17,19.026298
-11,-21,-12,26.570661
-6,42,2,42.473521
-14,31,9,35.185224
-6,15,-25,29.765752
14,11,15,23.280893
-28,2,22,35.665109
-44,1,21,48.764741
-21,-9,12,25.806976
14,0,16,21.260292
-7,38,-17,42.213742
31,0,-5,31.400637
10,35,45,57.879185
0,-6,-12,13.416408
-30,24,16,41.617304
9,-2,11,14.352700
11,1,-4,11.747340
-5,4,35,35.580894
-13,-19,-10,25.099801
30,-3,5,30.561414
-19,-11,-2,22.045408
22,-3,-19,29.223278
-11,31,24,40.718546
-2,-29,33,43.977267
22,-1,-19,29.086079
-26,12,-14,31.874755
-35,-23,28,50.378567
-4,10,-6,12.328828
-11,14,-7,19.131126
15,0,-7,16.552945
12,-5,-27,29.966648
-21,19,14,31.591138
-14,-27,11,32.341923
-9,-22,1,23.790755
-16,11,1,19.442222
17,8,-11,21.771541
-3,-17,-14,22.226111
16,-26,26,40.099875
-4,1,-1,4.242641
-24,-5,-3,24.698178
2,-6,12,13.564660
-18,-25,-41,51.283526
-9,-14,-7,18.055470
4,-15,-7,17.029386
11,-9,-2,14.352700
-1,6,13,14.352700
2,13,11,17.146428
-12,-48,62,79.322128
9,-12,-5,15.811388
13,-17,42,47.138095
0,25,-5,25.495098
-8,33,45,56.373753
15,12,-13,23.194827
-30,-14,24,40.890097
15,6,9,18.493242
13,10,29,33.316662
18,-8,4,20.099751
7,-7,18,20.542639
-20,3,-23,30.626786
-18,1,23,29.223278
14,-7,-17,23.108440
14,-10,0,17.204651
2,-20,4,20.493902
-18,13,-11,24.779023
-37,24,29,52.782573
-3,-20,-5,20.832667
-2,22,-8,23.494680
-25,-38,5,45.760245
-1,-13,-22,25.573424
12,-6,-6,14.696938
22,3,-1,22.226111
-8,-2,-8,11.489125
-29,-2,-11,31.080541
26,19,-3,32.341923
-14,-10,-8,18.973666
2,-31,55,63.166447
10,9,-11,17.378147
17,-26,-5,31.464265
24,-1,-5,24.535688
2,-5,7,8.831761
-37,-4,49,61.530480
24,-1,3,24.207437
-4,-11,-41,42.638011
-12,11,11,19.646883
-7,1,-8,10.677078
7,4,13,15.297059
0,13,-1,13.038405
3,3,40,40.224371
-3,6,-31,31.717503
-28,-3,-29,40.422766
-14,28,24,39.446166
-7,-12,-5,14.764823
-1,-4,-15,15.556349
3,-6,7,9.695360
0,-19,25,31.400637
4,-6,-20,21.260292
2,-7,1,7.348469
-40,-15,11,44.113490
5,14,31,34.380227
-9,0,21,22.847319
10,2,22,24.248711
-9,-2,3,9.695360
17,-1,6,18.055470
11,7,20,23.874673
-3,-10,1,10.488088
-5,-9,-4,11.045361
20,24,-16,35.099858
14,-9,-15,22.405357
-30,29,-39,57.113921
-39,12,33,52.478567
9,10,-7,15.165751
0,38,-58,69.339743
-17,-28,9,33.970576
36,2,8,36.932371
10,-28,22,36.986484
-3,20,33,38.704005
-8,-26,10,28.982753
-1,-10,19,21.494185
-2,5,7,8.831761
-15,-9,0,17.492856
-17,3,-4,17.720045
26,20,-10,34.292856
-18,2,2,18.220867
15,-31,-34,48.394215
-27,23,0,35.468296
-24,-8,-16,29.933259
19,5,-10,22.045408
15,-12,11,22.135944
34,-18,20,43.358967
-7,-10,-5,13.190906
0,-3,-33,33.136083
-11,-28,3,30.232433
-9,5,-4,11.045361
4,-11,-23,25.806976
-16,-8,6,18.867962
21,5,14,25.729361
-22,22,-18,35.944402
12,22,2,25.139610
-2,-19,-7,20.346990
-11,-22,-1,24.617067
4,0,0,4.000000
-14,-40,12,44.045431
16,17,-5,23.874673
7,17,-18,25.729361
-15,-26,7,30.822070
1,42,-13,43.977267
-7,8,-7,12.727922
14,7,-11,19.131126
0,-8,0,8.000000
-6,5,-5,9.273618
-4,-23,-5,23.874673
-4,4,12,13.266499
1,4,3,5.099020
-29,4,19,34.899857
6,-17,9,20.149442
22,-2,2,22.181073
26,-16,6,31.112698
-21,-8,-3,22.671568
-26,-5,3,26.645825
33,12,-25,43.104524
-11,5,20,23.366643
-2,1,23,23.108440
-14,12,-30,35.213634
-15,5,8,17.720045
-7,-3,24,25.179357
-2,-18,-6,19.078784
30,-5,21,36.959437
-7,-11,-10,16.431677
12,0,16,20.000000
-4,10,-12,16.124515
6,-13,-17,22.226111
7,11,-4,13.638182
41,21,20,50.219518
-9,-1,6,10.862780
21,-2,-19,28.390139
10,-40,0,41.231056
-2,-26,-20,32.863353
11,-9,28,31.400637
8,7,-27,29.017236
27,-4,-9,28.740216
11,-13,0,17.029386
15,4,-9,17.944358
15,-15,6,22.045408
-6,-25,25,35.860842
-20,-24,-8,32.249031
10,-13,-11,19.748418
13,0,-11,17.029386
5,-16,-11,20.049938
-46,38,10,60.497934
-11,28,-25,39.115214
15,-27,-32,44.474712
28,-16,8,33.226495
8,27,-15,31.906112
-1,13,26,29.086079
8,-7,19,21.771541
-22,-9,31,39.064050
4,-38,-20,43.127717
36,12,14,40.447497
-20,4,-20,28.565714
6,-39,17,42.965102
-7,-1,-6,9.273618
6,6,-10,13.114877
24,5,29,37.973675
11,1,24,26.419690
-9,1,-2,9.273618
-38,-7,11,40.174619
11,31,-24,40.718546
26,7,11,29.086079
1,12,5,13.038405
-28,-4,-4,28.565714
54,0,12,55.317267
-51,-9,28,58.872744
-2,10,16,18.973666
30,12,14,35.213634
-18,-18,4,25.768197
-12,-13,-23,29.017236
13,-8,-41,43.749286
-11,-18,17,27.092434
3,15,14,20.736441
3,41,8,41.880783
-24,-4,16,29.120440
-20,-3,13,24.041631
5,2,11,12.247449
6,-19,-3,20.149442
11,6,-11,16.673332
20,45,9,50.059964
8,22,12,26.305893
-5,6,-3,8.366600
1,7,22,23.108440
14,-17,-31,38.026307
19,-1,8,20.639767
9,-12,-7,16.552945
-23,-9,22,33.075671
-18,2,-12,21.725561
-20,-32,26,45.825757
13,11,8,18.814888
29,-27,8,40.422766
-18,-21,39,47.812132
-6,1,-7,9.273618
6,-16,22,27.856777
19,-35,-2,39.874804
4,-9,15,17.944358
-30,19,-15,38.548671
10,19,-5,22.045408
10,-18,16,26.076810
15,-2,-3,15.427249
4,-15,29,32.893768
-12,8,4,14.966630
-15,6,-11,19.544820
-8,46,0,46.690470
-19,21,-16,32.526912
-5,-10,-37,38.652296
5,-1,-4,6.480741
-3,-13,-34,36.523965
-5,14,-5,15.684387
-2,3,7,7.874008
5,-9,0,10.295630
27,10,-5,29.223278
12,-15,-57,60.149813
-12,28,-22,37.576588
-10,-11,17,22.583180
9,32,5,33.615473
-20,21,-23,37.013511
11,22,21,32.341923
-7,-24,-29,38.288379
-8,-29,9,31.400637
20,-27,-1,33.615473
-16,-18,52,57.306195
-1,-4,-11,11.747340
-19,6,5,20.542639
5,22,-15,27.092434
-8,4,10,13.416408
6,-1,19,19.949937
-5,-8,7,11.747340
-18,-20,-42,49.879856
8,7,9,13.928388
30,-23,11,39.370039
-8,11,21,25.019992
-9,0,5,10.295630
-4,-1,1,4.242641
13,9,26,30.430248
14,-11,9,19.949937
-17,-3,-20,26.419690
-15,10,13,22.226111
22,-29,13,38.652296
-25,-22,7,34.029399
47,-5,24,53.009433
0,-7,21,22.135944
-14,16,-20,29.189039
0,34,-18,38.470768
6,-8,6,11.661904
-10,-10,18,22.891046
-5,10,21,23.790755
-13,-49,8,51.322510
-17,-7,-14,23.108440
17,3,14,22.226111
-18,1,15,23.452079
37,5,12,39.217343
-19,-31,-2,36.414283
17,-6,-5,18.708287
24,-18,12,32.310989
2,-4,-10,10.954451
26,-10,-24,36.769553
-6,-16,-18,24.819347
-22,1,41,46.540305
23,-20,9,31.780497
23,-12,-21,33.376639
-33,-15,-10,37.603191
-28,-2,-8,29.189039
-24,-12,16,31.240999
-13,-8,-13,20.049938
-36,16,6,39.849718
7,-7,20,22.315914
19,18,-19,32.341923
-24,6,-4,25.059928
19,-8,17,26.720778
0,-13,11,17.029386
-4,-5,-9,11.045361
-19,14,-17,29.086079
4,9,-17,19.646883
-27,-3,20,33.734256
9,-16,7,19.646883
11,2,-11,15.684387
-8,-2,-20,21.633308
1,23,-34,41.060930
10,-21,5,23.790755
17,2,-5,17.832555
-12,-1,19,22.494444
1,-12,-17,20.832667
-15,23,-28,39.217343
25,5,16,30.099834
-13,-29,12,33.970576
-13,-17,24,32.155870
-30,-8,-16,34.928498
17,-13,16,26.720778
-31,19,10,37.709415
3,24,1,24.207437
-10,-2,-18,20.688161
-14,-33,11,37.496667
21,22,17,34.842503
27,19,4,33.256578
0,34,6,34.525353
12,-6,4,14.000000
-39,3,-2,39.166312
1,-5,-28,28.460499
43,28,-7,51.788030
17,-31,4,35.580894
-11,10,39,41.737274
11,14,-3,18.055470
-16,18,-10,26.076810
3,4,-7,8.602325
-21,-11,-4,24.041631
0,-3,-19,19.235384
-35,18,-35,52.668776
2,31,1,31.080541
21,14,-9,26.795522
11,-21,28,36.687873
-51,-31,-8,60.216277
-13,-41,18,46.626173
-22,-12,14,28.705400
-14,-32,-14,37.629775
-22,-3,-11,24.779023
25,-16,35,45.891176
27,1,20,33.615473
2,6,0,6.324555
-17,-16,1,23.366643
-1,-8,1,8.124038
-19,4,-17,25.806976
2,4,0,4.472136
-5,25,-4,25.806976
-4,4,-16,16.970563
-11,-19,0,21.954498
14,0,-18,22.803509
-1,-5,0,5.099020
5,4,9,11.045361
-23,10,-39,46.368092
-4,5,-21,21.954498
-14,28,0,31.304952
5,-7,-6,10.488088
13,14,5,19.748418
-20,15,11,27.313001
-26,0,-20,32.802439
27,9,30,41.352146
12,-10,-10,18.547237
11,37,18,42.591079
4,-24,12,27.129320
-8,-9,9,15.033296
-10,-20,0,22.360680
26,-3,19,32.341923
7,1,6,9.273618
17,4,-17,24.372115
-31,5,22,38.340579
8,-20,0,21.540659
6,7,-1,9.273618
18,-5,-1,18.708287
42,15,-3,44.698993
-5,-40,-15,43.011626
-2,-23,39,45.321077
4,-13,-3,13.928388
-6,-18,-14,23.579652
-8,32,8,33.941125
8,16,-10,20.493902
11,-23,28,37.868192
26,-7,-1,26.944387
-2,-16,38,41.279535
17,9,22,29.223278
-14,5,-9,17.378147
-20,-25,21,38.288379
33,-10,-13,36.851052
-17,-18,17,30.033315
16,-10,-42,46.043458
-17,15,-8,24.041631
-25,10,27,38.131352
1,35,-8,35.916570
0,-34,-4,34.234486
-2,-12,2,12.328828
2,0,2,2.828427
-26,0,10,27.856777
12,-33,-23,41.976184
17,4,-15,23.021729
15,17,28,36.027767
-25,24,13,37.013511
-28,-1,11,30.099834
-14,31,-3,34.146742
-8,-4,14,16.613248
12,11,-47,49.739320
-7,18,13,23.280893
18,16,2,24.166092
-36,-19,5,41.012193
-16,-12,8,21.540659
-6,23,-23,33.075671
4,-19,-5,20.049938
9,1,16,18.384776
18,19,-17,31.208973
-18,19,-5,26.645825
-5,-20,17,26.720778
-6,-8,-4,10.770330
17,-9,-18,26.343880
42,0,12,43.680659
-28,7,-9,30.232433
-1,-6,-1,6.164414
13,-13,-38,42.213742
-1,30,-27,40.373258
-18,1,-3,18.275667
5,10,3,11.575837
7,12,-21,25.179357
4,2,-8,9.165151
-21,-9,-4,23.194827
-22,8,-6,24.166092
-5,-5,-6,9.273618
-25,14,-9,30.033315
15,0,13,19.849433
-18,3,-37,41.255303
-6,-32,-2,32.619013
22,-39,-7,45.321077
-9,23,6,25.416530
-4,-24,10,26.305893
15,-20,7,25.961510
44,27,15,53.758720
-3,-33,-24,40.914545
19,28,-39,51.633323
-4,-12,22,25.377155
11,-6,-7,14.352700
-16,13,13,24.372115
27,7,-24,36.796739
21,14,23,34.146742
-4,-6,12,14.000000
-25,37,-14,46.797436
5,5,14,15.684387
-5,23,32,39.724048
33,-34,13,49.132474
19,-17,4,25.806976
-62,-11,25,67.749539
20,-19,-31,41.496988
0,15,-17,22.671568
-2,-5,27,27.531800
-16,3,-5,17.029386
7,18,1,19.339080
-13,-18,5,22.759613
-9,-23,30,38.858718
-32,36,0,48.166378
-20,-35,-15,43.011626
33,-10,15,37.603191
-3,0,25,25.179357
16,7,-17,24.372115
12,-33,-11,36.796739
-34,-21,15,42.684892
-29,12,27,41.400483
-11,-20,-1,22.847319
-10,3,-17,19.949937
-7,22,3,23.280893
8,25,9,27.748874
21,4,-1,21.400935
-16,-1,39,42.166337
-17,31,20,40.620192
-18,-9,-21,29.086079
17,35,-14,41.352146
-2,-10,24,26.076810
2,5,-5,7.348469
31,-14,13,36.414283
-16,-20,0,25.612497
31,3,10,32.710854
-12,-26,-6,29.257478
6,-7,27,28.530685
10,9,23,26.645825
16,28,-10,33.763886
20,2,-12,23.409400
12,-28,-40,50.279220
24,18,-6,30.594117
-6,15,21,26.495283
19,-14,13,26.944387
21,-1,18,27.676705
10,7,17,20.928450
-13,11,6,18.055470
15,-8,-13,21.400935
10,-60,12,62.000000
15,18,-21,31.464265
14,-3,27,30.561414
-21,28,-13,37.336309
-1,-4,3,5.099020
15,-43,16,48.270074
16,-12,14,24.413111
18,32,6,37.202150
19,-8,5,21.213203
-2,8,-2,8.485281
31,47,8,56.868269
-14,-7,19,24.617067
-18,9,-5,20.736441
5,-22,13,26.038433
37,11,24,45.453273
12,-6,-2,13.564660
25,15,2,29.223278
22,5,19,29.495762
6,29,27,40.074930
7,11,18,22.226111
-32,-14,2,34.985711
6,4,22,23.151674
16,23,-5,28.460499
9,22,-17,29.223278
-18,11,17,27.092434
6,-22,-2,22.891046
6,9,11,15.427249
9,29,28,41.303753
37,-6,-29,47.391982
22,-12,-14,28.705400
8,50,16,53.103672
-22,-9,-1,23.790755
2,19,23,29.899833
8,19,9,22.494444
-29,-38,29,55.910643
11,19,-20,29.698485
8,23,23,33.496268
-3,3,32,32.280025
4,13,11,17.492856
-11,20,15,27.313001
10,15,1,18.055470
-21,6,-21,30.298515
25,-11,-4,27.604347
15,8,19,25.495098
8,-23,-11,26.720778
-25,24,-1,34.669872
5,17,0,17.720045
-18,-19,-7,27.092434
-37,17,-12,42.449971
10,-5,39,40.570926
-4,-23,-31,38.807216
-21,6,-19,28.948230
9,-14,29,33.436507
21,19,10,30.033315
-17,2,-9,19.339080
-9,-1,0,9.055385
-12,3,11,16.552945
-22,0,20,29.732137
15,1,-30,33.555923
5,3,10,11.575837
40,12,18,45.475268
-1,-28,-31,41.785165
-16,5,-13,21.213203
-15,-31,-44,55.874860
5,-16,-11,20.049938
-17,0,-19,25.495098
-23,0,13,26.419690
14,6,-14,20.688161
17,-13,66,69.382995
-7,-1,-16,17.492856
5,-11,26,28.670542
17,-47,6,50.338852
-48,17,-21,55.081757
-50,0,-2,50.039984
-5,-4,15,16.309506
-1,8,-3,8.602325
18,31,3,35.972211
-1,0,31,31.016125
-16,-1,15,21.954498
10,-28,20,35.832946
22,-14,-28,38.262253
48,-27,45,71.119618
-21,15,22,33.911650
25,32,5,40.914545
2,35,5,35.411862
-6,11,-23,26.191602
-25,6,-5,26.191602
-61,-11,-18,64.544558
-9,-9,26,28.948230
7,19,-10,22.583180
-5,8,13,16.062378
9,29,18,35.298725
-52,-13,41,67.483331
6,4,20,21.260292
21,-8,-5,23.021729
14,-25,-7,29.495762
-38,13,-15,42.871902
11,24,11,28.600699
-13,8,-23,27.604347
-4,-1,29,29.291637
4,-2,-2,4.898979
4,6,2,7.483315
9,17,-2,19.339080
-23,-23,8,33.496268
-11,25,-4,27.604347
-16,-9,27,32.649655
9,-22,19,30.430248
-10,-16,6,19.798990
14,-5,-19,24.124676
14,-7,-23,27.820855
15,2,5,15.937377
2,9,-15,17.606817
-10,30,8,32.619013
22,3,3,22.405357
-23,2,-21,31.208973
-4,-7,1,8.124038
4,26,0,26.305893
11,-16,25,31.654384
-35,-4,9,36.359318
2,-11,-7,13.190906
-17,22,-9,29.223278
-30,-16,-20,39.446166
10,-3,17,19.949937
0,5,-15,15.811388
-11,17,18,27.092434
-13,-23,20,33.136083
34,-16,8,38.418745
14,37,11,41.060930
18,-14,-6,23.579652
-11,22,-35,42.778499
-5,-10,-21,23.790755
-7,-5,-12,14.764823
20,-15,-9,26.570661
-25,-12,13,30.626786
-23,-1,2,23.108440
-27,-1,-4,27.313001
20,23,-1,30.495901
5,26,-25,36.414283
-21,-16,-1,26.419690
27,7,14,31.208973
40,11,-7,42.071368
0,-26,28,38.209946
-2,0,4,4.472136
-4,7,-21,22.494444
34,7,-35,49.295030
-29,17,-14,36.414283
-1,4,15,15.556349
47,3,-18,50.418251
12,4,6,14.000000
10,1,-17,19.748418
-9,36,-19,41.689327
1,14,11,17.832555
8,-8,-6,12.806248
-7,-13,-16,21.771541
-4,16,-2,16.613248
30,17,-21,40.373258
-30,9,-9,32.588341
-1,31,10,32.588341
21,-18,1,27.676705
29,-27,16,42.731721
5,-10,-15,18.708287
-2,-28,22,35.665109
-9,2,15,17.606817
29,14,5,32.588341
1,6,-9,10.862780
-26,13,3,29.223278
27,-12,19,35.128336
8,-29,5,30.495901
-20,-9,-37,43.011626
-9,3,18,20.346990
6,17,5,18.708287
-26,30,-10,40.938979
13,20,21,31.780497
-5,18,-11,21.679483
25,-8,-21,33.615473
1,-32,1,32.031235
-4,9,-7,12.083046
-31,-3,-12,33.376639
7,2,-31,31.843367
11,1,26,28.248894
38,20,26,50.199602
-25,5,-2,25.573424
37,-29,-28,54.717456
-19,18,11,28.390139
-24,-1,-15,28.319605
-21,-15,2,25.884358
-16,-12,-28,34.409301
-53,-20,19,59.749477
32,8,14,35.832946
2,24,-20,31.304952
-8,-1,15,17.029386
-1,-14,13,19.131126
18,-1,11,21.118712
-3,-13,-16,20.832667
42,-34,6,54.369109
-6,-1,-15,16.186414
25,23,-10,35.411862
-22,-4,20,30.000000
6,-21,-3,22.045408
1,-24,7,25.019992
-1,-6,7,9.273618
0,9,-9,12.727922
16,-13,1,20.639767
10,3,1,10.488088
-13,11,-4,17.492856
-6,3,3,7.348469
36,2,-26,44.452222
-31,2,-13,33.674916
-37,18,-35,54.018515
-28,21,-11,36.687873
-5,18,23,29.631065
-15,-13,6,20.736441
-13,-11,-6,18.055470
1,-4,-33,33.256578
22,10,6,24.899799
19,-33,-2,38.131352
24,-3,9,25.806976
1,15,-6,16.186414
21,2,21,29.765752
6,-3,-29,29.765752
-18,10,26,33.166248
-25,-2,-5,25.573424
-8,-12,-24,28.000000
7,7,-42,43.150898
26,-11,-9,29.631065
-15,-18,25,34.263683
9,-4,9,13.341664
5,12,7,14.764823
25,9,-14,30.033315
-8,-29,-3,30.232433
-2,6,-2,6.633250
4,0,20,20.396078
-8,-7,21,23.537205
-12,-49,17,53.235327
-7,29,-26,39.572718
4,17,-21,27.313001
6,-29,1,29.631065
-9,-4,1,9.899495
-7,-8,17,20.049938
-7,3,-24,25.179357
34,-7,-5,35.071356
14,29,-19,37.389838
10,11,-5,15.684387
-7,-23,-26,35.411862
4,-6,-8,10.770330
-14,18,6,23.579652
5,11,8,14.491377
-7,11,-2,13.190906
-3,-16,9,18.601075
-15,-4,-33,36.469165
13,-12,-1,17.720045
10,-28,16,33.763886
-13,10,15,22.226111
32,-18,-32,48.703183
-9,-7,12,16.552945
6,4,-28,28.913665
-13,-3,18,22.405357
14,-15,-7,21.679483
-39,8,13,41.880783
-10,-7,-19,22.583180
15,-19,10,26.191602
-12,-6,22,25.768197
6,-16,-16,23.409400
-2,26,-42,49.436828
-14,-22,-46,52.877216
-8,19,-23,30.886890
-17,4,1,17.492856
21,-27,-28,44.204072
-3,4,-5,7.071068
-29,-21,-2,35.860842
18,19,-15,30.166206
10,-29,-19,36.083237
-3,-11,12,16.552945
-2,-5,3,6.164414
17,29,46,56.973678
4,-25,9,26.870058
-18,1,-5,18.708287
37,-8,13,40.024992
2,5,-5,7.348469
11,-21,4,24.041631
12,19,9,24.207437
-14,33,-23,42.591079
12,17,15,25.651511
18,15,11,25.884358
25,6,21,33.196385
5,27,4,27.748874
5,-20,1,20.639767
-22,-14,-48,54.626001
29,4,-31,42.638011
6,4,18,19.390719
-17,-7,14,23.108440
4,-13,5,14.491377
10,19,-9,23.280893
-11,27,0,29.154759
7,43,-16,46.411206
-16,6,-10,19.798990
7,-5,14,16.431677
-11,-16,17,25.806976
-10,-5,7,13.190906
-5,-5,-4,8.124038
2,1,25,25.099801
13,-1,-44,45.891176
5,-16,11,20.049938
-4,-12,20,23.664319
-6,23,15,28.106939
-12,-3,25,27.892651
25,-11,34,43.611925
1,-23,-6,23.790755
-16,-13,11,23.366643
21,10,33,40.373258
11,14,-15,23.280893
-5,32,35,47.686476
-14,-2,-30,33.166248
20,-22,-12,32.062439
-10,8,2,12.961481
0,0,4,4.000000
16,-34,-40,54.881691
-13,12,13,21.954498
-16,-46,18,51.923020
12,5,-11,17.029386
-16,11,25,31.654384
10,2,-40,41.279535
-13,4,27,30.232433
16,-21,-11,28.600699
42,47,-3,63.103090
-11,-25,-22,35.071356
-19,-37,26,49.050994
6,9,-1,10.862780
-18,-16,20,31.304952
4,-9,13,16.309506
23,20,11,32.403703
13,6,-15,20.736441
7,11,24,27.313001
6,-30,-4,30.854497
14,-1,21,25.258662
0,18,6,18.973666
11,11,-36,39.217343
-12,-17,-3,21.023796
3,-6,13,14.628739
10,14,-18,24.899799
-9,-17,-22,29.223278
27,11,-16,33.256578
-41,11,28,50.852729
11,2,1,11.224972
1,6,-15,16.186414
4,18,-10,20.976177
-2,1,-1,2.449490
8,-23,7,25.337719
5,-41,-12,43.011626
11,5,22,25.099801
-25,19,-2,31.464265
-17,-2,-21,27.092434
-15,-8,5,17.720045
-2,11,17,20.346990
-22,13,-15,29.631065
3,-2,-7,7.874008
26,-2,-4,26.381812
21,37,-16,45.453273
27,-9,-38,47.476310
-22,-5,-23,32.218007
-20,-1,-7,21.213203
0,1,9,9.055385
8,6,-16,18.867962
12,-7,-21,25.179357
5,5,-28,28.879058
-11,-26,-13,31.080541
-9,-35,-20,41.303753
14,-34,-28,46.216880
12,-9,19,24.207437
22,0,-10,24.166092
41,13,4,43.197222
22,-20,-12,32.062439
-34,15,15,40.074930
17,30,-17,38.444766
-5,-12,5,13.928388
-15,-2,-25,29.223278
14,36,-16,41.809090
-6,-8,0,10.000000
36,32,20,52.153619
6,-9,-33,34.727511
15,26,-19,35.524639
-30,12,0,32.310989
-4,14,-8,16.613248
-8,15,-9,19.235384
-16,2,-12,20.099751
8,-30,-20,36.932371
-11,-7,20,23.874673
1,15,8,17.029386
2,41,-9,42.023803
2,-15,17,22.759613
11,11,10,18.493242
10,-30,18,36.386811
16,-13,13,24.372115
-2,25,9,26.645825
-6,27,1,27.676705
24,8,12,28.000000
-19,-8,-15,25.495098
-19,-9,2,21.118712
4,-4,-40,40.398020
-5,12,-3,13.341664
-2,29,27,39.673669
13,8,-5,16.062378
15,29,-12,34.785054
11,14,19,26.038433
10,4,-36,37.576588
-10,-37,17,41.928511
-6,-4,-8,10.770330
0,-20,-6,20.880613
21,0,-7,22.135944
-7,8,-39,40.422766
2,-27,-3,27.239677
8,-22,4,23.748684
-42,-7,-11,43.977267
-19,31,8,37.229021
7,-17,-4,18.814888
-42,-18,-12,47.244047
6,-16,10,19.798990
-24,-1,-3,24.207437
15,-1,-20,25.019992
0,4,-30,30.265492
-7,-9,-10,15.165751
15,2,25,29.223278
2,-11,33,34.842503
6,-14,34,37.255872
27,-6,9,29.086079
-11,22,-11,26.944387
-9,19,16,26.419690
-4,4,8,9.797959
24,-16,26,38.832976
-19,0,31,36.359318
5,10,9,14.352700
-39,-20,-1,43.840620
35,-4,-9,36.359318
-28,-24,10,38.209946
5,-8,-13,16.062378
-13,16,13,24.372115
-13,2,-13,18.493242
6,-8,-12,15.620499
3,-26,1,26.191602
13,3,18,22.405357
9,2,27,28.530685
-14,-10,12,20.976177
-9,14,11,19.949937
-43,23,-28,56.231664
-8,18,30,35.888717
-10,12,14,20.976177
1,-32,1,32.031235
-36,-7,-7,37.336309
18,20,-4,27.202941
-7,-17,2,18.493242
42,24,-10,49.396356
-6,-35,9,36.633318
-10,-15,-13,22.226111
32,15,11,37.013511
8,-10,-20,23.748684
-18,-6,4,19.390719
33,13,-4,35.693137
-10,28,2,29.799329
-8,-1,7,10.677078
10,4,-2,10.954451
8,-12,-24,28.000000
47,15,-4,49.497475
-20,7,9,23.021729
1,-9,-30,31.336879
-18,38,-12,43.726422
14,-18,0,22.803509
-13,42,17,47.138095
-11,-3,-28,30.232433
-15,2,21,25.884358
9,14,5,17.378147
14,-4,-2,14.696938
-4,-11,3,12.083046
-29,9,20,36.359318
3,-53,2,53.122500
13,-19,-12,25.961510
42,-9,-15,45.497253
-13,-24,-21,34.438351
23,-7,-34,41.641326
-27,5,10,29.223278
27,-15,4,31.144823
-7,-10,1,12.247449
0,15,11,18.601075
-18,24,-14,33.105891
-29,13,20,37.549967
-22,3,5,22.759613
-4,-31,25,40.024992
24,30,-52,64.652920
-19,-24,29,42.166337
-38,9,-17,42.591079
32,3,-5,32.526912
-5,-9,2,10.488088
6,-30,22,37.682887
-7,3,-4,8.602325
-10,0,-14,17.204651
23,-12,11,28.178006
11,33,0,34.785054
-25,3,-2,25.258662
5,-5,42,42.591079
7,10,13,17.832555
-25,-14,5,29.086079
-19,8,37,42.355637
-7,1,-20,21.213203
-2,11,13,17.146428
15,-15,-2,21.307276
-8,-25,45,52.096065
3,26,11,28.390139
-16,8,20,26.832816
-6,-1,31,31.591138
13,-9,10,18.708287
45,17,6,48.476799
-26,3,-13,29.223278
-45,13,-20,50.931326
-15,33,14,38.858718
16,-6,-24,29.461840
1,-3,-20,20.248457
-11,-11,2,15.684387
28,-14,-26,40.693980
-28,9,19,35.014283
4,6,-18,19.390719
-26,-2,18,31.685959
20,17,17,31.272992
-2,-18,14,22.891046
18,29,-15,37.282704
39,-10,-15,42.965102
-2,2,18,18.220867
-4,39,-23,45.453273
-47,5,16,49.899900
-15,-13,-8,21.400935
3,4,-25,25.495098
0,12,22,25.059928
13,-16,-3,20.832667
-14,-7,-1,15.684387
3,-6,-11,12.884099
-19,-20,-15,31.400637
1,17,24,29.427878
10,-14,-28,32.863353
-16,-17,-3,23.537205
27,11,-12,31.527766
-12,7,9,16.552945
-4,16,14,21.633308
28,3,-19,33.970576
17,-12,15,25.651511
5,45,10,46.368092
-10,-4,-2,10.954451
-5,4,1,6.480741
-3,15,-24,28.460499
30,-2,0,30.066593
10,10,-6,15.362291
4,25,-35,43.197222
27,-3,8,28.319605
7,-21,26,34.146742
34,37,5,50.497525
26,8,-12,29.732137
-20,-4,0,20.396078
3,2,-15,15.427249
34,8,20,40.249224
-12,-15,9,21.213203
19,4,13,23.366643
24,-7,29,38.288379
2,23,-5,23.622024
46,-10,-18,50.398413
10,11,15,21.118712
13,37,16,42.355637
-4,-3,-15,15.811388
23,-27,-2,35.524639
4,16,0,16.492423
-16,15,-17,27.748874
7,48,-13,50.219518
-30,-24,34,51.303021
-15,-5,-32,35.693137
37,2,-13,39.268308
5,-17,10,20.346990
33,13,-24,42.825226
3,10,21,23.452079
18,-34,28,47.581509
6,30,-6,31.176915
-1,6,17,18.055470
19,-7,16,25.806976
-19,7,20,28.460499
30,-7,9,32.093613
14,6,26,30.133038
-46,-7,-31,55.910643
-16,13,-41,45.891176
9,17,12,22.671568
22,-30,-16,40.496913
2,11,-45,46.368092
-1,-14,-13,19.131126
2,2,-2,3.464102
5,-14,17,22.583180
-8,30,-2,31.112698
-27,-5,0,27.459060
7,-1,28,28.879058
15,-8,-9,19.235384
-42,3,-5,42.402830
-3,27,-48,55.154329
6,-8,26,27.856777
19,4,5,20.049938
32,-1,23,39.420807
-23,7,10,26.038433
-11,17,-6,21.118712
11,3,-6,12.884099
15,25,-14,32.341923
18,-50,12,54.479354
0,6,-26,26.683328
-11,3,-6,12.884099
5,2,11,12.247449
11,23,-30,39.370039
23,25,18,38.444766
-11,34,-23,42.497059
-9,-13,10,18.708287
2,-14,8,16.248077
0,1,-19,19.026298
-14,-19,29,37.389838
8,-6,-16,18.867962
3,-1,12,12.409674
-9,11,14,19.949937
10,6,8,14.142136
-9,-23,14,28.390139
18,11,-5,21.679483
-28,-29,15,43.011626
-2,8,6,10.198039
9,54,41,68.395906
38,33,17,53.122500
-14,-29,-11,34.029399
-1,18,9,20.149442
0,26,12,28.635642
-7,-17,20,27.166155
-9,20,9,23.706539
-6,13,-23,27.092434
3,9,8,12.409674
6,-1,21,21.863211
7,-19,12,23.537205
-24,11,9,27.892651
4,-52,-8,52.763624
-1,28,3,28.178006
-25,6,-9,27.239677
-12,31,-1,33.256578
24,17,31,42.731721
-38,-13,-17,43.611925
9,-5,4,11.045361
3,-25,-6,25.884358
11,-41,30,51.980766
-1,-32,-17,36.249138
4,44,16,46.989360
-9,1,-4,9.899495
-23,-2,-5,23.622024
-13,5,-2,14.071247
-5,-2,-7,8.831761
-19,24,1,30.626786
-18,46,-36,61.122827
10,0,18,20.591260
19,-9,-22,30.430248
-20,-52,-4,55.856960
36,1,3,36.138622
-9,-2,15,17.606817
36,-5,15,39.319207
-10,-26,16,32.124757
-23,19,16,33.852622
-6,7,-19,21.118712
20,0,-40,44.721360
10,4,-10,14.696938
-11,-58,-21,62.657801
22,24,-4,32.802439
10,18,-8,22.090722
5,14,17,22.583180
14,8,24,28.913665
-28,-11,7,30.886890
0,3,-13,13.341664
48,-5,5,48.518038
-23,20,25,39.420807
33,-6,21,39.572718
2,-13,3,13.490738
-3,-6,-11,12.884099
16,13,31,37.229021
6,7,-5,10.488088
8,-37,5,38.183766
-15,-4,7,17.029386
-7,4,-5,9.486833
-7,0,5,8.602325
-31,-18,-21,41.545156
29,4,3,29.427878
-2,-9,-11,14.352700
-20,-3,-19,27.748874
-6,-18,-2,19.078784
25,-17,22,37.389838
16,0,20,25.612497
-31,8,5,32.403703
17,10,11,22.583180
-7,-13,12,19.026298
-7,19,-6,21.118712
19,-8,-1,20.639767
11,18,23,31.208973
28,20,24,41.952354
-14,-10,-42,45.387223
5,-36,1,36.359318
-23,2,-29,37.067506
-7,-16,9,19.646883
-14,-29,7,32.954514
1,-9,18,20.149442
-25,36,5,44.113490
21,-5,6,22.405357
-11,-2,-31,32.954514
-14,-23,-33,42.591079
11,-14,19,26.038433
21,0,-9,22.847319
-11,-8,9,16.309506
33,-7,2,33.793490
-30,-5,-7,31.208973
7,-39,-30,49.699095
-35,37,18,54.018515
-15,0,13,19.849433
11,6,17,21.118712
8,-49,-7,50.139805
-11,7,-10,16.431677
1,27,20,33.615473
26,-3,9,27.676705
5,4,-19,20.049938
-12,26,-4,28.913665
17,6,-17,24.779023
30,-4,32,44.045431
-6,23,-15,28.106939
-16,-4,26,30.789609
-7,13,0,14.764823
8,39,-19,44.113490
-14,-14,-62,65.084560
2,14,34,36.823905
37,16,15,43.011626
13,-4,-39,41.303753
-8,16,24,29.933259
-24,29,-19,42.166337
18,-8,40,44.586994
-1,29,12,31.400637
-23,27,2,35.524639
14,3,27,30.561414
-25,39,4,46.497312
19,11,0,21.954498
12,13,33,37.443290
1,41,22,46.540305
15,-4,-17,23.021729
12,-25,5,28.178006
-32,45,7,55.659680
-4,12,-18,22.000000
2,-51,-13,52.668776
-15,-11,-28,33.615473
1,7,-14,15.684387
-23,11,12,28.178006
-22,-14,-16,30.594117
-24,-20,4,31.496031
16,-12,12,23.323808
12,-1,-13,17.720045
-21,20,-11,31.016125
10,32,12,35.608988
-4,-16,6,17.549929
3,27,16,31.527766
-3,-11,14,18.055470
21,-52,11,57.148928
-23,-27,-26,43.977267
-4,-33,-17,37.336309
-5,6,-3,8.366600
-11,11,-12,19.646883
-20,-22,-4,30.000000
-13,16,1,20.639767
-12,-33,-19,39.924930
-6,20,18,27.568098
-1,4,1,4.242641
6,0,-8,10.000000
32,-14,10,36.331804
44,-22,-10,50.199602
21,18,7,28.530685
-15,8,-29,33.615473
16,20,-6,26.305893
4,-29,-11,31.272992
-1,16,3,16.309506
-38,27,-15,48.969378
10,-12,-6,16.733201
11,-11,16,22.315914
-26,7,-9,28.390139
21,-9,16,27.892651
-11,7,-26,29.086079
-27,8,-17,32.893768
-43,-5,30,52.668776
-1,-2,-11,11.224972
20,41,-5,45.891176
33,-16,-3,36.796739
-33,5,-6,33.911650
16,14,0,21.260292
42,-42,0,59.396970
-18,-9,1,20.149442
-16,-26,-22,37.629775
-14,38,-10,41.713307
11,-28,1,30.099834
-13,-12,-13,21.954498
-18,-33,47,60.183054
-9,-18,-19,27.676705
10,-8,12,17.549929
-18,-3,-27,32.588341
1,2,-11,11.224972
26,15,-1,30.033315
13,-26,-5,29.495762
-16,13,-19,28.035692
9,0,1,9.055385
-1,16,9,18.384776
26,10,8,28.982753
0,-13,3,13.341664
10,-12,30,33.823069
-5,-15,46,48.641546
17,13,-32,38.496753
-4,-20,12,23.664319
-7,-25,-8,27.166155
12,12,-26,31.048349
3,39,0,39.115214
0,-9,-13,15.811388
2,24,-42,48.414874
21,-31,16,40.718546
6,16,28,32.802439
-23,-23,18,37.175261
-14,16,2,21.354157
-33,-14,-21,41.545156
12,35,-3,37.121422
18,22,8,29.529646
44,-8,30,53.851648
-17,18,17,30.033315
-24,13,9,28.740216
15,-7,-24,29.154759
12,-25,-17,32.526912
28,31,-9,42.731721
9,-25,-10,28.390139
-24,16,12,31.240999
-6,-26,-10,28.495614
-1,22,1,22.045408
-11,-6,5,13.490738
-3,-30,7,30.951575
3,19,2,19.339080
26,-17,-15,34.496377
29,2,-11,31.080541
26,-19,-5,32.588341
-7,-14,-23,27.820855
29,-29,-18,44.788391
-19,-3,2,19.339080
-5,10,-29,31.080541
15,-27,12,33.136083
-26,36,18,47.916594
-3,12,-7,14.212670
-4,0,-2,4.472136
1,-1,4,4.242641
19,6,9,21.863211
21,-8,5,23.021729
-39,-43,0,58.051701
16,-20,10,27.495454
-25,6,7,26.645825
-20,-13,1,23.874673
15,-31,-16,37.973675
-2,6,2,6.633250
31,-6,-13,34.146742
-15,16,-11,24.535688
11,-15,-4,19.026298
-12,-20,-18,29.461840
38,-6,-2,38.522721
16,-1,7,17.492856
3,8,-1,8.602325
-2,-20,-20,28.354894
-36,-1,15,39.012818
27,-11,-4,29.427878
6,-46,-8,47.074409
-19,25,0,31.400637
-17,-12,9,22.671568
44,34,12,56.885851
1,-14,1,14.071247
0,-16,-26,30.528675
-3,14,11,18.055470
22,3,-11,24.779023
-7,12,-23,26.870058
21,-8,-13,25.961510
-16,15,-19,29.017236
-2,9,5,10.488088
12,30,-10,33.823069
9,10,-19,23.280893
16,-16,24,32.984845
-23,2,7,24.124676
28,29,-19,44.564560
9,-27,8,29.563491
-23,-20,-15,33.970576
6,18,24,30.594117
-2,-17,-3,17.378147
14,4,0,14.560220
15,16,5,22.494444
-10,0,12,15.620499
4,0,-8,8.944272
17,-16,-27,35.693137
21,16,-5,26.870058
-14,7,-7,17.146428
-3,8,1,8.602325
-12,-23,1,25.961510
-28,-8,14,32.310989
12,-25,7,28.600699
-21,5,6,22.405357
-19,-13,4,23.366643
-10,-12,-4,16.124515
-29,-43,-26,58.017239
17,7,40,44.022721
9,-14,11,19.949937
-12,-13,-11,20.832667
-31,-16,-3,35.014283
28,-18,12,35.383612
13,4,-25,28.460499
-9,-16,19,26.419690
12,-5,19,23.021729
-9,25,22,34.496377
-27,0,7,27.892651
-14,-17,-5,22.583180
15,9,-16,23.706539
7,-27,16,32.155870
10,-28,-2,29.799329
-27,-6,-15,31.464265
-29,-25,20,43.197222
-8,-10,6,14.142136
15,46,13,50.099900
-4,0,6,7.211103
-57,30,17,66.618316
-13,-3,-2,13.490738
15,-5,34,37.496667
-3,12,-15,19.442222
3,-1,14,14.352700
0,-5,-15,15.811388
15,19,-12,27.018512
12,8,4,14.966630
-37,-20,-5,42.355637
6,-3,-21,22.045408
-3,-9,-42,43.058100
-47,11,-46,66.678332
32,21,5,38.600518
-41,-8,13,43.749286
10,-6,16,19.798990
4,13,1,13.638182
22,6,18,29.051678
-10,2,-4,10.954451
23,-16,15,31.780497
11,6,-5,13.490738
-13,-1,0,13.038405
27,10,21,35.637059
-1,5,8,9.486833
-24,36,38,57.584720
-7,7,20,22.315914
-16,-18,6,24.819347
12,5,21,24.698178
27,49,-2,55.982140
-22,-9,-21,31.717503
-13,2,-17,21.494185
36,4,-38,52.497619
2,23,1,23.108440
13,-6,-9,16.911535
-1,-38,13,40.174619
20,-42,2,46.561787
18,15,-3,23.622024
-30,29,-15,44.339599
12,1,29,31.400637
-16,-21,5,26.870058
-7,-1,-40,40.620192
32,4,28,42.708313
23,8,19,30.886890
9,5,-20,22.494444
-30,-19,-39,52.744668
-10,-3,-11,15.165751
-24,-1,9,25.651511
16,11,-19,27.166155
-11,17,-20,28.460499
8,-8,-16,19.595918
-6,-5,-49,49.618545
-4,-31,7,32.031235
12,24,-52,58.514955
34,16,18,41.665333
-7,-29,6,30.430248
-10,7,33,35.185224
-6,-31,31,44.249294
-7,-5,-4,9.486833
-6,-17,7,19.339080
6,-22,-16,27.856777
-10,12,-12,19.697716
15,2,7,16.673332
23,-3,-16,28.178006
6,-9,-17,20.149442
2,17,35,38.961519
-9,8,-9,15.033296
9,15,20,26.570661
-1,16,-9,18.384776
-13,6,-9,16.911535
-4,-13,9,16.309506
16,16,-2,22.715633
-3,-4,1,5.099020
-2,2,-4,4.898979
-2,-36,-28,45.650849
-22,14,0,26.076810
7,-4,19,20.639767
-28,-2,4,28.354894
2,15,29,32.710854
1,-17,-16,23.366643
14,11,-1,17.832555
11,6,3,12.884099
11,0,-7,13.038405
-20,1,19,27.604347
19,-14,-11,26.038433
-19,-22,5,29.495762
-25,4,-13,28.460499
27,-1,24,36.138622
4,25,1,25.337719
6,18,0,18.973666
-5,19,-2,19.748418
19,19,-8,28.035692
-17,-11,26,32.954514
1,-29,16,33.136083
-3,-12,11,16.552945
9,-21,-38,44.339599
27,14,-23,38.131352
-21,16,5,26.870058
6,8,-2,10.198039
17,-7,-12,21.954498
7,-18,-3,19.544820
-2,-19,-63,65.833122
-9,33,18,38.652296
-6,4,16,17.549929
22,9,-31,39.064050
-11,21,-4,24.041631
-36,-22,16,45.122057
-3,-11,8,13.928388
25,3,-6,25.884358
3,2,-27,27.239677
8,32,-16,36.660606
-14,-7,-9,18.055470
9,-4,-5,11.045361
-10,-16,0,18.867962
28,-16,52,61.188234
12,-24,4,27.129320
-29,27,22,45.321077
-3,-11,-8,13.928388
-5,-5,24,25.019992
32,-29,5,43.474130
33,10,-17,38.444766
33,-18,-5,37.920970
3,-3,12,12.727922
-1,-4,1,4.242641
-13,-7,2,14.899664
-16,-15,9,23.706539
9,-7,-10,15.165751
12,0,14,18.439089
-18,-56,-2,58.855756
13,2,21,24.779023
-21,12,35,42.544095
-3,-11,20,23.021729
6,-5,-43,43.703547
-13,-23,4,26.720778
-33,15,-8,37.121422
14,13,3,19.339080
-26,24,8,36.276714
28,1,1,28.035692
3,-25,12,27.892651
-20,-11,-5,23.366643
15,7,6,17.606817
3,22,7,23.280893
-2,12,6,13.564660
6,-3,-21,22.045408
-4,-4,6,8.246211
-18,-16,-8,25.377155
15,7,0,16.552945
-22,21,-3,30.561414
2,-2,-2,3.464102
-5,-21,12,24.698178
-7,0,3,7.615773
27,17,-14,34.842503
12,-37,-13,41.012193
-2,-8,-2,8.485281
-14,-15,17,26.645825
-21,-7,22,31.208973
-20,-17,5,26.720778
-16,3,-11,19.646883
-4,19,15,24.535688
-32,-15,21,41.109610
-1,11,-36,37.656341
18,-29,-1,34.146742
20,-16,6,26.305893
-17,-11,-20,28.460499
-18,-6,-6,19.899749
-9,-14,-11,19.949937
-23,0,-13,26.419690
10,13,3,16.673332
-5,37,-4,37.549967
-13,-13,18,25.729361
3,-8,7,11.045361
-10,1,15,18.055470
31,-1,14,34.029399
-5,-16,-25,30.099834
-3,-14,27,30.561414
-5,3,10,11.575837
6,-28,12,31.048349
-9,-20,5,22.494444
-3,13,-14,19.339080
-11,15,-2,18.708287
-33,14,9,36.959437
-3,-29,-6,29.765752
3,-35,-18,39.471509
-11,0,-21,23.706539
2,-22,0,22.090722
-26,7,-31,41.060930
-9,11,14,19.949937
14,15,-3,20.736441
-5,16,-9,19.026298
-43,3,6,43.520110
15,-15,16,26.570661
-1,14,-19,23.622024
16,-31,15,37.973675
23,5,10,25.573424
-42,18,-32,55.785303
32,2,-12,34.234486
-6,-3,7,9.695360
-18,-4,22,28.705400
12,-32,4,34.409301
14,36,6,39.089641
0,8,-12,14.422205
-5,-28,1,28.460499
-5,-9,2,10.488088
0,-27,17,31.906112
-18,-11,9,22.934690
-6,-2,8,10.198039
14,-6,0,15.231546
4,-18,4,18.867962
-12,-5,-15,19.849433
-17,2,-7,18.493242
-13,-3,12,17.944358
-42,13,1,43.977267
11,-22,45,51.283526
-19,-21,2,28.390139
8,22,46,51.613952
11,-3,20,23.021729
-2,3,11,11.575837
2,-20,32,37.788887
-5,56,-3,56.302753
-17,-1,10,19.748418
-4,-17,-19,25.806976
2,-19,-31,36.414283
-6,-8,-2,10.198039
27,-11,34,44.788391
-33,-24,13,42.825226
-8,-3,-63,63.576725
11,-25,-18,32.710854
-20,-19,55,61.530480
12,-2,6,13.564660
-12,-2,6,13.564660
-34,3,-17,38.131352
40,-13,7,42.638011
-8,-14,16,22.715633
-38,6,30,48.785244
5,9,-6,11.916375
-4,5,-9,11.045361
-6,-20,0,20.880613
-34,3,23,41.158231
29,4,-13,32.031235
11,42,13,45.321077
20,35,-19,44.564560
0,-2,16,16.124515
-1,-2,-3,3.741657
11,1,-34,35.749126
6,-12,-4,14.000000
2,-33,21,39.166312
-33,-18,23,44.068129
-6,8,14,17.204651
43,-25,8,50.378567
8,-4,-14,16.613248
-25,13,28,39.724048
-20,-6,-22,30.331502
-2,-37,-9,38.131352
-18,-23,9,30.561414
-19,12,-15,27.018512
-28,-17,17,36.905284
-2,7,9,11.575837
1,3,36,36.138622
10,-38,2,39.344631
15,-13,-18,26.795522
-5,-9,-38,39.370039
10,16,-6,19.798990
10,9,-23,26.645825
18,-6,12,22.449944
-8,27,7,29.017236
-13,11,12,20.832667
-14,-1,-5,14.899664
34,-6,10,35.944402
-3,-12,-5,13.341664
-28,-3,-31,41.880783
-9,-8,-15,19.235384
9,7,-4,12.083046
-19,-29,-16,38.183766
9,37,4,38.288379
-23,20,1,30.495901
6,1,27,27.676705
11,4,1,11.747340
-2,11,-23,25.573424
10,-45,-9,46.968074
29,-9,-4,30.626786
-26,-37,23,50.734604
3,12,-9,15.297059
55,-1,18,57.879185
-3,16,-29,33.256578
-10,2,8,12.961481
-34,-2,-8,34.985711
39,4,5,39.522146
20,6,-12,24.083189
-3,3,-30,30.298515
9,26,3,27.676705
-28,-30,-16,44.045431
-3,0,-3,4.242641
7,8,-7,12.727922
20,12,2,23.409400
-16,16,-20,30.199338
-19,0,-9,21.023796
35,5,26,43.886217
15,13,-6,20.736441
30,-25,7,39.673669
38,0,-2,38.052595
-23,2,9,24.779023
-2,12,-10,15.748016
-11,27,-12,31.527766
-1,-21,18,27.676705
6,14,8,17.204651
-16,-22,8,28.354894
4,-12,-16,20.396078
-22,21,33,44.877611
-1,1,-16,16.062378
5,-17,-6,18.708287
-15,-4,-9,17.944358
-8,-11,-3,13.928388
7,15,-8,18.384776
16,10,-22,28.982753
8,7,31,32.771939
-8,7,-33,34.669872
-7,15,6,17.606817
-13,5,-16,21.213203
10,-6,-18,21.447611
5,9,-8,13.038405
21,9,44,49.578221
-19,15,30,38.548671
12,-19,-33,39.924930
-10,0,0,10.000000
-12,3,-19,22.671568
15,-22,21,33.911650
23,-7,-20,31.272992
9,9,4,13.341664
-4,-7,-11,13.638182
-1,5,-6,7.874008
19,4,1,19.442222
18,-2,8,19.798990
-24,-4,-10,26.305893
18,11,-7,22.226111
-6,12,0,13.416408
14,13,1,19.131126
-28,12,-10,32.062439
7,8,-25,27.166155
2,44,6,44.452222
15,11,12,22.135944
-27,1,14,30.430248
-30,0,-4,30.265492
-2,-23,3,23.280893
-22,-6,24,33.105891
6,6,30,31.176915
-12,41,-41,59.211485
-4,-18,-8,20.099751
19,-2,23,29.899833
9,31,2,32.341923
9,-18,-17,26.343880
-16,3,-7,17.720045
-21,-17,-8,28.178006
-2,-17,29,33.674916
23,-21,36,47.602521
-10,-4,-26,28.142495
-6,-4,-6,9.380832
-2,-7,-19,20.346990
10,-17,15,24.779023
24,-10,6,26.683328
13,12,-9,19.849433
-22,-23,19,37.067506
5,9,-8,13.038405
-22,-1,31,38.026307
-18,15,5,23.958297
-2,-29,-19,34.727511
12,45,5,46.840154
-35,31,-10,47.812132
-6,-20,6,21.725561
-5,3,-6,8.366600
-12,-16,-12,23.323808
-14,-26,-18,34.583233
-2,1,-27,27.092434
29,-26,-15,41.737274
-27,-14,43,52.668776
18,6,-48,51.613952
-51,-7,18,54.534393
6,-13,9,16.911535
-28,11,9,31.400637
-35,-1,4,35.242020
7,0,13,14.764823
7,20,21,29.832868
-21,-29,6,36.304270
1,18,19,26.191602
0,7,-23,24.041631
1,0,-17,17.029386
46,4,-2,46.216880
-9,-3,-28,29.563491
26,-31,-7,41.060930
-16,15,-1,21.954498
-8,9,5,13.038405
-29,0,17,33.615473
26,-15,11,31.968735
-12,-15,13,23.194827
3,-12,-13,17.944358
-7,37,18,41.737274
-14,-42,12,45.869380
-2,-26,-6,26.758176
-4,-29,17,33.852622
23,-12,1,25.961510
33,5,-10,34.842503
21,-1,-14,25.258662
-6,14,6,16.370706
30,54,6,62.064483
6,5,5,9.273618
24,-8,8,26.532998
-22,-24,-12,34.698703
2,3,1,3.741657
-31,17,12,37.336309
-10,1,-9,13.490738
28,11,11,32.031235
-13,-24,13,30.232433
-20,-8,24,32.249031
9,6,-27,29.086079
-32,-23,1,39.420807
-18,15,-3,23.622024
0,0,22,22.000000
-7,-30,-19,36.193922
-28,-8,6,29.732137
-16,8,12,21.540659
2,33,11,34.842503
16,-10,20,27.495454
-21,20,21,35.805028
12,-20,12,26.229754
-20,14,-2,24.494897
-19,3,12,22.671568
-9,-12,-19,24.207437
-39,-2,1,39.064050
7,-21,-10,24.289916
29,2,29,41.060930
0,38,12,39.849718
-35,24,-15,45.011110
-10,27,-15,32.465366
-9,28,27,39.924930
20,-3,-45,49.335586
38,-43,11,58.429445
-16,33,5,37.013511
-9,-1,0,9.055385
-1,-14,-7,15.684387
10,-36,14,39.899875
-8,15,-21,27.018512
-32,-14,10,36.331804
11,3,20,23.021729
-3,-4,-7,8.602325
0,4,0,4.000000
6,4,10,12.328828
-33,14,-1,35.860842
-17,31,4,35.580894
2,-16,2,16.248077
1,13,14,19.131126
17,22,-3,27.964263
-18,16,-2,24.166092
7,-5,0,8.602325
-16,-4,2,16.613248
10,22,-2,24.248711
-21,-3,-2,21.307276
9,11,-2,14.352700
-25,1,-10,26.944387
-12,-4,-8,14.966630
-11,34,-35,50.019996
-6,1,-31,31.591138
34,-15,-13,39.370039
34,-14,-12,38.678159
12,10,-12,19.697716
-17,0,3,17.262677
23,-19,10,31.464265
-7,8,-33,34.669872
-12,-19,1,22.494444
-10,2,-12,15.748016
-1,-4,3,5.099020
14,-12,2,18.547237
-11,-7,-12,17.720045
-4,-11,19,22.315914
37,3,-8,37.973675
41,20,-21,50.219518
-6,3,-5,8.366600
-11,-2,-3,11.575837
-14,-26,8,30.594117
26,-50,-4,56.497788
16,-3,-1,16.309506
-8,10,4,13.416408
7,4,-27,28.178006
-8,-14,0,16.124515
18,19,1,26.191602
23,-8,-25,34.899857
7,4,9,12.083046
-42,40,28,64.404969
-11,8,-13,18.814888
-5,29,-10,31.080541
12,11,-25,29.832868
8,14,-22,27.276363
-32,25,-5,40.914545
21,-14,5,25.729361
10,-6,-4,12.328828
-36,-1,11,37.656341
5,-17,20,26.720778
-20,-6,-10,23.151674
-26,25,13,38.340579
16,-13,3,20.832667
10,-11,15,21.118712
23,-7,6,24.779023
-18,-3,-13,22.405357
15,-14,1,20.542639
24,27,-17,39.924930
-5,-21,-10,23.790755
35,-12,-1,37.013511
-13,5,4,14.491377
-12,3,-19,22.671568
-16,-16,6,23.409400
-25,4,-47,53.385391
18,5,-25,31.208973
15,6,9,18.493242
-37,-30,-9,48.476799
22,-7,-21,31.208973
-25,5,20,32.403703
3,9,-22,23.958297
2,-6,2,6.633250
27,13,10,31.591138
-8,19,13,24.372115
-47,5,16,49.899900
-2,10,-22,24.248711
-11,-8,-13,18.814888
24,-28,-20,41.952354
16,3,-7,17.720045
-7,14,-33,36.523965
-12,21,-1,24.207437
0,-5,23,23.537205
-25,-28,-5,37.868192
-16,1,37,40.323690
-3,-14,21,25.416530
-8,-22,-26,34.985711
-19,-4,-15,24.535688
6,-6,4,9.380832
34,25,-1,42.213742
-23,1,-16,28.035692
-13,14,-1,19.131126
3,2,1,3.741657
5,20,23,30.886890
-25,-6,23,34.496377
26,-2,14,29.597297
0,23,-17,28.600699
-47,31,-16,58.532043
-19,1,-14,23.622024
32,24,18,43.863424
12,-11,7,17.720045
-5,27,-14,30.822070
-14,21,13,28.390139
-19,8,-53,56.868269
15,19,20,31.400637
-5,-28,33,43.566042
6,-27,-19,33.555923
-2,-18,4,18.547237
2,21,-9,22.934690
14,-29,-33,46.108568
13,16,5,21.213203
15,5,6,16.911535
6,6,14,16.370706
6,36,2,36.551334
-10,-19,-33,39.370039
-6,11,-13,18.055470
8,0,-38,38.832976
-52,-30,-10,60.860496
-10,13,-13,20.928450
7,19,28,34.554305
27,43,4,50.931326
11,-32,9,35.014283
-17,-3,22,27.964263
-2,6,10,11.832160
-5,-6,-21,22.405357
-22,29,7,37.067506
14,-11,-3,18.055470
-22,-21,7,31.208973
7,20,11,23.874673
-29,0,31,42.449971
-2,-39,27,47.476310
10,-8,30,32.619013
24,24,30,45.299007
11,20,25,33.852622
-12,-27,7,30.364453
2,24,-14,27.856777
8,11,-21,25.019992
19,13,16,28.035692
-16,-6,8,18.867962
17,6,9,20.149442
-13,21,-6,25.416530
-7,-45,-22,50.576674
7,16,-1,17.492856
-2,19,-1,19.131126
15,-15,10,23.452079
-9,24,-5,26.115130
-7,2,23,24.124676
0,-6,4,7.211103
-9,-21,-4,23.194827
6,-21,19,28.948230
13,-14,-1,19.131126
20,-25,-15,35.355339
-4,-4,-2,6.000000
-1,-1,-14,14.071247
16,-13,-9,22.494444
3,31,-18,35.972211
-8,-10,-12,17.549929
4,6,-22,23.151674
-36,17,15,42.544095
6,14,6,16.370706
-24,1,3,24.207437
-54,-17,5,56.833089
36,-4,18,40.447497
24,32,0,40.000000
13,-19,26,34.727511
51,18,-1,54.092513
23,-21,2,31.208973
6,-26,2,26.758176
-18,-13,33,39.774364
-32,-21,33,50.537115
-3,4,13,13.928388
21,-9,10,24.939928
-13,22,-19,31.843367
-40,-10,40,57.445626
-12,-7,7,15.556349
-9,-34,-11,36.851052
-17,-20,1,26.267851
-24,6,30,38.884444
-21,1,10,23.280893
10,19,-15,26.191602
-6,-15,25,29.765752
-27,11,2,29.223278
-1,6,17,18.055470
-38,-27,5,46.882833
18,-6,34,38.935845
28,46,-18,56.780278
-21,6,-31,37.920970
7,5,32,33.136083
-7,2,17,18.493242
7,30,-3,30.951575
8,2,-6,10.198039
17,-10,-31,36.742346
24,0,12,26.832816
-17,-8,19,26.720778
0,-1,7,7.071068
-17,-16,23,32.771939
34,4,16,37.788887
-15,25,0,29.154759
4,1,-1,4.242641
-1,5,-2,5.477226
30,1,-3,30.166206
1,-1,0,1.414214
-11,10,9,17.378147
-12,2,-44,45.650849
30,-25,15,41.833001
20,27,-19,38.600518
1,18,-1,18.055470
-27,-16,-45,54.863467
-6,19,29,35.185224
17,2,-33,37.175261
-10,24,6,26.683328
14,-20,-2,24.494897
7,-20,11,23.874673
-11,23,-14,29.086079
8,-5,1,9.486833
-1,7,-6,9.273618
8,-18,-22,29.529646
-30,2,-16,34.058773
1,0,1,1.414214
-19,5,-16,25.337719
-4,-10,-6,12.328828
34,-1,-1,34.029399
-10,33,-27,43.794977
4,-1,-9,9.899495
52,14,0,53.851648
15,16,-19,29.017236
-9,-1,14,16.673332
-11,36,-25,45.188494
-7,13,2,14.899664
23,-14,1,26.944387
-2,-21,-23,31.208973
-22,2,-20,29.799329
4,20,-24,31.496031
-33,21,-10,40.373258
9,36,-9,38.183766
18,-10,-52,55.928526
24,46,-6,52.230259
-3,11,4,12.083046
-6,-5,-7,10.488088
16,-2,-18,24.166092
-29,-1,-12,31.400637
-2,4,4,6.000000
16,39,37,56.089215
-15,12,-57,60.149813
-10,5,11,15.684387
-19,-1,-10,21.494185
-3,-3,-10,10.862780
7,-1,-10,12.247449
-35,20,-15,43.011626
-2,20,-10,22.449944
-7,-11,18,22.226111
13,-8,-1,15.297059
19,23,2,29.899833
-8,4,12,14.966630
-12,-15,-13,23.194827
-21,-7,-12,25.179357
-8,15,23,28.600699
3,11,10,15.165751
9,-8,1,12.083046
19,12,49,53.907328
3,-7,0,7.615773
14,12,-2,18.547237
-21,-1,-6,21.863211
5,7,8,11.747340
3,6,13,14.628739
3,21,-4,21.587033
24,13,-1,27.313001
-6,-8,18,20.591260
7,1,-4,8.124038
4,-20,-14,24.738634
12,10,6,16.733201
-4,5,-11,12.727922
3,-8,1,8.602325
-7,9,-30,32.093613
-14,22,-16,30.594117
-10,-10,-10,17.320508
38,13,7,40.767634
27,-5,-34,43.703547
9,16,19,26.419690
22,7,9,24.779023
14,10,-10,19.899749
-10,-1,7,12.247449
0,14,28,31.304952
6,2,-6,8.717798
-6,-19,-33,38.548671
-18,-13,25,33.436507
-1,-5,24,24.535688
-17,20,-7,27.166155
-9,-4,47,48.020829
-1,-9,-2,9.273618
0,-23,11,25.495098
4,11,-13,17.492856
7,-5,-20,21.771541
-5,4,9,11.045361
25,3,12,27.892651
7,13,-18,23.280893
36,22,-6,42.614552
-19,-6,11,22.759613
5,-20,-49,53.160135
-9,-14,-17,23.790755
11,-20,-5,23.366643
17,-8,-9,20.832667
18,-2,-40,43.908997
-12,17,7,21.954498
26,-8,0,27.202941
28,-5,-5,28.879058
9,30,31,44.068129
14,-9,-15,22.405357
9,-21,-26,34.612137
11,-22,25,35.071356
-16,28,16,36.000000
-12,0,38,39.849718
-2,40,28,48.867167
-20,32,-14,40.249224
24,-16,-4,29.120440
3,22,7,23.280893
-5,13,16,21.213203
-39,10,13,42.308392
-10,-24,8,27.202941
29,22,-11,38.026307
20,-29,-13,37.549967
6,-15,-19,24.939928
-14,33,15,38.858718
21,4,-25,32.893768
-6,6,6,10.392305
17,18,11,27.092434
24,-2,38,44.988888
-11,18,-3,21.307276
6,-11,-13,18.055470
-9,15,-22,28.106939
14,11,1,17.832555
5,36,-13,38.600518
0,6,-14,15.231546
11,28,5,30.495901
25,-1,18,30.822070
-3,-27,6,27.820855
14,-13,1,19.131126
-20,19,7,28.460499
10,23,-13,28.248894
-7,5,-2,8.831761
-13,11,6,18.055470
-5,31,12,33.615473
0,20,-8,21.540659
20,-12,32,39.597980
22,-20,2,29.799329
0,7,27,27.892651
8,3,-11,13.928388
1,13,8,15.297059
16,47,1,49.658836
19,34,15,41.737274
1,8,-3,8.602325
-3,9,-12,15.297059
-7,-20,-15,25.961510
25,-8,17,31.272992
24,28,-8,37.735925
7,16,-1,17.492856
11,60,1,61.008196
21,-10,11,25.729361
-16,24,-14,32.062439
11,11,14,20.928450
-12,12,-18,24.738634
18,5,15,23.958297
-14,-38,0,40.496913
10,-34,-22,41.713307
7,11,-8,15.297059
-24,-2,-20,31.304952
18,13,-5,22.759613
-4,-18,6,19.390719
24,19,1,30.626786
-31,-9,-10,33.793490
30,6,-14,33.645208
-13,0,21,24.698178
20,5,23,30.886890
8,-7,1,10.677078
0,-60,18,62.641839
1,-1,-10,10.099505
-2,3,7,7.874008
15,1,-8,17.029386
8,-21,3,22.671568
-12,-10,24,28.635642
-1,16,-7,17.492856
-4,19,15,24.535688
37,-4,-9,38.288379
5,-12,-21,24.698178
-4,-6,34,34.756294
-16,-4,12,20.396078
9,-2,5,10.488088
13,-12,9,19.849433
38,-2,8,38.884444
2,-7,27,27.964263
-44,28,18,55.172457
-10,-11,29,32.588341
10,-36,22,43.358967
18,-4,4,18.867962
-36,-24,16,46.130250
-20,-21,19,34.669872
-6,6,64,64.560050
-17,3,24,29.563491
-20,10,-4,22.715633
-2,2,-8,8.485281
34,4,10,35.665109
3,-18,-11,21.307276
-5,-11,24,26.870058
-27,-5,-10,29.223278
-32,-2,18,36.769553
-12,-4,36,38.157568
5,4,7,9.486833
-3,1,4,5.099020
13,16,-15,25.495098
27,-29,-4,39.824616
-1,5,22,22.583180
9,-2,-29,30.430248
-5,-1,-6,7.874008
1,0,31,31.016125
3,21,4,21.587033
-11,-10,-23,27.386128
-6,6,26,27.349589
-18,5,17,25.258662
-7,-37,-12,39.522146
1,-16,-27,31.400637
25,6,3,25.884358
-40,-38,2,55.208695
-17,-12,11,23.537205
-30,-11,-9,33.196385
21,0,33,39.115214
-11,9,16,21.400935
-8,-38,6,39.293765
22,-14,-24,35.440090
-13,-9,16,22.494444
15,-33,12,38.183766
-15,-2,3,15.427249
-10,0,20,22.360680
26,-14,34,45.033321
-10,-10,-26,29.597297
-7,-19,20,28.460499
2,-2,-20,20.199010
14,8,-2,16.248077
6,-32,10,34.058773
-23,-5,-4,23.874673
5,11,-8,14.491377
-19,14,17,29.086079
-19,-5,6,20.542639
4,6,14,15.748016
21,-21,-4,29.966648
-1,36,7,36.687873
19,-12,-31,38.288379
7,3,-34,34.842503
-13,38,7,40.767634
-24,-3,-21,32.031235
7,20,-13,24.859606
-18,6,-16,24.819347
-3,4,19,19.646883
4,-15,25,29.427878
3,-18,-5,18.920888
19,-19,4,27.166155
15,-44,-19,50.219518
-11,1,6,12.569805
13,0,-7,14.764823
20,8,-4,21.908902
5,-2,11,12.247449
13,26,-5,29.495762
4,-1,-15,15.556349
-3,-14,-5,15.165751
-7,-8,47,48.187135
-31,-9,-28,42.731721
11,-6,25,27.964263
-10,0,-28,29.732137
-6,3,-9,11.224972
-26,-22,-12,36.110940
7,-23,-34,41.641326
-12,27,-3,29.698485
-11,10,-29,32.588341
-11,10,7,16.431677
-1,6,-5,7.874008
-2,-3,-15,15.427249
-2,-12,6,13.564660
-11,57,6,58.360946
14,13,29,34.727511
-10,5,51,52.211110
24,4,10,26.305893
-2,-5,31,31.464265
-7,-2,-7,10.099505
8,-23,-21,32.155870
20,-17,-19,32.403703
-3,45,28,53.084838
11,2,-29,31.080541
9,5,-4,11.045361
2,11,-49,50.259327
4,-4,12,13.266499
29,5,-14,32.588341
-14,24,18,33.105891
-39,19,6,43.794977
-6,31,29,42.871902
-42,-22,-12,48.908077
41,53,34,75.139870
3,-29,-10,30.822070
0,-10,4,10.770330
-20,34,26,47.244047
-21,8,-11,25.019992
21,-20,5,29.427878
0,8,-24,25.298221
-45,54,17,72.318739
-6,-21,-15,26.495283
-6,-46,16,49.071377
21,-14,3,25.416530
4,-12,-26,28.913665
7,2,11,13.190906
3,-14,25,28.809721
-17,-27,2,31.968735
3,31,4,31.400637
-14,-12,2,18.547237
21,-1,20,29.017236
-28,48,12,56.850682
14,0,20,24.413111
11,-10,35,38.026307
16,8,-22,28.354894
1,-6,-1,6.164414
-27,24,9,37.229021
15,18,-5,23.958297
10,10,-40,42.426407
0,1,19,19.026298
-18,19,11,28.390139
11,-28,3,30.232433
22,-16,16,31.559468
-1,-18,-9,20.149442
-21,7,26,34.146742
14,-2,-26,29.597297
-27,-5,14,30.822070
-18,-41,-9,45.672749
19,22,-21,35.860842
4,-38,-2,38.262253
33,-14,-1,35.860842
-10,-7,15,19.339080
24,4,-2,24.413111
0,32,26,41.231056
-4,3,3,5.830952
19,2,1,19.131126
-7,-6,-15,17.606817
-21,1,-22,30.430248
-21,16,-13,29.427878
4,3,39,39.319207
-4,-9,5,11.045361
5,-12,1,13.038405
-9,-12,5,15.811388
-44,-36,-20,60.266077
-25,0,5,25.495098
-9,0,25,26.570661
5,26,21,33.793490
10,-13,11,19.748418
22,1,1,22.045408
-20,10,30,37.416574
-13,0,1,13.038405
-23,23,8,33.496268
15,7,14,21.679483
-16,-25,3,29.832868
-3,23,22,31.968735
16,-27,-5,31.780497
-19,20,41,49.416596
-2,6,-24,24.819347
24,9,-19,31.906112
22,-15,-1,26.645825
15,-22,7,27.531800
-21,9,-18,29.086079
-15,-1,20,25.019992
-3,62,-11,63.039670
24,23,7,33.970576
-16,13,-5,21.213203
2,10,-4,10.954451
36,-6,-2,36.551334
-1,2,13,13.190906
15,10,-17,24.779023
-2,-6,8,10.198039
15,5,34,37.496667
44,26,-14,52.990565
1,-13,10,16.431677
19,-18,-7,27.092434
-29,15,4,32.893768
-18,-8,-10,22.090722
8,29,9,31.400637
26,-2,-32,41.279535
25,3,4,25.495098
-1,-16,1,16.062378
-10,-5,5,12.247449
-2,28,-2,28.142495
21,-19,42,50.655701
7,1,-12,13.928388
21,-34,21,45.144213
-1,20,-9,21.954498
-3,-5,0,5.830952
17,6,1,18.055470
10,46,22,51.961524
-39,-18,-27,50.734604
13,5,2,14.071247
6,2,-18,19.078784
10,7,3,12.569805
1,3,-6,6.782330
28,-15,3,31.906112
21,35,-36,54.424259
6,-7,-33,34.263683
12,-29,11,33.256578
-13,-21,10,26.645825
32,-19,-19,41.785165
-48,-6,28,55.892754
-1,-37,12,38.910153
16,-1,-25,29.698485
11,11,22,26.944387
15,-11,4,19.026298
46,7,-15,48.887626
-15,-15,-4,21.587033
-14,0,-20,24.413111
-34,-4,-2,34.292856
20,0,20,28.284271
13,-20,-19,30.495901
-19,4,41,45.365185
-8,6,16,18.867962
13,4,27,30.232433
-44,14,8,46.861498
13,11,22,27.820855
5,22,3,22.759613
11,22,-13,27.820855
17,-4,-9,19.646883
6,1,-19,19.949937
35,26,-7,44.158804
3,-1,-6,6.782330
4,-17,-5,18.165902
-10,11,1,14.899664
22,6,-12,25.768197
21,2,3,21.307276
-37,6,-9,38.548671
16,6,14,22.090722
9,-50,25,56.621551
16,-9,11,21.400935
7,-4,31,32.031235
13,4,-9,16.309506
-1,9,-10,13.490738
-9,22,-9,25.416530
-23,6,-13,27.092434
8,-4,10,13.416408
-18,-7,1,19.339080
-21,19,4,28.600699
-29,12,23,38.910153
-4,28,-16,32.496154
20,-8,16,26.832816
11,55,8,56.656862
3,39,-8,39.924930
-28,18,12,35.383612
16,39,-19,46.238512
29,-8,9,31.400637
-44,-11,3,45.453273
9,7,-28,30.232433
-10,7,3,12.569805
2,-20,18,26.981475
13,4,19,23.366643
-18,3,1,18.275667
10,-6,-8,14.142136
15,9,-6,18.493242
-8,-32,-20,38.574603
-8,-9,-25,27.748874
3,-26,5,26.645825
15,10,19,26.191602
-16,-9,11,21.400935
9,26,11,29.631065
10,11,-9,17.378147
2,20,10,22.449944
10,-5,3,11.575837
-46,5,-13,48.062459
28,12,-12,32.741411
-14,13,-37,41.641326
0,15,3,15.297059
2,5,-19,19.748418
-3,-21,4,21.587033
4,0,6,7.211103
28,-2,-2,28.142495
0,-25,13,28.178006
-44,29,-15,54.790510
-12,12,-14,22.000000
16,38,-26,48.744230
-13,9,-28,32.155870
12,-5,-21,24.698178
-35,-19,-14,42.213742
31,-5,-2,31.464265
18,10,12,23.832751
3,-11,-20,23.021729
46,-14,-14,50.079936
-21,-18,3,27.820855
-9,38,13,41.158231
4,23,15,27.748874
-3,-10,7,12.569805
-9,12,21,25.806976
48,-1,17,50.931326
24,-19,-1,30.626786
-11,-8,-13,18.814888
13,8,-11,18.814888
1,-10,43,44.158804
-38,10,-22,45.033321
-23,-17,-32,42.918527
-9,-12,-11,18.601075
1,3,36,36.138622
-8,34,22,41.279535
11,-29,-26,40.472213
20,15,21,32.649655
-16,33,-29,46.754679
10,-17,-9,21.679483
5,32,-21,38.600518
25,0,-29,38.288379
-4,-10,8,13.416408
-30,-18,6,35.496479
-32,20,0,37.735925
-7,41,8,42.355637
-17,5,4,18.165902
-20,5,9,22.494444
-14,-9,-15,22.405357
-11,-11,24,28.600699
-4,-22,2,22.449944
-2,-40,14,42.426407
-4,15,-3,15.811388
17,-11,-2,20.346990
11,-26,-29,40.472213
26,-8,22,34.985711
7,-18,-29,34.842503
0,-18,-12,21.633308
-22,-19,-9,30.430248
35,11,-6,37.175261
-38,10,10,40.546270
5,7,-28,29.291637
27,-6,-25,37.282704
21,19,8,29.427878
-1,16,15,21.954498
8,16,-30,34.928498
-32,0,-30,43.863424
0,-28,8,29.120440
8,-5,25,26.720778
19,-33,-30,48.476799
-5,-6,-17,18.708287
-22,6,-4,23.151674
38,10,-24,46.043458
-5,-6,-1,7.874008
33,14,23,42.591079
-8,-14,-10,18.973666
3,-12,-19,22.671568
-5,16,-5,17.492856
26,-16,-4,30.789609
6,-23,3,23.958297
-2,13,-29,31.843367
-1,-25,-6,25.729361
5,35,18,39.673669
11,-2,-7,13.190906
6,13,-5,15.165751
-2,-5,23,23.622024
-12,-3,13,17.944358
-21,-17,4,27.313001
6,9,-1,10.862780
3,-3,0,4.242641
7,4,-27,28.178006
27,-21,-14,36.959437
-11,-26,13,31.080541
-12,-41,7,43.289722
14,-12,-10,20.976177
18,-4,-20,27.202941
-21,-38,15,45.934736
17,-18,7,25.729361
-34,4,-4,34.467376
-1,16,-1,16.062378
-5,23,-32,39.724048
-2,-2,-22,22.181073
-3,8,31,32.155870
-30,-12,0,32.310989
-15,7,22,27.531800
-15,37,-14,42.308392
11,-10,21,25.729361
18,-34,-10,39.749214
-10,28,-4,30.000000
22,-31,-17,41.641326
37,0,25,44.654227
10,6,8,14.142136
2,26,-12,28.705400
-11,17,-34,39.572718
12,15,19,27.018512
-5,-25,-2,25.573424
-11,10,-7,16.431677
-52,-3,9,52.858301
-8,-12,-18,23.065125
12,7,-11,17.720045
-1,-1,26,26.038433
-12,-5,-23,26.419690
-22,-5,-7,23.622024
21,10,9,24.939928
-3,-29,-2,29.223278
1,16,9,18.384776
16,27,13,33.970576
7,-32,11,34.554305
1,5,-10,11.224972
-4,-2,-12,12.806248
-1,-18,19,26.191602
13,-57,-6,58.770741
12,-20,-6,24.083189
-1,-5,12,13.038405
0,-2,-12,12.165525
-11,28,1,30.099834
30,6,-22,37.682887
-5,4,-11,12.727922
-24,-17,-15,33.015148
-15,-34,17,40.865633
19,11,22,31.080541
6,23,1,23.790755
-17,26,21,37.496667
-4,21,-11,24.041631
2,10,20,22.449944
-15,-30,5,33.911650
17,16,31,38.807216
-23,21,-22,38.131352
-3,10,27,28.948230
-11,11,12,19.646883
-4,12,18,22.000000
15,-14,7,21.679483
-59,4,-13,60.547502
19,17,36,44.113490
19,-4,-13,23.366643
-30,17,-21,40.373258
8,-4,0,8.944272
20,-17,31,40.620192
-3,4,-23,23.537205
-10,-8,-4,13.416408
3,30,11,32.093613
-7,-3,30,30.951575
28,15,9,33.015148
-1,13,12,17.720045
-24,-20,2,31.304952
4,3,1,5.099020
2,-7,-35,35.749126
11,-28,3,30.232433
6,-26,36,44.810713
-3,36,-7,36.796739
-16,8,-14,22.715633
1,10,-3,10.488088
-6,20,-4,21.260292
19,-7,-28,34.554305
-8,7,-1,10.677078
1,16,-1,16.062378
-24,5,11,26.870058
21,-12,11,26.570661
27,3,-16,31.527766
9,28,-11,31.400637
19,7,6,21.118712
24,-5,5,25.019992
8,-3,-11,13.928388
-27,9,22,35.972211
29,4,-9,30.626786
22,-1,-31,38.026307
-10,-23,27,36.851052
5,13,-26,29.495762
-18,-3,-1,18.275667
-45,-30,-13,55.623736
-1,-11,-6,12.569805
-31,-17,-4,35.580894
-14,21,-5,25.729361
20,16,8,26.832816
-20,-17,-1,26.267851
22,22,-14,34.117444
-7,7,4,10.677078
19,-4,21,28.600699
-2,-6,-26,26.758176
7,6,1,9.273618
-4,-20,14,24.738634
34,15,-25,44.788391
10,-1,7,12.247449
-6,-13,29,32.341923
-26,-39,7,47.391982
-34,-13,31,47.812132
-8,0,0,8.000000
0,16,0,16.000000
-16,-6,12,20.880613
0,19,-3,19.235384
2,-27,-13,30.033315
-25,1,6,25.729361
-32,3,3,32.280025
-9,6,55,56.053546
18,-3,-15,23.622024
-25,20,-15,35.355339
-41,-8,-17,45.099889
-19,-4,-3,19.646883
-14,29,9,33.436507
5,-40,-1,40.323690
25,5,-12,28.178006
36,-18,18,44.090815
-14,-33,-13,38.131352
4,-26,-6,26.981475
-12,5,-19,23.021729
38,1,7,38.652296
-15,-15,-30,36.742346
17,-15,-10,24.779023
23,25,22,40.472213
1,-5,-18,18.708287
0,2,-14,14.142136
32,-4,-22,39.038443
-16,6,-16,23.409400
10,-41,3,42.308392
3,-19,-4,19.646883
-20,20,10,30.000000
-19,10,9,23.280893
5,45,-2,45.321077
20,-17,-23,34.899857
22,-42,-10,48.456166
-21,-12,-21,32.031235
4,30,-28,41.231056
10,20,-12,25.377155
-3,-21,4,21.587033
4,3,-9,10.295630
3,11,24,26.570661
6,-33,21,39.572718
11,5,-12,17.029386
6,19,-3,20.149442
32,-2,8,33.045423
21,25,0,32.649655
27,-18,-15,35.749126
24,-29,23,44.113490
5,-11,14,18.493242
16,50,-8,53.103672
-36,-10,8,38.209946
-11,-12,5,17.029386
-12,0,-8,14.422205
12,-8,-6,15.620499
33,21,-18,43.058100
6,11,1,12.569805
-6,-6,-20,21.725561
32,-45,-3,55.299186
21,-10,-15,27.676705
-21,35,-12,42.544095
-13,-2,-1,13.190906
17,-9,-38,42.591079
4,-1,-19,19.442222
38,-9,3,39.166312
-11,17,8,21.771541
-5,-5,10,12.247449
5,26,-3,26.645825
-14,-20,-14,28.142495
12,-8,-6,15.620499
28,1,9,29.427878
2,15,-7,16.673332
8,23,-1,24.372115
-10,-19,27,34.496377
-10,-9,-9,16.186414
1,14,7,15.684387
17,2,-5,17.832555
-10,-17,1,19.748418
17,5,-24,29.832868
-4,9,-15,17.944358
-18,-27,-25,40.963398
-6,10,-8,14.142136
-38,22,20,48.249352
-6,9,13,16.911535
-3,-4,-15,15.811388
12,7,1,13.928388
6,17,-53,55.982140
-15,-13,-4,20.248457
15,19,-6,24.939928
-25,8,-19,32.403703
-15,-3,-34,37.282704
4,-19,-27,33.256578
-9,8,27,29.563491
12,-2,-26,28.705400
29,9,-22,37.496667
33,4,1,33.256578
9,-1,8,12.083046
-4,-18,-22,28.705400
17,-15,-28,36.027767
26,20,10,34.292856
-3,24,15,28.460499
-24,-7,1,25.019992
-11,28,17,34.554305
-18,-6,-4,19.390719
4,-44,8,44.899889
-1,-11,8,13.638182
-2,22,-22,31.176915
17,-23,-28,40.024992
-11,-3,-20,23.021729
-12,-20,6,24.083189
26,-13,-1,29.086079
17,15,-26,34.496377
-6,-22,22,31.685959
-5,28,-17,33.136083
-6,24,-30,38.884444
-19,6,-31,36.851052
-28,21,-19,39.824616
-18,-3,-23,29.359837
3,8,37,37.973675
4,19,-13,23.366643
-26,42,20,53.291650
15,9,4,17.944358
-18,-12,-8,23.065125
-6,0,-14,15.231546
3,-10,5,11.575837
-4,-3,15,15.811388
-9,-14,-3,16.911535
-24,8,24,34.871192
-25,24,9,35.805028
7,17,-18,25.729361
6,21,-23,31.717503
13,-6,13,19.339080
-16,-6,-12,20.880613
-39,-40,17,58.395205
-3,18,-3,18.493242
0,1,31,31.016125
-14,-35,25,45.232732
21,5,20,29.427878
-22,21,1,30.430248
-32,12,28,44.181444
-11,7,-6,14.352700
21,-1,-22,30.430248
16,20,6,26.305893
12,2,36,38.000000
18,26,-50,59.160798
-18,-14,-8,24.166092
30,6,-12,32.863353
12,-5,-17,21.400935
19,1,16,24.859606
-19,-29,-2,34.727511
-35,16,-19,42.918527
-13,-24,5,27.748874
6,-3,-5,8.366600
11,1,-18,21.118712
1,9,4,9.899495
-6,-1,-41,41.448764
-7,28,-19,34.554305
1,7,-12,13.928388
-39,-31,10,50.813384
11,-15,-14,23.280893
13,7,20,24.859606
-12,7,-5,14.764823
-7,-21,4,22.494444
3,17,-8,19.026298
23,-30,15,40.669399
3,0,-35,35.128336
28,11,5,30.495901
-55,-4,21,59.008474
-9,9,42,43.886217
3,45,-6,45.497253
13,23,2,26.495283
-6,31,-7,32.341923
-12,-3,-9,15.297059
19,-5,14,24.124676
6,-12,-28,31.048349
-21,2,23,31.208973
26,13,-5,29.495762
-5,41,30,51.048996
-3,4,-1,5.099020
-16,-12,0,20.000000
35,13,-32,49.173163
-40,25,-3,47.265209
-6,17,1,18.055470
35,8,1,35.916570
12,-13,-19,25.961510
3,-6,1,6.782330
-10,-3,-9,13.784049
-43,-4,9,44.113490
12,2,-26,28.705400
-7,-21,-50,54.680892
15,-22,-1,26.645825
-1,16,-13,20.639767
-26,-24,-6,35.888717
-15,24,-1,28.319605
-37,29,44,64.389440
-29,-15,-30,44.339599
-30,4,-40,50.159745
-3,-14,-15,20.736441
10,1,31,32.588341
17,4,39,42.731721
-13,-11,-8,18.814888
-49,8,-5,49.899900
-3,-9,16,18.601075
-6,9,15,18.493242
-12,-38,16,42.941821
-5,-17,6,18.708287
4,18,22,28.705400
16,-2,6,17.204651
-8,20,14,25.690465
14,11,3,18.055470
-31,22,-11,39.572718
22,-22,4,31.368774
10,13,-9,18.708287
-23,12,31,40.422766
-15,-22,29,39.370039
25,19,14,34.380227
-2,-16,4,16.613248
19,-7,-8,21.771541
-19,19,-10,28.670542
22,28,-16,39.038443
6,-2,-28,28.705400
-5,17,-2,17.832555
-10,39,21,45.409250
-7,9,20,23.021729
14,2,-6,15.362291
34,-6,-12,36.551334
22,11,-7,25.573424
-14,-6,16,22.090722
21,-7,6,22.934690
-9,-26,5,27.964263
-9,6,-15,18.493242
16,-13,-9,22.494444
37,17,-14,43.058100
-23,43,-14,50.734604
1,30,25,39.064050
-25,-21,-50,59.715995
12,-4,10,16.124515
-31,35,16,49.416596
3,-12,-23,26.115130
20,17,-17,31.272992
25,5,-34,42.497059
0,-11,7,13.038405
-11,10,35,38.026307
17,20,35,43.749286
12,-1,-29,31.400637
6,-5,19,20.542639
-17,-13,-20,29.291637
24,-16,12,31.240999
-45,-29,-22,57.879185
3,10,21,23.452079
-35,6,31,47.138095
-32,28,6,42.941821
9,17,16,25.019992
-18,30,2,35.042831
2,-29,3,29.223278
8,24,2,25.377155
25,-11,16,31.654384
-7,-1,26,26.944387
-23,20,13,33.136083
-11,-8,-21,25.019992
-12,-28,-6,31.048349
-29,7,-36,46.754679
17,-5,-10,20.346990
10,16,-34,38.884444
8,16,6,18.867962
-10,31,19,37.709415
12,7,9,16.552945
24,-4,-8,25.612497
5,14,-3,15.165751
-52,15,-11,55.226805
-43,-4,-9,44.113490
-28,-7,17,33.496268
28,-16,18,36.932371
9,-3,-18,20.346990
-16,-11,-39,43.566042
-12,6,-40,42.190046
-15,-19,-20,31.400637
31,-10,7,33.316662
32,24,6,40.447497
-5,-28,11,30.495901
25,22,7,34.029399
-11,-26,11,30.298515
-10,9,-3,13.784049
-23,-2,-3,23.280893
-5,-20,19,28.035692
-15,45,16,50.059964
26,9,-17,32.341923
24,6,-4,25.059928
-7,-24,-9,26.570661
22,35,45,61.106464
-15,-8,5,17.720045
16,51,31,61.789967
54,4,-6,54.479354
0,31,5,31.400637
7,-26,-7,27.820855
40,-8,-6,41.231056
13,4,-1,13.638182
22,0,-32,38.832976
-5,-21,8,23.021729
-18,-25,-13,33.436507
-8,4,16,18.330303
-11,14,-1,17.832555
-22,-10,6,24.899799
-2,9,15,17.606817
14,-5,7,16.431677
-9,-10,-9,16.186414
9,12,-31,34.438351
1,5,12,13.038405
2,-1,-33,33.075671
41,-30,-25,56.621551
-10,-17,33,38.444766
-2,11,-9,14.352700
-8,-17,-25,31.272992
9,40,33,52.630789
-9,5,-2,10.488088
-8,-24,2,25.377155
13,-10,-19,25.099801
9,19,12,24.207437
5,-20,1,20.639767
-5,-1,-4,6.480741
-18,9,-21,29.086079
-1,0,-21,21.023796
-2,-11,5,12.247449
-14,-5,13,19.748418
-32,-30,-54,69.570109
13,14,9,21.118712
-18,-14,-8,24.166092
16,3,9,18.601075
-43,4,-13,45.099889
-5,-2,9,10.488088
-11,-2,-39,40.570926
-3,-2,27,27.239677
-5,29,-4,29.698485
-12,-11,-9,18.601075
18,17,17,30.033315
-22,18,-10,30.133038
33,61,-14,70.753092
21,-2,3,21.307276
5,6,-25,26.191602
-46,-22,-2,51.029403
-17,0,-29,33.615473
-26,-6,-14,30.133038
28,-1,21,35.014283
-8,11,-11,17.492856
10,20,2,22.449944
-11,-16,11,22.315914
20,15,13,28.178006
-27,-7,28,39.522146
3,14,7,15.937377
26,25,39,53.122500
41,-16,-15,46.497312
15,-12,21,28.460499
-7,-40,-35,53.609701
5,17,22,28.248894
-50,11,11,52.364110
-4,-30,-6,30.854497
41,-10,-13,44.158804
11,-10,7,16.431677
4,11,21,24.041631
5,16,3,17.029386
-9,3,-6,11.224972
-14,37,-1,39.572718
6,-39,-13,41.545156
18,20,18,32.372828
31,-6,-3,31.717503
-37,0,9,38.078866
23,-2,5,23.622024
33,-15,8,37.121422
-23,14,-19,32.954514
-17,17,-10,26.038433
1,14,13,19.131126
-18,28,-4,33.526109
16,-16,2,22.715633
25,-31,-2,39.874804
-6,-18,-26,32.186954
7,6,5,10.488088
55,28,-27,67.364679
20,-6,32,38.209946
-1,48,1,48.020829
30,-25,-13,41.158231
-18,-25,-31,43.703547
12,-8,22,26.305893
-31,-10,-13,35.071356
-6,32,-18,37.202150
-3,29,36,46.324939
3,-1,22,22.226111
18,10,-2,20.688161
-16,55,-5,57.497826
4,7,11,13.638182
-22,-1,-13,25.573424
24,7,1,25.019992
-17,0,1,17.029386
14,-7,-25,29.495762
-1,-33,16,36.687873
20,-16,-8,26.832816
-1,-3,-6,6.782330
24,12,-18,32.310989
-10,-3,-27,28.948230
-12,27,5,29.966648
5,4,27,27.748874
-10,13,-29,33.316662
7,29,-32,43.749286
-12,-2,-26,28.705400
-8,16,18,25.377155
6,-15,19,24.939928
-14,24,-6,28.425341
-1,-21,16,26.419690
7,16,-9,19.646883
11,8,5,14.491377
-29,3,-10,30.822070
12,15,-9,21.213203
-17,3,26,31.208973
2,20,6,20.976177
-26,-5,-9,27.964263
-1,34,5,34.380227
-6,-33,-15,36.742346
-32,-3,-1,32.155870
-22,4,-16,27.495454
-25,7,10,27.820855
-13,-29,-24,39.824616
1,-8,-5,9.486833
-3,11,-4,12.083046
4,47,-1,47.180504
-28,-21,-15,38.078866
-9,16,19,26.419690
7,2,-13,14.899664
-34,-17,-9,39.064050
-30,-7,3,30.951575
-20,36,-16,44.181444
-7,-11,-26,29.086079
2,-6,2,6.633250
-18,-25,11,32.710854
-1,-27,38,46.626173
-2,18,-8,19.798990
4,1,-17,17.492856
23,2,7,24.124676
-16,-19,-5,25.337719
26,-31,15,43.150898
46,-25,-7,52.820451
-20,19,-7,28.460499
42,19,45,64.420494
-8,7,-11,15.297059
-9,1,-10,13.490738
-12,-9,31,34.438351
25,-16,3,29.832868
-1,-17,0,17.029386
-5,9,-4,11.045361
-2,14,12,18.547237
-5,-11,14,18.493242
-16,-22,0,27.202941
-24,0,0,24.000000
-10,15,11,21.118712
-31,-9,-24,40.224371
22,-3,-3,22.405357
-12,-17,-37,42.449971
-19,-16,-13,28.035692
-2,3,7,7.874008
8,-10,30,32.619013
-17,-23,-14,31.843367
-18,-23,19,34.842503
26,-31,-23,46.540305
0,-15,-21,25.806976
-4,-4,8,9.797959
12,-19,3,22.671568
24,-1,-31,39.217343
43,5,16,46.151923
0,34,8,34.928498
5,-19,-8,21.213203
2,2,-22,22.181073
25,29,10,39.572718
-10,-27,-15,32.465366
-2,-4,14,14.696938
19,-19,-4,27.166155
-5,0,-19,19.646883
-16,4,-32,36.000000
-32,12,-8,35.099858
-9,-16,-11,21.400935
-18,21,33,43.058100
-22,12,10,26.981475
6,48,-20,52.345009
-15,-30,5,33.911650
-6,5,17,18.708287
-7,-8,-19,21.771541
7,15,32,36.027767
2,2,2,3.464102
27,-39,6,47.812132
-1,11,4,11.747340
24,3,-25,34.785054
-1,18,-7,19.339080
2,4,-42,42.237424
30,-3,17,34.612137
-11,13,-16,23.366643
20,8,6,22.360680
-19,8,-5,21.213203
2,-32,-6,32.619013
-11,17,-42,46.626173
2,32,2,32.124757
-39,-25,-8,47.010637
3,-4,-1,5.099020
-26,-12,-40,49.193496
-13,-31,30,45.055521
25,8,7,27.166155
16,28,6,32.802439
8,-35,-23,42.638011
12,13,-9,19.849433
-7,4,11,13.638182
-25,-12,-5,28.178006
-17,44,-3,47.265209
24,6,0,24.738634
21,14,-7,26.191602
-22,-25,3,33.436507
14,32,8,35.832946
-9,5,34,35.524639
8,15,11,20.248457
-14,-33,13,38.131352
-39,-13,8,41.880783
32,2,-40,51.264022
1,42,17,45.321077
-35,0,9,36.138622
-1,-28,7,28.879058
-19,0,23,29.832868
-15,-5,16,22.494444
-1,5,-24,24.535688
24,0,4,24.331050
11,-30,3,32.093613
12,-14,24,30.265492
-21,1,-14,25.258662
-2,19,13,23.108440
18,22,12,30.854497
-18,-5,3,18.920888
28,-22,-12,37.576588
26,52,-8,58.685603
16,7,15,23.021729
6,-8,2,10.198039
-41,-29,12,51.633323
7,14,-31,34.727511
-17,-16,5,23.874673
-19,17,-2,25.573424
20,-10,-22,31.368774
2,16,-10,18.973666
9,6,19,21.863211
3,13,8,15.556349
38,-15,1,40.865633
9,-8,49,50.457903
8,22,-8,24.738634
4,11,1,11.747340
7,11,-46,47.812132
-15,7,40,43.289722
0,-18,-12,21.633308
-22,18,20,34.756294
1,29,32,43.197222
8,-2,-12,14.560220
10,-12,4,16.124515
-23,-3,-26,34.842503
6,-13,-13,19.339080
16,-2,14,21.354157
1,-12,13,17.720045
14,-1,-9,16.673332
24,0,-14,27.784888
3,5,-14,15.165751
3,0,17,17.262677
-37,3,-28,46.497312
0,15,11,18.601075
-6,-14,24,28.425341
-16,-15,-25,33.256578
-1,44,7,44.564560
-1,16,1,16.062378
8,9,45,46.583259
-31,-20,-11,38.496753
-12,-13,7,19.026298
13,-7,8,16.792856
-1,20,-19,27.604347
36,10,12,39.242834
-4,0,-28,28.284271
13,-37,-14,41.641326
1,-13,10,16.431677
-24,9,-13,28.740216
-2,3,21,21.307276
10,5,-31,32.954514
-21,8,-9,24.207437
-41,-18,-7,45.321077
-21,-15,16,30.364453
5,7,-6,10.488088
10,-7,-31,33.316662
42,-4,18,45.869380
2,29,11,31.080541
-32,-36,22,52.952809
-12,12,10,19.697716
17,-23,-30,41.448764
5,-33,-2,33.436507
9,-6,-13,16.911535
-1,9,14,16.673332
17,0,17,24.041631
-4,-24,48,53.814496
-13,-26,33,43.977267
2,-31,3,31.208973
1,13,4,13.638182
-11,-11,-6,16.673332
-20,-15,7,25.961510
13,-8,-31,34.554305
28,12,6,31.048349
-18,-5,-31,36.193922
-8,13,-3,15.556349
4,-10,-16,19.287302
-20,-4,20,28.565714
7,8,-15,18.384776
0,2,18,18.110770
-10,-30,14,34.583233
6,10,6,13.114877
32,-22,10,40.099875
21,25,-18,37.282704
-12,1,29,31.400637
-19,-8,-17,26.720778
-8,-35,11,37.549967
12,-31,-29,44.113490
-9,19,-4,21.400935
19,14,-17,29.086079
3,13,-2,13.490738
18,-20,-2,26.981475
-22,22,38,49.112117
-21,-13,-10,26.645825
13,-6,1,14.352700
-13,-20,-5,24.372115
-21,-1,14,25.258662
0,16,10,18.867962
30,-34,-6,45.738387
-28,3,-31,41.880783
27,-3,-4,27.459060
3,-24,-37,44.204072
7,4,-33,33.970576
-14,-9,1,16.673332
-12,6,2,13.564660
-7,-9,-26,28.390139
18,16,-4,24.413111
52,34,-32,69.885621
-1,-6,15,16.186414
-10,45,-27,53.422842
-30,-5,11,32.341923
-19,20,1,27.604347
1,-2,33,33.075671
1,-11,-20,22.847319
24,-8,-20,32.249031
-54,18,14,58.617404
3,-15,40,42.825226
6,3,21,22.045408
-7,13,28,31.654384
3,-28,1,28.178006
-27,-5,12,29.966648
6,-20,14,25.139610
-6,15,-3,16.431677
-10,0,0,10.000000
35,-35,14,51.439285
1,-19,16,24.859606
-18,20,-24,36.055513
-2,41,-9,42.023803
-11,-44,13,47.180504
-3,12,-19,22.671568
1,8,-3,8.602325
-17,10,-19,27.386128
-7,22,-21,31.208973
7,-12,-23,26.870058
-28,-24,38,52.952809
-22,-8,4,23.748684
-17,-4,-15,23.021729
17,34,9,39.064050
4,9,21,23.194827
-1,3,34,34.146742
10,4,0,10.770330
-21,-10,1,23.280893
33,-15,14,38.858718
13,31,-8,34.554305
3,-23,10,25.258662
-5,-28,17,33.136083
-2,34,16,37.629775
25,-1,20,32.031235
-17,-21,-12,29.563491
-5,-30,-29,42.023803
7,8,-13,16.792856
-16,-9,-17,25.019992
2,-5,19,19.748418
-4,-38,-26,46.216880
0,-12,-2,12.165525
6,-18,-32,37.202150
-10,-28,8,30.789609
-8,5,-15,17.720045
-21,-26,-5,33.793490
9,-39,-10,41.255303
13,-19,-8,24.372115
7,-3,2,7.874008
-2,5,23,23.622024
28,-28,14,42.000000
22,-12,-4,25.377155
-32,8,-20,38.574603
24,-4,-18,30.265492
-11,22,-3,24.779023
10,-13,27,31.591138
-19,-2,43,47.053161
-19,-2,5,19.748418
-22,-3,-9,23.958297
11,-12,-5,17.029386
-7,-30,21,37.282704
-5,5,-6,9.273618
4,18,24,30.265492
0,31,19,36.359318
-3,19,2,19.339080
17,4,-3,17.720045
11,-1,-2,11.224972
1,-2,-23,23.108440
16,10,-6,19.798990
15,-1,-20,25.019992
-16,13,-33,38.910153
-31,-11,0,32.893768
-8,3,17,19.026298
-3,-6,5,8.366600
-1,9,-10,13.490738
-2,12,-14,18.547237
-2,28,0,28.071338
21,19,2,28.390139
22,-23,43,53.497664
30,17,-7,35.185224
33,5,22,39.974992
-11,13,2,17.146428
42,-15,-1,44.609416
4,-2,26,26.381812
28,-23,-17,40.024992
24,0,-2,24.083189
-20,-12,-6,24.083189
0,-14,-8,16.124515
33,13,4,35.693137
20,24,18,36.055513
-7,9,6,12.884099
41,2,15,43.703547
-24,2,28,36.932371
-5,4,-9,11.045361
9,-18,21,29.086079
43,-4,-7,43.749286
-26,40,2,47.749346
-16,10,28,33.763886
38,20,16,45.825757
2,1,23,23.108440
-30,19,25,43.428102
7,17,0,18.384776
-14,-18,8,24.166092
-2,21,-5,21.679483
-48,1,17,50.931326
21,-8,39,45.011110
-23,25,-22,40.472213
-31,-6,-23,39.064050
-9,1,2,9.273618
-14,16,-6,22.090722
-33,18,-9,38.652296
-2,-13,-33,35.524639
6,7,-1,9.273618
-26,7,-1,26.944387
2,-1,-35,35.071356
21,-29,0,35.805028
-37,9,-32,49.739320
0,-33,21,39.115214
20,-7,-5,21.771541
-12,34,0,36.055513
15,-10,-11,21.118712
32,4,12,34.409301
-26,-11,-19,34.029399
10,-18,-2,20.688161
-18,1,-3,18.275667
-16,-17,5,23.874673
8,-5,3,9.899495
-15,-1,40,42.731721
-4,-4,32,32.496154
-13,-7,22,26.495283
-13,22,17,30.692019
-3,-2,5,6.164414
12,-6,-2,13.564660
23,2,-11,25.573424
10,4,14,17.663522
2,-2,14,14.282857
3,13,16,20.832667
-5,1,4,6.480741
-9,33,-14,36.959437
9,0,17,19.235384
14,22,-22,34.117444
23,28,-15,39.217343
-22,37,27,50.813384
8,-14,-44,46.861498
-19,-17,-18,31.208973
3,-7,-36,36.796739
-2,22,20,29.799329
12,-32,-12,36.221541
-11,8,-23,26.720778
3,4,-41,41.303753
6,-11,15,19.544820
-4,-20,-6,21.260292
30,0,-16,34.000000
18,15,-5,23.958297
25,20,9,33.256578
-13,-5,-28,31.272992
26,-11,-3,28.390139
22,-2,28,35.665109
0,-34,-10,35.440090
-9,2,13,15.937377
18,12,18,28.142495
-29,-11,20,36.905284
4,8,8,12.000000
7,-7,-44,45.099889
-24,-3,5,24.698178
-7,-16,-5,18.165902
-23,-9,14,28.390139
0,10,16,18.867962
18,-19,7,27.092434
-4,-22,-18,28.705400
-18,6,-16,24.819347
-14,8,6,17.204651
0,31,29,42.449971
-10,20,-52,56.603887
0,-4,2,4.472136
28,9,23,37.336309
10,11,17,22.583180
-4,6,-22,23.151674
5,-28,-13,31.272992
-8,-38,-30,49.071377
-26,-6,12,29.257478
-37,-8,-13,40.024992
-3,5,56,56.302753
1,6,-5,7.874008
13,-5,-4,14.491377
-5,-29,6,30.033315
-9,21,-14,26.795522
14,43,-9,46.108568
4,-14,14,20.199010
3,1,-18,18.275667
-2,-11,11,15.684387
6,22,6,23.579652
-18,23,19,34.842503
20,1,5,20.639767
1,26,-11,28.248894
4,-30,-12,32.557641
8,-29,9,31.400637
-6,-21,11,24.454039
11,0,7,13.038405
-18,-6,14,23.579652
19,3,8,20.832667
23,1,28,36.249138
26,-19,23,39.572718
-4,23,-31,38.807216
34,-2,6,34.583233
9,-2,7,11.575837
-17,10,-33,38.444766
4,-42,24,48.538644
5,15,-6,16.911535
-45,6,-13,47.222876
2,15,-13,19.949937
-5,-5,10,12.247449
15,4,7,17.029386
18,-31,17,39.673669
-42,-50,-28,71.049279
31,-5,-12,33.615473
-21,-15,8,27.018512
4,12,0,12.649111
-4,-12,16,20.396078
12,-29,-3,31.527766
2,26,4,26.381812
21,1,-24,31.906112
13,-13,-24,30.232433
31,-7,-4,32.031235
-7,-7,-26,27.820855
-12,-2,-44,45.650849
0,19,-17,25.495098
7,-14,-5,16.431677
0,23,-23,32.526912
-36,24,-22,48.538644
2,-11,-15,18.708287
6,-23,1,23.790755
29,-17,28,43.749286
11,-21,-4,24.041631
20,-4,28,34.641016
13,-3,-42,44.068129
24,-29,-1,37.656341
-26,-5,-5,26.944387
26,-24,-2,35.440090
7,-11,-14,19.131126
-16,-8,30,34.928498
12,-32,32,46.818800
-4,-37,19,41.785165
-4,19,-23,30.099834
4,-9,1,9.899495
-20,1,23,30.495901
-54,-15,21,59.849812
14,-14,-14,24.248711
0,19,-1,19.026298
-8,15,11,20.248457
-8,-31,-33,45.978256
-52,-4,-20,55.856960
-22,-14,-6,26.758176
4,-27,-3,27.459060
-17,0,21,27.018512
13,-25,-16,32.403703
2,4,-24,24.413111
2,-24,12,26.907248
5,11,-6,13.490738
-17,-24,-5,29.832868
-8,9,-5,13.038405
5,-27,-34,43.703547
-19,-5,8,21.213203
14,-12,-18,25.768197
-29,28,-45,60.415230
-24,-15,15,32.031235
27,20,3,33.734256
23,-1,-2,23.108440
-19,30,23,42.308392
-14,9,13,21.118712
-11,9,-30,33.196385
-15,9,-18,25.099801
-14,25,-11,30.692019
-17,2,19,25.573424
10,20,-22,31.368774
6,27,-27,38.652296
-6,15,-3,16.431677
7,-28,19,34.554305
6,33,-7,34.263683
22,-22,-26,40.546270
-18,5,11,21.679483
22,-16,-22,34.985711
19,-21,-22,35.860842
24,-14,10,29.529646
14,-44,-26,52.990565
-22,8,24,33.526109
-14,4,-20,24.738634
-8,-1,35,35.916570
10,-12,-16,22.360680
35,4,21,41.012193
10,11,-19,24.124676
21,33,40,55.946403
13,-37,-20,44.022721
-40,22,-16,48.373546
-14,-2,-14,19.899749
26,-9,1,27.531800
-5,-5,-20,21.213203
-2,16,-2,16.248077
33,7,-6,34.263683
15,-17,4,23.021729
5,4,19,20.049938
-4,11,-9,14.764823
-13,-3,28,31.016125
18,10,14,24.899799
-16,-3,41,44.113490
11,-16,9,21.400935
-15,16,7,23.021729
-30,-15,-7,34.263683
21,-11,-14,27.531800
-33,10,-5,34.842503
5,0,-25,25.495098
-9,50,11,51.980766
12,-8,0,14.422205
-24,40,12,48.166378
-12,12,14,22.000000
-27,-17,-8,32.893768
30,-2,2,30.133038
-12,-45,9,47.434165
-31,16,-15,37.973675
41,-3,0,41.109610
1,-20,-15,25.019992
-18,22,18,33.645208
36,17,-1,39.824616
-13,-18,13,25.729361
18,0,-10,20.591260
-9,-18,-23,30.561414
13,-31,-32,46.411206
0,-2,-18,18.110770
2,-14,26,29.597297
10,36,4,37.576588
16,10,-12,22.360680
1,-22,3,22.226111
-12,-26,2,28.705400
-7,17,-24,30.232433
18,-19,-1,26.191602
-8,-3,-11,13.928388
7,15,22,27.531800
-2,32,-8,33.045423
-14,-31,3,34.146742
1,-19,12,22.494444
-7,10,-29,31.464265
-12,-14,8,20.099751
-25,14,-39,48.394215
10,13,47,49.779514
-6,-3,23,23.958297
27,8,-15,31.906112
-4,-2,12,12.806248
10,47,3,48.145612
-9,-17,-14,23.790755
-1,7,50,50.497525
25,35,-8,43.749286
18,14,-34,40.938979
-24,-5,21,32.280025
9,-7,-28,30.232433
10,40,-2,41.279535
10,-17,-41,45.497253
-10,-6,44,45.519227
-6,-39,31,50.179677
30,-2,2,30.133038
5,-21,2,21.679483
-23,11,12,28.178006
-33,-31,-4,45.453273
-16,-3,-11,19.646883
25,16,21,36.359318
-12,13,7,19.026298
18,12,24,32.310989
-7,3,22,23.280893
17,11,2,20.346990
2,12,-4,12.806248
-18,-26,-10,33.166248
8,-5,27,28.600699
33,19,2,38.131352
15,-16,7,23.021729
5,15,14,21.118712
22,4,8,23.748684
-31,26,-5,40.767634
-11,16,-17,25.806976
-19,13,-20,30.495901
3,-2,11,11.575837
26,5,15,30.430248
16,26,12,32.802439
-22,-25,-5,33.674916
-11,-4,-1,11.747340
-3,3,-12,12.727922
6,0,4,7.211103
10,-4,-24,26.305893
2,-14,20,24.494897
-10,2,-24,26.076810
19,10,3,21.679483
-29,-1,-10,30.692019
2,28,-16,32.310989
11,-2,-13,17.146428
1,17,-18,24.779023
-6,3,-15,16.431677
-17,-16,11,25.806976
-4,-10,12,16.124515
33,2,25,41.448764
-6,-19,5,20.542639
0,9,17,19.235384
-8,8,18,21.260292
-14,7,11,19.131126
-15,13,8,21.400935
-3,-10,-23,25.258662
-20,22,-22,36.986484
-8,33,-5,34.322005
11,-21,24,33.734256
-9,4,-13,16.309506
-4,-51,-31,59.816386
13,32,1,34.554305
-8,-2,-4,9.165151
-30,23,11,39.370039
-8,-8,-28,30.199338
26,19,-3,32.341923
24,23,-45,55.946403
11,9,24,27.892651
9,-9,24,27.166155
9,-25,-8,27.748874
0,32,-22,38.832976
9,-35,-4,36.359318
-2,-2,0,2.828427
14,7,-5,16.431677
20,-3,-1,20.248457
25,27,24,43.931765
11,-16,-3,19.646883
17,0,5,17.720045
-8,8,12,16.492423
-7,-4,-21,22.494444
-14,-5,-25,29.086079
-20,-18,18,32.372828
-2,-11,39,40.570926
24,20,12,33.466401
-5,0,1,5.099020
40,-8,-20,45.431267
1,26,-5,26.495283
-8,-3,-7,11.045361
20,28,10,35.832946
4,-22,26,34.292856
6,50,-20,54.184869
-44,-5,9,45.188494
-17,6,13,22.226111
-15,-4,-3,15.811388
21,33,-14,41.545156
-11,0,15,18.601075
-22,24,10,34.058773
5,-10,-17,20.346990
-42,5,25,49.132474
22,29,3,36.523965
23,-14,1,26.944387
-28,16,-20,37.947332
-16,22,44,51.730069
11,15,-30,35.298725
-31,-19,-6,36.851052
-19,-20,-7,28.460499
10,-32,-8,34.467376
-12,31,3,33.376639
-20,-10,-12,25.377155
-4,-19,5,20.049938
4,40,4,40.398020
4,-10,-14,17.663522
15,14,-3,20.736441
-34,-2,-12,36.110940
29,24,9,38.704005
-14,3,11,18.055470
8,5,-1,9.486833
-6,3,-13,14.628739
-14,5,-29,32.588341
-6,24,24,34.467376
16,3,19,25.019992
18,29,1,34.146742
16,19,29,38.183766
36,-9,19,41.689327
-12,4,-28,30.724583
9,-10,1,13.490738
4,-35,1,35.242020
24,5,-17,29.832868
13,19,26,34.727511
17,13,-18,27.964263
15,-29,-4,32.893768
8,49,3,49.739320
-10,44,-20,49.355851
-5,18,7,19.949937
19,20,-3,27.748874
-34,18,42,56.956123
32,44,-26,60.299254
-1,-10,1,10.099505
-1,-7,8,10.677078
-18,4,-8,20.099751
-24,-9,-19,31.906112
14,9,19,25.258662
-17,-37,8,41.496988
22,-2,-20,29.799329
-6,-4,6,9.380832
-13,7,16,21.771541
21,-23,14,34.146742
-1,6,-23,23.790755
6,-14,14,20.688161
28,1,-3,28.178006
-11,-7,8,15.297059
-3,-9,-2,9.695360
6,0,12,13.416408
7,-23,-24,33.970576
0,-6,20,20.880613
9,-11,-12,18.601075
-31,11,-20,38.496753
-2,-18,28,33.346664
-10,16,34,38.884444
-10,18,8,22.090722
-9,17,2,19.339080
13,0,11,17.029386
-11,32,5,34.205263
18,19,29,39.064050
23,-9,6,25.416530
5,-15,8,17.720045
-14,10,-22,27.928480
10,18,20,28.705400
-37,-31,0,48.270074
-23,24,33,46.840154
22,24,20,38.209946
29,11,24,39.217343
35,-2,-3,35.185224
-2,2,12,12.328828
-29,19,-16,38.183766
16,4,12,20.396078
9,7,-20,23.021729
45,-6,31,54.972721
-28,21,-1,35.014283
-6,-9,-21,23.622024
-10,0,-16,18.867962
29,-7,12,32.155870
0,0,6,6.000000
4,1,-17,17.492856
-4,0,12,12.649111
-13,1,-6,14.352700
10,16,-2,18.973666
57,9,20,61.073726
11,-19,-20,29.698485
-3,-41,4,41.303753
-15,-10,31,35.860842
1,12,25,27.748874
-14,-29,25,40.767634
33,-36,7,49.335586
-9,-9,24,27.166155
24,-9,-23,34.438351
1,14,-21,25.258662
-4,-27,13,30.232433
-3,34,-11,35.860842
-6,-21,-13,25.416530
8,15,7,18.384776
-3,-5,-22,22.759613
9,27,-26,38.548671
-24,8,-6,26.000000
-4,1,-1,4.242641
-3,12,-13,17.944358
13,-3,12,17.944358
-19,25,-6,31.968735
6,-34,20,39.899875
-27,5,-16,31.780497
-2,7,1,7.348469
6,1,13,14.352700
-18,26,6,32.186954
-3,-8,-53,53.684262
24,32,2,40.049969
13,9,-14,21.118712
5,15,-36,39.319207
5,-8,-27,28.600699
26,25,-21,41.737274
-19,-27,-4,33.256578
-9,2,1,9.273618
-7,-17,-32,36.905284
-30,-4,6,30.854497
-1,-9,-28,29.427878
-10,10,10,17.320508
19,-22,-9,30.430248
-11,-31,8,33.852622
-26,-12,-2,28.705400
33,-4,17,37.336309
6,30,4,30.854497
18,-11,-23,31.208973
-39,36,11,54.203321
22,-47,-15,54.018515
4,24,-38,45.122057
-20,13,3,24.041631
-10,42,-8,43.908997
10,-39,5,40.570926
-25,12,-13,30.626786
-10,12,24,28.635642
-14,-1,-19,23.622024
18,-11,-13,24.779023
-2,-11,1,11.224972
-40,-6,-4,40.644803
1,-17,-34,38.026307
-13,22,23,34.380227
-21,-9,-26,34.612137
22,0,-10,24.166092
8,19,-23,30.886890
8,2,-24,25.377155
-16,-2,-18,24.166092
13,-13,-14,23.108440
8,-15,15,22.671568
11,-15,-12,22.135944
-21,6,1,21.863211
8,-4,-20,21.908902
-10,25,15,30.822070
-9,25,12,29.154759
13,0,-9,15.811388
6,7,37,38.131352
-42,12,4,43.863424
34,16,-12,39.446166
6,-5,-13,15.165751
4,1,-15,15.556349
27,17,-10,33.436507
-15,-19,10,26.191602
1,-10,-13,16.431677
-15,-22,21,33.911650
-14,11,-7,19.131126
-15,-10,1,18.055470
-16,-2,4,16.613248
12,-9,1,15.033296
-21,18,5,28.106939
-12,31,-39,51.244512
-2,-17,13,21.494185
-22,8,12,26.305893
25,-29,-22,44.158804
-9,28,-5,29.832868
26,-16,-18,35.440090
25,-1,2,25.099801
-19,-12,-1,22.494444
-13,4,-3,13.928388
32,5,-27,42.166337
-13,-26,-1,29.086079
-4,-9,29,30.626786
-9,0,11,14.212670
-18,24,2,30.066593
7,-13,12,19.026298
11,4,29,31.272992
-13,-14,1,19.131126
-13,12,19,25.961510
1,-8,9,12.083046
-14,13,-15,24.289916
1,2,7,7.348469
-16,-3,55,57.358522
-4,-36,30,47.031904
-33,-14,21,41.545156
-10,8,20,23.748684
8,-5,-11,14.491377
-9,-12,-5,15.811388
5,7,12,14.764823
17,-28,29,43.749286
-20,7,3,21.400935
28,32,22,47.874837
-29,-9,2,30.430248
-15,-3,4,15.811388
-24,-36,-26,50.477718
19,-9,-6,21.863211
-30,-9,-25,40.074930
5,1,-22,22.583180
-4,15,27,31.144823
19,-7,-6,21.118712
-3,13,-8,15.556349
-6,-2,12,13.564660
-32,-15,17,39.217343
-19,-4,-5,20.049938
-4,30,22,37.416574
-3,-2,11,11.575837
-21,-57,-16,62.817195
21,7,-10,24.289916
-11,-24,3,26.570661
-10,-7,9,15.165751
-25,4,17,30.495901
1,-23,-18,29.223278
-12,-33,9,36.249138
3,-1,42,42.118879
36,22,16,45.122057
-11,-5,36,37.973675
-18,-1,43,46.626173
-4,9,11,14.764823
5,-1,8,9.486833
-25,16,5,30.099834
34,-42,8,54.626001
10,15,-31,35.860842
-43,-12,-5,44.922155
12,11,17,23.537205
2,-10,26,27.928480
-31,8,7,32.771939
9,-1,-16,18.384776
26,-46,6,53.178943
18,0,-34,38.470768
-12,2,0,12.165525
32,2,12,34.234486
25,-11,-6,27.964263
-31,30,-3,43.243497
-20,21,-17,33.615473
-3,-16,-7,17.720045
-17,-10,-17,26.038433
34,4,10,35.665109
-29,-33,-2,43.977267
-23,-7,26,35.411862
8,-14,-24,28.913665
12,-8,32,35.099858
28,14,-44,54.000000
2,7,-25,26.038433
-27,25,-6,37.282704
35,-11,-18,40.865633
-8,-9,35,37.013511
-17,20,9,27.748874
5,0,-9,10.295630
0,-14,-26,29.529646
-46,14,-10,49.112117
15,-13,2,19.949937
18,7,7,20.542639
3,4,9,10.295630
18,10,16,26.076810
-21,-2,-13,24.779023
-8,0,2,8.246211
28,2,12,30.528675
12,-5,-51,52.630789
1,26,5,26.495283
-12,-13,7,19.026298
-22,-14,-6,26.758176
20,-23,-17,34.899857
-4,19,7,20.639767
-19,-4,-13,23.366643
5,-6,-7,10.488088
-14,-18,-4,23.151674
-34,-1,3,34.146742
-2,-36,-6,36.551334
-12,14,4,18.867962
4,-20,2,20.493902
14,-15,13,24.289916
14,6,14,20.688161
-48,7,59,76.380626
13,-7,20,24.859606
14,6,10,18.220867
-8,-11,9,16.309506
-21,-22,-17,34.842503
-41,5,8,42.071368
-15,-23,-22,35.185224
10,17,-5,20.346990
-16,-7,1,17.492856
-12,0,10,15.620499
9,-12,-1,15.033296
19,-2,-1,19.131126
-31,15,-48,59.076222
5,26,17,31.464265
13,1,6,14.352700
-6,-27,-1,27.676705
2,-10,-14,17.320508
-4,-3,-13,13.928388
19,8,7,21.771541
21,12,21,32.031235
3,4,-5,7.071068
-3,-3,-8,9.055385
-18,15,-35,42.118879
-15,17,6,23.452079
-10,-11,-11,18.493242
-1,28,9,29.427878
-10,-6,14,18.220867
-17,9,6,20.149442
13,5,2,14.071247
-5,-7,16,18.165902
16,6,16,23.409400
-7,-19,4,20.639767
-15,19,-2,24.289916
-10,35,13,38.652296
28,9,15,33.015148
0,-35,-13,37.336309
-2,17,25,30.298515
35,0,5,35.355339
-13,-24,-9,28.740216
28,46,-4,54.000000
-33,-16,-37,52.096065
25,10,17,31.843367
-28,3,-9,29.563491
19,27,38,50.338852
23,-15,-26,37.815341
8,-3,-13,15.556349
17,20,3,26.419690
-17,33,20,42.166337
3,-30,17,34.612137
26,29,-5,39.268308
-14,-11,-11,20.928450
-37,22,-3,43.150898
-5,6,-5,9.273618
-3,24,25,34.785054
16,11,33,38.288379
-21,3,-10,23.452079
40,-6,0,40.447497
8,2,42,42.801869
-18,6,-18,26.153394
-20,-12,-38,44.586994
-17,-2,-9,19.339080
19,3,14,23.790755
15,-20,-5,25.495098
17,9,14,23.790755
13,-14,15,24.289916
1,1,28,28.035692
-2,2,2,3.464102
9,-7,-2,11.575837
11,25,26,37.709415
13,5,4,14.491377
2,1,-13,13.190906
-13,0,19,23.021729
17,10,23,30.298515
-21,-2,1,21.118712
-21,10,-13,26.645825
29,-24,41,55.659680
3,-6,25,25.884358
-27,-8,-37,46.497312
2,4,-20,20.493902
-7,14,25,29.495762
-12,20,8,24.657656
17,-3,-6,18.275667
11,-12,7,17.720045
2,7,3,7.874008
13,15,26,32.710854
8,-5,23,24.859606
18,17,23,33.793490
-29,20,7,35.916570
3,23,-2,23.280893
-17,-12,-17,26.870058
-10,22,-12,26.981475
-52,3,-5,52.325902
25,14,21,35.524639
10,-5,5,12.247449
16,-25,-39,49.010203
-29,-13,0,31.780497
25,8,23,34.899857
-4,3,5,7.071068
-9,15,-20,26.570661
15,-2,-15,21.307276
17,-12,19,28.178006
-13,-28,19,36.249138
12,-2,-2,12.328828
41,-5,-12,43.011626
-14,-1,-11,17.832555
-5,-16,17,23.874673
17,-7,-24,30.232433
-11,7,26,29.086079
-5,-9,-10,14.352700
2,21,15,25.884358
-27,12,-5,29.966648
-23,-1,0,23.021729
5,-2,-13,14.071247
-9,-43,4,44.113490
15,2,-31,34.496377
-8,13,13,20.049938
-15,-3,-14,20.736441
9,-15,-18,25.099801
9,-14,9,18.920888
2,25,-27,36.851052
-3,10,-1,10.488088
-24,11,3,26.570661
-5,29,0,29.427878
20,1,1,20.049938
8,-21,-15,27.018512
-35,-45,16,59.211485
-12,-18,-24,32.310989
-6,34,8,35.440090
21,-20,-19,34.669872
12,-20,-12,26.229754
10,21,3,23.452079
-42,18,12,47.244047
1,30,-29,41.737274
8,31,15,35.355339
36,26,-18,47.916594
-3,-1,-16,16.309506
7,16,-7,18.814888
-22,-9,23,33.075671
22,18,-2,28.495614
11,-27,-6,29.765752
-2,-2,-4,4.898979
9,5,12,15.811388
19,23,8,30.886890
4,-4,16,16.970563
24,-20,-20,37.094474
11,-32,-3,33.970576
13,-7,6,15.937377
10,13,-11,19.748418
15,-20,-3,25.179357
6,-12,10,16.733201
-19,-7,6,21.118712
22,-12,-10,26.981475
-5,-8,-17,19.442222
13,-3,-18,22.405357
3,-7,12,14.212670
-19,33,-4,38.288379
3,-9,-10,13.784049
-14,-23,-31,41.060930
-3,-25,-4,25.495098
21,2,29,35.860842
-5,9,32,33.615473
-7,22,9,24.779023
-5,-17,12,21.400935
8,14,0,16.124515
-2,10,-18,20.688161
-5,0,-27,27.459060
-21,35,16,43.840620
-1,8,11,13.638182
21,6,-5,22.405357
-3,9,0,9.486833
10,-27,-15,32.465366
-1,-14,-15,20.542639
-3,14,9,16.911535
-7,-25,-6,26.645825
-16,-6,2,17.204651
-9,-6,-15,18.493242
2,29,21,35.860842
1,-10,-43,44.158804
-23,-27,14,38.131352
10,16,2,18.973666
11,-25,-2,27.386128
0,-4,-4,5.656854
-19,17,-10,27.386128
-2,-4,4,6.000000
-3,-6,13,14.628739
-8,21,27,35.128336
34,-8,-48,59.363288
-18,2,8,19.798990
5,16,-9,19.026298
0,-21,-21,29.698485
0,-27,7,27.892651
-4,-4,32,32.496154
-5,7,-28,29.291637
19,-1,0,19.026298
-19,3,0,19.235384
-11,-7,-2,13.190906
-23,-20,9,31.780497
-16,29,11,34.899857
-6,-4,14,15.748016
-13,-37,16,42.355637
30,20,8,36.932371
-1,8,-13,15.297059
-7,40,15,43.289722
-2,-34,4,34.292856
8,-4,-36,37.094474
15,15,26,33.555923
33,1,4,33.256578
-6,-33,17,37.603191
-14,-16,-20,29.189039
-33,12,3,35.242020
-13,-14,3,19.339080
9,-11,10,17.378147
-1,3,-12,12.409674
-24,22,-6,33.105891
-16,-8,-32,36.660606
1,17,-10,19.748418
-12,35,19,41.593269
8,21,-15,27.018512
1,-35,-12,37.013511
19,1,-30,35.524639
-17,3,14,22.226111
-20,-22,-6,30.331502
37,27,-2,45.847574
27,-20,-1,33.615473
-2,-5,-11,12.247449
32,29,21,48.020829
3,2,9,9.695360
-13,26,-23,37.067506
10,-37,37,53.272882
-36,-2,-14,38.678159
-23,-2,-11,25.573424
27,15,16,34.785054
16,-8,-32,36.660606
12,4,-10,16.124515
7,20,23,31.272992
25,-2,3,25.258662
-26,15,17,34.496377
-16,-9,-17,25.019992
-9,29,12,32.649655
-9,0,-15,17.492856
5,-27,-8,28.600699
-8,-42,18,46.389654
25,-7,-26,36.742346
-30,23,-9,38.858718
-20,5,-5,21.213203
-12,-29,9,32.649655
13,31,-2,33.674916
26,8,14,30.594117
22,-45,-9,50.892043
-3,23,32,39.522146
0,-33,-9,34.205263
-2,30,0,30.066593
-13,-13,36,40.422766
30,-16,-14,36.769553
2,1,-17,17.146428
-17,-11,14,24.617067
17,-7,20,27.166155
-3,-10,-9,13.784049
-19,-18,-29,39.064050
-19,-9,6,21.863211
0,-16,24,28.844410
-18,26,12,33.823069
38,15,-19,45.055521
5,6,-17,18.708287
2,10,-28,29.799329
-20,-35,-25,47.434165
19,4,-9,21.400935
16,26,8,31.559468
-22,8,-16,28.354894
9,-9,-14,18.920888
-27,32,7,42.449971
5,-11,-28,30.495901
-23,-36,21,47.602521
-15,-12,21,28.460499
-12,-5,-23,26.419690
17,32,-17,40.024992
-28,-6,26,38.678159
0,3,-15,15.297059
-3,-28,17,32.893768
11,27,-16,33.256578
45,9,32,55.946403
13,-8,-3,15.556349
3,-23,-16,28.178006
-10,-12,4,16.124515
46,16,-20,52.649786
21,10,-9,24.939928
-25,-29,-26,46.281746
8,-24,-14,28.913665
-21,-35,8,41.593269
16,23,9,29.427878
18,1,3,18.275667
-4,-8,36,37.094474
-3,2,-1,3.741657
-41,10,-11,43.611925
19,13,4,23.366643
32,33,9,46.840154
-32,1,-21,38.288379
-10,0,-22,24.166092
2,-32,26,41.279535
5,-9,10,14.352700
-6,-1,3,6.782330
3,26,-19,32.341923
-16,-4,28,32.496154
3,37,12,39.012818
11,-2,5,12.247449
2,5,-5,7.348469
-2,-18,20,26.981475
38,8,-6,39.293765
-6,5,1,7.874008
-9,5,0,10.295630
-17,-18,7,25.729361
-13,17,24,32.155870
38,-7,1,38.652296
-28,41,5,49.899900
30,-5,25,39.370039
-21,26,-3,33.555923
13,3,4,13.928388
9,-19,-20,29.017236
6,1,9,10.862780
-18,1,15,23.452079
4,10,34,35.665109
20,2,-14,24.494897
-5,8,-11,14.491377
5,9,20,22.494444
-10,-13,1,16.431677
1,24,-15,28.319605
-2,12,-10,15.748016
-9,-28,5,29.832868
8,13,-13,20.049938
16,-7,5,18.165902
5,19,-10,22.045408
-11,-3,22,24.779023
-11,16,3,19.646883
3,-12,9,15.297059
-14,39,-5,41.737274
-13,-1,4,13.638182
6,-25,11,27.964263
35,-43,12,56.727418
10,1,11,14.899664
15,19,14,27.964263
3,26,-27,37.603191
3,15,-18,23.622024
-3,11,12,16.552945
-3,-13,30,32.832910
23,9,4,25.019992
28,37,-17,49.416596
44,23,13,51.322510
-18,21,-15,31.464265
-33,-3,4,33.376639
-1,-9,-26,27.531800
23,14,-15,30.822070
-20,6,52,56.035703
2,-6,6,8.717798
2,10,12,15.748016
9,-27,-20,34.785054
11,-8,5,14.491377
4,-8,-4,9.797959
19,-9,26,33.436507
-12,29,-3,31.527766
-39,9,16,43.104524
23,-23,-4,32.771939
6,-18,18,26.153394
-7,-6,7,11.575837
-1,19,-26,32.218007
27,-20,13,36.027767
14,-4,20,24.738634
37,-9,24,45.011110
9,-11,0,14.212670
-32,0,-34,46.690470
8,-1,9,12.083046
-9,4,-5,11.045361
-4,2,24,24.413111
-39,13,-38,55.982140
18,-9,13,23.958297
30,-7,-9,32.093613
4,6,6,9.380832
22,14,26,36.823905
3,-18,11,21.307276
-7,27,18,33.196385
34,7,13,37.067506
-8,22,0,23.409400
-10,-17,-7,20.928450
1,-11,-6,12.569805
-24,3,-23,33.376639
-33,-16,-1,36.687873
13,-20,-15,28.178006
-2,-13,-51,52.668776
-42,1,-19,46.108568
-12,19,-3,22.671568
6,-1,-7,9.273618
7,9,10,15.165751
-8,-5,15,17.720045
26,-1,29,38.961519
-6,-5,-15,16.911535
21,0,3,21.213203
4,-17,-7,18.814888
-8,3,7,11.045361
-6,-37,1,37.496667
5,-26,-3,26.645825
-6,16,-6,18.110770
-22,-5,-5,23.108440
37,-7,-14,40.174619
-24,40,-10,47.707442
47,25,-8,53.833075
16,0,-2,16.124515
-27,-13,0,29.966648
-1,-23,-22,31.843367
27,-31,30,50.892043
-16,-3,5,17.029386
-21,-5,-12,24.698178
47,4,-11,48.435524
-3,-17,40,43.566042
9,34,7,35.860842
2,-9,-7,11.575837
-31,21,-12,39.319207
0,-34,16,37.576588
-12,-6,28,31.048349
-11,8,19,23.366643
43,23,-24,54.350713
-28,16,18,36.932371
-26,26,-2,36.823905
-15,0,3,15.297059
3,-7,-4,8.602325
-6,4,-4,8.246211
16,1,-27,31.400637
-25,21,28,43.011626
-16,-2,-10,18.973666
8,-31,5,32.403703
22,0,-4,22.360680
1,32,15,35.355339
-8,-20,-10,23.748684
8,-9,-9,15.033296
10,-14,2,17.320508
7,29,-10,31.464265
10,-8,-18,22.090722
4,2,-10,10.954451
18,3,-17,24.939928
4,38,48,61.351447
-21,-6,3,22.045408
12,18,-22,30.854497
-14,-18,30,37.682887
12,4,-26,28.913665
3,-16,-9,18.601075
-6,-31,-17,35.860842
-1,14,5,14.899664
-16,-12,22,29.732137
25,17,20,36.249138
22,-29,1,36.414283
-22,-13,-21,33.075671
-59,-10,-33,68.337398
1,-29,-16,33.136083
45,4,27,52.630789
35,-14,-1,37.709415
25,11,-4,27.604347
-16,3,17,23.537205
30,-12,-16,36.055513
8,3,-27,28.319605
14,-19,-45,50.813384
-20,-16,10,27.495454
16,15,33,39.623226
12,-8,2,14.560220
-25,10,17,31.843367
-10,-7,31,33.316662
-18,17,-23,33.793490
39,-43,-20,61.400326
12,-4,14,18.867962
9,8,-23,25.961510
13,-36,13,40.422766
6,31,-23,39.064050
24,27,-1,36.138622
-12,4,-6,14.000000
-23,17,2,28.670542
8,4,8,12.000000
-2,-6,10,11.832160
-23,10,25,35.411862
35,-7,20,40.914545
-13,-13,16,24.372115
2,-22,26,34.117444
10,-29,-13,33.316662
5,0,5,7.071068
3,13,-10,16.673332
-8,-21,-3,22.671568
4,30,-22,37.416574
12,12,2,17.088007
24,-20,14,34.234486
-47,12,7,49.010203
23,15,4,27.748874
9,-3,-12,15.297059
0,-1,33,33.015148
5,2,25,25.573424
-4,4,22,22.715633
-3,-14,-23,27.092434
-6,-11,27,29.765752
0,-19,43,47.010637
27,-2,11,29.223278
-9,-2,9,12.884099
-3,-9,-18,20.346990
-19,19,-10,28.670542
-19,4,37,41.785165
-5,-11,-2,12.247449
-13,4,17,21.771541
-2,-26,-4,26.381812
-15,-14,-33,38.858718
-4,6,-6,9.380832
-34,-2,-40,52.535702
-14,33,-27,44.877611
1,8,-27,28.178006
27,26,-5,37.815341
-17,-46,15,51.283526
-4,0,16,16.492423
-5,5,-4,8.124038
-1,18,31,35.860842
15,3,-14,20.736441
13,-26,13,31.843367
4,25,1,25.337719
18,18,-2,25.534291
17,14,-25,33.316662
-1,-11,-38,39.572718
5,18,7,19.949937
16,35,13,40.620192
12,18,-2,21.725561
4,-9,-55,55.874860
31,26,-17,43.886217
27,-64,9,70.042844
19,-15,-28,37.013511
-33,-9,-32,46.840154
-9,-20,-5,22.494444
26,-6,-4,26.981475
-7,5,14,16.431677
18,14,-20,30.331502
5,8,-15,17.720045
3,-7,0,7.615773
30,-13,23,39.974992
-11,2,-17,20.346990
-9,-3,-8,12.409674
-36,-21,5,41.976184
-6,-9,9,14.071247
10,7,13,17.832555
18,6,0,18.973666
2,-2,-12,12.328828
29,-13,-20,37.549967
-7,9,-26,28.390139
-16,12,28,34.409301
-33,-36,-29,56.797887
23,-8,-17,29.698485
-14,17,-31,38.026307
22,-5,11,25.099801
0,16,-28,32.249031
22,-1,-13,25.573424
-31,-3,-6,31.717503
-4,-9,3,10.295630
-1,-15,-32,35.355339
15,-31,-6,34.957117
-14,-27,-23,38.131352
-11,-47,-6,48.641546
2,9,17,19.339080
-1,-8,1,8.124038
-15,23,32,42.166337
-18,21,-5,28.106939
-3,-24,-29,37.762415
6,-15,33,36.742346
-22,7,7,24.124676
2,12,8,14.560220
-1,20,9,21.954498
-17,23,-10,30.298515
-5,16,-21,26.870058
-19,4,-3,19.646883
30,2,24,38.470768
-8,1,-1,8.124038
15,1,6,16.186414
13,-5,18,22.759613
0,-21,15,25.806976
13,16,-35,40.620192
21,14,7,26.191602
-11,7,-4,13.638182
-30,-10,-30,43.588989
14,-3,-11,18.055470
-5,-10,13,17.146428
-19,2,-5,19.748418
3,1,-22,22.226111
25,-45,-2,51.516987
26,-7,-1,26.944387
16,22,14,30.594117
-19,40,1,44.294469
8,23,-15,28.600699
26,-5,-1,26.495283
19,38,19,46.540305
5,-4,-19,20.049938
-12,13,-39,42.825226
-1,25,12,27.748874
-8,14,4,16.613248
13,-11,-6,18.055470
-6,-11,33,35.298725
15,30,-3,33.674916
-30,7,-5,31.208973
-1,-10,3,10.488088
5,-21,-6,22.405357
20,-24,-14,34.234486
-41,-8,-15,44.384682
-15,-9,-22,28.106939
0,-4,-16,16.492423
19,-14,-27,35.860842
-13,27,8,31.016125
2,-6,0,6.324555
-19,-10,19,28.670542
6,-6,-10,13.114877
2,8,-20,21.633308
17,-2,-13,21.494185
-1,-5,0,5.099020
-7,7,-12,15.556349
18,6,4,19.390719
17,-7,26,31.843367
20,-7,-1,21.213203
23,13,6,27.092434
-5,-6,9,11.916375
-9,-48,-29,56.797887
-13,-17,24,32.155870
-38,-4,-2,38.262253
32,1,9,33.256578
12,2,-14,18.547237
11,2,-29,31.080541
-22,13,-31,40.174619
-8,-9,13,17.720045
0,-2,20,20.099751
-14,-2,20,24.494897
-3,9,4,10.295630
-2,-9,13,15.937377
-2,12,-6,13.564660
35,-10,-27,45.321077
-8,18,-24,31.048349
4,-2,10,10.954451
-15,-15,-10,23.452079
5,-18,3,18.920888
-13,-9,-26,30.430248
-29,33,36,56.797887
9,-7,-12,16.552945
-10,-21,-5,23.790755
4,-22,-12,25.377155
7,-10,37,38.961519
-38,-15,13,42.871902
4,-22,28,35.832946
-19,-2,17,25.573424
10,-37,41,56.124861
-52,8,-22,57.026310
40,0,-4,40.199502
-8,28,-36,46.303348
5,15,-18,23.958297
6,-12,-2,13.564660
34,30,-36,57.896459
-5,-4,15,16.309506
23,-5,8,24.859606
10,3,19,21.679483
-5,12,-3,13.341664
-28,24,32,48.826222
2,-16,-8,18.000000
-18,16,-4,24.413111
10,-5,17,20.346990
12,2,24,26.907248
11,-17,20,28.460499
6,-11,53,54.460995
12,-23,23,34.669872
-2,2,8,8.485281
-20,-31,-1,36.905284
30,7,-1,30.822070
-3,20,-25,32.155870
12,-2,32,34.234486
25,-45,22,55.982140
14,4,-14,20.199010
15,15,-28,35.128336
-4,18,-6,19.390719
-21,-8,3,22.671568
-3,-27,30,40.472213
26,7,21,34.146742
-15,18,-21,31.464265
-10,10,6,15.362291
11,-12,1,16.309506
26,-4,16,30.789609
5,-8,-19,21.213203
-11,24,-29,39.217343
-29,-3,8,30.232433
-11,8,9,16.309506
7,-2,-21,22.226111
-2,35,-5,35.411862
29,4,17,33.852622
-16,-9,-23,29.427878
4,-20,-2,20.493902
7,-13,-12,19.026298
27,-11,-6,29.765752
3,42,-13,44.068129
12,15,-9,21.213203
-31,-18,31,47.391982
-6,-10,10,15.362291
-16,-32,-24,43.081318
-8,12,-2,14.560220
-14,17,-9,23.790755
0,-32,-18,36.715120
-15,22,15,30.561414
-10,11,1,14.899664
-6,0,6,8.485281
13,-9,20,25.495098
2,12,-12,17.088007
22,-47,-5,52.134442
-2,12,-8,14.560220
-14,-26,-6,30.133038
-16,-2,0,16.124515
1,17,8,18.814888
3,-10,7,12.569805
-25,-11,-20,33.852622
34,1,1,34.029399
8,-10,24,27.202941
3,15,8,17.262677
-7,-17,4,18.814888
-11,9,6,15.427249
-32,1,-19,37.229021
23,-30,35,51.516987
4,46,-4,46.346521
-5,9,42,43.243497
-20,13,-11,26.267851
20,7,-1,21.213203
-6,12,18,22.449944
18,16,18,30.066593
16,-3,7,17.720045
16,-2,-2,16.248077
-22,-3,-11,24.779023
3,20,17,26.419690
-8,10,0,12.806248
24,4,-6,25.059928
7,23,-2,24.124676
0,-6,6,8.485281
-35,-8,5,36.249138
0,-6,-18,18.973666
-22,-10,14,27.928480
-26,3,-3,26.343880
23,-10,5,25.573424
10,12,16,22.360680
2,24,-2,24.166092
15,-17,8,24.041631
-3,-11,14,18.055470
-33,-20,13,40.718546
-2,-2,20,20.199010
-15,14,-9,22.405357
8,-5,13,16.062378
-12,-10,-14,20.976177
-21,7,-26,34.146742
13,35,16,40.620192
24,-2,-10,26.076810
20,11,-15,27.313001
-11,19,40,45.628938
2,-10,26,27.928480
-3,23,12,26.115130
-13,9,-34,37.496667
0,-23,-21,31.144823
0,35,19,39.824616
-31,-19,-2,36.414283
4,38,-22,44.090815
-9,8,-13,17.720045
-8,12,-26,29.732137
-12,-23,5,26.419690
19,-18,-11,28.390139
27,26,-37,52.668776
-2,-38,6,38.522721
-16,-18,6,24.819347
-44,2,-8,44.766059
63,-52,-13,82.716383
5,-7,12,14.764823
0,-43,9,43.931765
33,-32,-1,45.978256
-37,27,-8,46.497312
-13,22,-13,28.670542
-9,18,17,26.343880
32,-29,5,43.474130
6,13,9,16.911535
31,-27,12,42.825226
17,-1,16,23.366643
-19,-11,34,40.472213
-1,-15,0,15.033296
16,-35,-1,38.496753
-12,32,-4,34.409301
-5,-40,11,41.785165
-10,6,-8,14.142136
15,9,-8,19.235384
23,6,-15,28.106939
-7,-20,17,27.166155
18,7,-21,28.530685
19,-2,-19,26.944387
3,0,29,29.154759
-13,-32,-15,37.656341
15,3,-6,16.431677
12,26,2,28.705400
-1,22,-25,33.316662
17,-2,5,17.832555
-7,-6,17,19.339080
27,10,-11,30.822070
-31,-10,-3,32.710854
30,19,-5,35.860842
-30,29,9,42.684892
10,-20,2,22.449944
21,-25,2,32.710854
-15,-3,2,15.427249
19,-14,7,24.617067
-12,-21,-5,24.698178
-3,1,-24,24.207437
32,-11,5,34.205263
-4,14,-24,28.071338
8,26,12,29.732137
-18,-12,2,21.725561
-12,-6,20,24.083189
-19,12,-9,24.207437
7,-7,-28,29.698485
-17,-5,-54,56.833089
6,3,23,23.958297
10,30,-14,34.583233
8,7,1,10.677078
-3,-10,-33,34.612137
30,11,9,33.196385
-20,-4,-10,22.715633
7,-26,17,31.843367
-14,-9,-11,19.949937
22,-32,-36,52.952809
13,-12,7,19.026298
14,0,8,16.124515
-8,2,-24,25.377155
-23,-21,-16,35.014283
35,30,-13,47.895720
7,40,39,56.302753
-10,-14,6,18.220867
-24,-5,35,42.731721
25,-15,-20,35.355339
31,-32,35,56.656862
1,23,-10,25.099801
-22,-19,-7,29.899833
4,28,2,28.354894
3,10,-17,19.949937
13,-10,-11,19.748418
-22,-5,3,22.759613
-27,4,-11,29.427878
29,-26,-15,41.737274
12,-20,-4,23.664319
12,11,13,20.832667
28,-9,-13,32.155870
0,1,1,1.414214
21,2,13,24.779023
20,15,-5,25.495098
-9,31,-16,36.027767
-25,-1,-2,25.099801
-9,6,9,14.071247
-29,-17,24,41.303753
-25,-11,-12,29.832868
3,8,-7,11.045361
7,-9,2,11.575837
27,-20,-27,43.104524
-1,-42,-19,46.108568
-3,17,20,26.419690
19,6,9,21.863211
-3,-17,-6,18.275667
-17,18,29,38.131352
22,18,-4,28.705400
7,4,-1,8.124038
23,10,27,36.851052
2,0,44,44.045431
8,5,-13,16.062378
3,2,17,17.378147
-22,-22,20,36.986484
-6,-24,20,31.811947
15,19,6,24.939928
-13,28,13,33.496268
-14,-5,-15,21.118712
-7,12,-31,33.970576
-21,-15,26,36.633318
21,0,-17,27.018512
35,-4,3,35.355339
-2,4,50,50.199602
-50,2,-10,51.029403
3,27,-4,27.459060
14,4,4,15.099669
12,-25,3,27.892651
27,-29,-8,40.422766
13,19,0,23.021729
-9,-13,12,19.849433
9,-23,-6,25.416530
-19,30,-9,36.633318
19,-13,12,25.961510
0,37,17,40.718546
-6,7,-9,12.884099
-8,-12,8,16.492423
14,21,-3,25.416530
-4,-32,4,32.496154
23,-5,18,29.631065
-5,16,-15,22.494444
13,30,11,34.496377
-51,-5,-8,51.865210
4,33,27,42.825226
30,2,8,31.112698
-13,0,-19,23.021729
-10,-32,-30,44.988888
-24,12,-2,26.907248
3,6,-13,14.628739
-30,-20,-22,42.237424
-11,5,-2,12.247449
-13,-3,-2,13.490738
11,24,-13,29.427878
-15,-25,16,33.256578
-14,-40,-14,44.631827
-17,12,-27,34.088121
4,9,-7,12.083046
-15,21,6,26.495283
20,1,-39,43.840620
-6,31,-1,31.591138
-22,-27,5,35.185224
-35,-8,17,39.724048
1,1,-14,14.071247
10,22,-24,34.058773
-41,-10,-17,45.497253
5,32,23,39.724048
-5,-8,15,17.720045
-14,7,-9,18.055470
-29,-34,41,60.646517
1,10,-31,32.588341
-3,42,1,42.118879
6,-9,23,25.416530
-5,-37,26,45.497253
23,27,-24,42.825226
1,17,-12,20.832667
-27,2,7,27.964263
37,-1,-6,37.496667
18,-14,10,24.899799
40,-18,4,44.045431
-35,-11,12,38.600518
-20,-12,26,34.928498
0,4,-30,30.265492
12,29,11,33.256578
-21,-20,-13,31.780497
2,-11,-11,15.684387
14,10,-26,31.176915
-6,-1,-35,35.524639
-4,-22,18,28.705400
19,-37,2,41.641326
15,7,8,18.384776
16,19,5,25.337719
-10,12,-10,18.547237
-35,20,-1,40.323690
-13,-23,-4,26.720778
17,17,-2,24.124676
-2,-36,0,36.055513
8,-14,-6,17.204651
21,-9,-4,23.194827
-13,32,3,34.669872
-34,40,10,53.441557
-21,27,16,37.762415
-2,34,-10,35.496479
17,4,5,18.165902
5,-6,15,16.911535
-4,10,22,24.494897
22,-6,22,31.685959
0,-27,7,27.892651
-4,-9,15,17.944358
-8,14,22,27.276363
-15,5,10,18.708287
-38,-26,38,59.699246
23,-12,25,36.027767
12,-33,-9,36.249138
14,-3,-23,27.092434
36,19,-21,45.803930
-4,-10,-20,22.715633
-31,11,-4,33.136083
12,-18,-2,21.725561
-25,-25,6,35.860842
12,-2,18,21.725561
-25,-2,-11,27.386128
51,-32,1,60.216277
17,-18,-9,26.343880
15,28,5,32.155870
8,-4,12,14.966630
5,-13,24,27.748874
37,24,-21,48.846699
27,6,11,29.765752
-6,-5,17,18.708287
6,-35,1,35.524639
-17,-34,-21,43.428102
-27,-9,10,30.166206
16,9,9,20.445048
-46,25,29,59.849812
57,4,1,57.148928
-8,-15,29,33.615473
-33,20,7,39.217343
-3,-28,17,32.893768
-7,-8,1,10.677078
-13,-12,9,19.849433
6,-25,-15,29.765752
-23,22,-13,34.380227
11,32,-27,43.289722
7,20,1,21.213203
22,-28,18,39.899875
1,-32,5,32.403703
-9,-14,7,18.055470
9,-33,-20,39.623226
-31,-9,6,32.832910
27,-10,-21,35.637059
3,27,20,33.734256
2,19,15,24.289916
-3,-9,-14,16.911535
18,-19,-15,30.166206
-17,-38,-15,44.249294
17,13,-2,21.494185
-3,-18,7,19.544820
-13,4,5,14.491377
-6,-33,27,43.058100
-15,5,-20,25.495098
6,-6,-4,9.380832
-3,-2,-17,17.378147
28,15,-13,34.322005
12,-16,8,21.540659
16,23,15,31.780497
-14,25,15,32.341923
23,18,-5,29.631065
3,-3,-20,20.445048
16,-8,0,17.888544
3,-18,-11,21.307276
4,-9,9,13.341664
-23,11,4,25.806976
-15,13,-4,20.248457
26,-12,2,28.705400
2,5,-5,7.348469
-32,6,-10,34.058773
-11,23,20,32.403703
-23,-21,4,31.400637
5,-7,16,18.165902
11,18,-9,22.934690
17,18,11,27.092434
-6,-10,0,11.661904
19,-16,-5,25.337719
4,-9,1,9.899495
6,-2,20,20.976177
11,-28,-9,31.400637
-12,-16,14,24.413111
-34,-5,23,41.352146
12,-5,5,13.928388
-4,-6,-12,14.000000
-19,9,-10,23.280893
-21,3,-12,24.372115
6,-3,7,9.695360
3,-3,-14,14.628739
5,4,-7,9.486833
-9,1,0,9.055385
-8,-11,-19,23.366643
-7,-6,-1,9.273618
1,45,2,45.055521
4,-7,1,8.124038
-11,21,-8,25.019992
-27,0,-7,27.892651
35,14,7,38.340579
3,-21,-2,21.307276
36,11,7,38.288379
14,-11,-7,19.131126
-16,36,-48,62.096699
-13,11,8,18.814888
5,29,8,30.495901
-20,-20,-32,42.708313
-1,-1,6,6.164414
10,60,14,62.417946
-6,16,-30,34.525353
6,2,6,8.717798
8,19,15,25.495098
-13,0,17,21.400935
15,1,-12,19.235384
7,-26,19,32.954514
-4,-2,16,16.613248
61,-9,12,62.817195
-34,-24,-4,41.809090
-10,-4,-2,10.954451
-2,-18,20,26.981475
-7,11,-14,19.131126
11,4,21,24.041631
-46,18,-8,50.039984
-16,16,-28,36.000000
8,-5,-5,10.677078
-12,2,18,21.725561
-15,32,-13,37.656341
-6,-27,-13,30.561414
9,4,-23,25.019992
-22,5,-11,25.099801
-15,29,22,39.370039
-8,9,-3,12.409674
5,3,-34,34.496377
30,28,12,42.755117
4,-31,13,33.852622
-8,-3,-9,12.409674
-14,-33,-23,42.591079
4,8,-8,12.000000
4,35,3,35.355339
-3,-27,-12,29.698485
10,17,-29,35.071356
-25,-12,-19,33.615473
29,-10,37,48.062459
24,21,27,41.785165
3,-14,-21,25.416530
2,-26,-10,27.928480
-1,-8,5,9.486833
12,29,21,37.762415
16,14,34,40.099875
11,-29,20,36.905284
1,-15,-14,20.542639
3,30,-29,41.833001
1,-6,7,9.273618
-2,-17,3,17.378147
-13,4,-3,13.928388
-9,-12,3,15.297059
12,12,-2,17.088007
9,-8,-27,29.563491
13,0,15,19.849433
-10,-1,33,34.496377
2,-22,10,24.248711
-8,-4,-4,9.797959
4,35,3,35.355339
-27,-26,27,46.195238
-21,22,-29,42.023803
-12,11,21,26.570661
-1,-18,1,18.055470
-23,22,-11,33.674916
-3,-22,-13,25.729361
45,37,6,58.566202
-10,-13,-11,19.748418
4,26,30,39.899875
-5,-50,-7,50.734604
-36,5,-7,37.013511
8,-25,53,59.143892
10,-16,18,26.076810
33,-2,15,36.304270
-6,29,-3,29.765752
-5,-2,-3,6.164414
-31,-19,18,40.570926
-4,-18,-12,22.000000
9,-3,-32,33.376639
-20,16,22,33.763886
5,17,20,26.720778
-14,1,-33,35.860842
-2,16,20,25.690465
-32,18,-2,36.769553
31,1,-18,35.860842
1,11,30,31.968735
6,15,-9,18.493242
-14,1,41,43.335897
46,27,-3,53.422842
-18,-8,0,19.697716
16,25,-15,33.256578
2,-30,-18,35.042831
-62,7,1,62.401923
-35,-34,15,51.048996
-19,42,-1,46.108568
25,-34,-1,42.213742
7,15,-16,23.021729
6,-20,-14,25.139610
6,15,-5,16.911535
-8,10,8,15.099669
-1,-6,-31,31.591138
-4,-25,-13,28.460499
-7,-12,15,20.445048
-2,-2,20,20.199010
11,-14,35,39.268308
-11,53,-10,55.045436
7,12,-9,16.552945
-16,-3,-31,35.014283
3,-4,-15,15.811388
12,7,15,20.445048
-12,12,14,22.000000
5,-31,-22,38.340579
7,21,-12,25.179357
-15,16,-3,22.135944
18,-16,-36,43.312816
-7,15,44,47.010637
-6,6,-6,10.392305
41,14,5,43.611925
13,-5,-16,21.213203
-16,21,-55,61.008196
-8,-38,-8,39.648455
9,-11,4,14.764823
-28,25,5,37.868192
20,42,2,46.561787
-15,-6,3,16.431677
-25,9,-20,33.256578
-15,18,-1,23.452079
-4,-34,-8,35.156792
-39,4,-17,42.731721
-25,-14,-3,28.809721
31,2,1,31.080541
18,-31,1,35.860842
40,19,-3,44.384682
-51,10,1,51.980766
46,-3,-15,48.476799
12,33,-9,36.249138
7,-10,3,12.569805
-7,-8,-15,18.384776
-14,4,-22,26.381812
17,-12,-9,22.671568
-18,-25,31,43.703547
-31,22,23,44.429720
4,22,0,22.360680
0,16,0,16.000000
6,-18,-22,29.051678
20,12,-26,34.928498
15,-26,21,36.633318
-5,-20,-5,21.213203
11,17,-4,20.639767
-18,-54,4,57.061370
-7,30,17,35.185224
1,-20,-33,38.600518
14,12,-12,22.000000
1,-27,0,27.018512
17,-23,8,29.698485
1,-7,-42,42.591079
-18,40,6,44.271887
2,-27,17,31.968735
-13,19,-18,29.223278
21,28,29,45.453273
-4,-4,10,11.489125
10,10,-14,19.899749
-31,38,-3,49.132474
-25,14,1,28.670542
13,-8,-7,16.792856
-26,3,-27,37.603191
0,-19,31,36.359318
14,-3,31,34.146742
27,-19,10,34.496377
-2,9,7,11.575837
-9,-24,39,46.669048
9,43,-10,45.055521
28,-13,-11,32.771939
-23,-22,9,33.075671
24,-6,-22,33.105891
-30,-5,-9,31.717503
1,22,-9,23.790755
-2,-2,6,6.633250
13,14,21,28.390139
13,20,-11,26.267851
38,8,-16,42.000000
-27,-5,-2,27.531800
-6,2,12,13.564660
22,3,-1,22.226111
3,-10,-33,34.612137
-28,1,-1,28.035692
-2,6,34,34.583233
-20,-22,-4,30.000000
-17,-19,12,28.178006
-6,7,27,28.530685
-6,6,14,16.370706
24,2,-14,27.856777
40,1,13,42.071368
34,5,9,35.524639
-14,7,-1,15.684387
6,10,-2,11.832160
-20,10,52,56.603887
-2,-5,-17,17.832555
-40,25,25,53.385391
-15,21,2,25.884358
-40,10,-14,43.543082
17,-3,12,21.023796
15,14,27,33.911650
-43,-16,-1,45.891176
-4,28,0,28.284271
-25,-11,-16,31.654384
-15,-42,37,57.948253
8,-19,-15,25.495098
0,-20,2,20.099751
11,-10,-21,25.729361
17,16,1,23.366643
22,-45,-11,51.283526
1,-23,8,24.372115
-9,-1,2,9.273618
-28,-34,-14,46.216880
5,26,13,29.495762
-13,-15,-30,35.972211
28,-12,10,32.062439
8,-14,6,17.204651
11,-10,21,25.729361
15,16,-37,43.011626
-20,21,-7,29.832868
-16,29,-21,39.217343
35,26,-1,43.611925
-23,-22,7,32.588341
4,5,5,8.124038
-16,21,33,42.261093
8,-15,-27,31.906112
17,-16,1,23.366643
12,-48,-36,61.188234
-11,6,17,21.118712
14,13,-3,19.339080
0,-11,3,11.401754
18,-8,4,20.099751
-25,0,7,25.961510
-1,10,15,18.055470
15,10,-19,26.191602
13,-1,20,23.874673
-4,25,-21,32.893768
-35,-17,-22,44.698993
-8,12,20,24.657656
9,-37,-20,43.011626
-15,-10,-19,26.191602
-19,-26,9,33.436507
-13,24,5,27.748874
-33,-24,-25,47.853944
16,-26,-12,32.802439
31,-14,-1,34.029399
-18,10,-20,28.705400
27,-17,22,38.755645
-12,28,4,30.724583
23,-14,-17,31.843367
4,6,0,7.211103
-5,38,39,54.680892
-22,16,-22,34.985711
28,50,14,58.991525
-11,-11,8,17.492856
-1,33,4,33.256578
12,-7,15,20.445048
-17,-17,-8,25.337719
-33,7,12,35.805028
-23,14,19,32.954514
0,-3,-11,11.401754
15,18,-33,40.472213
0,26,-22,34.058773
-6,-4,20,21.260292
13,15,-26,32.710854
7,-20,-9,23.021729
15,2,11,18.708287
1,17,-24,29.427878
14,3,31,34.146742
-41,-16,21,48.764741
21,14,-9,26.795522
2,-16,-12,20.099751
10,-31,-23,39.874804
1,-5,-24,24.535688
-6,10,-12,16.733201
-8,17,3,19.026298
-13,15,16,25.495098
-15,3,10,18.275667
5,17,8,19.442222
2,-13,-17,21.494185
-3,11,12,16.552945
26,-12,-12,31.048349
19,-34,31,49.779514
7,17,-4,18.814888
4,-4,4,6.928203
23,3,-12,26.115130
3,7,-10,12.569805
25,8,-3,26.419690
14,-30,-16,36.769553
-3,7,-10,12.569805
-1,8,19,20.639767
-3,7,18,19.544820
10,-16,14,23.494680
-10,25,3,27.092434
-5,-15,-18,23.958297
-9,-2,5,10.488088
-15,13,-6,20.736441
-24,-8,40,47.328638
26,13,-41,50.259327
-7,6,5,10.488088
10,16,-2,18.973666
-18,18,-22,33.645208
17,-10,29,35.071356
-42,11,29,52.211110
6,9,1,10.862780
-17,20,3,26.419690
-10,8,-24,27.202941
16,-27,5,31.780497
2,-33,29,43.977267
-9,-12,9,17.492856
-7,-16,5,18.165902
10,7,-41,42.778499
14,-22,50,56.391489
-7,-24,-9,26.570661
-32,36,30,56.745044
6,-22,0,22.803509
9,-13,-20,25.495098
18,-9,-13,23.958297
36,15,39,55.154329
16,-8,-4,18.330303
-15,-7,10,19.339080
0,5,57,57.218878
20,18,-2,26.981475
-11,27,20,35.355339
-13,-12,-5,18.384776
19,-21,-16,32.526912
-30,-14,36,48.908077
-3,20,7,21.400935
-12,-20,-30,38.000000
23,-26,27,43.977267
-14,-43,29,53.721504
-6,11,5,13.490738
27,-11,12,31.527766
19,28,25,42.071368
-7,0,-23,24.041631
1,-6,-7,9.273618
-1,-1,0,1.414214
-8,-31,31,44.564560
8,32,10,34.467376
-18,18,-2,25.534291
-6,-6,4,9.380832
1,11,-4,11.747340
-7,3,42,42.684892
8,0,-2,8.246211
1,-9,36,37.121422
-15,3,-12,19.442222
-8,-8,8,13.856406
-32,34,-16,49.355851
8,-4,-2,9.165151
-12,3,-1,12.409674
-13,-13,-22,28.670542
-15,-2,-9,17.606817
7,24,-1,25.019992
12,-7,11,17.720045
-9,-29,-2,30.430248
-13,-23,-12,29.017236
-12,19,-31,38.288379
-12,2,4,12.806248
-20,0,18,26.907248
7,-3,4,8.602325
7,-27,-4,28.178006
-3,-30,-13,32.832910
-4,-3,29,29.427878
22,-1,-19,29.086079
1,-3,20,20.248457
4,33,3,33.376639
-29,-9,-4,30.626786
8,5,-15,17.720045
-26,0,-2,26.076810
21,6,15,26.495283
-34,-21,7,40.570926
11,6,29,31.591138
-15,-11,-8,20.248457
-8,-23,-17,29.698485
2,-16,-10,18.973666
24,6,6,25.455844
34,-11,-5,36.083237
3,-3,-8,9.055385
41,24,-11,48.764741
-12,21,-37,44.204072
-13,13,-18,25.729361
12,9,-3,15.297059
-5,-11,-20,23.366643
-7,38,47,60.844063
-9,5,12,15.811388
18,24,2,30.066593
-8,27,9,29.563491
18,-1,5,18.708287
1,5,-22,22.583180
13,2,1,13.190906
12,25,-23,36.027767
-4,11,-23,25.806976
4,8,20,21.908902
-7,10,13,17.832555
-3,6,7,9.695360
-7,-6,-1,9.273618
20,15,15,29.154759
-5,16,21,26.870058
-4,6,36,36.715120
22,-39,5,45.055521
1,-29,16,33.136083
-52,-10,-38,65.176683
-15,-7,-10,19.339080
-12,14,2,18.547237
10,8,2,12.961481
0,8,36,36.878178
8,-9,-3,12.409674
-4,-10,6,12.328828
-1,21,-16,26.419690
-9,11,-16,21.400935
0,25,1,25.019992
-1,-8,-25,26.267851
40,36,46,70.795480
-2,-22,8,23.494680
26,22,-12,36.110940
-10,12,-16,22.360680
-34,-25,-1,42.213742
-11,-21,-6,24.454039
8,-7,3,11.045361
-22,-13,-17,30.692019
-9,24,-17,30.757113
32,-22,-6,39.293765
24,-5,7,25.495098
10,10,-6,15.362291
21,5,20,29.427878
11,15,-14,23.280893
-28,11,-3,30.232433
5,10,-5,12.247449
-6,4,6,9.380832
2,-3,-5,6.164414
20,-3,37,42.166337
-19,-6,-27,33.555923
28,8,-12,31.496031
-7,-6,-9,12.884099
20,-11,9,24.535688
-10,20,28,35.832946
-43,15,-26,52.440442
-20,27,-13,36.027767
13,-5,-2,14.071247
2,30,-6,30.659419
-13,12,-3,17.944358
13,-62,9,63.984373
-9,-21,-16,27.892651
-37,14,3,39.673669
-2,3,-27,27.239677
47,-22,-1,51.903757
23,6,5,24.289916
24,7,-21,32.649655
-6,-17,-33,37.603191
8,-14,-20,25.690465
4,-21,19,28.600699
15,-10,-9,20.149442
-2,-7,-11,13.190906
0,-40,18,43.863424
-26,17,5,31.464265
-21,31,2,37.496667
39,16,-13,44.113490
23,14,3,27.092434
17,-6,33,37.603191
7,6,13,15.937377
15,15,-4,21.587033
20,-9,-13,25.495098
28,-19,15,37.013511
7,11,2,13.190906
-21,-2,17,27.092434
-24,15,15,32.031235
15,-12,11,22.135944
19,12,77,80.212219
-35,-10,-5,36.742346
1,-4,-19,19.442222
2,-30,8,31.112698
-19,18,-37,45.321077
-31,32,-13,46.411206
-7,8,-1,10.677078
4,-32,-4,32.496154
-23,-1,-16,28.035692
3,-12,-35,37.121422
-11,22,23,33.674916
-28,-21,-7,35.693137
-10,-19,17,27.386128
-20,6,-6,21.725561
-7,0,-29,29.832868
-39,16,-37,56.089215
-18,24,8,31.048349
3,-21,-2,21.307276
-10,-14,20,26.381812
-34,5,21,40.274061
-27,9,24,37.229021
-2,-24,18,30.066593
24,-1,-5,24.535688
0,-13,31,33.615473
-8,34,-22,41.279535
-8,22,2,23.494680
-27,-1,22,34.842503
-22,-11,-19,31.080541
26,1,-43,50.259327
5,-24,-45,51.244512
-29,1,-38,47.812132
5,-7,24,25.495098
-7,7,40,41.206796
7,33,-2,33.793490
-9,-16,-19,26.419690
5,6,-1,7.874008
24,-40,26,53.404120
-25,-2,-17,30.298515
16,25,-11,31.654384
-16,42,38,58.855756
-12,-13,-19,25.961510
-59,22,-1,62.976186
17,26,-19,36.414283
7,30,5,31.208973
-9,-17,34,39.064050
9,26,9,28.948230
10,13,33,36.851052
11,-25,0,27.313001
7,12,-3,14.212670
11,7,8,15.297059
-24,-10,-16,30.528675
-6,-45,3,45.497253
19,0,1,19.026298
32,11,13,36.249138
-16,-3,-17,23.537205
23,5,16,28.460499
9,-24,-23,34.438351
-13,9,-10,18.708287
25,11,20,33.852622
21,-11,4,24.041631
1,-29,-14,32.218007
9,-19,18,27.676705
-11,-3,-18,21.307276
-5,19,24,31.016125
-8,9,21,24.207437
-16,-26,10,32.124757
-15,9,-20,26.570661
-19,-15,-22,32.710854
25,2,1,25.099801
-10,3,23,25.258662
-23,-16,-7,28.879058
1,-14,23,26.944387
-13,20,9,25.495098
-29,-4,3,29.427878
10,-26,6,28.495614
-1,-17,-16,23.366643
-22,25,-33,46.882833
40,-16,-34,54.881691
0,-27,-7,27.892651
-9,25,8,27.748874
20,-10,-4,22.715633
15,7,16,23.021729
-7,-9,2,11.575837
-11,16,-9,21.400935
8,-8,14,18.000000
-4,-1,-31,31.272992
8,-32,0,32.984845
3,10,-15,18.275667
-19,-2,9,21.118712
-48,-4,-38,61.351447
-5,-29,-14,32.588341
-16,13,19,28.035692
21,38,-29,52.211110
16,-27,37,48.518038
-20,-6,-18,27.568098
-6,-8,12,15.620499
10,3,-21,23.452079
13,14,-17,25.573424
-13,-7,-12,19.026298
-7,-20,-1,21.213203
14,-1,-13,19.131126
15,-23,-20,33.970576
0,5,-7,8.602325
-2,-7,5,8.831761
-35,-2,37,50.970580
16,-12,-16,25.612497
-6,-1,-7,9.273618
-7,12,11,17.720045
-11,8,-13,18.814888
21,4,29,36.027767
-4,3,13,13.928388
7,-11,-26,29.086079
-20,11,1,22.847319
10,-8,16,20.493902
-6,18,12,22.449944
-14,-3,-1,14.352700
20,-8,-14,25.690465
-19,-24,-7,31.400637
10,42,28,51.458721
-24,-5,-13,27.748874
-9,2,-1,9.273618
-4,-4,-10,11.489125
10,38,-18,43.220366
4,14,-2,14.696938
7,27,-20,34.322005
18,-32,-26,44.988888
14,-1,17,22.045408
-4,5,-1,6.480741
11,28,15,33.615473
9,-10,9,16.186414
10,22,-4,24.494897
-2,-43,-1,43.058100
15,-9,6,18.493242
40,1,-3,40.124805
15,-14,3,20.736441
-23,30,-1,37.815341
-47,-20,-23,56.017854
21,27,0,34.205263
2,5,-5,7.348469
23,-15,-18,32.832910
-12,1,-13,17.720045
-19,0,25,31.400637
-7,1,8,10.677078
24,10,4,26.305893
-18,-6,-24,30.594117
1,-5,-8,9.486833
-9,-14,-5,17.378147
24,-2,22,32.619013
35,-11,4,36.905284
-9,28,1,29.427878
-21,-14,5,25.729361
-19,12,-15,27.018512
11,5,6,13.490738
-5,-11,-18,21.679483
-7,-9,6,12.884099
14,22,-4,26.381812
10,44,2,45.166359
22,-13,-9,27.092434
-5,18,-3,18.920888
-7,19,-16,25.806976
-4,-11,11,16.062378
15,41,10,44.788391
17,-10,13,23.622024
-4,-10,-16,19.287302
15,-3,20,25.179357
21,-48,-13,53.981478
12,-8,18,23.065125
-5,18,-7,19.949937
-15,9,4,17.944358
7,2,-7,10.099505
31,17,-24,42.731721
-9,16,-3,18.601075
7,-5,4,9.486833
0,-2,28,28.071338
3,-3,-18,18.493242
-37,-1,16,40.323690
24,34,20,46.173586
-23,-10,15,29.223278
-23,-19,-32,43.749286
40,-14,-6,42.801869
22,-4,0,22.360680
-1,0,-19,19.026298
19,12,-19,29.427878
5,43,18,46.882833
-17,17,2,24.124676
-12,-37,-9,39.924930
7,-40,5,40.914545
-26,23,9,35.860842
-2,8,16,18.000000
26,-12,26,38.678159
-13,30,-3,32.832910
-24,15,1,28.319605
-5,-33,20,38.910153
11,-11,-18,23.790755
-19,30,-3,35.637059
-11,-5,12,17.029386
-23,3,0,23.194827
-43,19,18,50.338852
4,33,13,35.693137
-16,-5,-9,19.026298
-20,11,1,22.847319
19,36,-41,57.775427
-47,29,8,55.803226
-38,-23,9,45.321077
16,-5,1,16.792856
-9,3,-6,11.224972
-2,9,25,26.645825
-29,31,36,55.659680
31,35,-24,52.554733
-3,-13,-2,13.490738
15,6,-9,18.493242
-47,19,-2,50.734604
12,46,10,48.579831
-10,-12,6,16.733201
-2,19,-23,29.899833
1,21,-6,21.863211
-24,-18,4,30.265492
-42,-3,13,44.068129
-25,0,17,30.232433
10,-22,-2,24.248711
24,-8,2,25.377155
32,-11,-19,38.807216
-12,7,-3,14.212670
-1,-37,16,40.323690
-15,12,19,27.018512
24,-21,13,34.438351
-7,6,17,19.339080
-17,-16,-13,26.720778
-17,18,-3,24.939928
3,-15,22,26.795522
-15,12,-1,19.235384
15,-16,3,22.135944
-15,50,-15,54.313902
-12,-7,-27,30.364453
46,-4,18,49.558047
-15,0,3,15.297059
-22,23,1,31.843367
-3,2,-7,7.874008
0,16,4,16.492423
-18,6,6,19.899749
-32,-3,-21,38.392708
2,14,0,14.142136
11,-18,-21,29.765752
4,-29,31,42.638011
7,-12,1,13.928388
21,17,10,28.809721
-21,18,19,33.555923
-41,11,20,46.925473
-27,9,-20,34.785054
-28,-17,35,47.937459
11,-28,-13,32.771939
-10,-41,-35,54.827001
14,-20,32,40.249224
2,23,15,27.531800
19,-31,46,58.634461
4,3,15,15.811388
-4,-2,6,7.483315
-6,8,-16,18.867962
-16,-11,15,24.535688
1,-20,-3,20.248457
16,-34,-18,41.665333
10,6,14,18.220867
-5,54,-43,69.209826
-22,-21,-1,30.430248
8,7,15,18.384776
-15,-9,2,17.606817
-5,-26,1,26.495283
-21,-34,-3,40.074930
0,-6,48,48.373546
13,23,-12,29.017236
22,-22,-34,46.086874
-33,-36,1,48.846699
2,17,17,24.124676
2,-5,-3,6.164414
-34,1,-25,42.213742
39,5,10,40.570926
35,23,18,45.585085
4,5,15,16.309506
9,-3,12,15.297059
15,3,-12,19.442222
-24,-13,-7,28.178006
-8,-8,-12,16.492423
5,1,0,5.099020
26,4,10,28.142495
-20,-19,41,49.416596
-13,5,8,16.062378
9,4,-31,32.526912
2,-25,1,25.099801
5,7,6,10.488088
4,-6,-10,12.328828
9,-11,-16,21.400935
-12,-3,-39,40.914545
2,5,-19,19.748418
-10,15,-3,18.275667
38,28,8,47.874837
-30,-20,24,43.312816
11,6,3,12.884099
20,1,11,22.847319
8,33,-5,34.322005
-9,-4,-3,10.295630
-1,-27,12,29.563491
-8,0,20,21.540659
11,-7,20,23.874673
3,-14,29,32.341923
11,8,15,20.248457
22,4,22,31.368774
-38,-7,-19,43.058100
5,-14,-11,18.493242
14,7,37,40.174619
48,1,13,49.739320
18,-18,10,27.349589
9,11,-12,18.601075
0,5,-17,17.720045
25,-25,34,49.050994
13,10,1,16.431677
19,-24,-41,51.166395
-11,10,-35,38.026307
-19,-6,-17,26.191602
-9,0,11,14.212670
4,34,2,34.292856
12,-1,-9,15.033296
-19,-42,-23,51.516987
14,6,-20,25.139610
-15,15,14,25.416530
-10,2,-10,14.282857
-6,7,-1,9.273618
-4,8,-6,10.770330
-21,-14,3,25.416530
-18,18,-6,26.153394
-23,7,22,32.588341
-18,10,6,21.447611
-8,1,9,12.083046
-1,39,-14,41.448764
-3,8,11,13.928388
-13,2,11,17.146428
-36,-11,-1,37.656341
9,-11,18,22.934690
14,-5,9,17.378147
29,-9,-16,34.322005
-37,10,-19,42.778499
-39,-13,10,42.308392
-4,-14,-18,23.151674
-1,0,-7,7.071068
-30,0,10,31.622777
4,-4,-22,22.715633
-8,9,-23,25.961510
14,-6,14,20.688161
-24,18,10,31.622777
-12,-6,44,46.000000
-21,34,-11,41.448764
6,-10,-32,34.058773
-8,-26,-10,28.982753
-25,-1,34,42.213742
6,12,-20,24.083189
6,22,2,22.891046
19,1,6,19.949937
7,11,-18,22.226111
-7,8,-21,23.537205
-9,17,2,19.339080
20,1,17,26.267851
3,28,-9,29.563491
7,-11,-2,13.190906
8,-6,-32,33.526109
-10,6,4,12.328828
-7,2,-5,8.831761
22,2,2,22.181073
16,51,-3,53.535035
-11,35,4,36.905284
-16,-1,7,17.492856
-11,-4,-31,33.136083
-1,11,-30,31.968735
-22,20,24,38.209946
-31,8,-47,56.868269
-4,28,-18,33.526109
20,2,10,22.449944
20,-17,-7,27.166155
-28,34,-12,45.650849
4,22,30,37.416574
14,34,-6,37.255872
9,29,-8,31.400637
-36,-28,-22,50.635956
-11,36,-3,37.762415
-23,-3,10,25.258662
21,-1,10,23.280893
17,7,12,21.954498
3,5,-12,13.341664
22,11,5,25.099801
-8,-28,-6,29.732137
29,5,-24,37.973675
1,-15,22,26.645825
18,37,-33,52.744668
17,-18,19,31.208973
7,-31,-10,33.316662
22,27,9,35.972211
8,25,9,27.748874
2,7,-19,20.346990
-7,-13,-2,14.899664
13,-11,24,29.427878
-19,52,11,56.444663
19,-42,-7,46.626173
10,15,-1,18.055470
-46,-32,12,57.306195
-19,14,-9,25.258662
15,2,-7,16.673332
8,5,-11,14.491377
-10,-33,17,38.444766
22,25,9,34.496377
11,7,14,19.131126
26,-4,6,26.981475
6,-4,-20,21.260292
15,-23,8,28.600699
-3,13,-16,20.832667
31,-2,5,31.464265
-17,13,-10,23.622024
-6,1,-1,6.164414
-21,-9,10,24.939928
16,-15,13,25.495098
0,16,8,17.888544
-7,37,-12,39.522146
-3,0,13,13.341664
22,-2,0,22.090722
8,9,7,13.928388
-38,6,-34,51.341991
-30,9,-7,32.093613
4,18,-30,35.213634
19,23,-32,43.749286
26,33,-5,42.308392
-18,9,-3,20.346990
-4,-12,0,12.649111
8,6,-26,27.856777
37,26,-19,49.050994
-30,11,-9,33.196385
-23,-19,8,30.886890
-27,7,30,40.963398
-21,22,-17,34.842503
3,28,9,29.563491
11,1,-20,22.847319
13,26,13,31.843367
16,9,33,37.762415
23,10,-27,36.851052
-43,-37,14,58.429445
5,-31,28,42.071368
5,-29,16,33.496268
21,46,3,50.655701
-9,-12,5,15.811388
-13,7,12,19.026298
-3,13,-2,13.490738
-3,-22,-9,23.958297
15,10,27,32.465366
-28,4,20,34.641016
-19,12,11,25.019992
6,-10,-14,18.220867
-5,7,4,9.486833
-11,-16,-7,20.639767
-1,-18,13,22.226111
-5,8,3,9.899495
-17,6,-15,23.452079
2,7,13,14.899664
-3,5,22,22.759613
-41,8,15,44.384682
1,-4,15,15.556349
-18,25,5,31.208973
5,-15,-4,16.309506
18,-21,-23,35.972211
-16,4,-8,18.330303
0,6,18,18.973666
15,28,5,32.155870
2,5,3,6.164414
-11,3,28,30.232433
8,-9,5,13.038405
-4,8,-18,20.099751
4,-1,-11,11.747340
-3,10,3,10.862780
-9,30,3,31.464265
30,-11,7,32.710854
-17,6,17,24.779023
-6,-4,-14,15.748016
13,-2,35,37.389838
15,16,11,24.535688
3,24,-1,24.207437
9,-22,-15,28.106939
-29,-21,-16,39.217343
-35,1,-26,43.611925
0,8,6,10.000000
-1,-2,-3,3.741657
35,-1,10,36.414283
3,16,5,17.029386
-32,9,-11,35.014283
-5,1,2,5.477226
9,-1,-4,9.899495
11,-11,-2,15.684387
-34,63,27,76.511437
23,17,-40,49.173163
22,1,11,24.617067
-11,-8,3,13.928388
-38,-18,-18,45.738387
13,-16,-7,21.771541
-8,8,-10,15.099669
-33,-14,-13,38.131352
35,0,21,40.816663
32,-8,-4,33.226495
-46,28,18,56.780278
-38,-16,-28,49.839743
-4,23,-5,23.874673
-4,13,9,16.309506
25,-1,-6,25.729361
-37,-15,-6,40.373258
-21,1,8,22.494444
-12,2,-14,18.547237
-2,19,47,50.734604
8,-17,3,19.026298
-2,14,-16,21.354157
-22,7,-7,24.124676
23,10,-17,30.298515
-14,32,2,34.985711
4,24,2,24.413111
4,-5,-27,27.748874
-16,0,6,17.088007
-5,15,-14,21.118712
9,21,-28,36.138622
-11,-3,22,24.779023
26,-14,4,29.799329
-15,20,-27,36.796739
-14,10,26,31.176915
-2,-5,15,15.937377
-18,18,0,25.455844
8,-34,30,46.043458
-4,-11,-23,25.806976
12,18,12,24.738634
-20,-17,-33,42.166337
-15,-15,-16,26.570661
-22,10,2,24.248711
6,-1,-9,10.862780
-25,24,-7,35.355339
16,7,7,18.814888
11,36,3,37.762415
-14,23,-39,47.391982
2,-11,3,11.575837
-21,-27,12,36.249138
-47,15,-28,56.727418
3,-24,15,28.460499
0,2,8,8.246211
22,-2,-10,24.248711
8,-8,-10,15.099669
-30,-12,-16,36.055513
10,13,-23,28.248894
-16,1,9,18.384776
-17,0,19,25.495098
-14,1,5,14.899664
-19,-7,28,34.554305
-3,-33,4,33.376639
-26,-18,6,32.186954
7,-14,7,17.146428
-35,-12,-5,37.336309
-4,11,11,16.062378
-17,-8,-3,19.026298
-1,-11,10,14.899664
11,-4,1,11.747340
46,2,14,48.124838
-29,-15,6,33.196385
4,12,-26,28.913665
18,24,-6,30.594117
16,29,-19,38.183766
41,-15,-16,46.497312
-5,-17,16,23.874673
-38,26,-12,47.581509
-2,-5,9,10.488088
16,25,-31,42.918527
-23,-30,-3,37.920970
25,-19,-4,31.654384
-6,5,-29,30.033315
8,17,-39,43.289722
-12,26,6,29.257478
1,17,-6,18.055470
23,41,14,49.050994
15,13,-6,20.736441
5,10,-5,12.247449
17,-20,67,71.958321
3,2,17,17.378147
-18,15,-7,24.454039
-3,22,-5,22.759613
-10,-45,5,46.368092
-4,16,-24,29.120440
2,9,17,19.339080
16,27,29,42.731721
-13,3,-14,19.339080
-11,13,0,17.029386
-3,-7,-22,23.280893
-16,-17,-31,38.807216
12,0,-4,12.649111
33,29,2,43.977267
-15,-39,0,41.785165
2,-19,17,25.573424
-9,46,35,58.497863
-1,5,0,5.099020
-6,3,23,23.958297
-20,-9,11,24.535688
-14,18,0,22.803509
6,-26,-2,26.758176
6,-2,6,8.717798
-11,10,19,24.124676
29,-5,32,43.474130
13,-26,-3,29.223278
-27,-4,31,41.303753
5,4,-3,7.071068
-14,-23,33,42.591079
-17,-10,-5,20.346990
1,6,-3,6.782330
-35,23,38,56.550862
26,10,-20,34.292856
3,-21,22,30.561414
-4,11,-17,20.639767
48,-18,8,51.884487
2,-3,-17,17.378147
30,-4,-12,32.557641
8,1,-15,17.029386
1,22,-17,27.820855
15,17,-28,36.027767
-1,17,22,27.820855
8,-25,-1,26.267851
-1,14,-11,17.832555
-1,2,-29,29.086079
-3,33,6,33.674916
11,30,19,37.175261
-3,13,18,22.405357
-13,16,-5,21.213203
7,1,-12,13.928388
17,-23,4,28.879058
0,9,21,22.847319
-1,-26,-17,31.080541
1,25,-4,25.337719
-59,-13,-2,60.448325
-1,-21,-6,21.863211
22,-15,-35,43.977267
5,-3,14,15.165751
-25,-26,-23,42.778499
28,-7,-5,29.291637
-2,12,4,12.806248
20,4,14,24.738634
-13,4,-11,17.492856
-26,-5,-1,26.495283
24,-28,22,42.941821
-10,-20,-20,30.000000
29,17,-8,34.554305
4,-10,14,17.663522
-45,-34,-17,58.906706
27,-19,-34,47.391982
-18,24,-8,31.048349
2,-11,-23,25.573424
7,-62,-9,63.039670
13,16,17,26.720778
19,10,5,22.045408
28,-8,-14,32.310989
18,11,5,21.679483
-27,-24,23,42.825226
23,-5,-2,23.622024
6,4,4,8.246211
-6,-5,45,45.672749
-7,0,11,13.038405
5,-5,16,17.492856
-5,33,-4,33.615473
3,-16,7,17.720045
9,17,-16,25.019992
-33,15,-8,37.121422
-28,25,-21,43.011626
13,-10,-17,23.622024
-12,-11,-17,23.537205
17,-4,11,20.639767
22,15,1,26.645825
15,-42,-3,44.698993
12,45,-19,50.299105
-3,-3,24,24.372115
-2,-16,-6,17.204651
-14,-6,-14,20.688161
10,-11,17,22.583180
11,-19,12,25.019992
-21,15,-42,49.295030
-22,4,2,22.449944
-34,-6,10,35.944402
57,8,-37,68.425142
26,-1,-15,30.033315
20,-10,-26,34.292856
-4,-38,-4,38.418745
15,3,12,19.442222
16,-28,-10,33.763886
-7,-1,22,23.108440
7,-21,-10,24.289916
-17,-19,-28,37.868192
-15,-45,12,48.928519
6,-26,10,28.495614
13,-12,-15,23.194827
6,-10,18,21.447611
-12,14,-6,19.390719
-17,2,5,17.832555
23,15,28,39.217343
4,-9,13,16.309506
2,11,1,11.224972
-33,10,5,34.842503
-2,-36,14,38.678159
-4,-10,2,10.954451
-19,-4,-9,21.400935
22,-23,-7,32.588341
15,7,2,16.673332
-25,8,3,26.419690
16,-3,13,20.832667
6,-21,-7,22.934690
-10,5,53,54.166410
2,16,28,32.310989
7,-23,24,33.970576
-23,-17,-30,41.448764
9,-9,36,38.183766
-27,-4,-3,27.459060
-13,-10,15,22.226111
-2,-11,-3,11.575837
-15,-15,0,21.213203
7,9,12,16.552945
-5,-45,-38,59.110067
0,22,-4,22.360680
2,1,-5,5.477226
18,-1,9,20.149442
15,10,-9,20.149442
9,22,5,24.289916
-14,-27,-27,40.669399
4,-18,-14,23.151674
-21,14,5,25.729361
16,29,21,39.217343
-2,4,22,22.449944
36,-8,2,36.932371
-21,-7,4,22.494444
-15,-7,-8,18.384776
24,15,-27,39.115214
6,-13,17,22.226111
-21,-29,-4,36.027767
-28,10,-4,30.000000
-1,-3,0,3.162278
8,-1,-33,33.970576
-34,-16,-30,48.083261
0,-5,17,17.720045
22,0,26,34.058773
4,0,10,10.770330
-17,17,12,26.870058
20,-20,12,30.724583
41,11,-2,42.497059
3,-33,4,33.376639
17,2,11,20.346990
30,-5,1,30.430248
-4,15,-13,20.248457
26,15,-11,31.968735
5,1,8,9.486833
-2,-5,7,8.831761
-8,-13,-7,16.792856
10,24,4,26.305893
-28,3,5,28.600699
-23,14,5,27.386128
2,-24,10,26.076810
1,-13,0,13.038405
12,0,-2,12.165525
23,6,-33,40.669399
39,2,11,40.570926
-18,15,41,47.222876
-1,19,-4,19.442222
-31,-1,20,36.905284
-1,-4,25,25.337719
28,11,1,30.099834
4,-8,16,18.330303
-22,11,-11,26.944387
-2,21,9,22.934690
-25,-2,15,29.223278
-28,-25,19,42.071368
14,31,-21,39.974992
-27,-19,-2,33.075671
23,-30,-31,48.887626
31,23,-6,39.064050
12,-1,-15,19.235384
-15,-13,-30,35.972211
-1,9,-2,9.273618
-6,-6,24,25.455844
-5,-5,-8,10.677078
42,6,14,44.676616
-26,11,-33,43.428102
2,4,-18,18.547237
-19,26,23,39.572718
34,12,18,40.298883
4,-24,-24,34.176015
2,6,4,7.483315
-31,-20,1,36.905284
-5,-1,16,16.792856
-4,-2,-6,7.483315
4,-20,-6,21.260292
8,-21,-23,32.155870
28,4,6,28.913665
6,21,-25,33.196385
-11,7,16,20.639767
-16,3,7,17.720045
-20,-12,22,32.062439
0,17,21,27.018512
24,14,18,33.105891
25,5,-10,27.386128
9,28,-1,29.427878
25,12,9,29.154759
0,-13,-3,13.341664
-26,-17,-17,35.411862
10,9,-9,16.186414
31,-10,17,36.742346
25,4,25,35.580894
15,24,19,34.088121
-3,-39,-24,45.891176
-10,-21,33,40.373258
-18,26,4,31.874755
-23,-1,-8,24.372115
-1,33,0,33.015148
13,7,-18,23.280893
-35,-8,3,36.027767
9,-22,-5,24.289916
-11,-15,8,20.248457
5,-17,28,33.136083
0,-28,50,57.306195
2,-13,-1,13.190906
-5,-11,-30,32.341923
0,-16,24,28.844410
-27,-30,-23,46.454279
-17,3,0,17.262677
14,-10,8,18.973666
-2,30,-6,30.659419
11,-24,-15,30.364453
1,-57,0,57.008771
13,36,-3,38.392708
-25,36,-37,57.358522
-20,-13,13,27.166155
15,26,-5,30.430248
-9,-13,14,21.118712
-7,-24,-7,25.961510
-14,-21,15,29.359837
-6,16,2,17.204651
2,-18,44,47.581509
23,15,8,28.600699
18,12,-6,22.449944
-17,-11,-26,32.954514
17,15,-10,24.779023
18,30,-8,35.888717
20,-6,-4,21.260292
-36,-2,8,36.932371
10,8,-2,12.961481
-17,-2,-13,21.494185
5,-5,-10,12.247449
-29,4,-13,32.031235
1,14,-25,28.670542
10,11,-19,24.124676
-6,10,12,16.733201
11,2,9,14.352700
-3,-6,1,6.782330
3,-26,13,29.223278
-23,-35,8,42.638011
23,20,11,32.403703
-25,-29,4,38.496753
-7,34,11,36.414283
0,7,15,16.552945
-5,16,-29,33.496268
-11,14,13,22.045408
-9,-3,-16,18.601075
-2,3,-21,21.307276
-12,8,-16,21.540659
6,19,-17,26.191602
-21,-23,16,35.014283
12,2,0,12.165525
3,-22,-29,36.523965
-3,10,-31,32.710854
-10,-20,2,22.449944
-12,-3,-13,17.944358
-19,-15,4,24.535688
10,1,13,16.431677
4,-4,-4,6.928203
0,20,-38,42.941821
-19,-1,40,44.294469
29,-12,33,45.541190
0,2,4,4.472136
29,21,0,35.805028
-9,12,1,15.033296
-15,9,-16,23.706539
10,27,-17,33.436507
12,-4,14,18.867962
29,-38,37,60.448325
13,11,4,17.492856
-4,-24,14,28.071338
-3,0,-3,4.242641
-21,-8,3,22.671568
-11,-9,4,14.764823
-29,18,9,35.298725
-11,-25,24,36.359318
8,-7,41,42.355637
-21,14,23,34.146742
10,6,-14,18.220867
-1,-1,-10,10.099505
18,-1,23,29.223278
5,25,18,31.208973
24,13,-31,41.303753
10,31,-19,37.709415
-22,0,6,22.803509
-21,-1,18,27.676705
12,13,29,33.970576
0,-17,9,19.235384
-10,3,-21,23.452079
-14,11,-11,20.928450
-19,-12,-5,23.021729
-27,10,5,29.223278
9,43,-4,44.113490
30,7,19,36.193922
-7,7,34,35.411862
-1,13,-10,16.431677
15,21,14,29.359837
20,12,-30,38.000000
-9,26,-17,32.341923
8,0,30,31.048349
-5,-13,-12,18.384776
20,1,13,23.874673
8,9,-1,12.083046
-28,1,-9,29.427878
-14,9,1,16.673332
8,-16,12,21.540659
-21,10,3,23.452079
-8,9,-13,17.720045
4,-8,-28,29.393877
-31,-2,-3,31.208973
-2,2,-8,8.485281
-25,-26,15,39.064050
30,-19,9,36.633318
-9,14,25,30.033315
-9,-3,10,13.784049
-1,23,0,23.021729
-3,-5,6,8.366600
-7,11,-12,17.720045
-16,9,17,25.019992
1,0,23,23.021729
-13,15,-2,19.949937
20,-2,-2,20.199010
-16,-38,-32,52.191953
6,-6,-14,16.370706
-13,-32,-31,46.411206
-39,28,13,49.739320
-12,-20,-22,32.062439
1,-11,12,16.309506
2,-3,-19,19.339080
-1,-15,-26,30.033315
-11,22,9,26.191602
22,-7,-5,23.622024
13,-3,28,31.016125
-2,13,13,18.493242
-29,-18,-5,34.496377
-9,14,7,18.055470
-2,11,-39,40.570926
16,-14,-16,26.608269
12,-14,10,20.976177
-25,5,-6,26.191602
-17,-13,-6,22.226111
-8,7,-23,25.337719
-12,15,15,24.372115
43,16,-17,48.928519
10,20,16,27.495454
-6,43,-3,43.520110
-11,-31,-26,41.928511
-9,22,-11,26.191602
-3,-20,1,20.248457
19,1,18,26.191602
-28,9,-11,31.400637
-7,-42,-39,57.740800
-25,42,-15,51.127292
5,5,-8,10.677078
-13,-1,18,22.226111
-32,20,-6,38.209946
17,-21,28,38.910153
-5,15,-4,16.309506
27,20,25,41.880783
-29,0,-35,45.453273
-1,0,21,21.023796
-29,-5,26,39.268308
-14,36,-36,52.801515
8,19,17,26.720778
15,-4,11,19.026298
-16,10,-40,44.226689
7,17,-24,30.232433
-14,16,-30,36.769553
16,4,0,16.492423
15,-17,-6,23.452079
-14,-31,-1,34.029399
15,-11,-6,19.544820
32,-7,-17,36.905284
-12,-3,27,29.698485
-2,25,25,35.411862
3,23,2,23.280893
14,-8,-4,16.613248
-53,3,4,53.235327
-21,-23,0,31.144823
4,33,29,44.113490
-3,6,11,12.884099
17,-7,6,19.339080
28,4,-4,28.565714
3,5,28,28.600699
11,5,6,13.490738
-9,-29,14,33.436507
-39,-22,-15,47.222876
5,-20,29,35.580894
-2,-4,20,20.493902
0,18,-14,22.803509
10,3,-13,16.673332
-4,0,-22,22.360680
22,-23,-11,33.674916
26,-25,-3,36.193922
38,-26,20,50.199602
13,-8,27,31.016125
5,-8,-1,9.486833
14,-13,-7,20.346990
13,-31,-22,40.174619
2,11,-41,42.497059
24,-22,-2,32.619013
-10,-6,8,14.142136
-12,0,4,12.649111
18,19,-5,26.645825
9,-20,-31,37.973675
2,-11,13,17.146428
6,14,-16,22.090722
11,-13,-16,23.366643
-14,7,19,24.617067
18,23,-17,33.793490
-2,1,-5,5.477226
-28,-6,6,29.257478
-28,7,-13,31.654384
-2,-10,12,15.748016
3,4,3,5.830952
12,-9,-5,15.811388
14,29,-17,36.414283
27,13,0,29.966648
8,-7,11,15.297059
2,-1,-9,9.273618
-16,-25,35,45.891176
12,19,1,22.494444
8,-6,-24,26.000000
-21,-9,-36,42.638011
-27,23,26,43.977267
-28,-13,1,30.886890
-24,-16,-8,29.933259
-2,36,-4,36.276714
-23,-1,16,28.035692
38,-13,3,40.274061
-1,-19,10,21.494185
16,-19,19,31.272992
-7,45,-2,45.585085
-3,10,23,25.258662
4,-22,-8,23.748684
-2,3,-3,4.690416
-13,-44,-13,47.686476
-13,-18,-5,22.759613
-4,-22,-26,34.292856
-22,-6,-20,30.331502
-29,10,17,35.071356
-16,-18,10,26.076810
-3,16,-7,17.720045
-35,-17,-12,40.718546
11,34,-17,39.572718
-3,19,0,19.235384
-18,-23,-23,37.175261
26,-12,12,31.048349
-12,-6,-24,27.495454
-1,17,14,22.045408
-18,-24,4,30.265492
-38,18,-28,50.517324
-9,-63,-22,67.334983
6,-18,6,19.899749
-12,23,-17,31.016125
21,20,-19,34.669872
-12,-27,11,31.527766
-23,-41,-22,51.903757
23,4,-5,23.874673
-16,-4,10,19.287302
14,-5,15,21.118712
2,-7,-1,7.348469
0,26,8,27.202941
12,2,14,18.547237
-38,-3,-29,47.895720
33,17,-22,43.150898
-2,6,-10,11.832160
21,-12,-7,25.179357
10,-48,-6,49.396356
-15,2,3,15.427249
-24,24,32,46.647615
18,-12,-4,22.000000
16,14,20,29.189039
4,21,-11,24.041631
12,-5,-21,24.698178
30,-22,-10,38.522721
29,6,-9,30.951575
7,-22,5,23.622024
3,9,14,16.911535
21,23,26,40.570926
5,5,24,25.019992
-11,5,26,28.670542
-3,1,-4,5.099020
-13,2,-29,31.843367
-11,3,-34,35.860842
0,7,-17,18.384776
24,-33,3,40.914545
50,7,-33,60.315835
-30,17,-23,41.448764
3,-19,-22,29.223278
-28,2,6,28.705400
4,0,-2,4.472136
-1,19,14,23.622024
9,-11,10,17.378147
-16,-33,-17,40.422766
4,-8,32,33.226495
-37,17,18,44.519659
10,28,14,32.863353
-9,19,-20,29.017236
-26,2,-14,29.597297
0,16,-10,18.867962
-3,14,5,15.165751
-3,7,2,7.874008
4,-3,1,5.099020
3,16,25,29.832868
-6,10,12,16.733201
-3,-33,26,42.118879
-15,-10,5,18.708287
21,6,9,23.622024
31,4,-17,35.580894
6,-24,-6,25.455844
-13,27,-2,30.033315
3,-12,-3,12.727922
-20,-6,-8,22.360680
-14,24,0,27.784888
-38,-1,-21,43.428102
-3,-1,-8,8.602325
12,3,23,26.115130
16,3,-15,22.135944
-37,-49,-18,63.984373
-23,-13,26,37.067506
15,-28,-15,35.128336
-9,-26,7,28.390139
-15,0,5,15.811388
19,-3,4,19.646883
25,-10,17,31.843367
-25,13,-22,35.749126
-20,-9,11,24.535688
-6,15,13,20.736441
-1,-8,29,30.099834
11,-13,46,49.050994
-15,30,-19,38.548671
0,-14,-8,16.124515
-7,9,-12,16.552945
-11,-7,6,14.352700
17,-34,7,38.652296
-6,-31,23,39.064050
8,-10,-28,30.789609
19,23,22,37.067506
-2,8,-12,14.560220
48,-9,13,50.537115
31,35,-2,46.797436
-7,7,4,10.677078
-15,-10,23,29.223278
-2,-4,16,16.613248
6,-8,-8,12.806248
8,22,-16,28.354894
33,-9,8,35.128336
-16,-1,11,19.442222
-19,-4,33,38.288379
2,-19,-15,24.289916
20,-17,3,26.419690
-7,-40,5,40.914545
17,-25,-48,56.727418
-5,3,-20,20.832667
4,-20,-6,21.260292
17,38,-5,41.928511
-22,19,27,39.673669
-1,10,11,14.899664
22,-27,15,37.920970
-14,-2,-4,14.696938
-11,27,-22,36.523965
22,-16,22,34.985711
-22,15,21,33.911650
-9,-17,-6,20.149442
25,1,6,25.729361
0,-11,-9,14.212670
12,-16,-4,20.396078
15,-1,14,20.542639
-30,21,-1,36.633318
-9,-15,30,34.727511
-2,-13,43,44.966654
24,-8,-4,25.612497
17,-35,-18,42.871902
8,2,-12,14.560220
-9,-8,5,13.038405
-11,42,3,43.520110
-6,-8,8,12.806248
-2,-14,10,17.320508
21,15,14,29.359837
-8,6,18,20.591260
-17,5,-6,18.708287
20,14,-22,32.863353
-19,5,-4,20.049938
-11,29,0,31.016125
6,31,-23,39.064050
4,-7,-9,12.083046
-8,25,15,30.232433
0,8,44,44.721360
-13,-5,-22,26.038433
19,9,18,27.676705
58,-28,-4,64.529063
-20,42,36,58.821765
27,-42,3,50.019996
20,-16,16,30.199338
-1,8,-21,22.494444
-42,3,-23,47.979162
-1,55,16,57.288742
-10,-7,21,24.289916
-17,-14,5,22.583180
-5,-22,15,27.092434
-22,-41,27,53.795911
-15,20,49,55.009090
10,-6,-6,13.114877
28,-3,-23,36.359318
22,5,-13,26.038433
27,-1,26,37.496667
4,-15,43,45.716518
-23,18,-11,31.208973
-7,-4,35,35.916570
-33,6,-3,33.674916
12,18,-6,22.449944
11,20,-15,27.313001
1,-41,10,42.213742
28,-14,-10,32.863353
-22,-9,-11,26.191602
15,22,-13,29.631065
37,19,2,41.641326
-14,2,16,21.354157
-11,24,7,27.313001
18,-27,23,39.774364
8,0,12,14.422205
10,4,0,10.770330
30,3,17,34.612137
24,-18,-42,51.613952
4,-21,37,42.731721
-14,-34,40,54.332311
18,13,15,26.795522
-39,-34,3,51.826634
38,37,-13,54.607692
-7,30,-1,30.822070
-39,27,-26,54.092513
1,5,2,5.477226
2,-13,17,21.494185
16,-30,-30,45.343136
-19,23,12,32.155870
-45,34,-5,56.621551
-13,-31,16,37.229021
-37,-12,-9,39.924930
49,31,-18,60.712437
-3,-46,11,47.391982
32,-2,10,33.585711
21,-5,-4,21.954498
-3,15,16,22.135944
-9,-38,23,45.321077
-15,-22,-1,26.645825
5,-11,12,17.029386
-13,5,14,19.748418
25,15,-44,52.782573
-18,-30,40,53.141321
4,15,-7,17.029386
15,-2,-7,16.673332
17,-39,-6,42.965102
25,-14,-23,36.742346
22,13,-5,26.038433
39,-30,-7,49.699095
-41,-3,18,44.877611
4,24,26,35.608988
-23,-15,-16,31.780497
-4,5,7,9.486833
-3,8,11,13.928388
1,-17,12,20.832667
26,2,10,27.928480
-5,-11,-4,12.727922
-42,-10,-18,46.776062
-7,1,-10,12.247449
1,-30,-9,31.336879
-3,9,36,37.229021
6,-6,-6,10.392305
10,-27,53,60.315835
11,5,-20,23.366643
-2,18,30,35.042831
-19,7,-2,20.346990
16,21,3,26.570661
-17,-13,26,33.674916
-5,20,7,21.771541
1,17,-6,18.055470
-44,7,-5,44.833024
19,37,-18,45.321077
-8,22,-16,28.354894
-4,-12,-12,17.435596
-16,-11,7,20.639767
-12,-1,11,16.309506
12,32,38,51.107729
9,-41,-4,42.166337
3,21,4,21.587033
-17,-3,2,17.378147
48,21,13,53.981478
8,8,-4,12.000000
-14,4,-24,28.071338
19,-17,-14,29.086079
3,-11,-2,11.575837
7,-12,9,16.552945
-43,30,5,52.668776
10,-6,-54,55.244909
-20,-3,-17,26.419690
-16,12,-8,21.540659
-35,10,-15,39.370039
-24,-23,13,35.693137
18,16,-4,24.413111
-2,18,22,28.495614
-1,16,-19,24.859606
-4,-6,-22,23.151674
-33,-9,-22,40.669399
3,31,0,31.144823
23,9,14,28.390139
-8,11,11,17.492856
35,-17,12,40.718546
-4,-5,-13,14.491377
13,-29,-10,33.316662
19,39,-4,43.566042
-23,12,-9,27.459060
-24,2,0,24.083189
-22,-21,-23,38.131352
11,-23,-2,25.573424
8,22,-6,24.166092
16,-24,-18,34.000000
-31,3,20,37.013511
-8,-34,0,34.928498
-25,-19,4,31.654384
27,9,26,38.548671
1,-18,-17,24.779023
1,1,-34,34.029399
-11,-3,-18,21.307276
-22,34,-34,52.877216
-5,7,-4,9.486833
23,-30,-5,38.131352
-5,-25,22,33.674916
-28,21,-11,36.687873
-2,-13,-9,15.937377
-20,16,16,30.199338
-14,-3,-11,18.055470
22,1,1,22.045408
2,13,-5,14.071247
9,-8,-31,33.256578
8,-5,17,19.442222
10,-4,-6,12.328828
-6,-11,15,19.544820
-2,0,-10,10.198039
16,36,-2,39.446166
24,-4,8,25.612497
-9,16,15,23.706539
5,32,13,34.899857
-15,11,-28,33.615473
-18,19,3,26.343880
6,2,-4,7.483315
9,10,13,18.708287
9,9,14,18.920888
-6,-9,-5,11.916375
40,10,12,42.941821
3,0,-9,9.486833
32,-15,-15,38.392708
-2,34,-34,48.124838
18,16,6,24.819347
12,1,21,24.207437
8,-2,4,9.165151
-15,4,-21,26.115130
-7,-30,-43,52.896125
-22,39,5,45.055521
-40,-30,40,64.031242
19,15,22,32.710854
-15,7,-2,16.673332
-19,22,5,29.495762
-29,-3,-12,31.527766
-3,-13,2,13.490738
32,21,3,38.392708
22,-24,6,33.105891
-20,-28,-10,35.832946
-13,-39,12,42.825226
-5,3,-12,13.341664
31,22,-15,40.865633
35,-6,35,49.859803
-17,16,-21,31.400637
-7,-16,17,24.372115
23,-16,5,28.460499
-30,-6,-6,31.176915
13,-25,46,53.944416
-31,-11,8,33.852622
-14,13,-5,19.748418
-8,24,-6,26.000000
3,9,-8,12.409674
15,-18,-1,23.452079
-36,27,-9,45.891176
-13,5,-4,14.491377
12,-11,15,22.135944
5,6,-15,16.911535
-16,-15,-39,44.743715
-1,20,-5,20.639767
-37,0,27,45.803930
-2,36,6,36.551334
7,24,-19,31.400637
1,-18,-9,20.149442
5,14,7,16.431677
-11,11,-32,35.580894
22,22,-8,32.124757
-4,25,11,27.604347
-5,-6,3,8.366600
-29,-30,-1,41.737274
-13,8,11,18.814888
-22,-17,21,34.842503
-26,-6,-24,35.888717
-11,-4,27,29.427878
38,-13,-11,41.641326
6,-10,-16,19.798990
-11,29,2,31.080541
-8,24,24,34.871192
-1,-18,1,18.055470
-1,8,39,39.824616
23,-28,-27,45.188494
-15,-37,32,51.166395
32,2,-16,35.832946
17,-26,-19,36.414283
10,-15,5,18.708287
15,-3,-20,25.179357
14,-12,12,22.000000
-2,-13,-25,28.248894
-3,-12,7,14.212670
12,6,-24,27.495454
12,2,10,15.748016
12,-11,1,16.309506
46,18,18,52.573758
-60,24,20,67.646138
28,-23,7,36.905284
14,-4,-6,15.748016
-5,31,14,34.380227
-18,-28,22,39.899875
-13,-11,-4,17.492856
27,26,7,38.131352
-42,28,-28,57.723479
-32,4,-26,41.424630
-8,8,-18,21.260292
9,6,-43,44.339599
17,-28,-11,34.554305
-7,-11,-4,13.638182
-15,6,-25,29.765752
-22,0,-28,35.608988
1,11,22,24.617067
16,35,19,42.918527
21,1,4,21.400935
41,4,33,52.782573
52,-2,36,63.277168
-16,-2,26,30.594117
16,40,22,48.373546
-25,-16,-29,41.496988
-6,-19,-1,19.949937
-10,48,-14,50.990195
-24,-28,-2,36.932371
21,2,-35,40.865633
23,-7,-4,24.372115
-10,-25,-9,28.390139
7,-7,22,24.124676
-3,-9,18,20.346990
-28,-8,-20,35.327043
13,3,16,20.832667
10,20,-6,23.151674
-44,9,-3,45.011110
24,-23,-3,33.376639
-19,22,19,34.727511
-5,-7,22,23.622024
-9,-15,6,18.493242
8,17,-19,26.720778
-25,-17,-8,31.272992
-5,-18,-3,18.920888
24,7,25,35.355339
0,-15,-15,21.213203
3,-6,9,11.224972
-7,-1,-16,17.492856
-21,6,-3,22.045408
46,-17,27,55.982140
-4,16,-10,19.287302
-33,26,43,60.116553
23,33,-20,44.922155
-13,-18,-25,33.436507
-1,-20,-3,20.248457
8,-17,-7,20.049938
-12,-12,20,26.229754
-27,17,-2,31.968735
19,-31,36,51.166395
-8,15,-25,30.232433
-7,-2,13,14.899664
-3,58,13,59.514704
-3,-35,8,36.027767
-16,-4,8,18.330303
13,9,16,22.494444
-17,-31,12,37.336309
-21,2,9,22.934690
12,6,-34,36.551334
11,7,0,13.038405
35,-8,-19,40.620192
-22,12,-26,36.110940
9,42,-7,43.520110
-10,-5,-7,13.190906
16,6,-20,26.305893
-6,-32,-8,33.526109
-8,4,12,14.966630
7,-4,-13,15.297059
-3,-10,-5,11.575837
43,-26,31,59.042358
-41,-38,23,60.448325
26,-13,-5,29.495762
-2,20,10,22.449944
-5,-7,2,8.831761
-35,-36,-37,62.369865
-23,-13,2,26.495283
4,7,-37,37.868192
7,34,21,40.570926
22,30,28,46.561787
15,-5,-14,21.118712
-23,-23,-18,37.175261
-22,-3,15,26.795522
33,18,-1,37.603191
10,-17,-11,22.583180
9,-31,14,35.185224
-41,-13,0,43.011626
0,-40,4,40.199502
16,37,-27,48.518038
6,-47,-31,56.621551
48,-5,13,49.979996
-23,3,-14,27.092434
-7,-2,25,26.038433
-30,12,14,35.213634
-6,-27,21,34.727511
-30,-14,-10,34.583233
4,-22,2,22.449944
-8,-3,25,26.419690
-2,5,5,7.348469
15,-15,-8,22.671568
-3,2,-3,4.690416
18,-15,17,28.948230
-3,3,12,12.727922
12,6,-6,14.696938
7,20,1,21.213203
-12,-12,-36,39.799497
-18,-26,-2,31.685959
6,-26,0,26.683328
-11,6,1,12.569805
-36,12,-4,38.157568
-12,8,-14,20.099751
13,-1,4,13.638182
28,-4,10,30.000000
2,-29,11,31.080541
43,5,0,43.289722
-13,7,12,19.026298
13,1,-26,29.086079
13,4,-9,16.309506
32,-11,7,34.554305
12,23,21,33.376639
-15,1,8,17.029386
16,-54,22,60.464866
14,-10,6,18.220867
7,13,-6,15.937377
-5,-2,11,12.247449
8,0,26,27.202941
33,-36,-25,54.863467
-26,-10,22,35.496479
29,-5,8,30.495901
-10,27,21,35.637059
26,15,-13,32.710854
3,-15,-2,15.427249
-4,20,14,24.738634
19,15,-26,35.524639
-6,11,-29,31.591138
17,-18,11,27.092434
13,-13,0,18.384776
-18,-19,7,27.092434
6,15,31,34.957117
14,-26,-6,30.133038
13,-12,3,17.944358
-12,-7,-5,14.764823
23,14,-13,29.899833
-9,-14,-9,18.920888
-9,37,-2,38.131352
13,6,23,27.092434
11,33,20,40.124805
32,1,-35,47.434165
-9,7,22,24.779023
27,16,31,44.113490
10,-15,13,22.226111
-10,-20,-22,31.368774
-16,-17,-19,30.099834
0,-20,20,28.284271
-7,-35,-22,41.928511
-1,15,-16,21.954498
17,7,30,35.185224
20,2,12,23.409400
1,-10,37,38.340579
6,-15,-5,16.911535
25,-6,1,25.729361
-15,15,20,29.154759
-31,-11,-16,36.578682
6,25,-5,26.191602
1,0,-1,1.414214
-15,68,-3,69.699354
20,-17,-17,31.272992
8,11,35,37.549967
4,-14,-20,24.738634
-13,-5,-12,18.384776
-24,27,-25,43.931765
-24,48,-2,53.702886
-11,10,11,18.493242
12,18,0,21.633308
33,29,-12,45.541190
21,-3,-22,30.561414
-29,-9,14,33.436507
15,-8,17,24.041631
27,-7,6,28.530685
0,9,-9,12.727922
16,0,-28,32.249031
-5,12,1,13.038405
4,7,5,9.486833
-1,11,12,16.309506
-10,-9,5,14.352700
5,23,14,27.386128
-19,1,-14,23.622024
-9,-24,-11,27.892651
-5,13,-28,31.272992
15,27,-18,35.749126
-1,-8,-7,10.677078
13,-6,13,19.339080
-25,-1,4,25.337719
28,20,-12,36.441734
-4,11,7,13.638182
-23,0,-5,23.537205
-2,4,16,16.613248
-5,2,39,39.370039
16,-6,2,17.204651
1,8,-9,12.083046
-3,29,-22,36.523965
-6,37,-15,40.373258
29,-3,20,35.355339
1,-2,-23,23.108440
15,36,11,40.521599
4,10,-14,17.663522
24,9,19,31.906112
-10,-25,5,27.386128
-3,7,32,32.893768
-13,2,1,13.190906
3,-7,40,40.718546
0,14,-14,19.798990
-1,-27,20,33.615473
8,-1,29,30.099834
12,17,-5,21.400935
4,8,-2,9.165151
-17,-11,20,28.460499
-26,-1,-3,26.191602
4,3,35,35.355339
21,-9,10,24.939928
1,-1,2,2.449490
-15,10,37,41.158231
-4,23,15,27.748874
4,-7,-41,41.785165
-12,-5,19,23.021729
-17,4,-11,20.639767
13,9,-12,19.849433
15,3,-6,16.431677
-5,-7,-26,27.386128
4,25,9,26.870058
-3,5,2,6.164414
20,26,-26,41.856899
23,-8,33,41.012193
11,7,8,15.297059
6,14,-2,15.362291
-4,-23,23,32.771939
-21,-25,10,34.146742
-21,12,-9,25.806976
-9,16,-21,27.892651
-1,-10,19,21.494185
-52,21,39,68.308125
8,28,2,29.189039
-22,-26,-18,38.522721
12,21,43,49.335586
-13,-20,-13,27.166155
5,6,-7,10.488088
17,5,32,36.578682
9,-40,-9,41.976184
-12,-29,1,31.400637
15,10,-27,32.465366
-18,-24,-18,34.985711
-5,3,4,7.071068
-6,3,1,6.782330
5,3,8,9.899495
-45,3,2,45.144213
-20,-21,9,30.364453
10,23,13,28.248894
13,4,-7,15.297059
26,12,-16,32.802439
7,12,-11,17.720045
36,14,8,39.446166
-8,-11,-7,15.297059
8,0,-8,11.313708
-10,6,-20,23.151674
-30,-6,32,44.271887
-19,2,-1,19.131126
15,-9,-4,17.944358
39,-21,14,46.454279
32,41,15,54.129474
12,-17,-33,39.012818
33,-15,4,36.469165
-4,-48,0,48.166378
-16,-10,-10,21.354157
11,42,-13,45.321077
-11,31,-24,40.718546
5,-9,18,20.736441
-12,-7,-23,26.870058
-43,1,-12,44.654227
11,-28,-27,40.422766
6,20,-6,21.725561
-17,8,-11,21.771541
21,6,-31,37.920970
-11,-45,-12,47.853944
-3,-20,23,30.626786
27,28,19,43.289722
-12,-10,-18,23.832751
7,-9,-26,28.390139
16,8,-2,18.000000
-30,7,-15,34.263683
15,10,3,18.275667
-4,8,-22,23.748684
-21,-28,-23,41.880783
-6,23,15,28.106939
4,-24,2,24.413111
-2,-11,-15,18.708287
25,24,-27,43.931765
10,16,-12,22.360680
-3,0,-27,27.166155
28,7,1,28.879058
2,6,2,6.633250
20,3,27,33.734256
-27,30,55,68.220232
17,-1,18,24.779023
-10,4,-10,14.696938
-26,33,-19,46.108568
-17,3,14,22.226111
-2,26,4,26.381812
-9,6,-15,18.493242
12,-19,-11,25.019992
11,-13,-2,17.146428
-1,-22,-11,24.617067
-22,-13,-7,26.495283
-19,-10,-19,28.670542
-1,15,14,20.542639
6,23,-13,27.092434
3,-8,-39,39.924930
13,-17,-6,22.226111
-3,9,26,27.676705
4,14,14,20.199010
-15,-1,-4,15.556349
15,0,23,27.459060
9,-7,-8,13.928388
10,-25,35,44.158804
-18,11,-3,21.307276
15,18,1,23.452079
12,23,-25,36.027767
-9,8,-23,25.961510
0,-15,35,38.078866
-32,21,3,38.392708
13,50,-33,61.302528
-16,33,21,42.261093
-8,13,-3,15.556349
-5,17,26,31.464265
-47,-1,-16,49.658836
-17,13,-18,27.964263
22,10,-4,24.494897
-6,12,16,20.880613
-4,5,23,23.874673
5,-13,-8,16.062378
-31,0,-39,49.819675
-1,11,-18,21.118712
-16,37,3,40.422766
2,-7,-7,10.099505
-21,21,30,42.213742
0,15,45,47.434165
-10,34,4,35.665109
20,-15,-1,25.019992
35,3,-10,36.523965
-17,10,-1,19.748418
7,10,-3,12.569805
-32,9,-1,33.256578
-8,-24,-18,31.048349
7,-37,-22,43.611925
-10,7,3,12.569805
-1,11,2,11.224972
12,-10,-18,23.832751
-26,-14,10,31.176915
-19,-30,-9,36.633318
7,-23,-38,44.966654
13,5,4,14.491377
-14,18,2,22.891046
-12,30,20,38.000000
-26,-20,-16,36.496575
-21,21,18,34.727511
-5,-11,8,14.491377
-38,3,9,39.166312
-25,7,28,38.183766
-35,17,16,42.071368
0,23,-15,27.459060
-28,4,-20,34.641016
-13,7,-16,21.771541
10,-4,-36,37.576588
-1,28,-5,28.460499
3,-14,-19,23.790755
-22,-49,5,53.944416
18,-12,-20,29.461840
-21,15,-4,26.115130
25,-11,-10,29.086079
-26,21,-19,38.444766
9,-4,-5,11.045361
2,0,6,6.324555
-11,4,7,13.638182
21,-2,-3,21.307276
11,-2,13,17.146428
38,19,5,42.778499
-14,5,1,14.899664
-13,-25,6,28.809721
3,-25,-10,27.092434
2,-17,-21,27.092434
10,17,-9,21.679483
11,-12,11,19.646883
7,-1,-12,13.928388
-5,-10,-27,29.223278
-23,8,11,26.720778
-2,8,-36,36.932371
21,-30,-35,50.655701
15,27,4,31.144823
25,-10,-29,39.572718
-29,27,4,39.824616
3,-14,9,16.911535
-21,-2,19,28.390139
6,5,17,18.708287
10,-14,10,19.899749
12,-24,10,28.635642
33,8,-7,34.669872
2,-8,4,9.165151
-5,23,44,49.899900
10,17,1,19.748418
-8,-23,27,36.359318
-28,38,16,49.839743
8,-28,-8,30.199338
3,12,15,19.442222
-33,26,21,46.968074
3,22,-33,39.774364
-6,4,-8,10.770330
-11,25,22,35.071356
14,10,6,18.220867
-9,-3,-4,10.295630
-41,24,-19,51.166395
11,21,18,29.765752
-22,3,13,25.729361
11,3,-38,39.673669
-14,-2,-16,21.354157
-17,8,-3,19.026298
-11,-18,-9,22.934690
12,10,-8,17.549929
7,-1,-8,10.677078
-15,13,18,26.795522
40,-25,-11,48.435524
15,10,-39,42.965102
-27,-3,50,56.903427
17,2,-15,22.759613
33,19,8,38.910153
18,-24,26,39.698866
9,18,-1,20.149442
-7,28,-37,46.925473
15,-37,-20,44.654227
-21,13,4,25.019992
-34,-26,-18,46.432747
5,-11,-4,12.727922
16,34,2,37.629775
-11,4,9,14.764823
-19,10,25,32.954514
-40,-4,-12,41.952354
17,4,-9,19.646883
-10,-7,-11,16.431677
6,10,-12,16.733201
3,13,-16,20.832667
10,1,1,10.099505
-42,-8,-8,43.497126
-8,-11,-21,25.019992
19,-15,8,25.495098
22,-31,-35,51.672043
16,-3,15,22.135944
16,-28,-20,37.947332
15,5,-10,18.708287
-15,-20,15,29.154759
11,13,30,34.496377
9,2,9,12.884099
40,33,7,52.325902
-1,2,27,27.092434
-5,-13,14,19.748418
31,15,6,34.957117
11,-7,28,30.886890
-32,14,6,35.440090
6,23,5,24.289916
-7,-14,-15,21.679483
19,-4,-15,24.535688
7,-5,-8,11.747340
-12,-5,-9,15.811388
13,-25,10,29.899833
-39,15,-6,42.213742
17,8,-1,18.814888
-9,20,23,31.780497
9,-11,-34,36.851052
7,26,3,27.092434
-15,-1,26,30.033315
7,7,14,17.146428
11,13,6,18.055470
-11,14,-1,17.832555
-16,11,-29,34.899857
-2,-9,-11,14.352700
25,-1,-40,47.180504
-14,-10,14,22.181073
1,-16,27,31.400637
-14,11,-7,19.131126
2,15,9,17.606817
-9,25,-16,31.016125
15,-28,-9,33.015148
-16,16,32,39.191836
23,18,5,29.631065
9,8,3,12.409674
-9,-6,-5,11.916375
35,15,0,38.078866
7,11,-6,14.352700
17,18,-21,32.465366
-7,6,-11,14.352700
-6,7,33,34.263683
-1,2,3,3.741657
20,22,-8,30.789609
-31,34,-21,50.576674
-15,-20,7,25.961510
-20,-11,27,35.355339
47,-38,17,62.785349
-1,11,10,14.899664
16,-2,-10,18.973666
-13,2,15,19.949937
5,-44,-7,44.833024
-1,9,-4,9.899495
25,28,-11,39.115214
1,-29,14,32.218007
-21,-10,-1,23.280893
-12,-10,10,18.547237
30,-32,8,44.586994
33,2,-29,43.977267
-30,-1,-3,30.166206
-30,-26,-20,44.452222
5,5,-16,17.492856
12,16,-30,36.055513
8,-15,13,21.400935
-8,39,-7,40.422766
-2,-10,10,14.282857
-14,-4,6,15.748016
1,14,-1,14.071247
-12,6,0,13.416408
-26,10,2,27.928480
-26,10,10,29.597297
-17,37,-10,41.928511
-14,17,-7,23.108440
13,9,2,15.937377
24,29,5,37.973675
19,-9,28,35.014283
13,-9,-34,37.496667
25,-9,-4,26.870058
20,26,-6,33.346664
-15,-13,-14,24.289916
8,20,2,21.633308
9,15,-14,22.405357
7,-5,4,9.486833
26,-39,-27,54.092513
18,1,19,26.191602
0,-23,-3,23.194827
13,15,46,50.099900
30,1,-9,31.336879
-16,-26,0,30.528675
-44,-20,2,48.373546
-16,26,24,38.832976
-14,13,27,33.075671
11,10,43,45.497253
-11,23,12,28.178006
-27,30,-5,40.669399
17,9,16,25.019992
15,-25,-18,34.263683
-8,-15,-3,17.262677
31,-10,-1,32.588341
-6,-34,10,35.944402
18,-15,-3,23.622024
20,28,-16,37.947332
-26,-15,-5,30.430248
5,8,-9,13.038405
17,44,25,53.385391
9,0,-31,32.280025
5,-19,-2,19.748418
-17,34,-23,44.429720
-47,11,14,50.259327
31,23,14,41.060930
-4,23,23,32.771939
-14,2,-6,15.362291
5,45,-10,46.368092
-1,16,-9,18.384776
-15,-4,5,16.309506
-14,-1,-21,25.258662
-18,-22,-10,30.133038
-15,4,-13,20.248457
26,-16,-6,31.112698
9,-7,34,35.860842
22,-6,18,29.051678
18,-6,-8,20.591260
-2,-33,-7,33.793490
14,1,23,26.944387
2,5,17,17.832555
-29,-17,48,58.600341
-6,-3,-1,6.782330
-11,41,-16,45.365185
36,28,10,46.690470
-39,-19,-8,44.113490
-8,26,24,36.276714
-3,26,5,26.645825
-31,-1,-10,32.588341
-2,12,8,14.560220
-32,-23,-21,44.654227
-13,-48,3,49.819675
-28,-3,9,29.563491
-17,-56,19,61.530480
-17,-25,14,33.316662
-14,-20,-2,24.494897
31,4,-11,33.136083
25,-39,8,47.010637
-14,-11,-47,50.259327
-26,3,13,29.223278
-30,-52,-24,64.652920
11,-8,19,23.366643
27,-14,-15,33.911650
8,12,-16,21.540659
6,-3,-1,6.782330
5,-3,-8,9.899495
22,-3,-7,23.280893
2,16,-2,16.248077
-21,-2,1,21.118712
37,23,-14,45.760245
7,-8,-19,21.771541
-12,-8,-4,14.966630
-12,2,6,13.564660
-13,-4,1,13.638182
-12,3,-1,12.409674
15,-29,12,34.785054
-13,4,9,16.309506
12,-9,-29,32.649655
6,17,-9,20.149442
-6,32,28,42.941821
3,8,-3,9.055385
38,-4,0,38.209946
-3,-44,13,45.978256
0,-10,28,29.732137
-1,-18,9,20.149442
-25,20,-19,37.229021
30,-8,16,34.928498
11,24,27,37.762415
36,-15,13,41.109610
1,-8,23,24.372115
-10,8,26,28.982753
-26,-11,-15,31.968735
17,-2,-3,17.378147
-1,-3,34,34.146742
-15,-41,-28,51.865210
3,-21,2,21.307276
20,9,15,26.570661
21,1,-24,31.906112
-20,-20,0,28.284271
-3,-7,-2,7.874008
24,12,-14,30.265492
22,-4,-24,32.802439
-22,-26,8,34.985711
5,12,-53,54.571055
23,6,33,40.669399
-3,3,2,4.690416
-10,31,1,32.588341
12,-11,5,17.029386
6,5,-11,13.490738
5,-2,23,23.622024
-10,-40,-28,49.839743
31,27,-34,53.347915
-12,11,-43,45.978256
-8,10,-28,30.789609
-16,15,23,31.780497
5,16,-3,17.029386
-14,-38,2,40.546270
-45,-26,-21,56.053546
3,-15,10,18.275667
-29,5,34,44.966654
37,-34,-25,56.124861
-25,40,-3,47.265209
22,2,-32,38.884444
-14,-21,37,44.788391
-18,-28,-24,41.036569
9,-29,-10,31.968735
-17,5,-24,29.832868
-13,-14,1,19.131126
22,-16,4,27.495454
0,11,-1,11.045361
25,48,-13,55.659680
-11,-13,28,32.771939
1,33,4,33.256578
57,16,33,67.779053
31,37,-24,53.907328
4,-15,-13,20.248457
7,-4,13,15.297059
-17,-3,10,19.949937
-47,1,2,47.053161
29,50,-15,59.715995
14,-4,-8,16.613248
-1,-13,6,14.352700
-8,-37,5,38.183766
15,10,25,30.822070
16,-12,-16,25.612497
-22,27,-33,47.979162
-11,6,15,19.544820
-27,2,-27,38.236109
3,27,20,33.734256
13,-17,22,30.692019
23,26,21,40.570926
14,-1,-11,17.832555
20,-14,-28,37.148351
34,-3,17,38.131352
-19,-7,12,23.537205
6,-6,-24,25.455844
-24,-5,-1,24.535688
-8,2,2,8.485281
8,-18,-24,31.048349
4,7,15,17.029386
-22,21,-5,30.822070
3,5,18,18.920888
27,6,13,30.561414
-1,12,-5,13.038405
-2,-10,4,10.954451
-8,-4,-6,10.770330
13,-13,-4,18.814888
-5,-18,-7,19.949937
-26,8,-10,28.982753
6,23,-3,23.958297
1,14,23,26.944387
-11,-2,3,11.575837
-21,-31,-40,54.790510
-26,-30,8,40.496913
3,2,-15,15.427249
5,4,-7,9.486833
-9,-27,2,28.530685
57,3,-28,63.576725
-17,-39,-30,52.057660
17,-13,20,29.291637
7,-7,-16,18.814888
-27,-15,-12,33.136083
4,4,4,6.928203
-24,-2,20,31.304952
-16,-25,5,30.099834
-8,11,21,25.019992
9,9,-14,18.920888
-4,-1,5,6.480741
-28,-9,5,29.832868
18,6,-8,20.591260
-11,6,9,15.427249
29,-1,2,29.086079
6,-28,28,40.049969
-9,-19,-2,21.118712
47,-22,1,51.903757
-10,28,-12,32.062439
-18,41,15,47.222876
-24,-33,-3,40.914545
-29,-25,10,39.572718
44,31,-13,55.371473
-17,-2,5,17.832555
7,-2,19,20.346990
3,-11,-2,11.575837
-4,29,33,44.113490
0,-25,-33,41.400483
-1,-22,9,23.790755
0,-17,-21,27.018512
1,-18,-1,18.055470
9,24,1,25.651511
-31,-25,4,40.024992
19,-6,53,56.621551
-31,-3,-10,32.710854
8,26,-20,33.763886
-12,-4,-2,12.806248
39,21,-2,44.339599
-13,-28,7,31.654384
-10,-8,-16,20.493902
14,-5,-13,19.748418
15,14,-5,21.118712
-1,-13,26,29.086079
6,12,-26,29.257478
-5,4,-3,7.071068
7,-39,-2,39.673669
-4,16,22,27.495454
12,-26,10,30.331502
12,7,-29,32.155870
-19,-20,-15,31.400637
-2,-22,-16,27.276363
10,13,-21,26.645825
39,-18,-17,46.195238
-12,2,-32,34.234486
3,-9,-36,37.229021
-4,16,16,22.978251
-5,-41,-6,41.737274
-16,-3,-1,16.309506
4,-43,5,43.474130
16,-3,9,18.601075
16,-10,-4,19.287302
12,30,28,42.755117
1,-11,0,11.045361
4,2,-28,28.354894
7,5,-12,14.764823
-15,23,-30,40.669399
-13,5,-30,33.075671
6,32,18,37.202150
-4,-14,4,15.099669
23,4,29,37.229021
31,21,-30,47.979162
-22,-3,3,22.405357
-20,4,-14,24.738634
-26,10,6,28.495614
-8,1,-1,8.124038
14,-12,8,20.099751
-10,-18,4,20.976177
18,7,-21,28.530685
18,-23,29,41.158231
14,-20,-2,24.494897
-5,-13,-42,44.249294
-22,-24,10,34.058773
-19,-28,9,35.014283
-20,-9,-5,22.494444
9,-6,23,25.416530
3,-8,7,11.045361
-7,-4,-3,8.602325
2,3,-3,4.690416
-9,-7,-14,18.055470
-7,-22,-9,24.779023
-18,16,-16,28.913665
18,-13,-5,22.759613
-34,7,-17,38.652296
20,28,-30,45.650849
30,-11,-27,41.833001
39,-17,20,47.010637
-4,20,-8,21.908902
-14,-16,-14,25.455844
12,-22,34,42.237424
-12,3,13,17.944358
-17,4,-23,28.879058
2,-11,-9,14.352700
19,-1,-10,21.494185
-5,21,-14,25.729361
-31,-12,-11,35.014283
-14,4,8,16.613248
24,-1,-5,24.535688
17,12,-39,44.204072
-12,-4,2,12.806248
-13,-19,34,41.060930
6,1,-3,6.782330
4,-31,-17,35.580894
16,23,-19,33.852622
-16,-2,28,32.310989
-20,15,9,26.570661
12,11,13,20.832667
2,2,28,28.142495
-30,6,2,30.659419
-34,-16,4,37.788887
-12,1,-1,12.083046
-37,15,20,44.654227
-25,13,10,29.899833
-20,11,-7,23.874673
2,45,-15,47.476310
1,5,14,14.899664
-8,-11,-5,14.491377
18,24,-4,30.265492
-2,28,-4,28.354894
-3,16,-7,17.720045
13,-38,17,43.611925
14,-11,-17,24.617067
-32,-23,-29,48.928519
-2,23,35,41.928511
0,-4,-24,24.331050
-23,14,-1,26.944387
-19,-4,-5,20.049938
-35,19,-6,40.274061
-1,4,-19,19.442222
-12,-12,34,38.000000
16,-7,-5,18.165902
9,6,23,25.416530
-11,-11,-8,17.492856
-39,-19,-34,55.118055
41,-7,8,42.355637
-16,28,4,32.496154
-8,-11,3,13.928388
-7,17,-8,20.049938
47,-1,12,48.518038
-20,-14,-32,40.249224
8,17,3,19.026298
-16,-33,5,37.013511
15,18,21,31.464265
-5,3,-8,9.899495
11,-14,17,24.617067
14,8,-16,22.715633
33,-6,1,33.555923
-7,-19,18,27.092434
3,0,3,4.242641
6,-18,8,20.591260
-3,29,-28,40.422766
4,13,7,15.297059
8,-16,-20,26.832816
-37,-12,-21,44.204072
-15,-7,-12,20.445048
17,-24,23,37.336309
-9,6,3,11.224972
-7,10,-5,13.190906
-8,15,-17,24.041631
16,-18,-6,24.819347
-12,-17,-5,21.400935
40,39,5,56.089215
-13,-2,5,14.071247
-2,-19,7,20.346990
-4,13,-15,20.248457
0,-18,-72,74.215901
-15,25,6,29.765752
2,-16,-6,17.204651
10,8,26,28.982753
-13,-3,8,15.556349
23,-6,-7,24.779023
12,-26,18,33.823069
20,-34,0,39.446166
-19,-17,6,26.191602
-6,10,-22,24.899799
2,-28,4,28.354894
0,-6,12,13.416408
-3,12,11,16.552945
4,28,22,35.832946
5,3,-8,9.899495
-15,-21,44,51.009803
3,3,18,18.493242
3,30,-17,34.612137
3,14,-5,15.165751
2,-27,7,27.964263
29,1,10,30.692019
2,-2,26,26.153394
-26,5,-17,31.464265
-9,-3,-20,22.135944
-10,-14,12,20.976177
-10,-46,-18,50.398413
17,0,-9,19.235384
-6,9,-17,20.149442
-37,-14,27,47.895720
19,12,-3,22.671568
-24,2,4,24.413111
-5,23,-2,23.622024
-2,-21,-11,23.790755
8,-24,16,29.933259
11,19,20,29.698485
-39,17,-2,42.591079
-25,10,-5,27.386128
36,-29,23,51.633323
3,-12,-9,15.297059
18,-3,13,22.405357
-11,-11,32,35.580894
7,10,7,14.071247
-1,8,-9,12.083046
12,10,10,18.547237
4,18,-2,18.547237
32,13,3,34.669872
12,-2,8,14.560220
42,-14,14,46.432747
-17,-16,13,26.720778
10,17,-5,20.346990
-7,-16,1,17.492856
-5,8,-5,10.677078
12,-7,13,19.026298
-11,14,-7,19.131126
-7,-9,-20,23.021729
-7,-16,9,19.646883
8,16,22,28.354894
6,-9,15,18.493242
-28,7,23,36.905284
-5,-7,8,11.747340
16,21,15,30.364453
-6,6,-12,14.696938
-5,18,-21,28.106939
49,21,-24,58.463664
6,12,-2,13.564660
31,10,11,34.380227
-15,0,7,16.552945
-25,-10,-19,32.954514
-2,34,-10,35.496479
-31,6,37,48.641546
26,-2,14,29.597297
42,30,6,51.961524
-25,24,1,34.669872
21,-6,-7,22.934690
-12,-14,8,20.099751
28,30,6,41.472883
6,8,6,11.661904
-16,36,16,42.520583
-29,-29,-4,41.206796
-13,16,15,25.495098
-1,-7,-22,23.108440
3,-18,31,35.972211
-37,-6,-15,40.373258
29,-20,23,42.071368
2,-2,-12,12.328828
-23,-4,23,32.771939
-29,-17,10,35.071356
-14,11,5,18.493242
27,-4,9,28.740216
7,-3,38,38.755645
-23,23,-14,35.411862
-41,-13,14,45.232732
1,4,-29,29.291637
-3,16,-3,16.552945
11,-11,26,30.298515
-1,-20,3,20.248457
2,-15,-9,17.606817
-6,-22,0,22.803509
2,37,21,42.591079
6,22,-16,27.856777
-12,3,9,15.297059
0,9,-15,17.492856
-24,6,10,26.683328
-10,-4,-6,12.328828
5,-10,11,15.684387
35,-24,-5,42.731721
4,-21,13,25.019992
-2,-19,-15,24.289916
-2,40,0,40.049969
29,22,-3,36.523965
-2,-19,55,58.223707
3,-4,-7,8.602325
-1,-5,2,5.477226
5,-24,-25,35.014283
25,3,18,30.951575
0,48,0,48.000000
8,-1,-27,28.178006
3,15,-4,15.811388
-9,-29,16,34.322005
-13,-3,-4,13.928388
-16,31,17,38.807216
11,-1,26,28.248894
42,1,-5,42.308392
-29,10,17,35.071356
-1,-14,-5,14.899664
31,34,11,47.307505
-26,-2,16,30.594117
-16,25,13,32.403703
-16,3,5,17.029386
-27,-13,-10,31.591138
11,-5,-30,32.341923
-1,23,12,25.961510
-11,10,3,15.165751
-27,-30,9,41.352146
21,-5,8,23.021729
-3,26,-9,27.676705
18,-10,-18,27.349589
0,2,-2,2.828427
4,27,9,28.740216
16,3,15,22.135944
-21,19,-16,32.526912
28,-11,1,30.099834
-7,-8,25,27.166155
14,7,-13,20.346990
12,-14,-16,24.413111
-12,-14,12,22.000000
-21,6,11,24.454039
12,2,14,18.547237
4,9,-3,10.295630
3,-11,-10,15.165751
-7,-3,-22,23.280893
-12,-8,-12,18.761663
8,17,3,19.026298
-3,-11,-4,12.083046
-22,-6,26,34.583233
-15,35,-10,39.370039
10,-21,11,25.729361
-12,-13,3,17.944358
38,4,24,45.122057
-2,-14,-4,14.696938
36,-20,-6,41.617304
3,-1,-26,26.191602
41,11,16,45.365185
40,17,-13,45.365185
26,-16,48,56.885851
2,-13,-3,13.490738
-3,-4,-37,37.336309
-5,-21,-24,32.280025
-36,-13,-35,51.865210
-3,-4,21,21.587033
6,-7,-29,30.430248
-32,-11,5,34.205263
7,-26,1,26.944387
21,-7,-2,22.226111
47,-6,29,55.551778
6,-46,0,46.389654
2,-13,-17,21.494185
-22,-21,-9,31.717503
1,8,-9,12.083046
23,-4,-3,23.537205
-32,-6,-36,48.538644
4,25,39,46.497312
7,-21,-10,24.289916
17,24,-21,36.138622
0,3,-21,21.213203
15,-5,16,22.494444
2,19,1,19.131126
9,5,8,13.038405
11,-39,-8,41.303753
6,10,12,16.733201
-9,-14,-13,21.118712
13,-16,11,23.366643
-3,-6,-31,31.717503
1,15,-10,18.055470
7,-18,-3,19.544820
-17,12,-7,21.954498
-9,-2,13,15.937377
-1,-43,-20,47.434165
13,-10,7,17.832555
-1,-1,2,2.449490
-28,13,-23,38.496753
12,1,9,15.033296
-11,16,-11,22.315914
18,-34,4,38.678159
35,28,9,45.716518
-31,-1,-22,38.026307
-17,-31,32,47.686476
33,9,32,46.840154
-11,17,10,22.583180
15,0,-15,21.213203
2,-34,-8,34.985711
6,21,7,22.934690
-4,-18,28,33.526109
10,2,-10,14.282857
5,-12,7,14.764823
9,43,22,49.132474
-10,-3,-7,12.569805
5,15,-20,25.495098
-25,5,-2,25.573424
7,-28,21,35.693137
5,3,-10,11.575837
-38,7,9,39.673669
18,18,-8,26.683328
25,-3,22,33.436507
1,26,21,33.436507
-1,-2,-13,13.190906
0,44,-8,44.721360
-13,8,1,15.297059
-26,3,-35,43.703547
5,-37,10,38.652296
11,-35,42,55.767374
-3,10,19,21.679483
1,-4,-11,11.747340
-38,-31,-23,54.166410
27,-17,-6,32.465366
8,-14,-12,20.099751
-31,-15,14,37.175261
-11,-20,-31,38.496753
-6,-1,27,27.676705
23,15,24,36.469165
38,19,-3,42.591079
11,24,-5,26.870058
12,22,-10,26.981475
20,33,-21,43.931765
18,0,-6,18.973666
30,13,45,55.623736
-10,-32,28,43.680659
3,-21,-20,29.154759
-18,3,-25,30.951575
53,-47,32,77.730303
-16,8,-8,19.595918
0,-43,-13,44.922155
-1,-1,6,6.164414
8,-11,-1,13.638182
13,-26,-11,31.080541
-2,-5,-5,7.348469
-30,10,2,31.685959
-29,4,-37,47.180504
15,46,-15,50.655701
18,27,19,37.603191
-30,-5,7,31.208973
-23,-5,8,24.859606
-12,-2,-18,21.725561
10,-4,40,41.424630
-11,21,28,36.687873
-1,-8,-13,15.297059
24,-7,5,25.495098
-42,-34,-10,54.954527
-9,19,8,22.494444
-3,-24,19,30.757113
18,11,5,21.679483
-16,-6,2,17.204651
3,-2,7,7.874008
-34,21,9,40.963398
2,-17,-27,31.968735
0,-3,1,3.162278
-13,-22,7,26.495283
12,-33,-1,35.128336
6,11,7,14.352700
25,50,3,55.982140
20,7,-23,31.272992
-27,7,40,48.764741
-17,-36,3,39.924930
15,-11,-20,27.313001
22,-19,-1,29.086079
13,14,-15,24.289916
20,-13,1,23.874673
10,-9,11,17.378147
-19,5,-10,22.045408
31,-2,5,31.464265
7,13,14,20.346990
40,37,21,58.395205
-23,-27,16,38.910153
5,-24,1,24.535688
21,-19,10,30.033315
20,-11,1,22.847319
-14,3,-1,14.352700
-32,29,25,49.899900
3,-10,-13,16.673332
13,13,24,30.232433
-30,-3,-15,33.674916
36,-6,-4,36.715120
-25,-14,15,32.341923
-8,23,7,25.337719
22,-3,-1,22.226111
6,20,-12,24.083189
-14,-20,2,24.494897
11,-30,-11,33.793490
5,-31,12,33.615473
-16,-17,-13,26.720778
38,-29,-11,49.050994
14,10,6,18.220867
15,-1,-26,30.033315
-13,-9,6,16.911535
16,5,-31,35.242020
-14,-45,-11,48.394215
-11,-22,-13,27.820855
-14,-16,-34,40.099875
-16,-24,6,29.461840
21,-16,41,48.764741
-26,1,-17,31.080541
-8,-2,-4,9.165151
-5,-19,4,20.049938
6,-27,13,30.561414
-4,-14,4,15.099669
11,-24,21,33.734256
-6,6,40,40.890097
33,29,14,46.108568
-5,16,1,16.792856
33,0,13,35.468296
-1,-14,7,15.684387
-1,-12,1,12.083046
16,12,22,29.732137
2,13,9,15.937377
-15,-4,-9,17.944358
26,2,-34,42.848571
-16,7,-1,17.492856
30,-30,-40,58.309519
-4,8,4,9.797959
8,13,17,22.847319
-18,4,-6,19.390719
-30,-15,-21,39.572718
1,2,27,27.092434
-22,18,22,35.944402
-19,-21,8,29.427878
28,29,-13,42.355637
13,2,21,24.779023
-2,15,33,36.304270
-19,-19,18,32.341923
-12,-38,-30,49.879856
-14,-16,-22,30.594117
-19,0,-21,28.319605
12,4,22,25.377155
-15,7,40,43.289722
0,15,21,25.806976
-19,-12,17,28.178006
10,18,18,27.349589
19,-60,-5,63.134776
-15,5,-2,15.937377
31,0,-17,35.355339
39,8,13,41.880783
-32,36,-8,48.826222
31,-24,5,39.522146
8,10,10,16.248077
8,-22,-14,27.276363
-5,10,1,11.224972
5,48,9,49.091751
-2,6,38,38.522721
-16,16,2,22.715633
3,6,-27,27.820855
1,0,-7,7.071068
-5,22,-13,26.038433
32,40,-16,53.665631
1,14,1,14.071247
2,16,-8,18.000000
23,-4,-11,25.806976
-28,30,-28,49.678969
16,-20,-8,26.832816
-1,32,15,35.355339
-1,21,-28,35.014283
19,1,20,27.604347
-51,-41,-2,65.467549
32,-22,-12,40.644803
20,20,-10,30.000000
-19,-15,-20,31.400637
15,17,10,24.779023
9,-3,-24,25.806976
-30,-2,16,34.058773
12,12,6,18.000000
-20,-6,14,25.139610
-17,7,10,20.928450
-25,31,16,42.918527
18,-16,4,24.413111
27,54,-5,60.580525
12,7,1,13.928388
11,-8,15,20.248457
-33,-28,29,52.096065
-53,-6,33,62.721607
-22,33,7,40.274061
6,21,5,22.405357
-15,0,-13,19.849433
0,1,-25,25.019992
-29,-2,13,31.843367
1,30,-15,33.555923
3,9,6,11.224972
21,-25,8,33.615473
8,-35,-3,36.027767
17,-6,-1,18.055470
-6,17,27,32.465366
-5,-4,-25,25.806976
-37,-1,-16,40.323690
-23,18,-1,29.223278
-9,13,-12,19.849433
12,11,-9,18.601075
15,-15,4,21.587033
18,31,17,39.673669
-3,0,-17,17.262677
17,19,-54,59.715995
-19,9,10,23.280893
-1,4,-11,11.747340
6,4,-22,23.151674
31,10,-3,32.710854
18,12,10,23.832751
4,9,-19,21.400935
-3,-19,-8,20.832667
-19,-1,18,26.191602
-11,-7,-16,20.639767
-1,2,5,5.477226
-27,-1,-24,36.138622
-14,2,10,17.320508
-41,16,-43,61.530480
1,1,0,1.414214
-9,-2,5,10.488088
-6,38,-12,40.298883
-10,4,-14,17.663522
12,-26,2,28.705400
5,-31,-10,32.954514
-17,-27,-4,32.155870
22,-8,-6,24.166092
-1,8,11,13.638182
5,16,11,20.049938
6,-18,26,32.186954
-16,-28,40,51.380930
-2,21,-15,25.884358
-25,-14,-7,29.495762
-28,-8,12,31.496031
-31,-23,-18,42.591079
-5,-3,-38,38.444766
-16,13,-17,26.720778
-26,-6,20,33.346664
-20,-4,-8,21.908902
-14,-8,-26,30.594117
12,22,10,26.981475
-18,-13,3,22.405357
-27,6,9,29.086079
0,-12,12,16.970563
-14,-15,5,21.118712
10,-1,-9,13.490738
-18,10,2,20.688161
17,28,29,43.749286
-31,31,-14,46.021734
3,7,-4,8.602325
22,34,-48,62.801274
-13,24,5,27.748874
0,15,-29,32.649655
-51,-25,-2,56.833089
10,-38,-8,40.099875
-11,-20,-27,35.355339
28,10,-2,29.799329
-29,-5,-6,30.033315
39,-14,-3,41.545156
-44,13,17,48.928519
13,-19,8,24.372115
-14,-41,-23,49.050994
23,14,9,28.390139
-16,-20,4,25.922963
11,8,21,25.019992
-7,25,0,25.961510
-24,3,-7,25.179357
8,33,23,41.012193
18,30,-10,36.386811
2,-20,-2,20.199010
13,14,-1,19.131126
-9,31,-4,32.526912
-8,-15,1,17.029386
-11,-19,0,21.954498
8,29,3,30.232433
1,27,-30,40.373258
-43,24,11,50.457903
13,-18,-3,22.405357
28,-11,-7,30.886890
35,4,-11,36.905284
3,11,-20,23.021729
35,-12,-7,37.656341
0,9,-5,10.295630
6,2,6,8.717798
-2,-22,6,22.891046
-20,30,14,38.678159
-7,-3,0,7.615773
-22,3,-7,23.280893
13,-1,12,17.720045
16,-2,-12,20.099751
-7,21,-4,22.494444
8,-1,-11,13.638182
-12,12,-36,39.799497
-13,10,15,22.226111
23,2,29,37.067506
-15,4,23,27.748874
15,5,14,21.118712
11,-1,-12,16.309506
-35,-7,-2,35.749126
43,-16,17,48.928519
0,25,11,27.313001
-14,-3,-29,32.341923
12,-11,7,17.720045
26,8,28,39.038443
4,15,13,20.248457
-14,42,-30,53.478968
23,-20,-25,39.420807
15,-3,4,15.811388
-19,-13,-40,46.151923
6,14,-12,19.390719
13,24,-19,33.256578
37,19,-12,43.289722
-23,24,-21,39.319207
-8,29,27,40.422766
8,-33,-21,39.924930
5,-16,-25,30.099834
0,22,-10,24.166092
21,-36,5,41.976184
-14,-22,-2,26.153394
-10,-14,-46,49.112117
9,11,-28,31.400637
-13,9,-2,15.937377
8,2,-30,31.112698
3,10,-37,38.444766
27,-42,-11,51.127292
15,-6,-19,24.939928
-22,-8,14,27.276363
25,-21,-14,35.524639
17,-1,-4,17.492856
-14,-22,-22,34.117444
17,19,0,25.495098
6,10,-2,11.832160
3,24,17,29.563491
10,25,-17,31.843367
8,19,-11,23.366643
-12,-3,-7,14.212670
5,2,-9,10.488088
34,-7,7,35.411862
-6,-15,23,28.106939
-1,-26,3,26.191602
-3,24,17,29.563491
0,-17,5,17.720045
18,-17,-15,28.948230
39,7,-18,43.520110
2,-5,-17,17.832555
5,5,12,13.928388
11,-17,-6,21.118712
-3,14,25,28.809721
-3,3,-26,26.343880
1,-14,-23,26.944387
-24,-23,17,37.336309
1,11,24,26.419690
14,-14,4,20.199010
10,26,34,43.954522
4,-1,23,23.366643
-4,4,6,8.246211
22,19,-21,35.860842
-33,23,4,40.422766
-10,-36,2,37.416574
0,-26,2,26.076810
-21,8,-21,30.757113
-6,-25,1,25.729361
4,-37,-33,49.739320
-5,-8,5,10.677078
-6,-3,3,7.348469
-10,-13,51,53.572381
8,16,4,18.330303
26,-21,-11,35.185224
-51,3,-24,56.444663
-13,-39,2,41.158231
-13,25,-16,32.403703
-3,3,-12,12.727922
8,24,-2,25.377155
22,-3,-9,23.958297
1,10,3,10.488088
-16,15,29,36.359318
9,25,-24,35.805028
27,18,23,39.774364
-11,29,2,31.080541
5,-17,0,17.720045
-16,14,-14,25.455844
-21,-7,-20,29.832868
13,10,-19,25.099801
9,0,1,9.055385
-22,-14,4,26.381812
23,32,27,47.770284
-27,-23,12,37.443290
-18,21,11,29.765752
16,-9,-41,44.922155
-16,27,37,48.518038
3,-2,-1,3.741657
-33,11,-2,34.842503
12,38,12,41.617304
-13,-4,-11,17.492856
1,8,-3,8.602325
-11,40,-11,42.918527
5,-22,-13,26.038433
-5,12,5,13.928388
-2,20,34,39.496835
16,6,8,18.867962
5,2,-13,14.071247
18,1,-7,19.339080
-11,-20,-5,23.366643
-21,-19,4,28.600699
6,-8,30,31.622777
-20,-2,14,24.494897
24,2,44,50.159745
3,8,13,15.556349
0,-11,-3,11.401754
-25,-21,20,38.288379
1,-6,25,25.729361
22,-24,28,42.941821
-11,12,-17,23.537205
-1,-5,-4,6.480741
4,-41,-11,42.638011
1,16,35,38.496753
-12,2,-26,28.705400
18,-4,12,22.000000
-12,2,-2,12.328828
36,-16,-6,39.849718
2,-10,-6,11.832160
-8,-17,-3,19.026298
-17,9,-24,30.757113
-10,-16,-28,33.763886
8,-8,-2,11.489125
-2,-40,-38,55.208695
-11,13,16,23.366643
6,36,-12,38.418745
-15,8,7,18.384776
16,-8,-10,20.493902
6,-29,1,29.631065
-4,39,1,39.217343
7,10,-5,13.190906
2,16,-12,20.099751
13,35,-28,46.669048
-9,14,-9,18.920888
-11,-19,2,22.045408
0,-3,37,37.121422
-8,-2,36,36.932371
7,-23,10,26.038433
0,8,-16,17.888544
-28,-8,-6,29.732137
-26,16,28,41.424630
3,19,8,20.832667
-13,-16,1,20.639767
-31,6,35,47.138095
-14,23,1,26.944387
11,-3,0,11.401754
9,21,32,39.319207
-20,-11,15,27.313001
-4,0,-16,16.492423
23,-9,-16,29.427878
7,-2,-19,20.346990
15,31,4,34.669872
-10,0,-10,14.142136
23,8,9,25.961510
-13,8,29,32.771939
27,31,6,41.545156
30,1,3,30.166206
2,-15,3,15.427249
14,-32,-36,50.159745
5,6,-1,7.874008
16,1,11,19.442222
-3,-17,-2,17.378147
-28,-16,20,37.947332
-9,-17,4,19.646883
-2,-23,9,24.779023
6,0,-16,17.088007
13,32,5,34.899857
2,-29,7,29.899833
20,10,0,22.360680
-13,11,16,23.366643
1,20,3,20.248457
11,-2,25,27.386128
4,-42,-4,42.379240
-33,2,9,34.263683
-13,-29,-24,39.824616
-14,37,1,39.572718
33,35,-14,50.099900
30,-7,-7,31.591138
23,-19,-4,30.099834
3,9,-2,9.695360
-34,-2,20,39.496835
-1,-20,-29,35.242020
-31,1,10,32.588341
6,19,1,19.949937
18,20,24,36.055513
3,-8,21,22.671568
8,2,2,8.485281
11,-1,12,16.309506
-4,-3,31,31.400637
13,24,-13,30.232433
-3,9,-6,11.224972
-39,-9,-16,43.104524
6,35,7,36.193922
-5,8,-33,34.322005
-32,4,-16,36.000000
15,-4,-11,19.026298
-21,6,-11,24.454039
1,5,24,24.535688
-9,-2,13,15.937377
-3,19,8,20.832667
-14,-3,3,14.628739
-26,-20,-4,33.045423
-8,10,24,27.202941
14,0,20,24.413111
15,1,12,19.235384
1,7,26,26.944387
-12,8,14,20.099751
-39,4,9,40.224371
34,-5,1,34.380227
23,-1,22,31.843367
8,-8,-8,13.856406
4,16,8,18.330303
2,-15,5,15.937377
-15,22,5,27.092434
39,2,-15,41.833001
20,10,-2,22.449944
-11,-24,-31,40.718546
21,-11,-2,23.790755
5,-10,-1,11.224972
-11,-22,3,24.779023
1,7,0,7.071068
17,-7,4,18.814888
-13,-23,8,27.604347
-4,24,-20,31.496031
12,-14,-14,23.151674
-4,4,38,38.418745
-16,-9,-17,25.019992
-25,-17,-22,37.389838
28,4,18,33.526109
12,2,-14,18.547237
-11,8,-21,25.019992
18,-21,15,31.464265
-2,-42,-10,43.220366
-30,-28,2,41.085277
-16,-6,-6,18.110770
29,5,2,29.495762
19,3,-44,48.020829
-16,-3,-27,31.527766
22,-12,-30,39.089641
-12,-1,11,16.309506
3,-6,-27,27.820855
22,0,10,24.166092
-21,1,-20,29.017236
-6,-1,7,9.273618
17,-15,16,27.748874
-3,32,-5,32.526912
7,10,21,24.289916
-1,5,16,16.792856
26,5,-1,26.495283
8,39,29,49.254441
3,-12,-1,12.409674
-6,5,7,10.488088
-6,-1,-27,27.676705
-8,28,-2,29.189039
-2,22,-6,22.891046
0,0,-6,6.000000
10,11,-37,39.874804
8,-40,-14,43.127717
14,22,2,26.153394
25,-25,20,40.620192
-6,-15,11,19.544820
-27,7,-20,34.322005
13,12,19,25.961510
26,1,9,27.531800
-20,7,5,21.771541
-49,5,-2,49.295030
-1,4,-21,21.400935
5,17,6,18.708287
-5,-34,1,34.380227
25,25,-16,38.807216
14,14,-8,21.354157
-13,-12,-21,27.459060
15,28,-13,34.322005
-22,-19,-5,29.495762
-28,-11,35,46.151923
-18,1,19,26.191602
11,39,-32,51.633323
-5,-11,10,15.684387
7,11,4,13.638182
-20,30,-10,37.416574
-22,7,-7,24.124676
13,25,-36,45.716518
18,22,20,34.756294
-17,-7,-10,20.928450
-16,-25,5,30.099834
19,5,-10,22.045408
-28,8,-22,36.496575
9,3,14,16.911535
55,9,-2,55.767374
37,-8,11,39.420807
-37,-22,39,58.086143
26,9,-13,30.430248
11,-15,46,49.618545
-29,6,-13,32.341923
-32,-13,5,34.899857
1,-4,5,6.480741
-13,-4,9,16.309506
-4,-4,4,6.928203
15,-21,24,35.242020
-19,21,-2,28.390139
-20,11,11,25.337719
1,-35,-6,35.524639
3,-1,4,5.099020
-25,1,2,25.099801
-11,42,15,45.934736
-9,5,-2,10.488088
25,4,-3,25.495098
-11,-21,0,23.706539
37,-2,-9,38.131352
10,32,6,34.058773
-3,14,-25,28.809721
22,-2,0,22.090722
6,-3,-9,11.224972
5,42,19,46.368092
13,22,-9,27.092434
-19,10,11,24.124676
12,26,-14,31.874755
-28,35,-55,70.950687
30,35,-9,46.968074
-3,-5,-34,34.496377
5,17,-22,28.248894
10,-26,26,38.105118
-18,-1,-15,23.452079
11,4,1,11.747340
-8,6,-18,20.591260
-11,36,3,37.762415
-16,30,22,40.496913
11,-10,-9,17.378147
-21,8,23,32.155870
36,-3,15,39.115214
-8,-16,-10,20.493902
6,-7,9,12.884099
-10,-3,17,19.949937
-20,22,-52,59.899917
-19,-11,32,38.807216
-7,-12,1,13.928388
38,-44,12,59.363288
-14,15,3,20.736441
2,-23,-3,23.280893
40,11,13,43.474130
-4,-34,-14,36.986484
-31,31,-28,52.019227
-6,3,11,12.884099
2,-20,-20,28.354894
-15,-15,26,33.555923
-19,-12,-5,23.021729
-3,-41,-2,41.158231
-1,-2,1,2.449490
-6,-15,-7,17.606817
15,-19,-28,37.013511
12,24,8,28.000000
4,-33,1,33.256578
15,-15,-4,21.587033
3,-14,15,20.736441
-6,-28,52,59.363288
30,21,13,38.858718
6,10,4,12.328828
-48,45,3,65.863495
-2,4,40,40.249224
11,20,-17,28.460499
3,12,33,35.242020
16,3,-23,28.178006
-17,-13,-24,32.155870
21,-26,-23,40.570926
10,9,-9,16.186414
-28,28,14,42.000000
-6,-29,3,29.765752
16,12,-14,24.413111
-3,16,15,22.135944
37,46,-27,64.915329
-12,6,-26,29.257478
-32,-9,-25,41.593269
-7,-9,22,24.779023
24,-3,23,33.376639
-9,40,11,42.449971
0,24,24,33.941125
-12,-5,15,19.849433
2,-17,-9,19.339080
-12,11,1,16.309506
7,-15,2,16.673332
24,-18,-26,39.698866
-11,10,7,16.431677
4,-11,-9,14.764823
-13,11,-8,18.814888
-9,-6,3,11.224972
-9,-19,6,21.863211
18,11,-13,24.779023
-2,35,17,38.961519
-16,15,15,26.570661
6,6,2,8.717798
0,-47,-7,47.518417
-34,-23,-11,42.497059
16,-4,-20,25.922963
10,-6,-26,28.495614
13,13,2,18.493242
21,-3,10,23.452079
31,-5,12,33.615473
6,27,-11,29.765752
4,-18,24,30.265492
11,-20,7,23.874673
-41,0,7,41.593269
-25,21,-2,32.710854
-3,40,5,40.422766
-2,-3,-27,27.239677
-32,2,6,32.619013
-14,16,-6,22.090722
-8,-15,-23,28.600699
-7,5,-20,21.771541
13,-14,25,31.464265
-20,-10,12,25.377155
4,-4,20,20.784610
12,4,6,14.000000
1,12,15,19.235384
32,-25,15,43.289722
10,33,1,34.496377
0,13,-23,26.419690
24,-14,-16,32.062439
-9,-18,-3,20.346990
-10,-3,11,15.165751
5,25,42,49.132474
-2,21,-9,22.934690
7,-10,-11,16.431677
-6,-7,-5,10.488088
-11,-21,-12,26.570661
20,-4,-16,25.922963
-3,2,-9,9.695360
1,8,-21,22.494444
9,-7,-36,37.762415
33,-8,35,48.764741
-19,-11,-6,22.759613
8,20,6,22.360680
1,-23,-42,47.895720
1,15,-8,17.029386
-35,-25,-30,52.440442
0,6,-12,13.416408
12,1,7,13.928388
-5,-3,10,11.575837
7,-11,-32,34.554305
-20,17,7,27.166155
-6,4,16,17.549929
-9,-25,2,26.645825
-3,-13,20,24.041631
12,0,8,14.422205
9,8,15,19.235384
18,-3,5,18.920888
19,12,-5,23.021729
-14,-25,-9,30.033315
13,-4,-5,14.491377
-12,-23,-31,40.422766
-7,8,-5,11.747340
-15,0,-9,17.492856
1,10,-5,11.224972
-7,-43,2,43.611925
-13,-15,8,21.400935
37,-12,-5,39.217343
-18,1,9,20.149442
-1,8,-25,26.267851
-12,-7,5,14.764823
-25,13,-30,41.158231
-8,-10,0,12.806248
17,-27,4,32.155870
8,-10,0,12.806248
-5,-20,5,21.213203
18,-2,14,22.891046
-35,-15,-2,38.131352
5,52,-13,53.833075
-27,1,-12,29.563491
34,-5,-37,50.497525
-21,2,-17,27.092434
23,30,-3,37.920970
-7,20,43,47.937459
-20,-9,13,25.495098
-12,15,9,21.213203
-34,15,-5,37.496667
16,-5,-3,17.029386
17,28,-27,42.449971
9,-4,5,11.045361
5,-27,2,27.531800
-19,15,10,26.191602
-15,-22,-3,26.795522
-8,14,-22,27.276363
-6,-2,-8,10.198039
25,3,24,34.785054
17,-3,-2,17.378147
-4,31,-19,36.578682
-2,-2,-10,10.392305
21,7,-8,23.537205
1,29,-16,33.136083
5,23,-2,23.622024
7,12,-25,28.600699
14,-6,-8,17.204651
25,-15,12,31.527766
24,-13,-9,28.740216
-5,32,15,35.693137
29,2,3,29.223278
-24,-13,-19,33.256578
-9,6,11,15.427249
12,-12,-14,22.000000
-21,19,-8,29.427878
11,-8,-25,28.460499
28,6,-26,38.678159
2,-4,-10,10.954451
-24,-4,-16,29.120440
11,10,17,22.583180
-7,-2,7,10.099505
-6,-20,-28,34.928498
-12,-7,31,33.970576
18,12,4,22.000000
-6,5,-17,18.708287
26,-33,-1,42.023803
4,-10,-18,20.976177
14,-2,-32,34.985711
-37,16,5,40.620192
-23,6,-27,35.972211
5,-40,19,44.564560
10,20,10,24.494897
-3,1,-10,10.488088
-7,13,0,14.764823
6,6,8,11.661904
-20,-2,-20,28.354894
-10,25,9,28.390139
-11,25,-2,27.386128
48,12,22,54.147945
-17,37,8,41.496988
7,9,0,11.401754
-8,3,-1,8.602325
-10,-10,4,14.696938
-9,-11,0,14.212670
-19,-45,-40,63.134776
-34,41,-21,57.253821
-4,2,-20,20.493902
-19,-12,-1,22.494444
14,-15,35,40.570926
-13,8,3,15.556349
-15,2,1,15.165751
-28,-42,-8,51.107729
10,7,-19,22.583180
35,-13,18,41.448764
-8,-12,0,14.422205
1,15,-20,25.019992
-1,19,-18,26.191602
3,-11,4,12.083046
23,6,-19,30.430248
-22,13,-15,29.631065
-10,-1,17,19.748418
-4,8,16,18.330303
19,4,11,22.315914
-11,-31,14,35.749126
7,17,0,18.384776
5,9,42,43.243497
0,1,-17,17.029386
20,-8,-6,22.360680
-3,33,6,33.674916
-28,19,19,38.807216
10,24,2,26.076810
2,27,-11,29.223278
19,3,8,20.832667
6,-1,-19,19.949937
-9,-3,-18,20.346990
31,13,-4,33.852622
-4,12,-16,20.396078
3,-16,15,22.135944
0,-45,-11,46.324939
-12,-28,-50,58.549125
1,-11,-20,22.847319
1,27,-18,32.465366
28,-14,-28,42.000000
23,-7,-20,31.272992
-6,-9,-25,27.239677
11,-13,52,54.717456
-2,5,27,27.531800
-25,-10,-19,32.954514
-16,-3,-1,16.309506
-27,-12,-11,31.527766
13,-16,-21,29.427878
-10,-38,-26,47.116876
-55,17,-10,58.429445
-22,18,-8,29.529646
-18,11,-19,28.390139
-38,-21,17,46.626173
21,17,0,27.018512
0,7,-29,29.832868
14,11,9,19.949937
-7,10,-29,31.464265
23,-1,10,25.099801
-28,-9,13,32.155870
6,7,-9,12.884099
-19,-13,-8,24.372115
-12,-9,-1,15.033296
-23,9,8,25.961510
13,14,3,19.339080
-22,17,-5,28.248894
-9,-14,3,16.911535
-28,27,-1,38.910153
-25,29,-24,45.188494
5,12,-13,18.384776
-31,-5,30,43.428102
20,13,-21,31.780497
16,6,-10,19.798990
-6,-3,21,22.045408
20,-31,25,44.564560
29,-5,-30,42.023803
20,25,-19,37.229021
-26,-18,-16,35.440090
-13,22,-19,31.843367
14,-11,33,37.496667
-3,-5,12,13.341664
-14,24,2,27.856777
-22,-3,15,26.795522
-9,-5,22,24.289916
10,-18,20,28.705400
4,9,1,9.899495
-28,-9,21,36.138622
-6,16,-54,56.639209
-4,-3,17,17.720045
-18,15,27,35.749126
-7,-1,-6,9.273618
34,15,-7,37.815341
9,-2,-15,17.606817
-26,14,-18,34.583233
-70,-41,7,81.424812
-14,13,7,20.346990
-8,-18,18,26.683328
17,2,15,22.759613
23,6,-25,34.496377
1,-33,-4,33.256578
12,33,-3,35.242020
2,-1,-11,11.224972
28,-20,-16,37.947332
-31,-13,-6,34.146742
20,19,35,44.564560
-40,-16,4,43.266615
-14,30,-2,33.166248
-4,21,-7,22.494444
-4,8,-20,21.908902
-3,-8,11,13.928388
-36,18,-30,50.199602
-5,22,7,23.622024
6,3,-21,22.045408
-38,32,26,56.071383
-33,25,0,41.400483
3,-6,3,7.348469
4,-1,-9,9.899495
11,14,-41,44.698993
-17,5,-22,28.248894
1,8,23,24.372115
40,19,21,49.010203
-35,7,0,35.693137
6,14,6,16.370706
-19,12,23,32.155870
-2,-6,0,6.324555
6,12,26,29.257478
7,3,-4,8.602325
14,-1,21,25.258662
18,-6,16,24.819347
2,-20,20,28.354894
-2,-5,-15,15.937377
-3,41,-4,41.303753
8,-15,3,17.262677
-4,-9,-27,28.740216
17,15,34,40.865633
-13,-18,23,31.968735
-41,-13,24,49.254441
11,4,-3,12.083046
-33,19,-2,38.131352
7,-10,15,19.339080
26,-10,2,27.928480
-15,-2,11,18.708287
-18,6,-34,38.935845
2,8,4,9.165151
18,7,9,21.307276
12,17,17,26.870058
8,23,-1,24.372115
13,8,1,15.297059
3,-12,9,15.297059
-5,4,41,41.496988
-33,1,32,45.978256
9,-6,-21,23.622024
0,-8,-56,56.568542
-11,-44,1,45.365185
-5,21,-56,60.016664
-12,42,-8,44.407207
-7,-2,-9,11.575837
9,-21,24,33.136083
1,-4,-17,17.492856
20,-29,-1,35.242020
-10,-10,-30,33.166248
11,2,3,11.575837
10,3,-19,21.679483
2,31,-19,36.414283
-14,-38,-26,48.124838
34,16,-10,38.884444
6,2,-20,20.976177
0,-4,-6,7.211103
-26,11,7,29.086079
9,-18,-17,26.343880
-8,41,-5,42.071368
27,13,-8,31.016125
-27,-18,47,57.113921
-4,-7,-1,8.124038
28,21,43,55.443665
15,-44,-21,51.009803
22,-25,-5,33.674916
-10,17,19,27.386128
9,-11,14,19.949937
-25,11,-12,29.832868
-31,-45,-8,55.226805
-19,22,-13,31.843367
27,40,-3,48.352870
-13,-4,13,18.814888
9,-6,-5,11.916375
32,-31,-41,60.547502
9,33,10,35.637059
13,12,-11,20.832667
19,33,6,38.548671
5,32,7,33.136083
55,-5,-30,62.849025
0,-12,-14,18.439089
-5,-10,15,18.708287
-2,-2,0,2.828427
-11,21,20,31.016125
7,-2,-19,20.346990
-10,-4,-12,16.124515
-15,12,-5,19.849433
-38,-4,-10,39.496835
-26,-20,14,35.665109
0,-7,1,7.071068
1,6,15,16.186414
-25,-23,-12,36.027767
6,2,10,11.832160
6,-36,10,37.841776
6,31,-19,36.851052
11,0,-5,12.083046
-5,8,-13,16.062378
28,-13,7,31.654384
7,11,2,13.190906
-20,0,10,22.360680
-10,-18,-10,22.891046
19,-3,-18,26.343880
6,5,3,8.366600
-19,11,6,22.759613
-10,30,-20,37.416574
3,-5,-10,11.575837
8,30,-24,39.242834
18,-5,3,18.920888
-16,21,9,27.892651
6,-16,-14,22.090722
-9,-14,-13,21.118712
24,-14,-20,34.234486
7,-1,4,8.124038
-13,-5,-14,19.748418
0,-11,17,20.248457
-10,-17,-17,26.038433
-11,-22,-15,28.809721
19,-18,13,29.223278
10,12,-4,16.124515
-5,30,35,46.368092
7,-25,-20,32.771939
5,-10,-5,12.247449
2,19,7,20.346990
-9,-20,-7,23.021729
-3,10,-27,28.948230
14,-5,9,17.378147
11,20,-13,26.267851
18,3,-17,24.939928
-34,7,9,35.860842
0,-37,7,37.656341
-28,14,-8,32.310989
16,-12,-4,20.396078
-10,-17,-27,33.436507
-10,5,-5,12.247449
-24,16,24,37.523326
-17,-4,-1,17.492856
1,-45,-4,45.188494
-8,-10,-6,14.142136
17,3,24,29.563491
18,-3,-13,22.405357
15,11,48,51.478151
7,5,8,11.747340
-13,-16,-19,28.035692
-6,-7,-5,10.488088
0,0,-8,8.000000
0,15,-19,24.207437
-13,-6,9,16.911535
-22,-11,9,26.191602
-4,-5,17,18.165902
28,-2,-58,64.436015
20,-9,-5,22.494444
7,-23,6,24.779023
10,-5,-23,25.573424
21,15,-24,35.242020
21,-23,4,31.400637
4,4,-22,22.715633
4,5,9,11.045361
21,-21,12,32.031235
3,9,12,15.297059
-7,-25,-12,28.600699
-1,32,19,37.229021
12,-5,21,24.698178
1,0,9,9.055385
-17,-17,8,25.337719
-32,20,-20,42.708313
-42,23,-19,51.516987
1,21,16,26.419690
-3,2,17,17.378147
-2,15,-13,19.949937
-14,9,17,23.790755
16,-1,7,17.492856
-18,15,21,31.464265
-15,-8,9,19.235384
0,-14,-34,36.769553
5,-5,22,23.108440
-32,28,14,44.766059
-32,-7,35,47.937459
-33,18,13,39.774364
14,-15,1,20.542639
13,-9,0,15.811388
-40,-14,10,43.543082
5,-7,-2,8.831761
6,37,-13,39.673669
-22,-2,8,23.494680
1,-4,-35,35.242020
-3,-3,-22,22.405357
15,10,-11,21.118712
33,16,7,37.336309
-30,43,23,57.253821
2,31,-9,32.341923
-11,12,-17,23.537205
0,5,-15,15.811388
25,16,-5,30.099834
-20,-31,-35,50.852729
3,19,4,19.646883
-5,27,2,27.531800
-9,9,8,15.033296
0,-4,0,4.000000
-8,-25,19,32.403703
-32,-7,-5,33.136083
-35,-10,-3,36.523965
19,-7,18,27.092434
16,18,30,38.470768
19,-41,22,50.259327
-27,23,-30,46.454279
0,-47,11,48.270074
-1,-29,48,56.089215
-14,-14,-10,22.181073
23,37,12,45.188494
-31,16,1,34.899857
25,41,2,48.062459
0,15,-15,21.213203
10,3,-7,12.569805
11,-8,-11,17.492856
13,-8,-23,27.604347
-46,18,-32,58.855756
-7,-24,1,25.019992
6,24,22,33.105891
-18,15,-13,26.795522
-11,0,-23,25.495098
-13,19,4,23.366643
-20,32,36,52.153619
10,24,-2,26.076810
-18,-24,20,36.055513
-2,-18,8,19.798990
-25,9,0,26.570661
0,8,-2,8.246211
20,4,44,48.497423
-28,13,-5,31.272992
18,7,11,22.226111
19,16,23,33.852622
-28,-20,-34,48.373546
14,21,-9,26.795522
5,-11,22,25.099801
15,23,-38,46.882833
16,-18,-16,28.913665
4,3,9,10.295630
1,-9,-8,12.083046
-35,7,-16,39.115214
25,19,-10,32.954514
21,8,15,27.018512
-1,6,3,6.782330
22,7,-15,27.531800
17,-44,7,47.686476
0,-12,26,28.635642
15,21,8,27.018512
6,17,7,19.339080
-2,-3,11,11.575837
10,-25,27,38.131352
36,-19,-5,41.012193
17,23,-14,31.843367
14,20,2,24.494897
-22,-21,9,31.717503
-11,-4,19,22.315914
-4,-24,6,25.059928
-21,25,12,34.785054
-2,16,16,22.715633
5,-15,-8,17.720045
2,8,-30,31.112698
33,19,30,48.476799
6,4,-20,21.260292
3,-7,12,14.212670
-7,15,-12,20.445048
11,6,15,19.544820
33,12,23,41.976184
4,33,21,39.319207
-6,-4,2,7.483315
-12,-7,1,13.928388
9,-12,-33,36.249138
10,-27,-15,32.465366
34,19,-33,51.048996
30,-15,-1,33.555923
-24,-39,-9,46.669048
-21,34,29,49.376108
10,5,-5,12.247449
9,1,8,12.083046
42,-25,-15,51.127292
-11,45,12,47.853944
-5,-29,30,42.023803
9,-9,2,12.884099
32,2,8,33.045423
-28,27,21,44.204072
5,-16,-39,42.449971
8,6,6,11.661904
2,-5,3,6.164414
-25,-15,-42,51.127292
43,38,-19,60.448325
3,8,11,13.928388
-20,18,-2,26.981475
-11,-11,4,16.062378
0,35,-25,43.011626
6,-18,-14,23.579652
0,26,12,28.635642
-10,20,-6,23.151674
28,-23,35,50.378567
-29,2,-5,29.495762
-14,1,-3,14.352700
-17,-4,19,25.806976
4,24,-6,25.059928
-6,4,2,7.483315
5,-14,13,19.748418
-9,26,1,27.531800
-3,5,38,38.444766
0,-4,4,5.656854
36,27,-31,54.644304
-19,6,17,26.191602
2,-33,11,34.842503
4,9,-5,11.045361
4,17,5,18.165902
-8,-10,0,12.806248
14,26,28,40.693980
-6,-18,30,35.496479
-18,2,-2,18.220867
-7,-6,11,14.352700
-31,-10,11,34.380227
-8,5,19,21.213203
21,21,-14,32.832910
-16,-23,-3,28.178006
-38,26,32,56.071383
15,-27,2,30.951575
-3,-9,10,13.784049
-17,-11,-30,36.193922
35,17,10,40.174619
-30,-8,2,31.112698
8,-5,-13,16.062378
-20,-13,-3,24.041631
-9,13,-4,16.309506
-35,9,-30,46.968074
8,-5,-5,10.677078
-7,19,34,39.572718
19,1,-12,22.494444
-4,-3,-1,5.099020
2,-7,-21,22.226111
-5,-26,-7,27.386128
-6,-5,7,10.488088
10,-10,26,29.597297
-2,-20,20,28.354894
-9,-24,27,37.229021
0,-29,5,29.427878
-32,4,22,39.038443
-27,-29,16,42.731721
-4,-9,-11,14.764823
1,-6,13,14.352700
-22,3,3,22.405357
8,15,-3,17.262677
-3,0,21,21.213203
2,-21,51,55.190579
4,34,-22,40.693980
-7,20,15,25.961510
-27,6,-1,27.676705
-21,16,23,35.014283
37,1,12,38.910153
5,-6,11,13.490738
13,21,2,24.779023
3,24,7,25.179357
-4,-27,53,59.615434
30,3,-5,30.561414
20,-6,10,23.151674
-12,9,-11,18.601075
-26,-1,19,32.218007
-8,15,-27,31.906112
-4,-6,-10,12.328828
-10,-1,5,11.224972
-7,34,29,45.232732
-5,-6,-21,22.405357
-7,-2,-27,27.964263
-35,11,8,37.549967
4,-5,29,29.698485
-5,-1,18,18.708287
-36,-16,-16,42.520583
33,13,-4,35.693137
2,-18,12,21.725561
0,17,-3,17.262677
-1,11,16,19.442222
-21,-6,29,36.304270
-17,1,-12,20.832667
5,2,7,8.831761
-21,34,25,47.138095
7,22,-19,29.899833
-24,-9,25,35.805028
-20,24,20,37.094474
-3,1,4,5.099020
-20,6,24,31.811947
11,14,-5,18.493242
36,-27,11,46.324939
28,1,-31,41.785165
-11,41,24,48.764741
-7,40,17,44.022721
-17,13,10,23.622024
-29,-2,9,30.430248
-20,-25,-11,33.852622
28,-13,27,41.012193
-45,35,-16,59.211485
8,4,-22,23.748684
-50,-18,14,54.954527
12,-6,16,20.880613
-34,-30,-6,45.738387
-7,9,-40,41.593269
33,-12,13,37.443290
-7,8,5,11.747340
3,0,-7,7.615773
-25,-8,7,27.166155
23,23,10,34.029399
4,-5,7,9.486833
15,27,16,34.785054
-7,16,-19,25.806976
19,-20,-17,32.403703
0,-3,-31,31.144823
-18,7,-1,19.339080
-9,3,-36,37.229021
-16,15,-25,33.256578
16,-11,-1,19.442222
-9,-1,4,9.899495
20,-19,19,33.496268
15,42,47,64.791975
-14,13,43,47.053161
-22,-21,-1,30.430248
5,-31,-34,46.281746
0,26,8,27.202941
20,-1,19,27.604347
-29,-1,-8,30.099834
-16,0,-4,16.492423
-35,-31,-8,47.434165
11,-10,19,24.124676
-9,-27,6,29.086079
23,12,-17,31.016125
4,-8,-22,23.748684
-23,37,-4,43.749286
-1,18,-1,18.055470
-17,-2,-3,17.378147
23,-9,6,25.416530
6,9,-9,14.071247
7,-31,0,31.780497
-3,20,5,20.832667
31,-19,-30,47.138095
-3,-7,-16,17.720045
13,30,-11,34.496377
-37,-25,-26,51.672043
-2,1,15,15.165751
2,-33,7,33.793490
-16,33,-31,48.020829
-5,0,15,15.811388
-12,10,-28,32.062439
4,-36,-14,38.832976
17,-29,-2,33.674916
1,-28,35,44.833024
3,34,-5,34.496377
-11,-1,18,21.118712
32,-26,0,41.231056
3,16,-19,25.019992
-1,-17,-2,17.146428
-14,6,26,30.133038
10,3,25,27.092434
17,-35,20,43.749286
4,-15,39,41.976184
10,2,0,10.198039
12,13,-15,23.194827
15,15,0,21.213203
-20,-24,12,33.466401
13,13,-10,20.928450
-17,-11,6,21.118712
3,24,9,25.806976
11,-11,36,39.217343
5,-28,-11,30.495901
21,42,-11,48.228622
23,10,-27,36.851052
-8,8,26,28.354894
-17,-21,-12,29.563491
8,-23,-17,29.698485
-15,27,8,31.906112
-7,10,-1,12.247449
1,0,-3,3.162278
4,25,-5,25.806976
20,-36,2,41.231056
16,-11,17,25.806976
-35,-23,-2,41.928511
6,7,9,12.884099
11,7,-26,29.086079
-4,-2,-2,4.898979
1,-22,-9,23.790755
11,-31,20,38.496753
-3,9,6,11.224972
-4,30,4,30.528675
13,-5,16,21.213203
-20,-33,5,38.910153
-8,-18,-8,21.260292
-6,-10,14,18.220867
-32,-14,22,41.279535
23,12,-15,29.966648
-24,6,30,38.884444
-21,-10,17,28.809721
7,8,13,16.792856
16,19,3,25.019992
-14,0,30,33.105891
0,22,10,24.166092
-10,3,19,21.679483
28,-3,13,31.016125
25,-13,-18,33.436507
-12,7,-9,16.552945
-36,4,-8,37.094474
19,33,10,39.370039
-16,-15,-23,31.780497
-18,-6,-12,22.449944
-8,-6,42,43.174066
-17,21,2,27.092434
11,7,-18,22.226111
-49,35,8,60.745370
9,31,6,32.832910
-20,17,11,28.460499
-20,-12,0,23.323808
22,-12,10,26.981475
3,14,-9,16.911535
-21,28,31,46.754679
-3,-30,3,30.298515
36,-18,20,44.944410
-28,6,-22,36.110940
-11,-1,14,17.832555
1,15,12,19.235384
-16,26,6,31.112698
15,1,-18,23.452079
5,11,18,21.679483
-18,5,-15,23.958297
-8,-14,6,17.204651
-34,-16,-6,38.052595
21,-5,16,26.870058
-10,-14,8,18.973666
0,-15,9,17.492856
-24,-1,31,39.217343
-39,23,0,45.276926
-32,33,7,46.497312
-25,48,1,54.129474
-25,-5,6,26.191602
-11,1,18,21.118712
-5,18,17,25.258662
8,-1,1,8.124038
26,7,-13,29.899833
12,12,18,24.738634
14,-24,-8,28.913665
-21,8,49,53.907328
-24,20,2,31.304952
-23,36,-7,43.289722
23,-3,-12,26.115130
11,41,18,46.108568
35,33,-22,52.896125
-3,-6,-15,16.431677
37,18,15,43.794977
24,9,5,26.115130
0,20,-16,25.612497
-12,2,24,26.907248
-8,-12,16,21.540659
-6,10,16,19.798990
15,13,0,19.849433
2,-3,25,25.258662
-10,5,25,27.386128
4,-5,23,23.874673
6,10,0,11.661904
7,-9,-18,21.307276
-13,23,-14,29.899833
1,-3,2,3.741657
0,-14,-18,22.803509
26,27,-17,41.158231
3,-25,0,25.179357
-26,20,22,39.496835
23,-5,-18,29.631065
-3,-16,23,28.178006
35,5,-12,37.336309
-5,-18,-1,18.708287
3,-4,-23,23.537205
20,22,-4,30.000000
1,-10,13,16.431677
-20,-5,-19,28.035692
28,1,17,32.771939
4,-33,11,35.014283
11,-2,-9,14.352700
-11,11,8,17.492856
-35,33,36,60.083276
2,1,-19,19.131126
11,-10,7,16.431677
-2,-18,-22,28.495614
-21,-13,0,24.698178
4,-13,-19,23.366643
-6,7,5,10.488088
-21,-16,-15,30.364453
-12,18,-2,21.725561
26,-1,13,29.086079
0,-15,1,15.033296
-13,-4,7,15.297059
-9,4,-29,30.626786
13,6,-23,27.092434
6,-5,-7,10.488088
-4,17,-45,48.270074
6,2,-2,6.633250
-7,-24,-15,29.154759
12,-6,12,18.000000
-5,-12,-7,14.764823
11,43,-4,44.564560
12,9,1,15.033296
0,-6,-22,22.803509
-9,11,24,27.892651
-4,-7,21,22.494444
10,11,7,16.431677
8,-13,-17,22.847319
9,-30,-25,40.074930
15,18,19,30.166206
-22,2,12,25.139610
24,-4,36,43.451122
10,29,-19,36.083237
-17,-30,21,40.373258
-6,-3,5,8.366600
0,-23,-17,28.600699
20,-7,51,55.226805
-29,2,23,37.067506
1,-12,-1,12.083046
6,-41,33,52.971691
-2,-4,-8,9.165151
13,-37,-8,40.024992
37,-13,6,39.673669
2,-6,-28,28.705400
4,-4,-8,9.797959
-19,12,-27,35.128336
14,12,-26,31.874755
-4,28,18,33.526109
0,6,34,34.525353
-15,12,11,22.135944
1,-2,-5,5.477226
-10,-25,1,26.944387
27,-4,-11,29.427878
8,-27,9,29.563491
-1,0,7,7.071068
-18,-25,-35,46.626173
-7,14,-3,15.937377
-19,13,44,49.658836
-11,-13,-2,17.146428
-31,-6,13,34.146742
-13,24,21,34.438351
1,16,1,16.062378
-8,9,1,12.083046
38,-14,20,45.166359
-11,14,-19,26.038433
-30,13,-9,33.911650
19,-28,-15,37.013511
0,-51,5,51.244512
-14,14,40,44.631827
-16,-14,18,27.856777
8,-2,-22,23.494680
2,11,-1,11.224972
-18,10,14,24.899799
-22,-4,-4,22.715633
-5,-40,-5,40.620192
16,-17,-3,23.537205
-16,3,-11,19.646883
-4,-18,16,24.413111
-19,29,24,42.166337
-7,-14,-15,21.679483
5,-7,-6,10.488088
-24,2,0,24.083189
-11,11,-14,20.928450
-7,-29,16,33.852622
-29,3,-4,29.427878
-1,9,-8,12.083046
-31,0,25,39.824616
24,51,1,56.373753
-14,-14,0,19.798990
5,-37,-34,50.497525
8,27,-13,31.016125
26,-6,10,28.495614
-5,7,-16,18.165902
-33,8,17,37.973675
21,1,26,33.436507
34,14,0,36.769553
17,-14,-17,27.820855
-10,-47,-9,48.887626
26,23,7,35.411862
-52,11,7,53.609701
7,18,1,19.339080
18,-6,-18,26.153394
-5,12,3,13.341664
28,27,-3,39.012818
-11,-4,-21,24.041631
36,21,-43,59.883220
-20,-6,22,30.331502
-11,8,-21,25.019992
-17,14,3,22.226111
-5,-23,-16,28.460499
-13,30,13,35.185224
3,-16,1,16.309506
15,-5,12,19.849433
0,31,3,31.144823
27,-11,-26,39.064050
-7,2,23,24.124676
25,20,21,38.288379
-33,13,-8,36.359318
8,7,39,40.422766
16,-22,32,42.000000
-25,-42,9,49.699095
18,24,-12,32.310989
33,15,-4,36.469165
10,-24,38,46.043458
12,4,-22,25.377155
32,-12,22,40.644803
-36,3,-37,51.710734
12,-26,-2,28.705400
49,15,-10,52.211110
-8,3,33,34.088121
7,-22,37,43.611925
5,-4,-25,25.806976
-19,-35,-26,47.560488
5,-23,-26,35.071356
16,-13,-9,22.494444
8,14,14,21.354157
-22,-13,-1,25.573424
15,-52,13,55.659680
-1,11,14,17.832555
-7,22,13,26.495283
-8,14,18,24.166092
14,7,-9,18.055470
-20,-30,-28,45.650849
-38,-16,8,42.000000
10,11,-11,18.493242
-2,-7,-15,16.673332
19,0,-3,19.235384
18,-13,-21,30.561414
-6,-6,-10,13.114877
18,31,-23,42.591079
13,-20,1,23.874673
-17,-22,23,36.083237
-9,26,-13,30.430248
12,-2,0,12.165525
-10,-24,-24,35.383612
-16,-1,29,33.136083
-23,-12,-3,26.115130
0,15,15,21.213203
18,-38,-4,42.237424
12,21,-5,24.698178
-24,27,17,39.924930
13,-23,4,26.720778
5,1,-16,16.792856
4,-17,-3,17.720045
0,-12,-14,18.439089
8,-3,7,11.045361
57,21,-28,66.887966
2,11,21,23.790755
-7,-14,1,15.684387
-2,0,-4,4.472136
-16,-12,12,23.323808
21,-15,-12,28.460499
24,-6,-20,31.811947
-34,-2,-10,35.496479
11,11,-26,30.298515
3,-17,12,21.023796
-10,1,-33,34.496377
-29,10,-37,48.062459
17,-14,-3,22.226111
-4,-17,-21,27.313001
23,2,5,23.622024
-15,-18,-29,37.282704
15,0,5,15.811388
13,24,-9,28.740216
13,0,-1,13.038405
5,-13,-16,21.213203
-2,-34,-2,34.117444
16,-9,-11,21.400935
4,14,-36,38.832976
-4,9,-19,21.400935
-27,-42,-17,52.744668
-37,18,27,49.213819
-3,-18,23,29.359837
-7,15,-14,21.679483
26,39,-3,46.968074
-7,4,21,22.494444
22,7,-15,27.531800
-14,-32,0,34.928498
-3,6,3,7.348469
2,-4,-40,40.249224
28,-9,13,32.155870
-8,8,-22,24.738634
32,0,20,37.735925
4,9,-3,10.295630
-20,13,-23,33.136083
3,23,2,23.280893
6,-3,3,7.348469
0,-15,13,19.849433
-16,-20,-6,26.305893
-4,12,-4,13.266499
21,-28,17,38.910153
-2,-25,21,32.710854
-14,0,6,15.231546
-29,3,12,31.527766
20,24,32,44.721360
-24,-16,24,37.523326
20,-30,10,37.416574
-23,-3,16,28.178006
10,-10,10,17.320508
0,-10,-24,26.000000
9,1,2,9.273618
3,-20,-45,49.335586
-1,-20,-35,40.323690
14,29,3,32.341923
-38,-27,7,47.138095
-25,5,0,25.495098
-24,-4,30,38.626416
18,15,5,23.958297
17,-2,13,21.494185
21,19,16,32.526912
37,-21,0,42.544095
-30,-10,20,37.416574
22,22,28,41.856899
18,2,-4,18.547237
-14,-12,-2,18.547237
26,6,-18,32.186954
-8,5,-9,13.038405
11,-4,-13,17.492856
5,-32,-3,32.526912
-28,-14,0,31.304952
8,-11,13,18.814888
24,5,39,46.065171
-9,-18,21,29.086079
9,33,20,39.623226
17,-36,15,42.544095
13,-2,11,17.146428
-8,-16,-38,42.000000
-3,25,-18,30.951575
-3,-22,-7,23.280893
-2,-33,-11,34.842503
-10,3,-7,12.569805
28,-27,-7,39.522146
19,3,16,25.019992
12,7,-45,47.095647
16,31,-13,37.229021
-5,6,-9,11.916375
-6,-12,34,36.551334
25,22,21,39.370039
-17,27,-14,34.842503
29,27,-2,39.673669
44,-13,1,45.891176
-14,-8,42,44.988888
32,-9,25,41.593269
-23,30,1,37.815341
4,5,13,14.491377
30,-35,-7,46.626173
7,-43,-12,45.188494
24,-4,-24,34.176015
10,14,-14,22.181073
-33,-11,16,38.288379
-19,-28,41,53.160135
-8,-16,4,18.330303
5,5,-22,23.108440
9,23,-14,28.390139
-28,2,-2,28.142495
45,15,-14,49.457052
-15,-13,8,21.400935
-32,-11,3,33.970576
8,6,0,10.000000
16,-8,-10,20.493902
-9,2,9,12.884099
6,-9,-27,29.086079
-26,-10,-38,47.116876
19,-26,-5,32.588341
1,3,2,3.741657
29,42,-21,55.190579
-3,7,8,11.045361
-15,-8,17,24.041631
-11,0,15,18.601075
-5,-9,2,10.488088
-6,24,26,35.888717
-11,-12,7,17.720045
3,6,-7,9.695360
-4,-7,-7,10.677078
-27,23,16,38.910153
-11,28,27,40.422766
-28,6,-6,29.257478
9,18,1,20.149442
-17,28,7,33.496268
-9,19,-20,29.017236
0,14,-18,22.803509
-5,-44,27,51.865210
-8,8,14,18.000000
-20,24,16,35.099858
52,-4,2,52.191953
3,3,2,4.690416
1,-12,-9,15.033296
-38,5,1,38.340579
14,-23,11,29.086079
27,-8,9,29.563491
6,-7,37,38.131352
10,10,-46,48.124838
2,-6,-10,11.832160
8,5,29,30.495901
5,-33,0,33.376639
-1,-16,17,23.366643
5,-15,-14,21.118712
-13,2,23,26.495283
-15,-26,-27,40.373258
-1,-8,1,8.124038
17,-3,-14,22.226111
-7,-13,-2,14.899664
-5,-19,-12,23.021729
30,-1,3,30.166206
-8,2,10,12.961481
4,-7,-11,13.638182
26,8,-16,31.559468
-19,2,7,20.346990
-7,-21,-6,22.934690
-16,-46,8,49.355851
-20,-3,-11,23.021729
4,17,-13,21.771541
16,-16,8,24.000000
20,-17,15,30.232433
-30,-25,11,40.570926
-10,-11,13,19.748418
-9,6,-9,14.071247
18,-6,14,23.579652
10,9,-19,23.280893
-15,-4,-27,31.144823
-11,-13,28,32.771939
1,15,12,19.235384
15,19,-10,26.191602
7,12,-15,20.445048
9,-10,-37,39.370039
35,-15,8,38.910153
-12,20,-20,30.724583
25,-20,5,32.403703
-14,-5,11,18.493242
-20,0,-34,39.446166
6,-12,-28,31.048349
25,-8,13,29.291637
37,6,-7,38.131352
-3,-20,-39,43.931765
-2,-2,20,20.199010
2,-22,-4,22.449944
13,17,2,21.494185
-31,7,20,37.549967
1,-17,34,38.026307
3,-21,18,27.820855
-37,2,-21,42.591079
-10,11,-11,18.493242
6,3,9,11.224972
-28,38,20,51.264022
5,16,5,17.492856
2,12,0,12.165525
20,9,11,24.535688
10,31,-5,32.954514
30,-17,33,47.728398
-9,-14,-17,23.790755
-23,14,-37,45.760245
2,13,11,17.146428
-22,9,19,30.430248
30,-16,12,36.055513
-12,-9,-1,15.033296
-30,-4,8,31.304952
3,-28,-9,29.563491
-10,-11,-7,16.431677
29,-26,-7,39.572718
13,5,30,33.075671
13,10,13,20.928450
-16,-14,-4,21.633308
5,-5,0,7.071068
10,-14,-10,19.899749
-19,22,13,31.843367
26,-17,17,35.411862
-35,13,20,42.355637
-35,-19,8,40.620192
43,18,-7,47.138095
24,-18,-6,30.594117
-9,43,-6,44.339599
-9,-50,7,51.283526
13,-12,-11,20.832667
47,11,10,49.295030
-11,2,-29,31.080541
12,17,15,25.651511
9,24,47,53.535035
-9,-39,6,40.472213
-17,-35,-8,39.724048
-4,-1,-21,21.400935
17,19,36,44.113490
1,-12,-17,20.832667
-24,1,-17,29.427878
3,-11,-6,12.884099
44,24,0,50.119856
-3,-22,-19,29.223278
16,24,-8,29.933259
-18,10,6,21.447611
-65,0,9,65.620119
-35,16,-5,38.807216
14,-11,15,23.280893
-6,1,13,14.352700
-16,3,23,28.178006
-4,-16,-14,21.633308
2,31,-7,31.843367
8,-10,10,16.248077
38,-19,15,45.055521
-26,-8,14,30.594117
1,-7,-6,9.273618
-6,-31,-5,31.968735
-13,-18,13,25.729361
19,-27,16,36.687873
20,-18,-10,28.705400
-1,6,15,16.186414
-25,-6,-3,25.884358
-15,-5,-10,18.708287
-29,-4,-27,39.824616
-15,-1,-24,28.319605
10,-6,6,13.114877
20,5,-11,23.366643
-14,12,-20,27.202941
16,-1,1,16.062378
-7,-15,-18,24.454039
-22,6,16,27.856777
-5,4,-13,14.491377
-18,-19,-13,29.223278
-26,11,27,39.064050
-17,8,-5,19.442222
10,-4,22,24.494897
-7,19,-14,24.617067
-11,-5,-10,15.684387
-12,-1,-3,12.409674
18,-42,48,66.272166
-9,-36,17,40.816663
-8,13,9,17.720045
10,9,5,14.352700
-24,41,13,49.254441
-10,22,-24,34.058773
3,25,-14,28.809721
3,-9,-44,45.011110
-6,24,-6,25.455844
-11,30,3,32.093613
22,46,-10,51.961524
3,2,27,27.239677
8,-23,-13,27.604347
-35,2,21,40.865633
-8,6,-6,11.661904
22,-20,-4,30.000000
11,6,-3,12.884099
-43,-15,-16,48.270074
29,-10,-13,33.316662
-22,-17,-19,33.674916
-10,-8,26,28.982753
5,-5,-26,26.944387
-9,-6,17,20.149442
7,-24,9,26.570661
5,-21,12,24.698178
-8,32,-12,35.099858
-7,11,34,36.414283
-24,-29,3,37.762415
-4,-14,-2,14.696938
28,18,-18,37.841776
-20,-4,-20,28.565714
-34,-33,13,49.132474
-14,20,-10,26.381812
-8,22,-18,29.529646
-25,2,23,34.029399
15,-11,-18,25.884358
-13,-5,42,44.249294
18,-2,16,24.166092
-2,-30,2,30.133038
-11,-7,6,14.352700
12,13,3,17.944358
9,3,12,15.297059
35,-13,-22,43.335897
-5,13,-32,34.899857
-30,-24,-4,38.626416
13,-14,13,23.108440
-11,-2,-13,17.146428
-8,-45,7,46.238512
-4,6,16,17.549929
35,-42,7,55.118055
-2,18,-12,21.725561
-6,-5,11,13.490738
-3,14,-27,30.561414
-12,-18,6,22.449944
0,20,8,21.540659
9,-37,20,43.011626
4,8,-12,14.966630
-12,-3,15,19.442222
0,33,-9,34.205263
-11,11,-24,28.600699
-2,1,7,7.348469
1,27,16,31.400637
-13,-23,-4,26.720778
19,0,27,33.015148
36,8,8,37.735925
-6,11,-1,12.569805
-54,-24,8,59.632206
10,28,-14,32.863353
3,20,-17,26.419690
15,22,15,30.561414
4,-40,8,40.987803
22,13,11,27.820855
-10,9,-23,26.645825
0,17,7,18.384776
-15,12,15,24.372115
2,22,2,22.181073
1,21,-10,23.280893
-3,1,8,8.602325
-18,14,16,27.856777
10,27,17,33.436507
7,-12,15,20.445048
-8,4,-8,12.000000
-2,-37,-7,37.709415
16,-1,1,16.062378
10,9,-17,21.679483
10,20,-10,24.494897
-7,-7,14,17.146428
-11,-12,-33,36.796739
-22,-29,-21,42.023803
21,-8,-15,27.018512
6,-7,-1,9.273618
19,-20,45,52.782573
10,-13,27,31.591138
3,-8,-1,8.602325
13,-25,8,29.291637
-4,-17,17,24.372115
7,19,-16,25.806976
24,8,-12,28.000000
-3,3,-12,12.727922
-6,-2,4,7.483315
16,-17,-15,27.748874
-20,2,10,22.449944
-25,10,-29,39.572718
43,22,29,56.338264
14,-28,-20,37.148351
18,-8,-16,25.377155
-2,-22,-24,32.619013
7,21,-10,24.289916
3,-9,-36,37.229021
16,10,30,35.440090
20,-28,2,34.467376
16,-28,14,35.156792
7,-5,-4,9.486833
-5,19,-32,37.549967
4,15,-3,15.811388
22,-5,-1,22.583180
-45,5,-10,46.368092
-2,14,-24,27.856777
8,-1,17,18.814888
-2,-19,15,24.289916
-6,2,-2,6.633250
-10,-10,30,33.166248
-4,-1,3,5.099020
-2,-29,5,29.495762
17,-13,-20,29.291637
10,1,-33,34.496377
19,18,-1,26.191602
6,-5,-31,31.968735
29,3,-16,33.256578
-1,-17,2,17.146428
-22,20,-2,29.799329
-1,-11,-18,21.118712
41,29,-14,52.134442
21,18,15,31.464265
3,6,21,22.045408
20,24,-38,49.193496
20,-8,0,21.540659
-24,27,-13,38.392708
-11,13,-8,18.814888
10,-5,13,17.146428
18,-24,38,48.414874
-44,3,21,48.846699
-13,-19,2,23.108440
-7,-16,7,18.814888
-22,-6,-14,26.758176
10,-2,-44,45.166359
-24,-3,-11,26.570661
-4,0,14,14.560220
-32,28,24,48.826222
-2,-12,-14,18.547237
-4,32,2,32.310989
21,-22,-1,30.430248
-1,13,26,29.086079
21,4,-3,21.587033
-11,12,-33,36.796739
9,-23,8,25.961510
-2,27,-23,35.524639
-18,0,-44,47.539457
14,4,-2,14.696938
11,-31,-2,32.954514
-6,-2,-6,8.717798
38,33,-5,50.576674
-19,-11,-12,25.019992
18,-18,10,27.349589
13,-19,-4,23.366643
14,12,-14,23.151674
-7,21,-22,31.208973
2,-13,-7,14.899664
12,-21,3,24.372115
21,11,-14,27.531800
20,-13,-31,39.115214
-18,-3,-3,18.493242
28,-12,-10,32.062439
19,11,-14,26.038433
34,-4,2,34.292856
-2,26,6,26.758176
7,7,12,15.556349
21,23,8,32.155870
-13,17,4,21.771541
46,20,-2,50.199602
-14,-10,-46,49.112117
1,6,-13,14.352700
24,2,24,34.000000
-14,-6,20,25.139610
-20,-7,5,21.771541
12,8,-14,20.099751
4,17,-5,18.165902
8,36,0,36.878178
-16,-8,-12,21.540659
22,-9,-5,24.289916
26,-52,-6,58.446557
-9,21,10,24.939928
0,-16,-14,21.260292
-20,-21,3,29.154759
2,11,3,11.575837
-19,35,2,39.874804
7,-39,-20,44.384682
10,11,9,17.378147
-12,-18,34,40.298883
-30,-14,8,34.058773
2,9,-3,9.695360
-30,-13,-19,37.815341
11,-2,25,27.386128
-8,-10,-22,25.455844
-13,-45,-30,55.623736
16,1,33,36.687873
-14,-10,18,24.899799
13,16,7,21.771541
-13,-1,-6,14.352700
-28,-12,-12,32.741411
-6,5,33,33.911650
-8,-2,-24,25.377155
-10,37,9,39.370039
-8,19,25,32.403703
16,-6,10,19.798990
1,13,2,13.190906
17,-20,-25,36.249138
-9,15,6,18.493242
-5,2,-1,5.477226
-4,9,1,9.899495
18,-7,-27,33.196385
-4,28,22,35.832946
-2,14,6,15.362291
7,22,5,23.622024
-16,-5,3,17.029386
-6,-2,-10,11.832160
-21,-4,-7,22.494444
20,22,36,46.690470
46,-5,15,48.641546
-10,-11,-7,16.431677
-31,9,24,40.224371
-29,-1,-4,29.291637
-26,3,-15,30.166206
-2,21,-5,21.679483
-10,-17,47,50.970580
-38,24,-18,48.414874
-23,-10,-3,25.258662
24,-7,1,25.019992
-1,14,1,14.071247
-12,-19,25,33.615473
-27,-9,20,34.785054
-12,8,18,23.065125
-13,26,17,33.674916
-3,-23,26,34.842503
-10,-4,-8,13.416408
6,2,20,20.976177
2,3,-7,7.874008
-14,0,18,22.803509
36,-5,-27,45.276926
-21,8,-5,23.021729
16,7,11,20.639767
-29,-20,21,41.012193
-1,40,11,41.496988
6,24,4,25.059928
-3,12,-35,37.121422
2,-14,-12,18.547237
-15,-4,1,15.556349
21,11,-26,35.185224
-14,2,14,19.899749
-11,6,-1,12.569805
-22,3,-9,23.958297
-7,-2,3,7.874008
-33,-29,8,44.654227
4,8,12,14.966630
-2,36,-14,38.678159
9,-5,12,15.811388
-1,25,-2,25.099801
4,-29,23,37.229021
-7,10,17,20.928450
17,-11,-4,20.639767
7,-15,22,27.531800
20,-17,1,26.267851
41,20,-1,45.628938
17,-26,3,31.208973
-15,-13,8,21.400935
-16,-24,6,29.461840
18,35,-45,59.782941
30,-6,24,38.884444
-9,4,-7,12.083046
29,-10,-1,30.692019
-4,-2,-26,26.381812
-15,14,-25,32.341923
28,-13,7,31.654384
-21,22,9,31.717503
30,-4,-14,33.346664
-8,-4,10,13.416408
2,4,-2,4.898979
-16,4,-2,16.613248
25,-11,-4,27.604347
20,4,4,20.784610
26,-6,-6,27.349589
4,13,9,16.309506
13,0,-13,18.384776
-18,8,-22,29.529646
9,30,7,32.093613
-19,-4,-25,31.654384
16,5,-17,23.874673
-22,-11,21,32.341923
19,-20,17,32.403703
-19,17,28,37.868192
29,16,9,34.322005
1,-4,21,21.400935
-21,26,-5,33.793490
-2,-5,-9,10.488088
6,10,8,14.142136
31,-35,-14,48.805737
0,-9,-1,9.055385
19,9,6,21.863211
-43,-35,10,56.338264
-4,14,2,14.696938
-9,4,1,9.899495
8,24,-8,26.532998
10,27,1,28.809721
24,21,-1,31.906112
63,-1,-20,66.105976
-7,2,5,8.831761
21,-15,0,25.806976
1,11,6,12.569805
-37,-4,15,40.124805
-9,-23,-22,33.075671
40,21,25,51.633323
-23,5,0,23.537205
-14,10,34,38.105118
0,7,-1,7.071068
45,5,10,46.368092
-17,-29,36,49.254441
6,-16,-12,20.880613
-4,-2,22,22.449944
16,20,8,26.832816
22,30,0,37.202150
2,50,10,51.029403
-3,1,-6,6.782330
22,39,-7,45.321077
-3,21,-18,27.820855
-3,27,-24,36.249138
11,-9,20,24.535688
15,-14,25,32.341923
-30,-7,13,33.436507
-29,25,28,47.434165
-9,0,23,24.698178
29,5,-16,33.496268
-4,-5,21,21.954498
15,-24,-15,32.031235
19,-18,7,27.092434
19,21,-10,30.033315
-9,-27,-16,32.649655
-3,-25,-8,26.419690
23,20,11,32.403703
-3,-10,23,25.258662
0,-3,-5,5.830952
20,5,-3,20.832667
-10,-9,-1,13.490738
5,-5,-16,17.492856
-11,34,-47,59.042358
0,-7,1,7.071068
4,4,-30,30.528675
-9,14,-3,16.911535
1,33,6,33.555923
-10,-38,-12,41.085277
14,40,-8,43.127717
34,5,23,41.352146
4,-7,-33,33.970576
-3,23,-32,39.522146
10,1,-7,12.247449
-9,-9,-2,12.884099
16,-24,-8,29.933259
30,12,16,36.055513
26,-4,42,49.558047
-29,-15,2,32.710854
-3,-5,-12,13.341664
22,16,-18,32.619013
-6,16,4,17.549929
8,-18,40,44.586994
32,-3,5,32.526912
-36,-5,-11,37.973675
-34,-23,-19,45.232732
24,13,-13,30.232433
1,-38,-41,55.910643
-26,12,16,32.802439
9,-42,-21,47.812132
-5,0,21,21.587033
8,-12,-20,24.657656
13,-27,2,30.033315
4,20,10,22.715633
-27,12,19,35.128336
-5,0,5,7.071068
13,-15,-16,25.495098
-11,-3,36,37.762415
-21,10,-5,23.790755
9,-21,12,25.806976
17,21,-10,28.809721
-5,-23,18,29.631065
26,5,-3,26.645825
-13,-14,-13,23.108440
-9,-10,-15,20.149442
-52,17,3,54.790510
-8,-11,-39,41.303753
-1,-13,-32,34.554305
15,14,-17,26.645825
0,-32,-12,34.176015
5,20,11,23.366643
-21,-9,-4,23.194827
-18,0,-2,18.110770
-10,-16,20,27.495454
16,-15,1,21.954498
14,4,-48,50.159745
43,4,17,46.411206
19,-5,-2,19.748418
36,-3,-5,36.469165
-3,-3,-10,10.862780
16,-24,-2,28.913665
-7,5,-30,31.208973
-8,-14,-14,21.354157
-19,28,11,35.580894
8,1,9,12.083046
-1,-7,-10,12.247449
-3,7,-16,17.720045
-8,6,36,37.363083
-25,24,9,35.805028
21,1,-18,27.676705
27,2,-7,27.964263
3,-25,-2,25.258662
24,16,8,29.933259
-27,12,-5,29.966648
6,-20,14,25.139610
16,-20,-34,42.567593
17,2,25,30.298515
13,16,-7,21.771541
-9,-40,-31,51.400389
-14,-5,1,14.899664
-31,-13,-6,34.146742
2,24,2,24.166092
12,-15,-15,24.372115
-19,10,-7,22.583180
-22,7,11,25.573424
27,-4,37,45.978256
2,20,-18,26.981475
-6,24,-36,43.680659
0,-6,28,28.635642
4,37,-17,40.914545
-8,-20,-42,47.201695
-11,-21,2,23.790755
-16,12,32,37.735925
38,-21,9,44.339599
8,9,-11,16.309506
-6,-1,-49,49.376108
24,1,-23,33.256578
-14,14,40,44.631827
8,12,10,17.549929
-21,-6,-39,44.698993
2,7,13,14.899664
-18,-1,19,26.191602
32,-4,-32,45.431267
-11,13,-18,24.779023
-24,3,5,24.698178
-5,-8,-15,17.720045
-4,0,2,4.472136
-21,21,-18,34.727511
-3,14,-29,32.341923
-8,31,7,32.771939
-16,29,-23,40.323690
-4,-5,-15,16.309506
6,-19,-13,23.790755
0,-31,-5,31.400637
5,-24,-13,27.748874
27,19,-20,38.600518
-25,-15,12,31.527766
-20,2,12,23.409400
-1,6,3,6.782330
-21,28,11,36.687873
8,-14,20,25.690465
-5,14,15,21.118712
12,-6,-8,15.620499
-10,-27,13,31.591138
24,26,18,39.698866
8,-2,-6,10.198039
-24,30,-2,38.470768
-9,19,-8,22.494444
1,-1,-16,16.062378
0,35,41,53.907328
-11,41,-16,45.365185
-2,-16,6,17.204651
17,-22,-23,36.083237
23,6,-13,27.092434
0,16,-28,32.249031
-15,15,-18,27.820855
-3,-11,28,30.232433
20,6,14,25.139610
-16,-17,-7,24.372115
15,20,13,28.178006
15,8,25,30.232433
-8,-24,-4,25.612497
-29,33,8,44.654227
-33,3,-8,34.088121
7,10,21,24.289916
23,-12,5,26.419690
24,-16,-12,31.240999
-15,-11,0,18.601075
2,1,1,2.449490
-20,2,-2,20.199010
33,11,0,34.785054
8,-11,-21,25.019992
13,17,-12,24.535688
19,-5,-28,34.205263
28,-3,-25,37.656341
5,9,-16,19.026298
-63,-9,14,65.161338
34,-15,-21,42.684892
-15,-2,-5,15.937377
17,25,10,31.843367
-12,23,-9,27.459060
2,13,-15,19.949937
19,10,23,31.464265
-8,-1,3,8.602325
-6,4,20,21.260292
18,13,7,23.280893
10,11,-11,18.493242
25,24,-11,36.359318
1,-17,-10,19.748418
-8,-17,-21,28.178006
-26,-11,21,35.185224
-18,-13,5,22.759613
10,11,-27,30.822070
29,-15,4,32.893768
-13,4,19,23.366643
-18,-1,-9,20.149442
20,8,-12,24.657656
-4,-6,34,34.756294
-18,11,37,42.591079
-57,-8,-7,57.982756
3,7,16,17.720045
10,22,-30,38.522721
13,-21,6,25.416530
36,7,-9,37.762415
15,3,-32,35.468296
-29,-8,3,30.232433
-12,11,-3,16.552945
8,24,-20,32.249031
11,5,14,18.493242
-6,6,-16,18.110770
-16,-22,14,30.594117
6,-7,9,12.884099
-5,-16,7,18.165902
7,3,28,29.017236
-6,-1,7,9.273618
-8,-8,26,28.354894
17,4,15,23.021729
-9,-8,27,29.563491
16,17,-17,28.879058
3,-5,16,17.029386
-25,-24,-29,45.188494
-26,-1,23,34.727511
-7,-4,-13,15.297059
34,-23,-17,44.429720
-12,7,13,19.026298
9,3,-2,9.695360
-10,0,12,15.620499
22,5,-35,41.641326
-22,-12,38,45.519227
7,4,-17,18.814888
-11,15,-6,19.544820
-11,-5,14,18.493242
-9,14,13,21.118712
-18,0,-14,22.803509
-2,14,-6,15.362291
5,-7,-36,37.013511
5,6,1,7.874008
7,-1,14,15.684387
33,-28,-11,44.654227
-12,-6,16,20.880613
-13,-32,1,34.554305
-11,2,19,22.045408
7,9,12,16.552945
32,-21,-3,38.392708
-13,-32,11,36.249138
17,13,-12,24.535688
22,8,-10,25.455844
1,-1,-20,20.049938
-1,-35,-6,35.524639
-5,38,9,39.370039
15,6,7,17.606817
8,33,-13,36.359318
-43,27,-44,67.186308
5,11,-16,20.049938
16,16,0,22.627417
27,5,-22,35.185224
-16,-20,4,25.922963
38,18,-12,43.726422
-16,12,-20,28.284271
5,-8,37,38.183766
2,-7,-9,11.575837
-1,19,10,21.494185
-4,3,17,17.720045
-11,4,29,31.272992
-2,-4,-22,22.449944
-9,4,11,14.764823
-28,-9,-1,29.427878
-18,-9,-11,22.934690
35,41,-4,54.055527
32,-18,-28,46.173586
-5,26,-7,27.386128
6,19,1,19.949937
3,-16,7,17.720045
19,27,24,40.816663
12,-18,-2,21.725561
5,20,11,23.366643
-13,-30,9,33.911650
-8,12,10,17.549929
-9,-11,12,18.601075
-16,-14,-36,41.809090
15,10,33,37.603191
-12,1,19,22.494444
15,-18,11,25.884358
28,12,14,33.526109
12,-7,-11,17.720045
-4,-1,39,39.217343
-8,-2,40,40.841156
-12,35,5,37.336309
29,-15,-14,35.524639
-2,19,-15,24.289916
-10,6,14,18.220867
-9,-2,23,24.779023
-12,10,-22,26.981475
-11,4,11,16.062378
3,-36,13,38.392708
57,5,6,57.532599
-5,-9,-12,15.811388
-20,-15,-5,25.495098
-7,13,-2,14.899664
24,27,27,45.099889
-7,-9,-8,13.928388
6,6,-16,18.110770
38,-14,32,51.613952
-34,-2,12,36.110940
-2,-4,-18,18.547237
-5,7,6,10.488088
-16,-18,28,36.932371
-33,0,13,35.468296
26,-14,16,33.585711
21,31,-22,43.428102
2,-7,11,13.190906
-4,6,14,15.748016
-29,-9,0,30.364453
3,32,1,32.155870
-26,-18,-26,40.938979
17,-15,16,27.748874
4,14,-12,18.867962
2,9,-19,21.118712
-17,-4,-23,28.879058
-26,18,14,34.583233
1,-22,-1,22.045408
23,3,26,34.842503
-7,-12,-7,15.556349
33,2,-11,34.842503
3,-2,-31,31.208973
23,23,12,34.669872
-1,36,-3,36.138622
31,-21,16,40.718546
16,13,-5,21.213203
-10,-13,-9,18.708287
-5,22,1,22.583180
-14,-17,-3,22.226111
0,12,-8,14.422205
-35,11,-12,38.600518
3,-3,-2,4.690416
-12,16,8,21.540659
32,-38,-12,51.107729
0,4,-8,8.944272
-8,-9,-15,19.235384
15,-34,5,37.496667
37,5,-6,37.815341
-5,-8,-1,9.486833
-16,-22,-32,42.000000
-26,11,7,29.086079
-22,2,-22,31.176915
4,-1,27,27.313001
10,39,-19,44.519659
-14,-8,-14,21.354157
21,14,15,29.359837
-1,6,-23,23.790755
-20,-2,12,23.409400
-18,-19,13,29.223278
-27,9,18,33.674916
-26,6,-14,30.133038
15,-4,15,21.587033
23,26,15,37.815341
4,18,-12,22.000000
-37,4,-11,38.807216
17,14,-13,25.573424
9,-29,12,32.649655
-8,2,-44,44.766059
15,16,-11,24.535688
-1,6,7,9.273618
-15,-1,-2,15.165751
-16,18,-10,26.076810
-2,18,-16,24.166092
-14,-14,-18,26.758176
-33,13,-6,35.972211
24,-7,-25,35.355339
-46,-12,-4,47.707442
20,-2,46,50.199602
-3,-4,5,7.071068
10,-23,11,27.386128
-27,12,-3,29.698485
4,14,-24,28.071338
-5,2,-7,8.831761
-13,9,-26,30.430248
16,16,26,34.467376
3,7,-22,23.280893
22,-13,9,27.092434
5,11,-24,26.870058
22,14,16,30.594117
2,-17,7,18.493242
6,2,-2,6.633250
-19,-1,26,32.218007
-1,18,5,18.708287
-3,-3,16,16.552945
-24,-15,9,29.698485
-5,23,20,30.886890
0,11,-17,20.248457
37,-19,-24,48.020829
18,42,4,45.869380
-19,12,11,25.019992
8,11,23,26.720778
-5,-5,10,12.247449
-23,15,-6,28.106939
-13,-7,-2,14.899664
-20,-7,-5,21.771541
4,-5,-25,25.806976
18,4,24,30.265492
23,-22,-21,38.131352
-8,-10,32,34.467376
19,-25,-18,36.193922
-6,6,-16,18.110770
33,7,12,35.805028
12,-4,-8,14.966630
6,28,-4,28.913665
5,-38,-15,41.158231
-38,10,14,41.713307
-34,3,-23,41.158231
17,-28,-21,38.910153
-14,-9,15,22.405357
-17,-10,-1,19.748418
-18,17,19,31.208973
-9,15,-16,23.706539
14,10,-2,17.320508
-9,-18,-3,20.346990
19,-14,-13,26.944387
-29,-8,-3,30.232433
4,-4,-12,13.266499
-1,-13,12,17.720045
-8,13,33,36.359318
-39,12,3,40.914545
-14,0,6,15.231546
-10,0,10,14.142136
39,34,13,53.347915
20,-8,16,26.832816
2,-8,-34,34.985711
16,9,11,21.400935
16,-1,-13,20.639767
-37,16,-9,41.303753
10,10,-8,16.248077
-21,0,-37,42.544095
-7,19,-10,22.583180
-13,-2,-23,26.495283
-9,-43,-22,49.132474
9,-3,-52,52.858301
-7,-36,-11,38.288379
37,15,-4,40.124805
42,-9,3,43.058100
-18,3,-1,18.275667
17,-20,39,47.010637
3,15,-6,16.431677
-15,-20,15,29.154759
-12,2,-16,20.099751
26,-7,-11,29.086079
-17,26,-9,32.341923
-12,-36,-24,44.899889
-7,32,-27,42.449971
-2,-1,-29,29.086079
-5,13,-16,21.213203
15,16,9,23.706539
-30,19,-17,39.370039
13,-12,19,25.961510
8,18,10,22.090722
-28,-29,1,40.323690
0,-17,9,19.235384
10,-17,5,20.346990
-10,-12,-20,25.377155
18,12,-6,22.449944
23,-9,28,37.336309
7,6,-13,15.937377
-26,-7,-7,27.820855
-22,32,-2,38.884444
13,1,8,15.297059
-21,-3,8,22.671568
10,7,-1,12.247449
-17,-15,-10,24.779023
7,-10,17,20.928450
1,-16,-7,17.492856
4,10,-18,20.976177
2,-12,26,28.705400
19,-14,-21,31.591138
-4,6,-8,10.770330
-19,-25,-12,33.615473
22,3,-3,22.405357
9,3,0,9.486833
20,7,1,21.213203
-3,27,0,27.166155
-39,-15,-10,42.965102
-33,16,3,36.796739
2,-7,23,24.124676
-21,-19,16,32.526912
3,6,-3,7.348469
18,15,1,23.452079
-13,5,38,40.472213
5,-20,19,28.035692
-18,-4,10,20.976177
-3,12,17,21.023796
4,-17,11,20.639767
-2,20,22,29.799329
-14,-16,30,36.769553
35,2,-23,41.928511
30,5,11,32.341923
-7,-18,-9,21.307276
-5,-49,18,52.440442
4,-28,0,28.284271
19,6,25,31.968735
15,-15,-16,26.570661
25,-2,1,25.099801
10,-5,17,20.346990
21,18,-19,33.555923
-27,-9,6,29.086079
-1,-9,8,12.083046
-16,-9,19,26.419690
4,-13,27,30.232433
8,-13,-7,16.792856
14,10,-4,17.663522
-5,22,-7,23.622024
-16,-19,-39,46.238512
-9,5,-8,13.038405
-3,-25,18,30.951575
-4,18,8,20.099751
12,10,-8,17.549929
-9,-2,-15,17.606817
15,6,-7,17.606817
-9,-15,-30,34.727511
-12,43,-29,53.235327
-2,-21,5,21.679483
-11,12,11,19.646883
-42,-22,-8,48.083261
-30,0,28,41.036569
-14,-27,-9,31.717503
-11,21,-4,24.041631
13,15,-24,31.144823
21,-3,-2,21.307276
2,-7,35,35.749126
-18,3,-3,18.493242
0,-2,4,4.472136
1,21,-12,24.207437
5,-21,10,23.790755
13,-13,18,25.729361
-19,24,-11,32.526912
29,-15,-14,35.524639
15,8,-5,17.720045
-20,-7,-11,23.874673
-20,-1,7,21.213203
5,-10,-7,13.190906
7,9,-4,12.083046
-31,14,17,38.026307
-9,-19,12,24.207437
-5,-19,14,24.124676
13,-7,0,14.764823
-51,20,9,55.515764
14,12,-10,20.976177
-6,14,24,28.425341
13,4,-11,17.492856
7,12,-17,21.954498
4,5,23,23.874673
-22,-24,-22,39.293765
15,24,5,28.740216
-26,16,6,31.112698
13,-11,4,17.492856
14,21,-9,26.795522
-5,25,2,25.573424
-31,6,15,34.957117
-3,-1,34,34.146742
12,8,16,21.540659
-7,5,10,13.190906
-2,8,-2,8.485281
-17,13,-18,27.964263
9,28,-3,29.563491
21,-13,-18,30.561414
18,2,24,30.066593
-11,11,-18,23.790755
0,12,-10,15.620499
8,-24,16,29.933259
-37,-1,22,43.058100
-7,-30,-7,31.591138
-15,-11,-24,30.364453
-18,-9,-5,20.736441
4,7,11,13.638182
-5,0,11,12.083046
6,-12,16,20.880613
-12,-4,-10,16.124515
-17,-12,-7,21.954498
14,-7,21,26.191602
0,8,10,12.806248
14,33,33,48.723711
-4,18,-22,28.705400
2,10,-4,10.954451
-5,-15,2,15.937377
-11,-16,-15,24.535688
-1,-1,38,38.026307
-39,-30,11,50.418251
22,-13,13,28.670542
-16,22,-48,55.172457
-12,8,-8,16.492423
24,30,-6,38.884444
2,38,-6,38.522721
17,-9,12,22.671568
-28,5,-25,37.868192
-10,-13,-27,31.591138
14,2,2,14.282857
-8,-9,21,24.207437
-13,20,-9,25.495098
11,-9,12,18.601075
-2,47,7,47.560488
25,10,-15,30.822070
47,-10,15,50.338852
-31,-46,11,56.550862
6,-2,-16,17.204651
29,-10,-9,31.968735
-8,12,-18,23.065125
10,7,35,37.067506
14,-13,13,23.108440
17,2,-29,33.674916
12,7,1,13.928388
0,27,33,42.638011
-10,9,-31,33.793490
21,10,-1,23.280893
13,18,-11,24.779023
8,3,-25,26.419690
-9,8,-9,15.033296
9,4,43,44.113490
-2,0,20,20.099751
47,-15,-6,49.699095
68,33,27,80.262071
16,19,11,27.166155
2,4,4,6.000000
-6,6,-12,14.696938
-14,-18,60,64.187226
-11,-17,0,20.248457
6,-2,10,11.832160
-3,-1,-12,12.409674
-25,-1,22,33.316662
-30,2,6,30.659419
-33,7,20,39.217343
36,14,4,38.832976
21,9,32,39.319207
41,14,-25,50.019996
12,-12,16,23.323808
2,-28,4,28.354894
-11,9,-28,31.400637
11,28,-27,40.422766
13,-8,15,21.400935
-13,-3,-10,16.673332
0,5,23,23.537205
11,5,40,41.785165
6,-12,-2,13.564660
-10,-13,9,18.708287
-8,-7,21,23.537205
8,-4,6,10.770330
-15,3,-16,22.135944
-4,-14,32,35.156792
18,-1,-1,18.055470
-22,-5,15,27.092434
4,3,21,21.587033
12,16,14,24.413111
-4,42,16,45.122057
1,15,-20,25.019992
-30,7,-3,30.951575
-2,-30,12,32.372828
-34,-18,-14,40.938979
-9,-8,25,27.748874
-9,17,-10,21.679483
5,4,39,39.522146
4,-10,-42,43.358967
-2,-24,8,25.377155
-19,-10,13,25.099801
-11,19,-24,32.526912
1,-7,-2,7.348469
-11,-9,0,14.212670
4,-9,-13,16.309506
-3,7,14,15.937377
5,4,-3,7.071068
-18,-17,-31,39.673669
-16,-42,16,47.707442
18,3,-1,18.275667
13,-15,6,20.736441
18,-31,21,41.545156
-12,7,7,15.556349
9,3,18,20.346990
-5,-22,-49,53.944416
4,-17,-19,25.806976
-29,-3,4,29.427878
6,4,40,40.644803
-27,3,-6,27.820855
-19,-14,3,23.790755
-2,-16,-14,21.354157
-12,-20,-34,41.231056
4,10,-12,16.124515
-39,-10,7,40.865633
1,-34,-39,51.749396
-6,-12,-18,22.449944
-20,27,17,37.656341
16,21,-13,29.427878
-1,1,4,4.242641
19,-14,-25,34.380227
-9,-11,16,21.400935
29,37,16,49.658836
20,-45,15,51.478151
14,24,2,27.856777
6,23,-39,45.672749
17,5,0,17.720045
17,10,-17,26.038433
2,-2,-12,12.328828
-30,2,-34,45.387223
-14,-17,-23,31.843367
9,2,-11,14.352700
20,34,-8,40.249224
-7,-6,1,9.273618
-15,10,-25,30.822070
-26,20,8,33.763886
18,1,-7,19.339080
43,-9,-6,44.339599
-2,3,13,13.490738
-8,42,6,43.174066
10,5,-27,29.223278
-17,9,-8,20.832667
-7,-26,17,31.843367
75,7,24,79.056942
-1,-7,30,30.822070
28,13,9,32.155870
2,-1,3,3.741657
-20,5,11,23.366643
9,12,3,15.297059
-14,0,2,14.142136
7,6,3,9.695360
-6,10,22,24.899799
-7,-5,24,25.495098
-25,-8,11,28.460499
1,3,20,20.248457
20,14,-4,24.738634
-29,-6,-5,30.033315
-8,-12,22,26.305893
-19,-2,-1,19.131126
11,-24,33,42.261093
22,11,27,36.523965
-15,18,25,34.263683
28,-13,-3,31.016125
-8,8,-34,35.832946
-4,12,22,25.377155
2,-28,-6,28.705400
17,18,25,35.185224
8,0,8,11.313708
18,22,-12,30.854497
28,-11,-17,34.554305
-29,13,-16,35.580894
1,-18,19,26.191602
7,0,3,7.615773
-3,-2,13,13.490738
-2,3,25,25.258662
-24,-16,-14,32.062439
9,-22,21,31.717503
-6,-12,38,40.298883
17,-4,-1,17.492856
-23,26,-11,36.414283
5,-8,1,9.486833
-14,-13,-19,26.944387
41,-13,-2,43.058100
1,-29,-4,29.291637
-11,-30,-23,39.370039
-11,-4,15,19.026298
20,-16,4,25.922963
-1,-3,-2,3.741657
33,-43,16,56.515485
8,2,-18,19.798990
8,-32,6,33.526109
18,-29,11,35.860842
24,16,-14,32.062439
34,6,-2,34.583233
-51,-13,-18,55.623736
-21,19,28,39.824616
-19,-13,-18,29.223278
-32,-18,30,47.413078
3,-4,-1,5.099020
-4,1,-1,4.242641
-9,-3,10,13.784049
-8,25,-3,26.419690
-9,0,-33,34.205263
-37,5,-26,45.497253
-11,-16,23,30.099834
-19,3,44,48.020829
12,-26,-2,28.705400
-14,-11,11,20.928450
-23,-34,-7,41.641326
-26,-18,8,32.619013
-7,-9,10,15.165751
-20,-15,-5,25.495098
-11,-22,1,24.617067
-39,-25,32,56.302753
6,-15,3,16.431677
2,-6,2,6.633250
-13,-3,6,14.628739
-4,-7,-11,13.638182
-12,-2,30,32.372828
20,-9,-5,22.494444
11,-10,-15,21.118712
-1,4,-11,11.747340
17,3,-20,26.419690
1,-32,-5,32.403703
6,-1,7,9.273618
14,-19,-43,49.050994
-22,2,4,22.449944
-19,0,-23,29.832868
-9,0,9,12.727922
1,-11,-10,14.899664
23,-9,-20,31.780497
14,-6,-12,19.390719
-35,-38,-15,53.795911
17,7,4,18.814888
-11,-16,23,30.099834
18,-8,24,31.048349
-11,-15,-2,18.708287
24,-3,13,27.459060
-11,-30,9,33.196385
23,-22,11,33.674916
-8,11,15,20.248457
-8,-1,-17,18.814888
-4,16,-24,29.120440
-4,8,-2,9.165151
5,-4,-9,11.045361
17,26,-3,31.208973
1,-24,17,29.427878
36,-15,9,40.024992
-20,29,-23,42.071368
36,0,2,36.055513
6,17,-15,23.452079
-22,-12,-24,34.698703
-2,34,-8,34.985711
-13,5,-14,19.748418
14,-4,24,28.071338
-13,-15,12,23.194827
-4,-4,10,11.489125
-1,28,-17,32.771939
-7,9,6,12.884099
11,-20,-21,31.016125
14,8,-2,16.248077
-33,-20,-13,40.718546
6,-4,-16,17.549929
-16,21,-5,26.870058
-3,5,32,32.526912
-11,-10,19,24.124676
-7,16,27,32.155870
21,-6,27,34.727511
-33,23,-14,42.591079
-19,21,18,33.555923
-41,-4,-7,41.785165
-12,0,16,20.000000
26,9,7,28.390139
-27,14,15,33.911650
-15,-3,-22,26.795522
-14,-21,-23,34.146742
-2,-8,26,27.276363
21,41,-52,69.469418
-42,19,7,46.626173
3,4,-7,8.602325
-33,9,18,38.652296
-2,-9,7,11.575837
15,12,21,28.460499
-14,-8,18,24.166092
-15,2,31,34.496377
-5,1,0,5.099020
10,6,-24,26.683328
-1,-5,12,13.038405
4,6,-8,10.770330
-17,29,16,37.229021
-14,11,13,22.045408
-1,-6,-29,29.631065
22,-14,2,26.153394
-32,-12,14,36.932371
-38,-12,-10,41.085277
-7,-18,-5,19.949937
-15,-20,35,43.011626
-3,-7,-4,8.602325
5,-24,-15,28.740216
-16,-9,31,36.027767
23,2,-5,23.622024
35,12,-7,37.656341
-15,-18,-19,30.166206
22,27,-17,38.755645
-10,21,27,35.637059
12,2,4,12.806248
8,20,8,22.978251
-23,-3,38,44.519659
26,24,22,41.665333
-4,-41,7,41.785165
-27,-10,3,28.948230
25,-4,-3,25.495098
-4,17,7,18.814888
-8,4,-14,16.613248
-27,-16,-27,41.400483
26,-9,-7,28.390139
-12,-4,-34,36.276714
9,-14,21,26.795522
5,-12,-1,13.038405
1,2,13,13.190906
-1,44,-11,45.365185
-1,23,2,23.108440
24,-1,-5,24.535688
-4,31,39,49.979996
1,-34,-7,34.727511
-33,-5,-8,34.322005
11,31,-22,39.572718
17,-38,5,41.928511
-3,-21,8,22.671568
-14,-8,16,22.715633
2,3,-11,11.575837
5,-14,25,29.086079
16,5,41,44.294469
20,7,19,28.460499
-23,43,-26,55.263008
4,15,-9,17.944358
-18,6,4,19.390719
6,-27,-21,34.727511
37,-16,-21,45.453273
-6,-34,-16,38.052595
22,-15,-15,30.561414
21,-16,7,27.313001
-40,21,29,53.684262
-5,16,3,17.029386
-8,-6,0,10.000000
17,-32,11,37.868192
26,19,9,33.436507
31,14,-9,35.185224
10,4,-8,13.416408
-1,6,1,6.164414
-8,-19,9,22.494444
9,24,1,25.651511
-3,20,-7,21.400935
8,-9,23,25.961510
-32,-1,-5,32.403703
-2,13,-5,14.071247
-19,-7,-14,24.617067
-29,8,11,32.031235
-6,-4,2,7.483315
-11,37,10,39.874804
2,3,-41,41.158231
-22,12,12,27.784888
6,-24,-6,25.455844
-29,-9,4,30.626786
3,17,-20,26.419690
-17,3,-10,19.949937
7,-9,34,35.860842
19,-14,19,30.298515
21,-13,0,24.698178
-2,2,4,4.898979
10,-1,-5,11.224972
8,-39,-19,44.113490
6,-18,0,18.973666
0,2,30,30.066593
-9,30,1,31.336879
21,25,44,54.790510
35,7,20,40.914545
-4,3,27,27.459060
4,2,-10,10.954451
18,-42,28,53.591044
-8,-28,-6,29.732137
-18,-16,2,24.166092
7,2,-17,18.493242
8,42,-4,42.941821
20,15,-11,27.313001
28,-18,-8,34.234486
-15,29,-8,33.615473
1,-17,-2,17.146428
-17,-27,0,31.906112
-29,0,-25,38.288379
-10,14,22,27.928480
9,22,-13,27.092434
-2,-4,0,4.472136
6,-39,9,40.472213
-15,38,-11,42.308392
-37,-18,-11,42.591079
20,8,10,23.748684
-5,25,-16,30.099834
4,14,16,21.633308
5,-9,-8,13.038405
-8,-4,-16,18.330303
-4,23,-5,23.874673
1,19,36,40.718546
-35,-2,-5,35.411862
6,0,-28,28.635642
16,-13,15,25.495098
7,-7,24,25.961510
20,-10,20,30.000000
-12,-8,-16,21.540659
38,-10,-2,39.344631
15,29,-28,43.011626
-17,-10,27,33.436507
-12,-9,-31,34.438351
-9,27,0,28.460499
2,-12,2,12.328828
0,-24,18,30.000000
-2,-16,-16,22.715633
31,6,-15,34.957117
-43,-17,12,47.770284
-18,-3,-31,35.972211
25,24,11,36.359318
35,-34,-3,48.887626
10,6,-8,14.142136
-42,3,11,43.520110
0,-23,13,26.419690
-15,9,-10,20.149442
16,23,-19,33.852622
-5,10,27,29.223278
-14,16,6,22.090722
-25,-1,-26,36.083237
-40,7,-5,40.914545
11,-41,-18,46.108568
-11,5,10,15.684387
28,-6,30,41.472883
-20,8,-10,23.748684
13,2,31,33.674916
-2,-14,34,36.823905
11,25,-16,31.654384
31,3,18,35.972211
-19,8,21,29.427878
-3,43,0,43.104524
0,3,-1,3.162278
-13,7,14,20.346990
10,-3,5,11.575837
2,-11,15,18.708287
-1,0,-5,5.099020
-4,43,7,43.749286
-12,-10,-32,35.608988
0,-8,18,19.697716
21,13,6,25.416530
10,24,-22,34.058773
21,-19,-6,28.948230
-6,-12,8,15.620499
-26,-4,44,51.264022
4,-16,-8,18.330303
-38,-4,32,49.839743
-14,50,4,52.076866
1,4,7,8.124038
5,-12,-9,15.811388
-8,9,15,19.235384
-10,-3,19,21.679483
0,17,-27,31.906112
-11,17,-8,21.771541
-30,4,-4,30.528675
-7,-47,-30,56.196085
10,6,2,11.832160
-12,-3,-15,19.442222
-15,14,-9,22.405357
22,-11,9,26.191602
-8,6,10,14.142136
-4,-13,-11,17.492856
-28,-9,5,29.832868
-2,-8,-10,12.961481
0,28,-8,29.120440
1,16,21,26.419690
-1,-31,-10,32.588341
12,-9,3,15.297059
-6,27,-21,34.727511
15,-3,-24,28.460499
-26,-3,7,27.092434
19,6,-1,19.949937
-2,3,-3,4.690416
12,24,-2,26.907248
-13,-5,-18,22.759613
38,-11,-15,42.308392
-2,20,12,23.409400
2,26,-24,35.440090
-24,-6,-16,29.461840
-5,2,19,19.748418
-31,-29,0,42.449971
8,25,13,29.291637
18,8,8,21.260292
10,-24,-12,28.635642
-3,-7,42,42.684892
-1,18,11,21.118712
12,-17,5,21.400935
15,6,-21,26.495283
15,-5,2,15.937377
12,22,-2,25.139610
6,11,-11,16.673332
0,-33,-19,38.078866
45,-17,14,50.099900
-7,-2,19,20.346990
1,1,-4,4.242641
-11,15,14,23.280893
-8,28,-22,36.496575
-23,-2,-11,25.573424
41,-16,-19,47.937459
1,49,12,50.457903
-3,-23,46,51.516987
-19,-20,-13,30.495901
-15,-11,8,20.248457
-24,5,9,26.115130
-15,7,-22,27.531800
16,-19,7,25.806976
-12,43,17,47.770284
2,38,-12,39.899875
18,8,22,29.529646
9,32,-7,33.970576
-4,12,22,25.377155
18,11,-9,22.934690
-48,-9,3,48.928519
-3,-5,-4,7.071068
-22,2,-4,22.449944
19,-44,-19,51.555795
12,-10,-22,26.981475
8,-20,0,21.540659
2,-7,-5,8.831761
19,-16,23,33.852622
-1,21,-10,23.280893
-10,-23,13,28.248894
7,-43,-8,44.294469
32,8,-22,39.648455
13,13,0,18.384776
22,20,-2,29.799329
4,-27,-3,27.459060
0,47,3,47.095647
-6,49,13,51.048996
-9,-10,5,14.352700
-36,-14,-6,39.089641
3,21,-6,22.045408
-7,-18,-13,23.280893
-8,-4,-28,29.393877
5,-8,-5,10.677078
1,-4,-13,13.638182
-17,-7,14,23.108440
-3,-6,-25,25.884358
-16,5,-37,40.620192
13,-4,53,54.717456
18,5,-9,20.736441
-12,-1,13,17.720045
-16,-20,-8,26.832816
-7,6,21,22.934690
-10,-6,-30,32.186954
-6,-1,35,35.524639
7,-16,1,17.492856
-1,35,18,39.370039
25,-23,-2,34.029399
-9,-24,5,26.115130
-18,11,15,25.884358
4,18,-24,30.265492
-18,-6,6,19.899749
35,11,24,43.840620
-31,3,0,31.144823
19,16,9,26.419690
-1,7,-8,10.677078
29,-3,6,29.765752
-13,6,-23,27.092434
-7,-24,25,35.355339
-12,1,-9,15.033296
29,-34,7,45.232732
12,-15,-13,23.194827
-35,4,21,41.012193
-21,51,6,55.479726
1,13,2,13.190906
-3,31,-10,32.710854
-11,-27,0,29.154759
18,-37,-1,41.158231
23,-12,-51,57.218878
-7,0,11,13.038405
13,-2,21,24.779023
-34,6,-8,35.440090
-4,20,-6,21.260292
-17,-15,6,23.452079
33,-36,-11,50.059964
11,11,16,22.315914
20,3,9,22.135944
-11,-9,4,14.764823
-20,-7,33,39.217343
0,-3,-15,15.297059
2,34,20,39.496835
-9,21,6,23.622024
22,4,10,24.494897
4,4,2,6.000000
-22,-6,-26,34.583233
16,-19,5,25.337719
-4,-21,-3,21.587033
19,13,0,23.021729
9,-15,14,22.405357
12,-25,9,29.154759
-22,-2,-26,34.117444
-8,6,24,26.000000
32,-21,-9,39.319207
-5,-13,20,24.372115
9,15,-12,21.213203
-24,-24,30,45.299007
24,8,4,25.612497
11,-2,9,14.352700
-18,8,-10,22.090722
-37,11,-6,39.064050
32,14,14,37.629775
13,11,14,22.045408
-5,32,25,40.914545
3,-15,-24,28.460499
-30,-6,-30,42.848571
-1,3,-4,5.099020
3,-2,-31,31.208973
26,4,2,26.381812
-21,30,-35,50.655701
22,-9,-11,26.191602
0,7,-9,11.401754
26,6,-14,30.133038
-14,-10,-16,23.494680
-9,6,-21,23.622024
18,-22,4,28.705400
6,-19,-13,23.790755
-11,12,-13,20.832667
-22,-17,13,30.692019
-32,-3,-25,40.718546
8,23,9,25.961510
9,-25,14,30.033315
-55,1,-2,55.045436
2,-19,-11,22.045408
0,7,19,20.248457
-9,-15,18,25.099801
1,14,21,25.258662
-16,21,11,28.600699
10,63,25,68.512773
6,-19,11,22.759613
-16,10,34,38.884444
-14,7,-19,24.617067
-18,24,12,32.310989
-12,-14,-20,27.202941
0,-18,-4,18.439089
-38,24,10,46.043458
23,3,24,33.376639
27,20,-13,36.027767
-14,24,-28,39.446166
-42,8,6,43.174066
-40,-13,7,42.638011
-14,-32,4,35.156792
-23,6,-1,23.790755
19,6,37,42.023803
4,-1,-11,11.747340
7,-9,12,16.552945
-16,-9,7,19.646883
0,0,6,6.000000
-10,4,12,16.124515
-25,42,11,50.099900
-29,10,-13,33.316662
20,-27,-21,39.623226
-38,13,-29,49.537864
29,-8,-19,35.580894
6,-12,-2,13.564660
-1,-1,8,8.124038
-24,2,6,24.819347
48,23,31,61.595454
-7,18,-3,19.544820
5,-11,-14,18.493242
21,-13,-10,26.645825
5,-28,-13,31.272992
-11,-25,0,27.313001
12,-13,-3,17.944358
-22,-23,-35,47.307505
27,-2,-51,57.740800
5,-12,-3,13.341664
2,-1,1,2.449490
10,-39,23,46.368092
-12,-27,21,36.249138
-7,29,18,34.842503
-1,24,1,24.041631
10,-21,23,32.710854
-4,0,-24,24.331050
6,0,0,6.000000
5,-11,14,18.493242
-1,-18,7,19.339080
16,-16,16,27.712813
28,-7,21,35.693137
-22,7,-37,43.611925
0,-27,39,47.434165
-3,-5,24,24.698178
3,-16,9,18.601075
10,35,9,37.496667
-11,-2,25,27.386128
-1,-3,-12,12.409674
10,8,28,30.789609
-5,7,-24,25.495098
6,23,-5,24.289916
-18,-7,-35,39.974992
14,-15,7,21.679483
-16,-9,9,20.445048
-4,17,-5,18.165902
-7,17,4,18.814888
11,12,19,25.019992
-20,4,16,25.922963
12,-6,24,27.495454
15,7,28,32.526912
-11,19,-30,37.175261
-28,11,-9,31.400637
-14,2,4,14.696938
8,6,-10,14.142136
-8,7,15,18.384776
7,-18,-1,19.339080
-18,-16,-4,24.413111
8,19,-11,23.366643
-31,-12,25,41.593269
-1,17,-10,19.748418
28,9,27,39.924930
14,10,-12,20.976177
-6,3,5,8.366600
17,-16,3,23.537205
-25,10,-13,29.899833
5,11,-38,39.874804
3,-17,18,24.939928
-33,-7,10,35.185224
7,10,1,12.247449
-7,8,9,13.928388
-13,-27,-2,30.033315
13,-16,29,35.580894
2,-17,9,19.339080
1,5,-34,34.380227
14,37,17,43.058100
-29,2,-15,32.710854
10,-18,6,21.447611
6,32,46,56.356011
9,5,-14,17.378147
11,-7,-4,13.638182
0,-26,10,27.856777
59,-27,-4,65.007692
-3,-23,16,28.178006
0,-23,-9,24.698178
22,-9,-23,33.075671
2,-4,14,14.696938
9,0,-21,22.847319
-2,9,-3,9.695360
-15,18,-21,31.464265
19,-36,-1,40.718546
-5,-22,15,27.092434
-32,10,0,33.526109
9,-8,-3,12.409674
27,-6,-19,33.555923
4,2,4,6.000000
-14,6,-42,44.676616
-10,-14,40,43.543082
5,39,-36,53.310412
8,-21,-21,30.757113
-12,9,1,15.033296
43,-6,-1,43.428102
-12,9,43,45.541190
-27,0,43,50.774009
-20,1,-5,20.639767
3,14,-3,14.628739
31,13,12,35.693137
15,14,3,20.736441
2,-7,9,11.575837
-12,14,4,18.867962
-23,8,21,32.155870
3,11,-26,28.390139
5,12,9,15.811388
-13,-1,-22,25.573424
11,-25,-4,27.604347
0,-23,1,23.021729
-10,-29,3,30.822070
-33,11,2,34.842503
-18,22,-36,45.869380
8,-6,-20,22.360680
-16,-3,29,33.256578
-26,31,17,43.886217
-8,-10,-6,14.142136
31,2,17,35.411862
-6,-9,3,11.224972
-24,22,-8,33.526109
-12,-4,18,22.000000
-3,-23,-38,44.519659
-3,23,22,31.968735
-23,10,-1,25.099801
40,-14,-14,44.631827
-20,12,12,26.229754
-3,22,-53,57.463032
-2,-5,-1,5.477226
31,-8,9,33.256578
6,3,9,11.224972
-18,14,0,22.803509
15,31,-40,52.782573
12,25,11,29.832868
-12,10,-6,16.733201
-9,-10,7,15.165751
29,-11,20,36.905284
-15,-23,-24,36.469165
12,-17,11,23.537205
-16,-11,-27,33.256578
-23,10,-9,26.645825
-44,-9,17,48.020829
19,-12,5,23.021729
20,30,4,36.276714
-30,-13,-43,54.018515
-12,39,-7,41.400483
4,3,-3,5.830952
5,5,28,28.879058
-13,13,10,20.928450
-3,33,12,35.242020
-3,-7,22,23.280893
21,12,5,24.698178
-16,-11,-19,27.166155
-8,-31,-7,32.771939
3,23,-6,23.958297
5,23,16,28.460499
2,4,10,10.954451
-17,16,7,24.372115
28,-23,-41,54.717456
7,24,-11,27.313001
-14,14,-4,20.199010
33,3,-22,39.774364
-28,-8,-8,30.199338
1,13,12,17.720045
-16,9,25,31.016125
2,7,13,14.899664
15,6,-17,23.452079
-9,24,3,25.806976
9,16,9,20.445048
1,-20,17,26.267851
8,-14,-4,16.613248
-23,1,-10,25.099801
-17,14,-11,24.617067
-11,-6,-11,16.673332
20,10,34,40.693980
-9,-13,26,30.430248
8,-20,-4,21.908902
14,-21,11,27.531800
7,-19,10,22.583180
3,-11,10,15.165751
-30,17,-33,47.728398
-7,15,-6,17.606817
15,2,-25,29.223278
-3,11,-6,12.884099
7,-4,-5,9.486833
9,-6,9,14.071247
-22,0,-14,26.076810
16,-21,23,35.014283
-1,21,-2,21.118712
-17,23,26,38.652296
-8,-18,-4,20.099751
54,4,6,54.479354
18,13,-23,31.968735
7,26,-7,27.820855
-16,-15,-3,22.135944
33,5,10,34.842503
-65,-10,9,66.377707
0,-25,-29,38.288379
5,19,-12,23.021729
-25,-7,26,36.742346
-2,-33,13,35.524639
-11,-17,-12,23.537205
3,-25,26,36.193922
-31,-34,3,46.108568
27,-25,-2,36.851052
-1,-11,-6,12.569805
25,-5,-8,26.720778
-19,-8,21,29.427878
15,12,19,27.018512
24,20,2,31.304952
-2,-10,-16,18.973666
2,35,-3,35.185224
-6,-38,4,38.678159
17,-18,-9,26.343880
-21,-16,-19,32.526912
30,-7,-9,32.093613
8,-26,32,42.000000
16,12,16,25.612497
-23,20,-15,33.970576
10,22,-24,34.058773
17,-1,-2,17.146428
-1,33,46,56.621551
19,-8,-19,28.035692
-3,6,-7,9.695360
-21,-22,17,34.842503
19,-3,14,23.790755
8,-22,4,23.748684
1,12,3,12.409674
-5,-31,-4,31.654384
-2,31,-15,34.496377
0,-16,-24,28.844410
-12,1,-3,12.409674
-22,-18,8,29.529646
-61,-7,0,61.400326
32,18,-6,37.202150
-2,-25,-37,44.698993
-9,-13,6,16.911535
-16,21,25,36.359318
-4,-4,10,11.489125
9,12,3,15.297059
-1,4,-19,19.442222
10,6,-16,19.798990
-45,-22,-7,50.576674
-8,5,-37,38.183766
-53,-9,30,61.562976
0,11,-13,17.029386
21,34,17,43.428102
-32,15,21,41.109610
-1,-31,4,31.272992
-31,-1,38,49.050994
-24,-1,5,24.535688
-8,6,-8,12.806248
18,9,7,21.307276
-6,-13,-15,20.736441
37,-15,4,40.124805
-17,18,19,31.208973
27,9,-2,28.530685
-4,-19,9,21.400935
22,-24,2,32.619013
-2,-1,-7,7.348469
14,4,-22,26.381812
9,11,-18,22.934690
-4,-16,14,21.633308
26,3,-19,32.341923
38,1,-25,45.497253
28,16,0,32.249031
-26,-26,2,36.823905
1,-3,8,8.602325
8,-4,26,27.495454
-31,0,-3,31.144823
11,-11,14,20.928450
-22,-16,8,28.354894
-1,44,13,45.891176
27,-3,-22,34.957117
0,-7,-3,7.615773
-6,-16,-2,17.204651
-34,-12,-10,37.416574
-6,3,3,7.348469
7,-8,5,11.747340
-4,3,-29,29.427878
21,-19,22,35.860842
6,-38,-2,38.522721
-17,28,-7,33.496268
-2,3,-17,17.378147
4,-24,0,24.331050
18,18,22,33.645208
-1,3,-8,8.602325
6,-18,2,19.078784
-2,15,-39,41.833001
9,-6,-15,18.493242
7,26,13,29.899833
-47,17,-26,56.338264
-10,17,55,58.429445
-18,43,-9,47.476310
-32,4,8,33.226495
7,9,-8,13.928388
18,-45,-5,48.723711
-38,-24,-6,45.343136
-36,5,15,39.319207
19,-1,-10,21.494185
10,-15,-3,18.275667
20,-16,2,25.690465
-19,-9,16,26.419690
27,27,-8,39.012818
5,-27,-6,28.106939
-21,-40,23,50.695167
-2,-19,-21,28.390139
0,15,13,19.849433
13,-3,-18,22.405357
8,-3,-21,22.671568
20,16,-10,27.495454
2,2,20,20.199010
-22,-8,0,23.409400
-14,-10,-10,19.899749
-13,12,-13,21.954498
16,5,31,35.242020
-43,6,-13,45.321077
29,3,-40,49.497475
22,6,16,27.856777
1,2,15,15.165751
-25,-14,31,42.213742
8,-2,-4,9.165151
9,17,-2,19.339080
6,0,10,11.661904
22,-12,-20,32.062439
-9,-31,8,33.256578
26,7,5,27.386128
-2,-16,18,24.166092
16,26,-20,36.496575
-3,-2,19,19.339080
-12,-34,10,37.416574
-8,0,-12,14.422205
-4,19,-5,20.049938
1,39,4,39.217343
18,7,3,19.544820
-21,-14,19,31.591138
23,8,-3,24.535688
3,-21,-16,26.570661
2,-29,-47,55.263008
38,-4,-16,41.424630
-11,-34,-9,36.851052
4,17,-3,17.720045
-8,8,0,11.313708
34,3,1,34.146742
-7,-24,9,26.570661
-2,10,24,26.076810
3,12,-5,13.341664
11,-1,20,22.847319
-23,-27,-20,40.718546
1,19,0,19.026298
13,42,-55,70.413067
-5,7,-14,16.431677
18,-18,18,31.176915
-10,10,-32,34.985711
4,-19,-17,25.806976
-10,10,-22,26.153394
-9,-11,38,40.570926
-5,14,-5,15.684387
-5,-19,14,24.124676
-9,3,14,16.911535
-15,-3,-14,20.736441
9,-11,12,18.601075
-7,17,12,21.954498
-4,21,-43,48.020829
-9,-12,23,27.459060
-9,36,-9,38.183766
-28,-1,-5,28.460499
21,-18,-11,29.765752
-22,17,-57,63.419240
10,27,-19,34.496377
-26,21,-17,37.496667
-31,-3,-16,35.014283
3,-11,-8,13.928388
-18,-2,10,20.688161
-36,0,-4,36.221541
-26,2,-18,31.685959
-13,-15,32,37.656341
-19,25,16,35.242020
11,-10,1,14.899664
-18,3,9,20.346990
6,-18,-12,22.449944
-41,-40,7,57.706152
-6,4,-10,12.328828
-18,3,-5,18.920888
34,3,1,34.146742
11,10,7,16.431677
-21,-31,-20,42.449971
-4,1,-3,5.099020
-10,-2,18,20.688161
-7,-10,-1,12.247449
-35,-26,25,50.259327
12,32,12,36.221541
-18,-34,-2,38.522721
34,-12,0,36.055513
-12,0,-20,23.323808
-15,-12,13,23.194827
-10,4,0,10.770330
-37,-11,-28,47.686476
14,32,-2,34.985711
-23,-9,12,27.459060
5,-14,-21,25.729361
-22,-6,24,33.105891
-18,-40,4,44.045431
15,12,-3,19.442222
1,12,-11,16.309506
-13,-5,-36,38.600518
-3,-24,-21,32.031235
5,25,10,27.386128
-18,29,29,44.788391
-3,-8,-5,9.899495
14,17,-15,26.645825
0,17,-19,25.495098
1,23,-22,31.843367
-15,-27,26,40.373258
39,23,6,45.672749
14,-27,-23,38.131352
-23,22,1,31.843367
15,-14,-7,21.679483
0,-2,16,16.124515
0,-1,15,15.033296
-2,0,-2,2.828427
20,29,1,35.242020
-8,-13,33,36.359318
19,15,16,29.017236
-2,11,-9,14.352700
-13,-6,-17,22.226111
-2,17,19,25.573424
8,16,8,19.595918
-30,-18,26,43.588989
-49,-6,-13,51.048996
9,-21,8,24.207437
-44,29,21,56.727418
32,8,-10,34.467376
18,8,16,25.377155
-4,11,-7,13.638182
-4,22,8,23.748684
-15,1,16,21.954498
15,5,8,17.720045
16,16,-28,36.000000
9,-8,11,16.309506
15,-20,9,26.570661
11,12,13,20.832667
2,24,12,26.907248
1,-18,1,18.055470
2,5,-13,14.071247
-11,-3,-2,11.575837
-17,-1,4,17.492856
9,-46,-21,51.361464
41,23,-12,48.518038
-3,-2,-11,11.575837
10,18,-8,22.090722
5,5,-4,8.124038
29,47,14,56.973678
-4,-19,3,19.646883
16,16,4,22.978251
27,22,-7,35.524639
0,-47,7,47.518417
-17,-1,26,31.080541
2,20,6,20.976177
-6,26,4,26.981475
-17,-9,-26,32.341923
0,-18,42,45.694639
-14,43,21,49.859803
35,-27,-14,46.368092
-23,-30,5,38.131352
5,5,-16,17.492856
19,-17,-26,36.414283
-9,-25,8,27.748874
6,-15,9,18.493242
-1,22,9,23.790755
-12,10,22,26.981475
-3,19,-14,23.790755
24,-14,-2,27.856777
-46,16,-14,50.675438
11,30,-7,32.710854
-19,34,-35,52.364110
1,-34,-9,35.185224
-21,19,-24,37.121422
0,2,-10,10.198039
4,-15,-35,38.288379
-9,-4,1,9.899495
-7,-44,25,51.088159
5,19,-36,41.012193
-11,-47,24,53.907328
-5,13,-20,24.372115
9,2,37,38.131352
8,-7,-5,11.747340
-12,9,29,32.649655
-9,40,19,45.188494
-22,31,33,50.338852
8,-6,52,52.952809
-18,14,8,24.166092
12,-32,-36,49.638695
14,30,22,39.749214
6,-4,-8,10.770330
9,10,11,17.378147
8,9,23,25.961510
15,-33,-8,37.121422
-20,2,16,25.690465
-9,0,13,15.811388
14,14,4,20.199010
-27,-11,0,29.154759
25,32,-17,44.022721
-38,0,-20,42.941821
4,-3,5,7.071068
8,-35,-17,39.724048
-22,19,23,37.067506
19,-18,25,36.193922
22,-5,-9,24.289916
-22,-54,-2,58.343809
23,-10,7,26.038433
-4,-19,-23,30.099834
-32,10,-12,35.608988
21,6,-25,33.196385
6,11,-5,13.490738
15,5,-8,17.720045
14,-8,16,22.715633
12,-2,14,18.547237
5,11,-10,15.684387
-21,21,-14,32.832910
-14,20,4,24.738634
28,-13,-3,31.016125
4,3,-15,15.811388
4,-29,-9,30.626786
10,29,21,37.175261
21,-16,27,37.762415
-22,-9,13,27.092434
-12,6,-34,36.551334
14,-4,-20,24.738634
6,-1,27,27.676705
-9,-26,35,44.519659
-13,-15,8,21.400935
0,-17,-17,24.041631
1,16,15,21.954498
-4,27,7,28.178006
-14,0,8,16.124515
9,6,3,11.224972
-11,-23,-8,26.720778
-7,-15,18,24.454039
12,6,18,22.449944
0,-7,-11,13.038405
-1,9,8,12.083046
-22,16,-2,27.276363
13,14,-11,22.045408
-14,24,16,32.062439
-15,17,10,24.779023
15,-10,-3,18.275667
-9,-27,-26,38.548671
23,-2,1,23.108440
-1,0,17,17.029386
-9,-8,-7,13.928388
14,22,14,29.597297
7,14,9,18.055470
23,36,25,49.497475
34,13,-17,40.174619
-10,-4,-6,12.328828
-20,9,-11,24.535688
35,-1,-8,35.916570
-2,-31,-19,36.414283
19,3,26,32.341923
10,0,-2,10.198039
-16,0,4,16.492423
-33,8,11,35.693137
-17,17,-18,30.033315
-14,-15,35,40.570926
12,10,-8,17.549929
-3,-1,46,46.108568
8,21,-11,25.019992
1,43,-8,43.749286
-33,-24,19,45.011110
-10,2,4,10.954451
15,-14,-1,20.542639
18,31,21,41.545156
-3,6,-33,33.674916
16,-11,-21,28.600699
8,-1,-23,24.372115
13,-7,4,15.297059
8,-25,19,32.403703
21,-15,30,39.572718
-14,10,0,17.204651
12,23,-5,26.419690
-36,10,16,40.644803
13,7,20,24.859606
21,-20,-31,42.449971
-7,5,-6,10.488088
9,25,-8,27.748874
-23,-14,43,50.734604
20,11,15,27.313001
-2,-8,-18,19.798990
-5,-13,2,14.071247
1,-15,-12,19.235384
5,29,-18,34.496377
5,23,22,32.218007
13,22,13,28.670542
-14,-19,45,50.813384
-7,-18,-7,20.542639
-25,-19,-14,34.380227
0,-5,-25,25.495098
5,19,-36,41.012193
11,31,16,36.578682
24,28,28,46.303348
-18,-12,-12,24.738634
32,-26,-12,42.941821
1,12,3,12.409674
1,-6,-9,10.862780
-16,-13,9,22.494444
-41,13,-10,44.158804
-24,9,-23,34.438351
-42,-31,11,53.347915
-20,5,-11,23.366643
-6,-4,-10,12.328828
5,-8,-9,13.038405
-2,3,3,4.690416
-33,-30,-51,67.749539
-6,-18,18,26.153394
19,-5,-32,37.549967
3,15,24,28.460499
2,-8,0,8.246211
-20,-2,16,25.690465
-7,-11,20,23.874673
-5,-5,-18,19.339080
8,-24,22,33.526109
22,-5,-41,46.797436
-11,-12,-13,20.832667
16,21,31,40.718546
27,-7,-16,32.155870
30,-33,-37,57.948253
37,-7,-8,38.496753
11,-7,10,16.431677
8,7,35,36.578682
-8,-14,-14,21.354157
0,-2,-2,2.828427
-19,-5,-20,28.035692
15,30,23,40.669399
-12,-5,5,13.928388
-8,-1,39,39.824616
-15,12,-23,29.966648
-25,-16,17,34.205263
-6,-2,28,28.705400
-14,-15,31,37.175261
-7,-5,-14,16.431677
9,-20,-9,23.706539
-4,-23,1,23.366643
7,-23,-2,24.124676
-8,0,-8,11.313708
29,-25,-24,45.188494
50,16,6,52.839379
1,22,31,38.026307
-1,5,2,5.477226
0,13,13,18.384776
-2,-10,4,10.954451
-11,-2,21,23.790755
18,-38,24,48.414874
-25,-39,-2,46.368092
12,-15,15,24.372115
1,-20,-1,20.049938
1,3,22,22.226111
1,2,7,7.348469
-15,-16,5,22.494444
-23,12,-25,36.027767
7,1,12,13.928388
-6,-10,22,24.899799
0,-10,-22,24.166092
-11,6,-13,18.055470
-15,-14,7,21.679483
-35,22,17,44.698993
-32,24,18,43.863424
-1,5,4,6.480741
-10,-20,10,24.494897
-13,15,10,22.226111
-8,10,0,12.806248
28,8,-4,29.393877
-12,-5,-27,29.966648
16,-24,2,28.913665
-5,12,-5,13.928388
-3,22,11,24.779023
-6,-16,10,19.798990
2,-27,17,31.968735
2,4,-2,4.898979
-1,-16,25,29.698485
19,-14,-3,23.790755
5,21,0,21.587033
18,-31,-9,36.959437
-16,16,18,28.913665
-7,-7,-32,33.496268
-12,-18,6,22.449944
-23,10,-3,25.258662
2,-14,2,14.282857
-4,8,28,29.393877
-24,-42,-8,49.030603
42,-19,-39,60.382117
28,11,-15,33.615473
-32,-8,-10,34.467376
8,-13,15,21.400935
36,18,-24,46.861498
0,14,-2,14.142136
29,-19,2,34.727511
4,-21,-1,21.400935
-35,-2,3,35.185224
6,-5,-9,11.916375
-7,-9,-12,16.552945
-21,10,-11,25.729361
28,-12,-22,37.576588
-28,10,22,36.986484
-7,-6,-15,17.606817
14,18,2,22.891046
-13,0,-3,13.341664
6,-3,41,41.545156
-24,2,-16,28.913665
15,-8,17,24.041631
-14,-11,13,22.045408
-15,8,-1,17.029386
-5,13,28,31.272992
-9,-14,-11,19.949937
-10,8,24,27.202941
48,-13,19,53.235327
-27,-21,-30,45.497253
11,14,-19,26.038433
13,15,10,22.226111
40,-7,-7,41.206796
-13,31,22,40.174619
-24,51,7,56.797887
-15,-1,-4,15.556349
1,-8,-15,17.029386
9,-6,7,12.884099
-8,22,-18,29.529646
23,13,18,31.968735
5,-6,11,13.490738
-40,24,4,46.818800
-17,27,10,33.436507
25,-10,7,27.820855
-29,8,-5,30.495901
-21,9,0,22.847319
-18,2,4,18.547237
7,-19,-4,20.639767
-39,32,-21,54.644304
14,3,19,23.790755
14,-3,19,23.790755
9,5,0,10.295630
11,4,23,25.806976
10,28,16,33.763886
-4,19,11,22.315914
28,9,3,29.563491
21,-12,-5,24.698178
-3,-19,0,19.235384
17,-5,-10,20.346990
27,1,-12,29.563491
4,-11,-21,24.041631
9,-13,22,27.092434
-9,-6,-7,12.884099
16,34,-30,48.083261
10,0,4,10.770330
3,8,23,24.535688
4,0,-10,10.770330
21,-13,16,29.427878
-24,-7,-5,25.495098
3,-18,-15,23.622024
8,8,14,18.000000
-14,2,-20,24.494897
-14,-13,1,19.131126
-35,5,-24,42.731721
-40,27,9,49.091751
0,3,-11,11.401754
-4,-14,-8,16.613248
16,-17,-25,34.205263
-15,36,15,41.785165
11,-30,3,32.093613
29,-24,-11,39.217343
-36,-7,-9,37.762415
-12,-8,0,14.422205
23,-5,4,23.874673
-13,8,9,17.720045
-1,-6,-9,10.862780
8,24,10,27.202941
14,15,15,25.416530
-21,13,-14,28.390139
-4,6,-8,10.770330
18,-3,-5,18.920888
-19,12,-3,22.671568
42,-7,7,43.150898
-14,-5,25,29.086079
-3,-15,0,15.297059
-1,27,-28,38.910153
-5,-28,-3,28.600699
8,21,33,39.924930
11,14,7,19.131126
3,-43,-10,44.249294
-18,-16,-22,32.619013
-3,17,-6,18.275667
2,-16,4,16.613248
-37,-43,-18,59.514704
-30,37,-13,49.376108
4,-1,5,6.480741
-2,21,-5,21.679483
-33,20,3,38.704005
7,15,10,19.339080
0,11,13,17.029386
-4,-19,3,19.646883
-18,-39,-25,49.699095
-22,-18,-16,32.619013
4,-1,-19,19.442222
24,2,-30,38.470768
12,-34,22,42.237424
1,-36,15,39.012818
-5,-27,28,39.217343
-3,17,26,31.208973
20,5,-15,25.495098
-4,-26,-4,26.608269
-1,-15,38,40.865633
-19,1,36,40.718546
6,1,-7,9.273618
0,5,7,8.602325
19,-8,17,26.720778
-10,-51,-5,52.211110
-8,-6,24,26.000000
9,-36,15,40.024992
19,-11,16,27.166155
-34,4,0,34.234486
-11,-7,-18,22.226111
12,-25,3,27.892651
-13,25,2,28.248894
1,14,15,20.542639
-23,34,15,43.703547
-5,-6,27,28.106939
18,4,6,19.390719
4,2,-12,12.806248
0,4,6,7.211103
23,21,-2,31.208973
-5,11,12,17.029386
-9,-51,-12,53.160135
-40,26,12,49.193496
-13,2,3,13.490738
23,-17,8,29.698485
-25,-4,21,32.893768
-27,-4,7,28.178006
-3,-4,-3,5.830952
19,3,-26,32.341923
2,-28,28,39.648455
-21,5,-18,28.106939
-27,8,13,31.016125
3,-15,26,30.166206
8,-13,-27,31.016125
-17,0,-21,27.018512
-23,15,-36,45.276926
-20,-15,-27,36.796739
-20,-3,-7,21.400935
-29,20,-7,35.916570
-36,-4,8,37.094474
-15,-12,1,19.235384
-35,-15,16,41.303753
-3,-13,4,13.928388
-5,-11,10,15.684387
11,-25,-10,29.086079
-5,4,7,9.486833
-8,-7,-5,11.747340
-1,20,-33,38.600518
-2,-19,-17,25.573424
34,15,7,37.815341
9,14,29,33.436507
15,0,-1,15.033296
3,-10,5,11.575837
23,-2,-7,24.124676
25,11,2,27.386128
12,-17,-1,20.832667
1,2,-5,5.477226
0,-1,1,1.414214
-8,30,6,31.622777
28,6,16,32.802439
7,-20,25,32.771939
12,25,11,29.832868
4,9,-3,10.295630
-1,0,15,15.033296
-7,8,-25,27.166155
-2,-42,30,51.652686
1,18,-11,21.118712
-35,25,-4,43.197222
-20,26,30,44.452222
15,2,-9,17.606817
-8,37,-1,37.868192
-20,-11,27,35.355339
-23,-1,-12,25.961510
18,-10,12,23.832751
6,6,18,19.899749
-27,-17,-22,38.755645
-5,-12,-13,18.384776
-22,12,16,29.732137
-14,11,-11,20.928450
3,-8,-27,28.319605
-13,26,3,29.223278
-7,21,2,22.226111
-14,-3,-7,15.937377
5,-8,-9,13.038405
7,-24,-3,25.179357
5,-18,3,18.920888
25,-37,18,48.145612
10,-5,11,15.684387
-16,7,1,17.492856
-11,16,-5,20.049938
-12,-12,0,16.970563
-15,-13,0,19.849433
1,-18,33,37.603191
9,-6,-25,27.239677
42,1,7,42.591079
33,16,-1,36.687873
22,-19,3,29.223278
12,8,-18,23.065125
-43,4,5,43.474130
17,17,-22,32.588341
-14,-15,23,30.822070
-25,-16,-49,57.288742
35,16,-9,39.522146
-16,-17,-25,34.205263
-4,-4,-10,11.489125
5,1,-6,7.874008
16,31,-27,44.113490
31,-9,24,40.224371
-23,-16,-37,46.411206
22,-2,-6,22.891046
-7,-23,20,31.272992
4,21,-13,25.019992
25,4,7,26.267851
-15,-22,-11,28.809721
15,-3,20,25.179357
-17,-9,-56,59.211485
15,-51,2,53.197744
-15,-9,-16,23.706539
0,8,36,36.878178
20,-22,20,35.832946
5,-19,6,20.542639
1,-2,23,23.108440
15,-12,-23,29.966648
20,2,8,21.633308
10,17,-13,23.622024
-2,11,-15,18.708287
17,-6,5,18.708287
2,27,25,36.851052
-12,-21,-13,27.459060
7,-18,15,24.454039
8,-9,-3,12.409674
-48,37,-15,62.433965
-9,-11,2,14.352700
11,3,-12,16.552945
-6,3,-19,20.149442
-13,9,-34,37.496667
-28,15,-17,36.027767
7,48,19,52.096065
14,-24,-18,33.105891
-15,-4,17,23.021729
0,0,20,20.000000
-46,-6,-2,46.432747
1,16,21,26.419690
-5,27,-30,40.669399
-24,22,-6,33.105891
24,-16,-6,29.461840
-32,14,4,35.156792
-1,21,-2,21.118712
-19,0,21,28.319605
-9,2,17,19.339080
8,-5,3,9.899495
8,23,31,39.420807
-5,-32,9,33.615473
-3,-22,-11,24.779023
14,-9,-27,31.717503
5,0,35,35.355339
-2,13,-9,15.937377
-9,13,-16,22.494444
-14,-1,5,14.899664
12,-6,-2,13.564660
13,15,-30,35.972211
8,14,-4,16.613248
-34,-9,31,46.882833
-5,13,10,17.146428
2,12,18,21.725561
-32,21,-25,45.716518
9,-5,28,29.832868
-14,29,-7,32.954514
-24,23,9,34.438351
25,14,45,53.347915
0,-22,4,22.360680
17,-36,-17,43.289722
-28,-5,-55,61.919302
6,5,-7,10.488088
20,1,7,21.213203
14,-20,-2,24.494897
2,-32,-12,34.234486
21,21,-12,32.031235
8,-38,-8,39.648455
17,-4,19,25.806976
35,3,38,51.749396
26,14,-4,29.799329
-2,0,8,8.246211
-16,-7,9,19.646883
-7,21,38,43.977267
-2,-20,4,20.493902
-6,-4,4,8.246211
11,-15,46,49.618545
39,11,0,40.521599
-8,-19,-7,21.771541
-1,10,11,14.899664
2,-7,-9,11.575837
-10,13,-3,16.673332
-9,-4,-5,11.045361
-1,18,-11,21.118712
28,32,-40,58.378078
-37,12,19,43.289722
21,-42,17,49.939964
-11,38,-15,42.308392
-23,-5,-8,24.859606
-19,7,22,29.899833
17,-9,-6,20.149442
18,-20,-12,29.461840
-17,0,17,24.041631
-14,-12,2,18.547237
-24,-14,14,31.112698
-46,-9,-25,53.122500
7,7,10,14.071247
-2,-26,-24,35.440090
-26,-12,8,29.732137
-18,-1,11,21.118712
-17,-11,-6,21.118712
29,29,2,41.060930
-20,8,0,21.540659
15,-1,12,19.235384
-10,-11,1,14.899664
-17,-8,-21,28.178006
15,3,-8,17.262677
-4,7,7,10.677078
-19,-4,21,28.600699
8,-5,-15,17.720045
-6,-29,-31,42.871902
0,2,8,8.246211
37,8,-5,38.183766
-29,4,-5,29.698485
12,-34,20,41.231056
23,23,0,32.526912
10,13,11,19.748418
0,-11,-5,12.083046
6,-11,-7,14.352700
-1,23,-2,23.108440
-10,3,-25,27.092434
13,-23,-20,33.136083
-8,18,-2,19.798990
-16,11,27,33.256578
-6,-22,16,27.856777
8,8,24,26.532998
-36,6,24,43.680659
-7,31,0,31.780497
-22,6,-6,23.579652
-19,0,33,38.078866
55,19,-6,58.497863
10,-3,-31,32.710854
-8,4,4,9.797959
-21,12,-3,24.372115
11,-12,-11,19.646883
22,-11,7,25.573424
-18,-14,14,26.758176
-8,2,24,25.377155
-13,22,3,25.729361
-1,4,5,6.480741
10,8,-12,17.549929
-28,-7,13,31.654384
-20,-36,38,56.035703
11,-24,9,27.892651
12,-11,9,18.601075
17,-10,-31,36.742346
-5,5,10,12.247449
18,31,-1,35.860842
-12,29,-21,37.762415
-4,15,1,15.556349
-16,27,-1,31.400637
-10,-8,-20,23.748684
-14,-1,15,20.542639
-19,-5,-32,37.549967
-19,-13,2,23.108440
-5,9,-12,15.811388
-31,-11,22,39.572718
-1,-20,9,21.954498
-5,-30,11,32.341923
16,9,17,25.019992
-33,11,2,34.842503
-8,3,17,19.026298
26,-19,23,39.572718
15,12,-3,19.442222
-15,-15,-16,26.570661
19,0,-27,33.015148
-22,-45,-13,51.749396
-19,1,-6,19.949937
-10,13,-17,23.622024
25,-13,-40,48.928519
6,-10,-10,15.362291
17,13,2,21.494185
15,-26,7,30.822070
-30,36,-38,60.332413
24,-13,3,27.459060
15,6,-19,24.939928
23,35,-20,46.411206
-40,14,-6,42.801869
3,-14,23,27.092434
1,-17,26,31.080541
17,-4,-1,17.492856
40,-9,-1,41.012193
6,9,-5,11.916375
-3,19,32,37.336309
17,-5,-22,28.248894
-19,41,14,47.307505
-21,-22,5,30.822070
-1,25,2,25.099801
-7,22,19,29.899833
-47,53,8,71.288148
-30,-12,8,33.286634
5,16,-1,16.792856
-4,11,-25,27.604347
-8,-14,-38,41.279535
9,-18,-5,20.736441
36,-23,15,45.276926
-37,11,36,52.782573
1,-5,18,18.708287
20,-25,31,44.564560
-13,22,-11,27.820855
-37,11,14,41.060930
29,-12,-15,34.785054
-1,5,2,5.477226
27,-6,-3,27.820855
14,13,-31,36.414283
-16,20,8,26.832816
19,-1,4,19.442222
-23,-29,-2,37.067506
-4,-5,-7,9.486833
3,-59,20,62.369865
-8,15,-7,18.384776
-8,2,22,23.494680
14,59,-31,68.102863
11,13,8,18.814888
28,-15,-1,31.780497
17,2,-13,21.494185
3,1,14,14.352700
6,-6,24,25.455844
15,29,4,32.893768
-10,-8,-16,20.493902
20,17,11,28.460499
28,-10,-20,35.832946
-25,-12,11,29.832868
22,-8,0,23.409400
-7,-36,7,37.336309
7,-44,-17,47.686476
-55,7,16,57.706152
-12,-25,1,27.748874
17,0,25,30.232433
14,-5,-9,17.378147
-9,-11,-36,38.704005
27,8,21,35.128336
-13,-8,19,24.372115
-15,-19,-22,32.710854
4,29,-23,37.229021
9,13,8,17.720045
40,-26,-14,49.719212
22,5,9,24.289916
32,-15,-31,47.010637
38,-17,-11,43.058100
35,11,8,37.549967
0,28,-14,31.304952
5,3,16,17.029386
-2,-31,-11,32.954514
-9,-25,16,31.016125
-14,3,7,15.937377
-2,-1,3,3.741657
12,20,-10,25.377155
8,-10,14,18.973666
-37,-26,31,54.827001
1,-7,-24,25.019992
23,-37,2,43.611925
16,22,-2,27.276363
-30,-13,-17,36.851052
-6,5,-15,16.911535
5,19,-22,29.495762
23,8,33,41.012193
15,-9,14,22.405357
17,-12,-33,39.012818
-22,-25,7,34.029399
-33,6,-17,37.603191
12,7,17,21.954498
-34,-3,-7,34.842503
28,11,-9,31.400637
-14,12,10,20.976177
19,-28,-31,45.891176
6,-3,-33,33.674916
0,-28,4,28.284271
14,5,-23,27.386128
25,21,24,40.521599
-11,0,19,21.954498
43,3,20,47.518417
2,20,-14,24.494897
4,29,11,31.272992
-19,33,8,38.910153
-29,-21,-16,39.217343
4,27,25,37.013511
-10,-14,12,20.976177
6,-10,-18,21.447611
16,21,-9,27.892651
6,-4,22,23.151674
-21,-16,-17,31.400637
-4,27,15,31.144823
10,-15,-25,30.822070
14,-16,-6,22.090722
-2,-16,2,16.248077
-15,31,-4,34.669872
17,13,16,26.720778
16,-34,2,37.629775
-1,19,-6,19.949937
17,-21,4,27.313001
5,-13,-12,18.384776
-6,7,7,11.575837
-1,-25,22,33.316662
1,5,40,40.323690
-14,34,-12,38.678159
27,20,-29,44.384682
3,-22,-7,23.280893
5,29,-28,40.620192
2,17,19,25.573424
0,-10,-38,39.293765
-3,-12,1,12.409674
11,16,25,31.654384
57,38,-13,69.728043
-14,-9,7,18.055470
-32,41,-7,52.478567
-4,19,1,19.442222
-9,11,-30,33.196385
-11,-28,-17,34.554305
5,-3,16,17.029386
25,6,9,27.239677
-12,-15,-15,24.372115
52,16,-22,58.685603
13,-24,-5,27.748874
-3,-15,24,28.460499
7,-7,-8,12.727922
26,-5,27,37.815341
-32,37,11,50.139805
0,16,10,18.867962
36,9,1,37.121422
9,10,17,21.679483
-13,-12,-15,23.194827
-10,9,-15,20.149442
-57,-1,-4,57.148928
24,-19,-31,43.566042
-26,9,15,31.336879
22,29,1,36.414283
-11,-37,30,48.887626
0,-14,-10,17.204651
15,29,-26,41.737274
20,-4,-24,31.496031
3,7,-36,36.796739
20,-1,-13,23.874673
6,17,-11,21.118712
-15,10,7,19.339080
4,-11,-5,12.727922
17,1,-34,38.026307
-25,21,12,34.785054
14,14,0,19.798990
-22,-9,21,31.717503
19,-25,-14,34.380227
-2,3,21,21.307276
-4,23,-23,32.771939
28,-4,38,47.370877
8,-2,-6,10.198039
-18,5,3,18.920888
-22,-9,21,31.717503
-10,-22,-22,32.680269
-7,23,-16,28.879058
9,25,-28,38.600518
-15,-7,-28,32.526912
3,21,2,21.307276
-13,16,-43,47.686476
-3,-15,-14,20.736441
19,-24,-7,31.400637
-30,32,16,46.690470
24,24,14,36.715120
-37,12,-3,39.012818
-40,-12,2,41.809090
-10,17,7,20.928450
2,-16,-24,28.913665
-2,18,6,19.078784
-5,-11,8,14.491377
15,8,17,24.041631
11,0,-13,17.029386
12,5,11,17.029386
-2,-17,-13,21.494185
18,2,-16,24.166092
57,-1,-18,59.782941
-15,-13,18,26.795522
-22,-9,61,65.467549
-10,0,16,18.867962
-2,4,-18,18.547237
17,-16,-27,35.693137
17,17,2,24.124676
13,-5,-20,24.372115
4,-23,-11,25.806976
0,-30,-6,30.594117
7,-54,-35,64.730209
3,-13,0,13.341664
13,-7,24,28.178006
22,3,-3,22.405357
17,-3,2,17.378147
-22,-26,-2,34.117444
26,6,10,28.495614
19,0,25,31.400637
-3,-3,4,5.830952
-27,9,20,34.785054
-4,4,14,15.099669
-6,-25,-5,26.191602
-2,20,-14,24.494897
-5,5,16,17.492856
17,37,-18,44.519659
-15,-4,41,43.840620
-1,11,-8,13.638182
-16,5,19,25.337719
18,-30,8,35.888717
16,-18,20,31.304952
10,-24,36,44.407207
21,-4,13,25.019992
0,-14,12,18.439089
4,-12,4,13.266499
-36,-11,1,37.656341
-4,21,3,21.587033
-18,12,8,23.065125
-44,11,3,45.453273
17,-40,1,43.474130
-1,8,-11,13.638182
26,7,11,29.086079
-12,-3,29,31.527766
25,-14,7,29.495762
7,13,26,29.899833
-4,11,17,20.639767
-18,19,-11,28.390139
28,-17,-1,32.771939
11,15,12,22.135944
-15,3,8,17.262677
13,37,16,42.355637
-11,-28,5,30.495901
12,12,-18,24.738634
-3,-24,-3,24.372115
6,-8,32,33.526109
9,-14,9,18.920888
-25,34,-5,42.497059
-12,-34,30,46.904158
2,6,-16,17.204651
29,-19,-32,47.180504
44,54,-2,69.685006
-20,-19,5,28.035692
-8,-30,4,31.304952
10,6,4,12.328828
-19,8,13,24.372115
21,4,55,59.008474
-22,13,33,41.737274
-1,-22,-17,27.820855
-7,47,22,52.364110
-8,12,16,21.540659
17,-25,-16,34.205263
-29,0,-11,31.016125
14,26,2,29.597297
-5,6,13,15.165751
19,10,5,22.045408
9,1,-10,13.490738
6,19,-1,19.949937
22,12,40,47.201695
-25,-6,3,25.884358
0,-27,-17,31.906112
-20,-37,-5,42.355637
32,-11,-23,40.914545
-18,6,-8,20.591260
5,1,0,5.099020
-41,-7,8,42.355637
-8,34,8,35.832946
-29,18,-33,47.476310
58,-9,11,59.715995
-18,-24,-12,32.310989
21,-32,35,51.865210
9,-18,1,20.149442
17,-15,16,27.748874
11,45,4,46.497312
4,-9,-17,19.646883
-6,23,-31,39.064050
19,9,-26,33.436507
13,-10,-55,57.393379
-9,-16,9,20.445048
-13,0,-11,17.029386
11,-24,-7,27.313001
-25,13,-24,37.013511
-13,8,1,15.297059
-9,-2,-23,24.779023
-9,-12,-3,15.297059
-18,-9,9,22.045408
-26,-26,24,43.908997
-5,4,-13,14.491377
10,-25,-35,44.158804
25,-2,11,27.386128
-16,-19,-17,30.099834
5,-16,-11,20.049938
2,15,-9,17.606817
1,-32,17,36.249138
60,-28,12,67.290415
0,-29,31,42.449971
-27,7,-6,28.530685
-31,24,-5,39.522146
-20,-13,-1,23.874673
-31,-24,-3,39.319207
42,-57,-23,74.444610
21,-14,-19,31.591138
14,8,-12,20.099751
18,-12,52,56.320511
21,-5,28,35.355339
2,8,12,14.560220
-6,-14,-4,15.748016
16,6,-20,26.305893
-2,-5,13,14.071247
3,3,16,16.552945
-22,-7,-13,26.495283
-21,20,5,29.427878
-18,-8,4,20.099751
32,-17,9,37.336309
-22,-19,-9,30.430248
-14,2,-30,33.166248
-18,17,7,25.729361
40,0,16,43.081318
41,31,18,54.460995
2,-31,5,31.464265
-3,-32,-3,32.280025
12,26,-36,46.000000
-33,12,-31,46.840154
31,-29,-8,43.197222
-6,2,0,6.324555
8,23,17,29.698485
3,6,19,20.149442
0,-13,15,19.849433
-9,-1,30,31.336879
17,23,-4,28.879058
1,23,18,29.223278
-13,6,11,18.055470
11,11,-4,16.062378
20,3,21,29.154759
3,8,-9,12.409674
27,-6,17,32.465366
-8,1,9,12.083046
25,0,-7,25.961510
-9,11,-10,17.378147
11,0,11,15.556349
8,29,-21,36.687873
5,48,-11,49.497475
27,1,-22,34.842503
-10,-14,-52,54.772256
50,31,1,58.838763
-30,20,20,41.231056
43,-16,31,55.371473
-10,-6,34,35.944402
32,0,2,32.062439
11,-17,12,23.537205
20,9,1,21.954498
6,37,5,37.815341
-20,-8,-14,25.690465
3,22,23,31.968735
-1,0,13,13.038405
6,-1,35,35.524639
-10,7,7,14.071247
29,-8,25,39.115214
-36,24,-8,44.000000
-23,36,-25,49.497475
-16,-23,13,30.886890
4,2,-16,16.613248
-7,22,-9,24.779023
-17,-13,-2,21.494185
-15,-24,-13,31.144823
-16,25,11,31.654384
-10,-13,41,44.158804
-9,-10,15,20.149442
-4,6,14,15.748016
7,3,16,17.720045
6,-9,17,20.149442
-33,18,19,42.118879
41,26,-5,48.805737
-10,-26,22,35.496479
-6,7,-7,11.575837
-15,-14,3,20.736441
8,22,-2,23.494680
-16,-5,1,16.792856
-21,-3,-14,25.416530
-11,-11,14,20.928450
-5,-3,24,24.698178
-26,2,-4,26.381812
-1,4,-1,4.242641
-4,-5,3,7.071068
17,-23,-34,44.429720
13,-4,-9,16.309506
4,45,7,45.716518
1,16,-17,23.366643
15,-7,-12,20.445048
-15,-3,16,22.135944
-15,-12,33,38.183766
3,42,23,47.979162
28,22,26,44.090815
50,-17,-9,53.572381
-17,-2,23,28.670542
11,13,2,17.146428
-18,35,15,42.118879
0,1,11,11.045361
-13,19,24,33.256578
20,-2,16,25.690465
-45,9,-26,52.744668
10,5,-17,20.346990
-16,19,-29,38.183766
19,10,29,36.083237
-10,3,-53,54.018515
-13,-23,-4,26.720778
2,-8,-30,31.112698
21,-2,-13,24.779023
-20,-28,0,34.409301
-4,11,5,12.727922
7,19,4,20.639767
-17,-8,-11,21.771541
41,-2,-5,41.352146
16,19,23,33.852622
18,-3,-3,18.493242
-21,21,20,35.805028
5,1,26,26.495283
-9,1,20,21.954498
9,14,-9,18.920888
-5,23,-4,23.874673
-18,-17,13,27.964263
14,2,8,16.248077
9,-37,-8,38.910153
43,6,15,45.934736
19,10,-5,22.045408
-22,12,14,28.705400
-7,-12,-11,17.720045
27,2,3,27.239677
-45,-21,8,50.299105
4,-10,0,10.770330
34,13,-19,41.060930
5,8,-5,10.677078
-4,-2,0,4.472136
8,9,-5,13.038405
-10,-9,-15,20.149442
38,22,32,54.332311
-22,2,-34,40.546270
-14,-6,0,15.231546
-32,14,4,35.156792
10,-26,-26,38.105118
7,16,5,18.165902
5,-5,-20,21.213203
13,4,-17,21.771541
15,-5,24,28.740216
36,3,1,36.138622
21,10,-33,40.373258
-2,-8,-18,19.798990
-3,7,-20,21.400935
3,-8,-31,32.155870
10,41,-23,48.062459
-19,-39,8,44.113490
-19,1,16,24.859606
13,4,-17,21.771541
8,-50,6,50.990195
-2,7,17,18.493242
10,22,10,26.153394
32,-2,-32,45.299007
22,11,-17,29.899833
5,4,9,11.045361
20,2,-10,22.449944
-19,3,20,27.748874
2,23,-7,24.124676
-22,-11,13,27.820855
37,14,3,39.673669
0,-2,6,6.324555
-11,18,23,31.208973
20,-22,18,34.756294
-29,14,11,34.029399
-15,4,-3,15.811388
7,6,5,10.488088
-21,-23,18,35.972211
-12,-24,40,48.166378
-22,0,-10,24.166092
-7,22,-5,23.622024
-17,13,0,21.400935
-17,-9,-24,30.757113
12,-14,2,18.547237
11,1,10,14.899664
13,20,-21,31.780497
-10,30,-24,39.698866
21,-6,5,22.405357
8,5,17,19.442222
-25,2,-1,25.099801
-5,-16,17,23.874673
0,3,-17,17.262677
-11,0,31,32.893768
-59,-30,5,66.377707
7,20,37,42.638011
-6,4,6,9.380832
15,-35,0,38.078866
10,8,-6,14.142136
13,-9,-4,16.309506
36,-17,-3,39.924930
-24,6,-12,27.495454
-17,-3,4,17.720045
-32,34,32,56.603887
17,-17,-18,30.033315
20,39,-5,44.113490
0,-12,-14,18.439089
33,14,1,35.860842
25,36,-5,44.113490
17,-23,30,41.448764
3,14,3,14.628739
3,-17,-4,17.720045
39,11,0,40.521599
-24,24,8,34.871192
-9,19,14,25.258662
10,24,14,29.529646
-16,-16,-18,28.913665
5,10,13,17.146428
7,-26,-7,27.820855
11,7,-2,13.190906
-16,-11,29,34.899857
-12,-20,-16,28.284271
13,-8,-19,24.372115
-18,-16,2,24.166092
10,-20,-22,31.368774
14,5,13,19.748418
17,0,-15,22.671568
-32,15,23,42.166337
12,-49,17,53.235327
25,-4,7,26.267851
3,-14,5,15.165751
-24,-53,-3,58.258047
0,-10,0,10.000000
-8,-33,1,33.970576
30,36,-6,47.244047
-21,-7,-16,27.313001
22,8,-16,28.354894
-10,1,7,12.247449
-4,-47,37,59.949979
7,-9,12,16.552945
15,11,-22,28.809721
28,-25,23,44.022721
13,3,-6,14.628739
8,23,-5,24.859606
-12,-18,0,21.633308
21,-21,22,36.959437
-1,-18,-5,18.708287
18,25,25,39.673669
20,-31,-13,39.115214
-36,20,-18,44.944410
-19,-23,-28,40.914545
28,31,-5,42.071368
-6,-37,5,37.815341
1,17,30,34.496377
15,6,-5,16.911535
-19,-21,20,34.669872
15,26,9,31.336879
2,-43,-23,48.805737
-15,-18,-13,26.795522
-19,18,23,34.842503
-28,-3,9,29.563491
-3,-46,23,51.516987
-2,35,19,39.874804
50,18,-2,53.178943
19,6,-13,23.790755
-5,-43,-4,43.474130
7,0,-7,9.899495
-17,32,21,41.880783
-11,-18,-29,35.860842
-9,13,28,32.155870
8,17,17,25.337719
-20,-23,-15,33.970576
-20,-5,23,30.886890
10,-20,-28,35.832946
2,-30,-10,31.685959
-6,15,-19,24.939928
1,13,-14,19.131126
6,27,15,31.464265
-31,-10,-23,39.874804
0,8,-38,38.832976
-22,21,5,30.822070
8,-24,6,26.000000
45,-12,-23,51.942276
17,13,-2,21.494185
-19,0,-5,19.646883
14,11,15,23.280893
-24,4,8,25.612497
-15,14,15,25.416530
-30,-27,-21,45.497253
-18,-14,0,22.803509
-42,9,-3,43.058100
3,38,-11,39.673669
-11,-2,17,20.346990
37,19,12,43.289722
-4,6,-20,21.260292
-12,-13,-21,27.459060
30,2,4,30.331502
-31,45,-4,54.790510
-7,-20,-5,21.771541
14,32,32,47.370877
30,-38,20,52.383203
15,6,-13,20.736441
-30,-5,9,31.717503
4,-43,19,47.180504
-7,-17,2,18.493242
-5,-20,-11,23.366643
14,-17,13,25.573424
-7,-8,33,34.669872
-18,-1,27,32.465366
-32,-13,7,35.242020
-15,4,-5,16.309506
-2,-11,-15,18.708287
-27,-6,-27,38.652296
-16,5,-37,40.620192
-33,-2,3,33.196385
16,-19,1,24.859606
-6,1,-21,21.863211
-44,-5,23,49.899900
14,26,-38,48.124838
22,44,14,51.146847
-11,-24,-9,27.892651
-9,-15,-6,18.493242
-7,23,-6,24.779023
1,-2,-25,25.099801
12,-5,9,15.811388
32,5,-13,34.899857
6,-20,-14,25.139610
9,15,8,19.235384
-7,-26,1,26.944387
25,-7,8,27.166155
14,33,5,36.193922
6,6,-2,8.717798
3,-4,-9,10.295630
-16,37,29,49.658836
-1,-15,-2,15.165751
1,-13,8,15.297059
23,10,13,28.248894
11,-2,21,23.790755
20,26,-18,37.416574
14,15,-19,27.964263
7,50,23,55.479726
8,15,25,30.232433
-16,-5,-13,21.213203
3,-6,-9,11.224972
7,41,-20,46.151923
11,-9,-6,15.427249
-10,5,19,22.045408
-10,1,11,14.899664
4,-11,17,20.639767
-7,-4,-13,15.297059
-5,-20,21,29.427878
17,-10,-15,24.779023
5,12,-17,21.400935
-5,-4,-9,11.045361
20,-51,5,55.009090
-18,31,17,39.673669
23,10,-17,30.298515
-1,-13,-8,15.297059
29,-1,-14,32.218007
-29,10,-39,49.618545
-5,-3,-12,13.341664
-1,-4,41,41.206796
3,32,-3,32.280025
-8,5,-31,32.403703
5,-13,-2,14.071247
26,6,-10,28.495614
29,13,12,33.970576
0,35,-5,35.355339
6,-40,-42,58.309519
4,25,7,26.267851
-6,-34,36,49.879856
-16,-20,-18,31.304952
-21,4,-9,23.194827
-22,-7,15,27.531800
-7,-1,6,9.273618
38,-7,13,40.767634
-9,-7,-24,26.570661
5,-10,-17,20.346990
-26,-1,-19,32.218007
-8,-36,4,37.094474
2,11,15,18.708287
12,-22,-16,29.732137
-11,-16,27,33.256578
-8,6,12,15.620499
16,10,-30,35.440090
-7,-10,-9,15.165751
20,-17,11,28.460499
18,63,21,68.804070
0,-6,-12,13.416408
17,32,-1,36.249138
16,-8,8,19.595918
13,43,-20,49.173163
7,35,20,40.914545
16,-16,22,31.559468
-39,6,-3,39.572718
19,5,4,20.049938
-14,9,3,16.911535
57,26,-15,64.420494
-32,30,24,50.000000
1,-8,-13,15.297059
-3,-11,-36,37.762415
2,13,7,14.899664
-11,-7,-2,13.190906
23,-3,-24,33.376639
-12,-5,7,14.764823
16,29,-17,37.229021
-2,7,5,8.831761
24,15,-15,32.031235
7,-2,-17,18.493242
11,4,1,11.747340
4,-12,-8,14.966630
-1,-8,9,12.083046
-23,-50,5,55.263008
3,-55,-4,55.226805
-5,20,-33,38.910153
0,-11,1,11.045361
0,15,29,32.649655
-15,12,19,27.018512
23,-28,-1,36.249138
3,-2,-3,4.690416
-3,13,28,31.016125
41,-21,-8,46.754679
3,26,-19,32.341923
9,5,6,11.916375
11,20,-21,31.016125
35,-2,1,35.071356
-5,-45,-2,45.321077
-11,9,14,19.949937
-23,2,-17,28.670542
21,10,-9,24.939928
2,16,-12,20.099751
11,12,31,35.014283
10,-28,20,35.832946
-3,25,34,42.308392
14,-8,-22,27.276363
-15,17,22,31.591138
-24,6,2,24.819347
3,4,21,21.587033
1,-7,-8,10.677078
-3,-25,2,25.258662
17,-28,-1,32.771939
-26,0,-10,27.856777
-8,3,-27,28.319605
12,11,19,25.019992
5,-17,56,58.736701
-16,25,5,30.099834
12,13,27,32.280025
-26,-1,-9,27.531800
-31,11,10,34.380227
-37,14,31,50.259327
-5,14,21,25.729361
14,9,17,23.790755
4,20,-8,21.908902
22,-14,-12,28.705400
-7,34,3,34.842503
-22,19,-13,31.843367
31,29,-12,44.113490
-7,-32,-3,32.893768
-5,-3,-6,8.366600
33,-1,8,33.970576
-2,-13,-9,15.937377
11,13,6,18.055470
14,-8,22,27.276363
-18,-18,-2,25.534291
18,-20,-16,31.304952
1,4,-5,6.480741
-17,41,-10,45.497253
6,26,8,27.856777
-13,1,-10,16.431677
-39,-5,-2,39.370039
17,-22,3,27.964263
21,-20,15,32.649655
3,-21,-10,23.452079
-11,12,11,19.646883
11,-11,6,16.673332
35,-7,8,36.578682
17,-10,9,21.679483
14,-33,23,42.591079
-2,11,-7,13.190906
13,9,14,21.118712
13,1,6,14.352700
-4,-8,-24,25.612497
10,4,-6,12.328828
4,3,3,5.830952
10,28,6,30.331502
-29,-31,14,44.698993
2,18,-4,18.547237
15,-19,6,24.939928
4,-9,29,30.626786
-22,15,27,37.920970
-11,-22,11,26.944387
-13,-2,5,14.071247
-32,-17,-7,36.905284
-16,2,-16,22.715633
-11,7,24,27.313001
-13,-3,-24,27.459060
-26,16,12,32.802439
3,-3,-36,36.249138
-26,-8,-22,34.985711
-7,3,-6,9.695360
-12,-21,-1,24.207437
-10,18,-30,36.386811
-42,-5,51,66.257075
13,-25,8,29.291637
-15,2,7,16.673332
10,5,-9,14.352700
3,16,-33,36.796739
-24,14,-24,36.715120
23,-4,25,34.205263
-2,27,33,42.684892
-2,13,-7,14.899664
-21,-6,-33,39.572718
7,-9,2,11.575837
0,-21,-35,40.816663
14,2,-2,14.282857
16,5,5,17.492856
11,32,-11,35.580894
15,-24,9,29.698485
20,-10,-18,28.705400
2,22,12,25.139610
29,-12,9,32.649655
22,6,8,24.166092
19,2,15,24.289916
22,-6,18,29.051678
9,14,-9,18.920888
-10,-8,10,16.248077
-17,-24,17,33.970576
-20,-15,3,25.179357
-23,-15,12,29.966648
-12,19,-9,24.207437
27,-33,2,42.684892
24,17,23,37.336309
-2,0,-14,14.142136
23,-13,-20,33.136083
10,3,-7,12.569805
-8,-15,-31,35.355339
-24,12,-24,36.000000
-1,-25,-16,29.698485
4,11,1,11.747340
-12,21,11,26.570661
6,4,20,21.260292
19,-19,-8,28.035692
44,16,12,48.332184
4,23,11,25.806976
8,10,12,17.549929
-10,12,26,30.331502
14,24,-2,27.856777
14,-14,0,19.798990
8,15,-11,20.248457
5,37,2,37.389838
-31,-12,-15,36.469165
-3,-4,-1,5.099020
22,52,-12,57.723479
9,-20,33,39.623226
-14,-24,6,28.425341
-49,1,10,50.019996
0,14,-24,27.784888
22,14,-10,27.928480
-15,-31,-2,34.496377
-16,-1,13,20.639767
-7,-11,20,23.874673
-3,-20,7,21.400935
7,-7,-24,25.961510
1,-23,18,29.223278
27,23,-24,42.825226
9,-16,-5,19.026298
-14,-26,-22,36.823905
5,-1,18,18.708287
11,28,-9,31.400637
-25,6,15,29.765752
7,-6,1,9.273618
8,14,-8,18.000000
5,21,8,23.021729
9,7,42,43.520110
21,3,4,21.587033
-10,7,-3,12.569805
-16,-16,-18,28.913665
-10,9,3,13.784049
-34,-14,10,38.105118
-10,12,4,16.124515
-14,18,6,23.579652
6,28,14,31.874755
2,13,19,23.108440
-4,19,9,21.400935
15,-28,-21,38.078866
-23,13,2,26.495283
-30,19,-25,43.428102
18,36,-14,42.614552
19,30,-11,37.175261
8,-9,13,17.720045
6,6,18,19.899749
10,38,-10,40.546270
25,-3,10,27.092434
-9,-1,-22,23.790755
19,5,0,19.646883
11,8,13,18.814888
-21,-14,31,39.974992
-1,3,6,6.782330
49,-22,5,53.944416
-8,19,-5,21.213203
6,10,-24,26.683328
3,-6,-27,27.820855
-11,5,18,21.679483
-20,-37,3,42.166337
-26,0,-8,27.202941
12,16,-18,26.907248
4,9,-5,11.045361
1,1,8,8.124038
29,-19,-6,35.185224
2,-38,-20,42.988371
15,2,-19,24.289916
-27,-1,0,27.018512
-10,26,-2,27.928480
-37,-32,17,51.788030
-29,-19,18,39.064050
4,9,-1,9.899495
12,-23,-35,43.566042
10,22,-20,31.368774
-28,5,19,34.205263
-23,-4,-29,37.229021
-2,5,-3,6.164414
27,-29,-26,47.391982
-7,52,5,52.706736
0,9,-21,22.847319
-69,21,-6,72.374028
-22,31,3,38.131352
-3,-2,1,3.741657
2,18,22,28.495614
12,7,41,43.289722
7,-6,-7,11.575837
13,23,0,26.419690
1,23,32,39.420807
18,8,0,19.697716
-12,4,-6,14.000000
24,-8,-12,28.000000
-20,-13,-7,24.859606
0,-28,2,28.071338
-42,1,7,42.591079
-4,-34,10,35.665109
-4,7,-11,13.638182
11,4,5,12.727922
12,0,-12,16.970563
-8,-13,-17,22.847319
26,12,12,31.048349
-11,-10,-5,15.684387
11,13,-10,19.748418
-2,1,33,33.075671
8,-8,-14,18.000000
5,-7,-16,18.165902
-1,23,6,23.790755
-9,-17,-2,19.339080
-24,2,-24,34.000000
4,-29,-11,31.272992
-6,-21,7,22.934690
20,-2,24,31.304952
-8,-22,8,24.738634
-8,-11,11,17.492856
0,-3,11,11.401754
-15,3,-14,20.736441
9,-2,5,10.488088
1,1,-20,20.049938
-34,4,-26,42.988371
24,20,-6,31.811947
20,43,5,47.686476
-39,17,-14,44.788391
-5,-21,-30,36.959437
0,19,9,21.023796
11,-5,16,20.049938
23,9,-10,26.645825
-3,-17,0,17.262677
10,12,18,23.832751
-2,-20,20,28.354894
-19,22,3,29.223278
-21,-2,3,21.307276
2,-2,6,6.633250
-7,3,12,14.212670
16,-7,17,24.372115
11,7,-4,13.638182
1,-11,-20,22.847319
-4,10,-2,10.954451
9,-5,8,13.038405
-6,-22,16,27.856777
26,-5,-21,33.793490
-43,-4,3,43.289722
-5,10,-13,17.146428
35,20,1,40.323690
-25,27,0,36.796739
-4,0,8,8.944272
18,-6,-4,19.390719
-20,22,16,33.763886
14,-4,0,14.560220
-4,1,-11,11.747340
-21,-4,-7,22.494444
21,-8,35,41.593269
4,1,-5,6.480741
38,22,-16,46.733286
4,20,-12,23.664319
15,33,-18,40.472213
-2,-11,35,36.742346
11,24,3,26.570661
-23,-12,5,26.419690
2,13,5,14.071247
-11,8,7,15.297059
14,10,8,18.973666
15,14,45,49.457052
14,5,-1,14.899664
-11,-17,10,22.583180
-5,15,-6,16.911535
13,-13,16,24.372115
10,-16,16,24.738634
16,-2,-6,17.204651
-27,5,-8,28.600699
-8,-25,-5,26.720778
6,-1,-3,6.782330
7,-12,11,17.720045
-8,-6,12,15.620499
0,-22,16,27.202941
-5,14,11,18.493242
-14,-10,6,18.220867
-23,5,-6,24.289916
15,-17,8,24.041631
-2,8,38,38.884444
33,-5,8,34.322005
4,-38,0,38.209946
20,49,11,54.055527
-20,-14,8,25.690465
-20,-4,-10,22.715633
-10,-24,-6,26.683328
3,14,5,15.165751
28,-12,14,33.526109
-38,28,-18,50.517324
6,0,-8,10.000000
0,26,-20,32.802439
-1,20,-5,20.639767
4,14,12,18.867962
-26,9,-9,28.948230
4,45,9,46.065171
15,19,10,26.191602
0,-15,-3,15.297059
0,7,-19,20.248457
-29,-5,28,40.620192
-6,28,-30,41.472883
-8,-16,-28,33.226495
-11,-6,19,22.759613
-7,3,18,19.544820
-17,17,-22,32.588341
7,45,0,45.541190
10,19,-5,22.045408
-17,-18,9,26.343880
34,1,-7,34.727511
2,1,-7,7.348469
4,8,-8,12.000000
5,35,-8,36.249138
-10,15,-1,18.055470
-5,8,23,24.859606
3,-26,13,29.223278
50,15,3,52.287666
-3,31,24,39.319207
17,-13,-36,41.880783
38,-12,2,39.899875
2,-23,-7,24.124676
14,14,-4,20.199010
-4,7,-23,24.372115
-7,-17,40,44.022721
10,8,20,23.748684
26,-34,-30,52.268537
6,3,1,6.782330
2,6,4,7.483315
-6,-22,-2,22.891046
-6,-3,7,9.695360
12,8,22,26.305893
33,0,-1,33.015148
1,21,-12,24.207437
7,5,24,25.495098
-33,31,-22,50.338852
-17,-29,22,40.174619
-31,-22,-9,39.064050
25,11,10,29.086079
46,-12,2,47.581509
-6,8,-34,35.440090
-8,1,-19,20.639767
-37,-1,-4,37.229021
17,-5,-4,18.165902
-23,-16,11,30.099834
6,11,-29,31.591138
-8,16,2,18.000000
-34,14,46,58.889727
14,27,-21,36.959437
-5,20,9,22.494444
18,-41,9,45.672749
-25,-10,-5,27.386128
-39,0,-31,49.819675
-13,-10,-15,22.226111
22,-8,14,27.276363
7,16,-1,17.492856
3,1,18,18.275667
2,-10,-34,35.496479
21,-17,4,27.313001
-22,-39,-31,54.460995
3,36,13,38.392708
11,-9,24,27.892651
7,-15,12,20.445048
-22,-12,10,26.981475
4,-13,1,13.638182
-15,17,-6,23.452079
10,8,36,38.209946
2,7,13,14.899664
1,-11,-14,17.832555
-3,16,29,33.256578
6,-24,18,30.594117
-10,3,27,28.948230
-6,12,-22,25.768197
14,0,-20,24.413111
13,10,11,19.748418
-12,-36,6,38.418745
6,17,-5,18.708287
-9,1,6,10.862780
0,18,-22,28.425341
0,-21,-15,25.806976
-12,1,7,13.928388
-13,11,-4,17.492856
-12,41,-1,42.731721
20,15,7,25.961510
13,-9,-20,25.495098
-11,5,-4,12.727922
14,23,-21,34.146742
-12,-5,15,19.849433
-30,-20,18,40.298883
34,-13,-3,36.523965
21,47,0,51.478151
27,-10,-3,28.948230
1,-9,-8,12.083046
-16,-16,-10,24.738634
-45,3,28,53.084838
7,3,2,7.874008
8,-35,-41,54.497706
-1,-28,7,28.879058
18,-1,-5,18.708287
8,-29,-1,30.099834
-24,-7,-19,31.400637
4,3,-17,17.720045
10,10,2,14.282857
3,8,11,13.928388
0,-33,-39,51.088159
-20,-8,12,24.657656
13,12,25,30.626786
2,12,-20,23.409400
4,16,-14,21.633308
27,6,7,28.530685
-31,2,-39,49.859803
-1,-43,-2,43.058100
-20,-16,14,29.189039
5,6,13,15.165751
1,14,-7,15.684387
16,8,-16,24.000000
11,5,30,32.341923
14,9,37,40.570926
0,10,0,10.000000
-41,-19,20,49.416596
0,-12,8,14.422205
14,7,11,19.131126
3,-46,9,46.968074
6,-25,-13,28.809721
23,-12,47,53.684262
29,17,8,34.554305
26,2,-38,46.086874
57,12,-9,58.940648
12,-50,28,58.549125
10,-27,3,28.948230
13,-31,2,33.674916
3,12,19,22.671568
-10,7,-5,13.190906
28,10,-4,30.000000
14,37,25,46.797436
-3,14,5,15.165751
-27,29,0,39.623226
23,18,-17,33.793490
12,25,-13,30.626786
10,32,-6,34.058773
-1,-9,2,9.273618
1,18,1,18.055470
-1,-1,2,2.449490
-16,17,23,32.771939
-15,-20,3,25.179357
19,19,-4,27.166155
34,-5,-1,34.380227
-10,-8,30,32.619013
22,-1,-21,30.430248
43,-8,-3,43.840620
-3,-3,-14,14.628739
-8,6,0,10.000000
-16,-14,2,21.354157
-1,-2,-7,7.348469
2,0,-2,2.828427
-13,-7,10,17.832555
24,16,-2,28.913665
-4,-24,6,25.059928
-45,26,-7,52.440442
-17,52,7,55.154329
3,-12,17,21.023796
10,-17,-1,19.748418
-8,1,15,17.029386
-34,2,-10,35.496479
16,-4,-2,16.613248
-25,-19,34,46.281746
3,-11,10,15.165751
26,-5,-1,26.495283
-11,4,13,17.492856
-27,-13,10,31.591138
5,4,-3,7.071068
-24,-22,22,39.293765
14,0,-14,19.798990
17,5,-16,23.874673
-34,-14,-30,47.455242
-27,2,-31,41.158231
-13,-14,-3,19.339080
-28,-3,1,28.178006
4,-35,9,36.359318
-23,37,4,43.749286
5,6,1,7.874008
2,-7,5,8.831761
3,-19,22,29.223278
11,5,-20,23.366643
14,-17,27,34.842503
-14,8,-10,18.973666
29,21,6,36.304270
-18,13,-21,30.561414
-6,43,27,51.127292
-5,25,-10,27.386128
7,-30,-39,49.699095
-26,-8,6,27.856777
8,-8,8,13.856406
-2,7,3,7.874008
-1,3,-4,5.099020
-41,-8,3,41.880783
54,42,8,68.876701
-9,6,17,20.149442
-2,-6,2,6.633250
0,13,1,13.038405
-2,14,14,19.899749
-10,-18,10,22.891046
23,-9,-20,31.780497
13,-3,20,24.041631
-17,-19,32,40.914545
9,-25,-16,31.016125
-19,-24,3,30.757113
-8,-12,10,17.549929
5,-6,-17,18.708287
31,-3,-10,32.710854
-34,-7,-45,56.833089
-10,6,-2,11.832160
14,-2,20,24.494897
-3,39,-32,50.537115
-11,0,1,11.045361
-4,11,3,12.083046
31,4,-5,31.654384
-8,5,21,23.021729
5,10,-15,18.708287
-21,-29,-2,35.860842
-18,-22,-12,30.854497
0,-15,5,15.811388
35,-18,1,39.370039
4,4,18,18.867962
5,-13,-8,16.062378
8,16,16,24.000000
10,-24,-2,26.076810
-18,-7,1,19.339080
-24,-13,-11,29.427878
-13,23,14,29.899833
-7,8,-5,11.747340
6,12,-20,24.083189
-2,1,19,19.131126
-11,-10,-9,17.378147
-8,9,-3,12.409674
-21,16,-15,30.364453
15,-21,14,29.359837
-10,12,-4,16.124515
-18,-4,10,20.976177
-3,4,21,21.587033
-28,20,36,49.799598
-11,17,12,23.537205
-6,29,15,33.196385
19,47,18,53.795911
-14,-9,-1,16.673332
-39,-11,2,40.570926
10,18,16,26.076810
-7,1,32,32.771939
-24,11,5,26.870058
28,25,-7,38.183766
-4,-18,-16,24.413111
16,-15,23,31.780497
14,20,22,32.863353
-3,-13,-4,13.928388
-2,10,-6,11.832160
-36,-7,-23,43.289722
6,35,25,43.428102
23,18,-7,30.033315
-16,-1,1,16.062378
38,2,-34,51.029403
-13,-3,-8,15.556349
-9,-12,-1,15.033296
3,-5,-6,8.366600
40,-13,29,51.088159
11,-30,-15,35.298725
2,-11,-9,14.352700
8,-32,18,37.576588
-10,-18,-14,24.899799
-16,4,22,27.495454
2,8,34,34.985711
22,-14,-12,28.705400
24,13,9,28.740216
17,11,-8,21.771541
-23,20,29,42.071368
-38,-4,0,38.209946
30,-10,-8,32.619013
-29,16,-37,49.658836
46,-13,3,47.895720
15,-22,3,26.795522
-17,-1,-4,17.492856
-23,-32,17,42.918527
-12,39,-25,47.853944
9,-17,-32,37.336309
-19,-17,-40,47.434165
25,-40,27,54.350713
29,3,-4,29.427878
-37,0,-15,39.924930
6,3,11,12.884099
7,-10,19,22.583180
9,20,9,23.706539
-1,-12,3,12.409674
15,-10,-5,18.708287
9,27,-4,28.740216
-14,5,-3,15.165751
12,-13,-27,32.280025
8,17,-5,19.442222
1,-9,-20,21.954498
-3,-14,21,25.416530
-31,-5,8,32.403703
3,-6,15,16.431677
-2,28,-14,31.368774
-9,11,30,33.196385
22,9,-39,45.672749
30,24,20,43.312816
10,25,-1,26.944387
21,17,-6,27.676705
0,36,-16,39.395431
14,31,3,34.146742
5,24,-19,31.016125
7,18,-19,27.092434
2,33,-35,48.145612
-17,-15,-2,22.759613
1,-5,-20,20.639767
-27,-6,13,30.561414
-13,-11,28,32.771939
6,17,47,50.338852
-7,-24,-11,27.313001
20,13,-15,28.178006
-26,2,-28,38.262253
33,-16,9,37.762415
-11,3,-16,19.646883
-21,-4,-33,39.319207
-15,-18,-5,23.958297
1,-5,-6,7.874008
11,-10,-21,25.729361
12,-14,-12,22.000000
10,-2,-14,17.320508
25,-9,-2,26.645825
5,0,-7,8.602325
5,-20,-31,37.229021
4,66,4,66.241981
-11,-32,-7,34.554305
28,15,-19,37.013511
13,15,14,24.289916
-14,-15,-3,20.736441
-32,9,25,41.593269
-30,22,4,37.416574
0,-23,3,23.194827
2,23,37,43.611925
8,-18,2,19.798990
9,-2,-7,11.575837
1,-16,35,38.496753
-12,5,9,15.811388
-24,38,12,46.518813
-20,-9,-1,21.954498
1,3,16,16.309506
19,-3,0,19.235384
28,-27,15,41.689327
13,-4,9,16.309506
-9,9,0,12.727922
-20,25,-7,32.771939
7,-4,-1,8.124038
16,-27,-9,32.649655
-8,-22,22,32.124757
28,23,-11,37.868192
5,-3,-30,30.561414
7,-4,-11,13.638182
1,13,-14,19.131126
-18,-6,10,21.447611
-6,3,5,8.366600
-11,-4,-15,19.026298
0,-6,16,17.088007
-5,7,22,23.622024
20,51,15,56.797887
17,-6,5,18.708287
-8,27,19,33.970576
13,-5,0,13.928388
12,16,-22,29.732137
32,31,35,56.656862
41,1,18,44.788391
-6,-8,-24,26.000000
36,11,49,61.789967
-9,28,-9,30.757113
-8,-9,-19,22.494444
-33,-21,-6,39.572718
-16,-2,18,24.166092
-3,-33,-10,34.612137
-32,1,7,32.771939
-15,2,-15,21.307276
-15,-16,3,22.135944
17,-17,16,28.879058
-23,9,-4,25.019992
-10,13,-21,26.645825
25,-6,-11,27.964263
-6,-32,-2,32.619013
-24,-3,-7,25.179357
-22,-11,15,28.809721
-8,8,8,13.856406
-37,-7,20,42.638011
5,-7,10,13.190906
-3,24,23,33.376639
-9,-33,16,37.762415
13,-3,10,16.673332
28,-17,35,47.937459
21,-1,44,48.764741
-61,25,14,67.394362
19,-17,10,27.386128
-6,4,-2,7.483315
-35,0,-27,44.204072
-19,-1,-4,19.442222
-16,-12,-6,20.880613
4,-2,22,22.449944
5,-2,-35,35.411862
-9,3,-10,13.784049
-2,34,-14,36.823905
-15,-15,-26,33.555923
-14,7,27,31.208973
22,-20,-16,33.763886
45,-21,14,51.594573
5,-2,15,15.937377
-22,-9,19,30.430248
12,10,-4,16.124515
-10,28,-26,39.496835
21,-10,7,24.289916
19,10,35,41.060930
19,8,-13,24.372115
-2,-22,14,26.153394
22,-18,2,28.495614
23,4,-5,23.874673
10,12,2,15.748016
1,38,-15,40.865633
-1,-2,3,3.741657
-9,12,-9,17.492856
-13,-13,-16,24.372115
7,-22,1,23.108440
33,14,23,42.591079
32,4,-14,35.156792
3,7,28,29.017236
7,-2,19,20.346990
-38,-51,7,63.984373
3,-20,-29,35.355339
-16,-6,4,17.549929
-4,-28,8,29.393877
0,-5,29,29.427878
-9,6,35,36.633318
-9,-10,-5,14.352700
-28,-6,12,31.048349
33,12,19,39.924930
-15,-43,-16,48.270074
17,-7,2,18.493242
-7,-20,-9,23.021729
2,-33,15,36.304270
14,5,19,24.124676
-27,24,-25,43.931765
-6,-17,13,22.226111
-20,10,-42,47.581509
17,14,-29,36.414283
-21,10,-7,24.289916
10,-19,5,22.045408
-22,-6,-20,30.331502
3,11,42,43.520110
-19,33,-18,42.118879
-20,-14,36,43.497126
18,-3,-5,18.920888
0,8,-6,10.000000
-16,-55,-13,58.736701
9,-16,17,25.019992
-5,-10,-19,22.045408
8,-1,-5,9.486833
26,6,-6,27.349589
3,11,-6,12.884099
-20,24,-10,32.802439
2,-40,-2,40.099875
-26,8,28,39.038443
-23,-4,3,23.537205
12,-50,-16,53.851648
2,9,-11,14.352700
-22,-18,16,32.619013
12,-37,-3,39.012818
-19,-9,28,35.014283
11,-7,2,13.190906
-2,3,25,25.258662
41,-9,6,42.402830
-31,-22,-31,49.050994
-11,-27,24,37.762415
17,-10,11,22.583180
16,1,11,19.442222
-5,-8,-19,21.213203
-1,-5,-12,13.038405
-4,30,-18,35.213634
7,-1,18,19.339080
1,29,-18,34.146742
13,32,17,38.496753
-6,10,14,18.220867
-14,5,13,19.748418
-21,-9,4,23.194827
13,2,-1,13.190906
-15,10,5,18.708287
10,-22,14,27.928480
10,-11,7,16.431677
-2,44,-14,46.216880
23,-23,12,34.669872
7,8,-17,20.049938
-11,0,3,11.401754
11,-26,9,29.631065
-11,37,-2,38.652296
3,33,-12,35.242020
37,12,-1,38.910153
23,20,-23,38.183766
4,4,-24,24.657656
-2,-12,0,12.165525
12,-3,1,12.409674
-12,-19,-1,22.494444
-6,8,4,10.770330
-1,-4,-15,15.556349
-4,-12,6,14.000000
27,-33,4,42.825226
-6,-21,-11,24.454039
-7,-11,-18,22.226111
14,-8,-14,21.354157
-20,-2,-28,34.467376
14,-30,2,33.166248
-17,18,1,24.779023
15,-12,-1,19.235384
13,3,20,24.041631
-16,27,-1,31.400637
19,-12,-5,23.021729
-22,0,8,23.409400
-10,-27,-1,28.809721
7,-8,-43,44.294469
3,15,-38,40.963398
3,-14,1,14.352700
11,-21,2,23.790755
-17,-18,-5,25.258662
-32,-6,8,33.526109
-1,11,8,13.638182
17,-9,-36,40.816663
5,7,-16,18.165902
9,-3,-14,16.911535
2,4,30,30.331502
19,-30,-51,62.144992
-11,16,-15,24.535688
16,33,-7,37.336309
-14,-29,-19,37.389838
8,5,13,16.062378
29,-9,-12,32.649655
-21,-6,7,22.934690
2,32,14,34.985711
-16,-12,-26,32.802439
5,15,16,22.494444
2,39,5,39.370039
26,12,-38,47.581509
-25,12,-9,29.154759
-16,-4,12,20.396078
-16,7,15,23.021729
22,-1,-13,25.573424
30,-23,-35,51.516987
-26,-10,2,27.928480
-42,-19,-15,48.476799
19,-3,12,22.671568
-1,10,-13,16.431677
14,20,10,26.381812
-6,2,12,13.564660
-8,12,40,42.520583
-12,36,4,38.157568
-22,25,-7,34.029399
-19,-4,-5,20.049938
-12,29,-3,31.527766
-7,1,4,8.124038
17,-31,4,35.580894
45,-12,-21,51.088159
2,5,19,19.748418
0,20,-2,20.099751
-4,9,25,26.870058
-29,-7,10,31.464265
21,-10,23,32.710854
-5,-3,-10,11.575837
-32,24,-30,50.000000
15,-35,-16,41.303753
-4,-4,24,24.657656
6,-22,-12,25.768197
18,10,-18,27.349589
-31,-15,10,35.860842
12,-5,17,21.400935
9,-9,-8,15.033296
30,-37,17,50.576674
-3,8,-21,22.671568
-14,1,9,16.673332
22,-10,-8,25.455844
-8,9,9,15.033296
16,2,24,28.913665
-26,-9,9,28.948230
-32,2,-10,33.585711
12,-4,0,12.649111
0,-19,3,19.235384
-23,6,-3,23.958297
1,-2,21,21.118712
-4,-10,-14,17.663522
17,-32,63,72.677369
-15,16,1,21.954498
-34,-11,-11,37.389838
42,-30,-14,53.478968
-2,-25,11,27.386128
-15,12,-21,28.460499
-5,-38,-7,38.961519
-25,-17,10,31.843367
23,8,-1,24.372115
9,-13,24,28.740216
4,18,16,24.413111
-1,14,7,15.684387
6,-28,6,29.257478
27,6,39,47.812132
6,-19,19,27.531800
12,8,-10,17.549929
9,39,6,40.472213
-6,-11,5,13.490738
-3,0,1,3.162278
5,-26,-21,33.793490
-7,-19,12,23.537205
-18,28,-40,52.038447
4,28,0,28.284271
26,-15,33,44.609416
7,-8,-9,13.928388
-6,-2,10,11.832160
22,-10,-2,24.248711
-12,-5,-29,31.780497
3,-5,2,6.164414
-12,12,-18,24.738634
6,-12,-16,20.880613
32,7,25,41.206796
2,-26,12,28.705400
-28,-17,-1,32.771939
25,-10,27,38.131352
18,0,20,26.907248
2,39,-11,40.570926
-10,-4,2,10.954451
1,6,3,6.782330
11,44,-13,47.180504
-18,-10,26,33.166248
7,17,10,20.928450
-22,-7,5,23.622024
2,8,26,27.276363
-43,-29,-34,62.016127
19,22,-35,45.497253
11,-26,-3,28.390139
35,8,5,36.249138
3,6,-3,7.348469
7,9,44,45.453273
-13,-16,29,35.580894
3,-19,-20,27.748874
9,13,-2,15.937377
-5,-29,14,32.588341
2,33,7,33.793490
18,18,30,39.344631
9,-36,-19,41.689327
-3,-19,54,57.323643
-4,-13,13,18.814888
-18,12,-2,21.725561
-6,-2,14,15.362291
-6,1,21,21.863211
19,-8,23,30.886890
-19,6,13,23.790755
-14,4,-26,29.799329
17,4,1,17.492856
20,-21,-15,32.649655
25,-8,1,26.267851
-15,-1,-18,23.452079
14,4,-26,29.799329
34,-15,-7,37.815341
-14,-12,-12,22.000000
22,-16,6,27.856777
-24,22,6,33.105891
26,2,-14,29.597297
-16,43,-3,45.978256
-6,-6,-2,8.717798
-1,33,-2,33.075671
0,-7,-5,8.602325
-31,-1,12,33.256578
16,14,-24,32.062439
2,-10,10,14.282857
11,36,7,38.288379
-14,-39,7,42.023803
15,27,-8,31.906112
-6,37,11,39.064050
5,-27,16,31.780497
-12,-10,0,15.620499
3,7,0,7.615773
18,-10,-18,27.349589
14,10,-16,23.494680
8,-2,18,19.798990
0,9,17,19.235384
-14,13,11,22.045408
16,-25,19,35.242020
7,18,21,28.530685
-9,16,-3,18.601075
-14,33,7,36.523965
33,4,9,34.438351
23,4,3,23.537205
16,56,12,59.464275
-27,-30,1,40.373258
-26,19,21,38.444766
-10,4,18,20.976177
15,22,29,39.370039
-1,20,13,23.874673
-18,31,-7,36.523965
-20,8,22,30.789609
-24,-12,-10,28.635642
3,3,20,20.445048
4,21,-37,42.731721
-31,2,9,32.341923
-9,-35,6,36.633318
-21,0,3,21.213203
-28,17,-5,33.136083
5,35,4,35.580894
8,24,10,27.202941
-30,11,31,44.519659
-5,44,1,44.294469
19,0,-35,39.824616
14,12,16,24.413111
6,5,-17,18.708287
23,-22,-17,36.083237
8,-5,15,17.720045
-15,0,-7,16.552945
18,-22,-6,29.051678
17,-25,-26,39.874804
14,7,-1,15.684387
11,-20,1,22.847319
-14,-1,-17,22.045408
-3,14,7,15.937377
-18,-25,-9,32.093613
39,16,21,47.095647
23,-7,-24,33.970576
18,2,-16,24.166092
16,-5,1,16.792856
20,19,-7,28.460499
-3,2,3,4.690416
56,-15,-39,69.871310
7,6,-33,34.263683
-5,11,24,26.870058
-33,-17,-2,37.175261
-4,-11,-17,20.639767
49,8,1,49.658836
-25,-9,-10,28.390139
1,-20,21,29.017236
21,24,3,32.031235
-23,25,6,34.496377
-28,6,8,29.732137
-14,-9,13,21.118712
9,-1,16,18.384776
-15,7,20,25.961510
8,-35,-13,38.183766
12,-19,-1,22.494444
18,-16,4,24.413111
-19,-9,-12,24.207437
-7,-19,0,20.248457
2,-16,16,22.715633
8,-3,-9,12.409674
-16,-15,23,31.780497
1,-22,-1,22.045408
-54,-11,-15,57.113921
-20,-37,-23,47.937459
17,-25,14,33.316662
-19,13,14,26.944387
10,-21,-35,42.023803
15,10,-7,19.339080
-11,-1,22,24.617067
-10,22,-14,27.928480
11,-1,-26,28.248894
15,-17,24,33.015148
-4,24,26,35.608988
12,20,-42,48.041649
14,-19,7,24.617067
-15,4,-7,17.029386
23,10,-11,27.386128
-34,-39,-3,51.826634
16,7,35,39.115214
2,-3,1,3.741657
-8,16,-32,36.660606
8,-21,-15,27.018512
21,16,-15,30.364453
-15,-14,-25,32.341923
-4,-9,-33,34.438351
-12,-4,14,18.867962
-4,18,22,28.705400
-6,-6,30,31.176915
-1,24,7,25.019992
-14,7,-23,27.820855
7,13,22,26.495283
43,1,26,50.259327
23,-31,36,52.782573
-12,-21,-5,24.698178
9,9,12,17.492856
9,0,-9,12.727922
10,-7,-7,14.071247
9,12,-29,32.649655
-17,-19,28,37.868192
-11,-8,7,15.297059
7,3,-4,8.602325
6,15,13,20.736441
27,-2,-1,27.092434
-38,-5,-1,38.340579
22,35,37,55.479726
-21,14,13,28.390139
15,-2,11,18.708287
18,-2,-16,24.166092
-26,7,-13,29.899833
-9,-4,-7,12.083046
13,7,-2,14.899664
-30,26,4,39.899875
-1,9,6,10.862780
-20,-21,-15,32.649655
11,4,-1,11.747340
32,-15,21,41.109610
17,-13,-2,21.494185
-4,2,12,12.806248
-12,15,-7,20.445048
2,11,-7,13.190906
7,-8,21,23.537205
28,-1,-17,32.771939
12,-5,-23,26.419690
2,-12,10,15.748016
12,7,1,13.928388
1,-24,-3,24.207437
16,3,-17,23.537205
25,9,0,26.570661
-25,21,-20,38.288379
-10,-6,-16,19.798990
-4,-2,0,4.472136
7,20,9,23.021729
53,-4,-29,60.547502
3,-1,10,10.488088
-48,-6,18,51.613952
4,28,-8,29.393877
19,-14,15,27.964263
-14,-10,-4,17.663522
16,24,10,30.528675
-35,5,-20,40.620192
3,9,2,9.695360
3,-32,15,35.468296
36,-13,1,38.288379
-2,25,3,25.258662
19,21,24,37.121422
-21,12,11,26.570661
8,-9,1,12.083046
31,4,-11,33.136083
-29,7,-8,30.886890
-21,-19,36,45.803930
28,-1,25,37.549967
8,10,-10,16.248077
-17,37,24,47.265209
-20,1,25,32.031235
-10,5,-33,34.842503
23,41,4,47.180504
-35,9,18,40.373258
2,-12,18,21.725561
-4,9,17,19.646883
21,-1,-12,24.207437
-40,23,13,47.937459
-21,-2,-13,24.779023
15,5,-22,27.092434
14,-21,13,28.390139
22,-21,-17,34.842503
0,0,6,6.000000
4,-35,11,36.905284
-15,-27,0,30.886890
2,23,-33,40.274061
-24,-16,-16,32.984845
-12,17,11,23.537205
-13,-21,-16,29.427878
-14,4,-24,28.071338
-9,21,-4,23.194827
3,1,0,3.162278
14,2,16,21.354157
-10,-7,19,22.583180
35,16,-1,38.496753
-5,55,-8,55.803226
7,7,16,18.814888
-3,-9,-8,12.409674
2,-24,32,40.049969
13,-1,-26,29.086079
-15,1,-20,25.019992
-1,11,8,13.638182
-14,-16,34,40.099875
-1,26,19,32.218007
-5,0,37,37.336309
-9,0,-25,26.570661
-5,0,-9,10.295630
-8,0,4,8.944272
3,-3,-20,20.445048
-9,8,37,38.910153
-5,-36,31,47.770284
45,24,-1,51.009803
-13,-13,-22,28.670542
26,10,-22,35.496479
-16,-4,2,16.613248
-9,4,7,12.083046
-15,-9,6,18.493242
30,19,1,35.524639
15,-12,-11,22.135944
-16,-17,-29,37.229021
1,1,-20,20.049938
10,-10,-4,14.696938
17,33,-22,43.150898
2,-11,17,20.346990
29,-6,-5,30.033315
-4,-9,41,42.166337
9,-18,-7,21.307276
-31,1,-4,31.272992
-26,23,1,34.727511
5,6,13,15.165751
35,-1,-12,37.013511
-9,18,-9,22.045408
-5,-13,18,22.759613
34,21,13,42.023803
5,46,9,47.138095
4,-15,-1,15.556349
17,-24,-23,37.336309
-19,5,-6,20.542639
18,-38,-2,42.095130
-31,20,-17,40.620192
4,0,4,5.656854
6,20,40,45.122057
-9,-14,5,17.378147
-15,-7,-28,32.526912
22,-15,11,28.809721
-19,7,-16,25.806976
2,8,-10,12.961481
2,-2,-18,18.220867
21,6,13,25.416530
-23,-12,1,25.961510
-5,5,32,32.771939
-2,-9,13,15.937377
14,-31,9,35.185224
23,-8,1,24.372115
-19,-6,-21,28.948230
-32,-12,-4,34.409301
22,36,-8,42.941821
17,-16,-9,25.019992
-1,-15,20,25.019992
-14,18,10,24.899799
-29,3,20,35.355339
19,-18,41,48.641546
-18,-24,-28,41.036569
11,5,-6,13.490738
-3,14,-11,18.055470
-3,12,1,12.409674
-4,-13,-9,16.309506
-22,20,-12,32.062439
32,14,20,40.249224
15,4,21,26.115130
-35,0,-15,38.078866
-15,12,-17,25.651511
-7,30,21,37.282704
-38,25,-61,76.092050
-32,7,29,43.749286
-10,-16,28,33.763886
12,-33,-19,39.924930
-3,-14,15,20.736441
32,24,6,40.447497
13,-10,-9,18.708287
-28,-14,-10,32.863353
5,-10,25,27.386128
-25,20,-3,32.155870
8,8,-20,22.978251
1,-19,18,26.191602
-6,-17,-13,22.226111
9,4,-5,11.045361
8,18,24,31.048349
-30,5,9,31.717503
-9,17,8,20.832667
5,4,5,8.124038
-32,12,-2,34.234486
-1,4,-7,8.124038
-3,-4,13,13.928388
-6,9,-3,11.224972
-8,7,15,18.384776
-15,17,0,22.671568
9,-7,-6,12.884099
-4,-18,-12,22.000000
-15,2,7,16.673332
-26,21,9,34.612137
17,11,-4,20.639767
-14,29,-1,32.218007
-8,13,-49,51.322510
-26,-15,29,41.737274
42,-7,-17,45.847574
36,-6,10,37.841776
21,-1,-2,21.118712
-5,-3,-28,28.600699
32,-14,20,40.249224
49,-41,-8,64.389440
4,-14,46,48.249352
27,25,-6,37.282704
-48,-24,-28,60.530984
26,-9,-9,28.948230
9,4,1,9.899495
-17,-17,8,25.337719
7,20,1,21.213203
25,-7,6,26.645825
24,-34,-8,42.379240
16,29,33,46.754679
4,-5,-5,8.124038
-15,-9,-18,25.099801
-9,-25,10,28.390139
21,-4,15,26.115130
4,13,9,16.309506
11,19,20,29.698485
-2,15,-27,30.951575
-32,-1,3,32.155870
21,7,-2,22.226111
-12,-6,-22,25.768197
-6,0,-14,15.231546
-16,-16,-8,24.000000
-19,-4,19,27.166155
-4,14,4,15.099669
-29,12,7,32.155870
-32,5,-39,50.695167
8,-2,0,8.246211
17,15,-34,40.865633
-34,-8,30,46.043458
-8,-6,-20,22.360680
2,10,-8,12.961481
-6,2,-20,20.976177
-9,19,18,27.676705
-4,12,6,14.000000
-23,-13,4,26.720778
-14,6,12,19.390719
31,12,-7,33.970576
-20,-31,-17,40.620192
8,2,-4,9.165151
9,-8,-19,22.494444
21,-4,11,24.041631
2,-3,-3,4.690416
-20,-1,13,23.874673
5,0,-25,25.495098
-18,22,10,30.133038
-13,-8,17,22.847319
-16,-11,19,27.166155
8,16,-46,49.355851
4,-16,-22,27.495454
-2,-25,13,28.248894
17,22,-11,29.899833
-19,26,19,37.389838
-6,10,-6,13.114877
-58,8,-4,58.685603
15,19,-22,32.710854
8,2,10,12.961481
-14,-17,-9,23.790755
-3,-14,-3,14.628739
-6,-32,14,35.440090
13,-29,-18,36.523965
3,26,9,27.676705
-6,11,1,12.569805
-7,-19,8,21.771541
14,10,26,31.176915
-4,-38,46,59.799666
-7,-11,-6,14.352700
-38,24,28,52.952809
9,-23,-32,40.422766
39,6,45,59.849812
14,13,-25,31.464265
20,-8,-14,25.690465
7,2,27,27.964263
-8,-10,24,27.202941
8,5,-21,23.021729
4,1,17,17.492856
-5,27,-6,28.106939
-19,25,26,40.767634
-28,2,-28,39.648455
5,30,5,30.822070
-24,-32,-16,43.081318
11,44,5,45.628938
-1,-23,2,23.108440
6,-1,21,21.863211
-14,-21,-9,26.795522
-3,-36,9,37.229021
43,11,-8,45.099889
-8,9,-27,29.563491
-30,9,-15,34.727511
18,-15,-21,31.464265
-14,-5,-23,27.386128
9,14,13,21.118712
8,-11,-9,16.309506
-5,18,-7,19.949937
-7,-19,2,20.346990
28,-13,29,42.355637
37,42,-13,57.463032
-4,9,17,19.646883
-17,8,27,32.893768
-24,14,-18,33.105891
-40,0,24,46.647615
11,-9,-30,33.196385
42,9,-33,54.166410
-5,-8,15,17.720045
28,0,-10,29.732137
25,-22,15,36.523965
15,-2,-11,18.708287
4,11,-7,13.638182
18,2,0,18.110770
-7,-16,-39,42.731721
-16,-10,-12,22.360680
28,9,17,33.970576
-29,6,-13,32.341923
-5,-19,-36,41.012193
29,-22,-11,38.026307
32,-13,-29,45.099889
-31,-43,26,59.042358
23,1,10,25.099801
4,-13,7,15.297059
-15,-30,23,40.669399
19,0,-1,19.026298
-8,7,-7,12.727922
-3,27,8,28.319605
-5,-4,3,7.071068
-42,0,-16,44.944410
9,-11,12,18.601075
-49,4,19,52.706736
-2,-33,17,37.175261
5,-35,2,35.411862
9,-6,-13,16.911535
3,-6,-25,25.884358
-4,11,3,12.083046
-4,-2,-18,18.547237
5,7,-12,14.764823
-18,-43,9,47.476310
2,-20,-12,23.409400
1,20,-11,22.847319
2,-34,0,34.058773
19,-34,11,40.472213
-36,42,20,58.821765
-22,-8,-30,38.052595
-1,21,4,21.400935
-4,36,-8,37.094474
-12,11,31,35.014283
1,-13,-8,15.297059
3,-7,32,32.893768
5,23,-4,23.874673
28,-8,-4,29.393877
0,26,-20,32.802439
11,8,7,15.297059
-3,-34,19,39.064050
-9,-26,1,27.531800
1,1,6,6.164414
-3,51,10,52.057660
-14,25,39,48.394215
18,29,-29,44.788391
27,25,2,36.851052
29,13,8,32.771939
5,25,6,26.191602
20,-13,-17,29.291637
4,-4,-10,11.489125
27,-1,4,27.313001
-12,2,4,12.806248
24,-9,-15,29.698485
32,43,-3,53.684262
4,-14,-24,28.071338
-18,4,-26,31.874755
-16,17,15,27.748874
0,-20,-20,28.284271
-45,6,-7,45.934736
16,-1,-19,24.859606
38,14,-36,54.184869
6,0,2,6.324555
0,-12,-18,21.633308
33,26,1,42.023803
9,-8,-47,48.518038
13,-3,-8,15.556349
-1,3,10,10.488088
4,9,11,14.764823
-17,18,17,30.033315
10,23,9,26.645825
-13,-3,-10,16.673332
-22,18,-4,28.705400
32,32,2,45.299007
2,1,-11,11.224972
-19,15,6,24.939928
12,11,-17,23.537205
-19,12,9,24.207437
-9,-14,-7,18.055470
-8,-21,-9,24.207437
1,18,23,29.223278
-21,0,15,25.806976
8,6,12,15.620499
-21,19,4,28.600699
-25,-23,-18,38.444766
8,3,7,11.045361
-3,26,41,48.641546
13,3,2,13.490738
15,3,10,18.275667
1,6,5,7.874008
24,46,-4,52.038447
-9,-12,-43,45.541190
-8,-16,-6,18.867962
26,19,-41,52.134442
8,33,31,45.978256
-7,-21,8,23.537205
9,27,-26,38.548671
12,-4,-6,14.000000
6,0,10,11.661904
-38,0,14,40.496913
-11,28,5,30.495901
1,-9,-22,23.790755
-29,6,23,37.496667
25,18,-37,48.145612
44,14,-26,52.990565
-14,26,18,34.583233
-27,13,-10,31.591138
-16,-16,0,22.627417
-2,-35,15,38.131352
-19,-26,5,32.588341
-18,-10,2,20.688161
0,-24,6,24.738634
-13,-13,-24,30.232433
14,17,11,24.617067
8,1,23,24.372115
21,-12,-11,26.570661
1,-11,-12,16.309506
1,3,42,42.118879
9,-37,-34,51.048996
49,-16,21,55.659680
-9,28,-15,33.015148
-3,-3,-12,12.727922
-15,28,-47,56.727418
-2,7,7,10.099505
-14,-6,4,15.748016
14,36,-2,38.678159
-7,3,-52,52.554733
5,15,8,17.720045
7,15,8,18.384776
-24,-12,-12,29.393877
-9,19,12,24.207437
-7,-36,13,38.910153
9,-68,-21,71.735626
-5,-2,-3,6.164414
10,11,-13,19.748418
-17,18,-21,32.465366
-26,-12,-8,29.732137
12,-16,26,32.802439
1,-22,45,50.099900
16,-15,13,25.495098
47,-23,18,55.335341
0,-10,2,10.198039
-1,7,-14,15.684387
-16,-22,-34,43.543082
2,36,18,40.298883
13,-4,-29,32.031235
19,-10,-21,30.033315
-23,16,19,33.852622
9,24,-1,25.651511
16,-14,-4,21.633308
-36,9,-11,38.704005
24,12,-8,28.000000
-5,-7,-34,35.071356
0,8,12,14.422205
18,15,39,45.497253
-24,15,-3,28.460499
4,30,-32,44.045431
10,3,-5,11.575837
-1,33,0,33.015148
27,-33,-8,43.382024
-5,-45,-16,48.020829
-28,-16,24,40.199502
42,21,-11,48.228622
-6,0,36,36.496575
12,13,17,24.535688
-13,4,7,15.297059
-33,-15,2,36.304270
-13,-35,-4,37.549967
-13,-12,11,20.832667
38,-12,24,46.518813
-8,7,5,11.747340
25,-2,23,34.029399
-6,-5,-5,9.273618
4,7,-19,20.639767
3,3,-6,7.348469
-1,6,11,12.569805
-11,2,-21,23.790755
8,-1,15,17.029386
26,16,-22,37.629775
-6,-25,-23,34.496377
13,40,-5,42.355637
-61,-25,-8,66.407831
1,-13,30,32.710854
7,-7,-10,14.071247
1,-6,-45,45.409250
4,16,-16,22.978251
15,4,39,41.976184
5,-3,-4,7.071068
21,20,31,42.449971
2,13,7,14.899664
-4,-18,-20,27.202941
20,-9,21,30.364453
-40,-18,-18,47.413078
6,-4,4,8.246211
16,-2,14,21.354157
-2,-20,-6,20.976177
10,8,20,23.748684
-2,-3,7,7.874008
24,-10,44,51.107729
6,7,-33,34.263683
19,13,-6,23.790755
28,16,-20,37.947332
36,-15,-21,44.294469
31,-8,7,32.771939
-16,23,-21,35.014283
22,8,-28,36.496575
3,-28,-3,28.319605
32,-10,8,34.467376
17,11,14,24.617067
-9,17,-10,21.679483
20,-9,11,24.535688
4,-17,-5,18.165902
6,-7,-29,30.430248
-12,7,7,15.556349
-23,-23,0,32.526912
-6,-4,20,21.260292
7,45,-8,46.238512
11,13,-24,29.427878
-15,-42,-13,46.454279
-1,14,15,20.542639
-9,11,-2,14.352700
-8,15,27,31.906112
-23,-9,18,30.561414
-19,12,3,22.671568
-17,-23,20,34.899857
-1,-5,26,26.495283
-12,5,3,13.341664
4,-15,57,59.076222
-25,-26,37,51.672043
15,8,1,17.029386
26,11,17,32.954514
2,8,-16,18.000000
-16,7,13,21.771541
3,19,16,25.019992
7,25,-22,34.029399
5,25,8,26.720778
-36,-14,12,40.447497
-5,-5,6,9.273618
-9,8,-45,46.583259
-4,5,15,16.309506
-15,1,-16,21.954498
28,23,-1,36.249138
-22,-32,-2,38.884444
5,25,30,39.370039
-21,-24,3,32.031235
12,3,-21,24.372115
-4,-6,-30,30.854497
29,28,-1,40.323690
7,17,-32,36.905284
1,27,-14,30.430248
4,11,7,13.638182
47,-9,6,48.228622
-5,-3,20,20.832667
-15,-42,31,54.313902
-10,-17,-7,20.928450
-19,-26,1,32.218007
5,-3,-6,8.366600
-5,-25,6,26.191602
-2,-32,8,33.045423
-21,-18,13,30.561414
28,-7,33,43.840620
-20,14,16,29.189039
42,-3,-13,44.068129
-7,-1,0,7.071068
-6,-22,14,26.758176
21,-15,-12,28.460499
40,-32,-16,53.665631
11,5,-4,12.727922
-31,38,-11,50.259327
6,27,-9,29.086079
5,25,-34,42.497059
-38,14,34,52.877216
-23,-22,5,32.218007
-4,-12,-12,17.435596
19,6,-33,38.548671
42,16,-4,45.122057
7,-12,-3,14.212670
-4,-29,-15,32.893768
-58,-5,-3,58.292367
-1,-24,-15,28.319605
16,-28,14,35.156792
1,14,43,45.232732
-32,-52,8,61.579217
40,39,9,56.586217
-1,-8,29,30.099834
7,14,-23,27.820855
-2,-13,-13,18.493242
1,-13,-6,14.352700
45,-26,-17,54.680892
16,-10,10,21.354157
-23,-18,-3,29.359837
-1,-13,-18,22.226111
-36,-1,-47,59.211485
23,26,17,38.652296
-17,13,14,25.573424
7,5,12,14.764823
-14,11,9,19.949937
23,-18,19,34.842503
-9,18,-1,20.149442
-4,-5,3,7.071068
-6,-10,26,28.495614
14,-17,33,39.673669
-14,10,50,52.877216
9,-3,4,10.295630
17,-4,7,18.814888
-13,4,1,13.638182
-8,-26,20,33.763886
15,-24,-1,28.319605
13,25,6,28.809721
-13,14,-25,31.464265
15,-41,-10,44.788391
-15,-20,21,32.649655
-15,12,7,20.445048
9,30,-45,54.827001
29,-46,-35,64.668385
7,-24,-21,32.649655
-8,11,1,13.638182
-9,5,-12,15.811388
7,13,-6,15.937377
5,-20,3,20.832667
4,4,-18,18.867962
-6,13,-27,30.561414
-25,2,-3,25.258662
-17,-22,19,33.674916
4,8,6,10.770330
6,-10,-14,18.220867
-5,-19,26,32.588341
12,28,0,30.463092
-5,34,19,39.268308
31,51,-22,63.608176
-12,-12,42,45.299007
-23,-12,-15,29.966648
0,5,-13,13.928388
-32,-15,11,37.013511
10,14,-2,17.320508
26,-40,-22,52.535702
-13,11,-4,17.492856
-13,2,-43,44.966654
-2,1,5,5.477226
2,-3,-5,6.164414
9,-1,22,23.790755
-15,-4,37,40.124805
24,-10,10,27.856777
-9,-2,-11,14.352700
5,4,-13,14.491377
2,-34,30,45.387223
-26,40,0,47.707442
46,-22,6,51.341991
-1,-5,8,9.486833
16,-28,-12,34.409301
43,15,22,50.576674
30,1,-47,55.767374
23,19,20,35.916570
-17,-33,8,37.973675
28,-27,5,39.217343
-4,26,-8,27.495454
38,21,-15,45.934736
-7,20,9,23.021729
0,30,38,48.414874
3,5,0,5.830952
-21,13,-12,27.459060
-17,-6,-27,32.465366
-26,0,-12,28.635642
-20,12,18,29.461840
17,2,-13,21.494185
8,0,4,8.944272
16,-20,6,26.305893
-14,-28,20,37.148351
-18,19,19,32.341923
-2,18,4,18.547237
-2,19,15,24.289916
-13,-8,-1,15.297059
-23,-9,-10,26.645825
-18,-18,34,42.473521
11,-32,13,36.249138
4,10,8,13.416408
6,10,-2,11.832160
-1,-19,-6,19.949937
-15,-28,-3,31.906112
16,0,-12,20.000000
-4,-7,-1,8.124038
-24,4,-6,25.059928
13,17,-2,21.494185
-9,-13,-50,52.440442
-21,21,16,33.734256
34,0,28,44.045431
-1,23,4,23.366643
10,18,2,20.688161
-18,30,0,34.985711
-8,3,9,12.409674
26,22,38,51.029403
-8,4,20,21.908902
12,8,-6,15.620499
-26,27,27,46.195238
13,-26,11,31.080541
-10,23,-41,48.062459
-9,-4,-29,30.626786
1,7,-2,7.348469
-6,1,-15,16.186414
6,-17,21,27.676705
9,9,0,12.727922
14,15,-9,22.405357
-3,-9,20,22.135944
3,4,-15,15.811388
12,-1,-11,16.309506
5,6,-1,7.874008
-14,9,1,16.673332
-6,4,-14,15.748016
35,-4,1,35.242020
-35,4,-7,35.916570
-9,6,-25,27.239677
-2,35,-3,35.185224
0,-53,7,53.460266
-24,-5,-21,32.280025
6,-2,2,6.633250
9,3,28,29.563491
23,-14,-19,32.954514
-12,26,-30,41.472883
6,7,-5,10.488088
13,13,-32,36.905284
23,3,30,37.920970
15,10,-37,41.158231
-6,-12,-8,15.620499
4,-5,-3,7.071068
-18,-33,7,38.236109
-23,-5,4,23.874673
-23,-10,1,25.099801
5,16,41,44.294469
-15,10,5,18.708287
-17,-12,-11,23.537205
-48,-10,22,53.740115
10,18,2,20.688161
-4,-14,-12,18.867962
9,13,-6,16.911535
11,-23,-18,31.208973
1,-21,14,25.258662
-1,32,3,32.155870
19,-28,1,33.852622
5,19,10,22.045408
-8,3,25,26.419690
-26,-19,13,34.727511
2,-44,0,44.045431
-12,-7,-13,19.026298
-22,-2,-22,31.176915
-5,-3,-10,11.575837
3,-7,-10,12.569805
22,-16,-34,43.543082
-2,-9,25,26.645825
-35,-14,3,37.815341
6,42,-18,46.086874
-2,-11,39,40.570926
23,20,27,40.718546
-4,23,3,23.537205
-9,25,10,28.390139
-25,-20,13,34.554305
17,-9,-16,25.019992
3,3,-4,5.830952
-4,47,23,52.478567
-6,-36,0,36.496575
4,13,-19,23.366643
5,24,37,44.384682
-6,-1,1,6.164414
-7,-10,13,17.832555
15,-25,-14,32.341923
-45,29,-6,53.870214
29,22,-9,37.496667
14,8,-24,28.913665
-20,-4,-8,21.908902
44,1,25,50.616203
7,10,-25,27.820855
-53,7,6,53.795911
8,16,-16,24.000000
12,3,3,12.727922
-5,6,-9,11.916375
13,10,5,17.146428
21,-21,16,33.734256
22,9,15,28.106939
-1,-27,0,27.018512
-14,17,-1,22.045408
-30,0,16,34.000000
-14,-1,-5,14.899664
10,-29,1,30.692019
35,-29,24,51.400389
-20,2,-2,20.199010
37,-25,-2,44.698993
14,-2,-4,14.696938
-5,2,-11,12.247449
4,-24,30,38.626416
-21,-19,-12,30.757113
-5,-7,-20,21.771541
37,16,3,40.422766
4,-4,-28,28.565714
-22,-10,-28,36.986484
9,15,-4,17.944358
5,-11,-6,13.490738
-6,-30,10,32.186954
57,-16,5,59.413803
-21,37,10,43.703547
-11,3,18,21.307276
21,4,-9,23.194827
-24,-19,-1,30.626786
6,20,0,20.880613
-11,14,-9,19.949937
23,-16,1,28.035692
-36,0,38,52.345009
-2,-6,12,13.564660
-8,25,-9,27.748874
-9,-30,13,33.911650
3,-22,5,22.759613
26,-18,10,33.166248
-13,-13,-12,21.954498
-11,4,41,42.638011
-4,9,-11,14.764823
27,-16,41,51.633323
3,-8,-43,43.840620
17,33,6,37.603191
-16,2,-18,24.166092
-8,-6,-12,15.620499
6,4,12,14.000000
26,35,-23,49.295030
-12,-27,-25,38.704005
26,-1,29,38.961519
3,-13,-6,14.628739
14,2,18,22.891046
-15,12,27,33.136083
11,19,-34,40.472213
16,11,41,45.365185
20,5,23,30.886890
11,28,41,50.852729
-2,-16,16,22.715633
-17,-15,-18,28.948230
9,18,-3,20.346990
-32,-6,-2,32.619013
12,28,10,32.062439
12,16,-30,36.055513
14,-7,-3,15.937377
-7,-11,12,17.720045
-6,-1,5,7.874008
-3,10,-9,13.784049
3,-9,-6,11.224972
10,-2,20,22.449944
3,-14,-21,25.416530
-39,-2,7,39.673669
-26,4,10,28.142495
-5,23,32,39.724048
6,-12,-4,14.000000
35,-31,-20,50.852729
-8,5,27,28.600699
0,12,0,12.000000
-16,6,10,19.798990
4,25,-13,28.460499
33,-8,3,34.088121
34,2,12,36.110940
-11,3,6,12.884099
5,12,-7,14.764823
-4,-12,-4,13.266499
-15,10,-19,26.191602
7,35,28,45.365185
-13,10,1,16.431677
7,50,7,50.970580
-26,-4,22,34.292856
22,-35,-1,41.352146
9,-19,10,23.280893
35,-3,-18,39.471509
24,20,16,35.099858
-24,22,16,36.276714
28,7,9,30.232433
-18,22,-44,52.383203
-19,5,40,44.564560
39,-21,-4,44.474712
-4,-7,-17,18.814888
-1,-12,13,17.720045
-10,-12,8,17.549929
-22,15,-37,45.585085
13,-3,-26,29.223278
21,9,-2,22.934690
-28,-5,29,40.620192
4,24,16,29.120440
24,-30,12,40.249224
19,24,29,42.166337
7,-15,-20,25.961510
7,33,-16,37.336309
1,-5,14,14.899664
-1,-15,-24,28.319605
-53,-9,8,54.350713
7,-17,8,20.049938
5,17,-20,26.720778
40,-17,9,44.384682
-58,-14,2,59.699246
-3,-23,-22,31.968735
13,-7,6,15.937377
-14,2,-6,15.362291
-6,-55,-11,56.409219
7,2,-5,8.831761
-16,-26,6,31.112698
-16,13,-7,21.771541
36,3,17,39.924930
-11,-6,-1,12.569805
-29,26,7,39.572718
15,-17,8,24.041631
-24,-10,-4,26.305893
28,-2,22,35.665109
-32,6,-26,41.665333
23,-9,4,25.019992
-16,-46,-10,49.719212
-39,31,-28,57.148928
1,-23,-14,26.944387
-11,40,-1,41.496988
12,15,-13,23.194827
1,-14,-25,28.670542
42,27,1,49.939964
16,0,30,34.000000
7,-17,10,20.928450
-35,-7,-22,41.928511
-21,-18,-43,51.127292
14,-24,-16,32.062439
-4,-3,19,19.646883
-16,-27,-25,40.124805
4,14,2,14.696938
20,-24,2,31.304952
-8,-33,7,34.669872
20,27,21,39.623226
-5,12,17,21.400935
-1,-13,4,13.638182
1,32,-9,33.256578
14,-27,-3,30.561414
-14,17,59,62.976186
-19,7,-8,21.771541
-1,-5,2,5.477226
7,-14,31,34.727511
22,-5,27,35.185224
-11,-42,-35,55.767374
-5,-19,0,19.646883
-10,-7,-7,14.071247
19,-9,-14,25.258662
2,3,1,3.741657
8,22,24,33.526109
34,2,6,34.583233
13,10,-13,20.928450
-6,-12,4,14.000000
18,-1,19,26.191602
-30,-18,-4,35.213634
-12,-12,-36,39.799497
-18,-12,-8,23.065125
-4,34,-44,55.749439
6,21,-17,27.676705
-3,-14,5,15.165751
8,-28,6,29.732137
36,8,-24,44.000000
1,-12,-11,16.309506
-28,13,13,33.496268
-7,-36,13,38.910153
5,26,-39,47.138095
17,-11,18,27.092434
-9,-4,5,11.045361
13,10,-3,16.673332
9,10,11,17.378147
5,30,9,31.717503
-33,1,10,34.496377
9,7,-10,15.165751
-11,-31,8,33.852622
24,-6,2,24.819347
-6,-19,3,20.149442
-43,5,-4,43.474130
2,-20,-12,23.409400
0,4,22,22.360680
-9,21,-16,27.892651
-1,-13,-2,13.190906
12,-10,-10,18.547237
16,-22,28,39.038443
16,-5,-25,30.099834
-35,5,24,42.731721
-15,-25,-22,36.523965
12,18,-18,28.142495
12,-11,17,23.537205
18,-31,39,52.971691
-22,-20,-4,30.000000
-29,27,4,39.824616
17,-38,-23,47.560488
20,17,13,29.291637
14,-23,1,26.944387
-16,-7,7,18.814888
-15,-21,-2,25.884358
9,21,-4,23.194827
-34,40,6,52.839379
6,8,14,17.204651
15,-1,10,18.055470
7,2,13,14.899664
-9,5,10,14.352700
7,-10,-13,17.832555
2,5,-25,25.573424
-10,-4,-22,24.494897
-31,-14,-31,46.021734
18,-22,10,30.133038
-12,0,-24,26.832816
-41,13,8,43.749286
23,-7,24,33.970576
-11,17,14,24.617067
14,8,16,22.715633
-43,-8,-7,44.294469
-12,-51,9,53.160135
-11,33,-24,42.261093
-9,17,-12,22.671568
-16,-20,-12,28.284271
-22,6,4,23.151674
-7,-16,-15,23.021729
10,-29,-1,30.692019
-15,11,-2,18.708287
27,3,-12,29.698485
2,-31,9,32.341923
-1,3,14,14.352700
-4,-48,2,48.207883
5,-12,-3,13.341664
14,-13,15,24.289916
34,23,19,45.232732
35,-12,-21,42.544095
-12,-2,4,12.806248
9,15,8,19.235384
6,-3,-43,43.520110
19,-11,0,21.954498
-20,6,8,22.360680
-35,20,-5,40.620192
-16,11,9,21.400935
-28,-15,17,36.027767
-4,-4,2,6.000000
47,-11,16,50.852729
22,16,12,29.732137
-23,13,-16,30.886890
4,19,-5,20.049938
20,15,-11,27.313001
-1,-23,16,28.035692
-3,7,16,17.720045
6,-12,8,15.620499
12,19,37,43.289722
-28,-32,2,42.567593
7,6,-5,10.488088
-25,-16,-11,31.654384
25,-2,15,29.223278
25,28,-11,39.115214
-4,8,-14,16.613248
5,-3,8,9.899495
-9,42,-13,44.877611
38,-19,17,45.760245
-24,0,0,24.000000
12,0,4,12.649111
19,17,-22,33.674916
12,11,-9,18.601075
13,-20,-25,34.554305
-4,-26,10,28.142495
-1,-4,7,8.124038
-24,-15,1,28.319605
41,-1,-8,41.785165
30,-47,1,55.767374
0,-8,18,19.697716
26,2,-24,35.440090
48,0,2,48.041649
2,-32,24,40.049969
2,-37,7,37.709415
-7,-16,15,23.021729
16,-7,-15,23.021729
-11,8,11,17.492856
-7,-3,-12,14.212670
2,-12,-10,15.748016
-19,-3,-18,26.343880
-6,7,15,17.606817
-11,18,-9,22.934690
-44,5,-3,44.384682
-3,8,5,9.899495
16,10,-16,24.738634
-20,9,1,21.954498
4,11,-21,24.041631
-15,-10,-9,20.149442
15,-10,-9,20.149442
18,-2,-16,24.166092
19,14,-25,34.380227
0,-14,-12,18.439089
-7,1,0,7.071068
6,-20,6,21.725561
14,7,15,21.679483
-3,-20,11,23.021729
-33,-20,1,38.600518
1,28,-19,33.852622
3,-2,-43,43.150898
-18,-4,12,22.000000
6,1,15,16.186414
-13,20,1,23.874673
-22,16,6,27.856777
15,-9,-12,21.213203
24,1,-7,25.019992
5,-20,-1,20.639767
-3,12,-5,13.341664
10,-1,-5,11.224972
2,-1,7,7.348469
28,-16,0,32.249031
1,6,-5,7.874008
-7,3,8,11.045361
-24,-22,14,35.440090
-15,1,-28,31.780497
29,4,-3,29.427878
27,28,-3,39.012818
-27,15,-6,31.464265
30,-4,22,37.416574
18,-13,29,36.523965
13,20,-7,24.859606
12,-21,13,27.459060
6,6,32,33.105891
12,-25,3,27.892651
1,8,-13,15.297059
-2,-4,6,7.483315
13,31,10,35.071356
-1,-18,5,18.708287
8,26,-4,27.495454
-14,17,15,26.645825
-9,3,4,10.295630
-26,3,-1,26.191602
26,0,12,28.635642
-10,1,-1,10.099505
35,-15,18,42.118879
-2,0,-18,18.110770
3,-6,-3,7.348469
-23,-44,-27,56.515485
-27,15,-18,35.749126
-11,6,5,13.490738
1,8,7,10.677078
-27,-17,-28,42.449971
15,28,-17,36.027767
22,0,14,26.076810
-10,-20,20,30.000000
-13,-15,32,37.656341
13,0,-3,13.341664
-2,6,-6,8.717798
-16,12,32,37.735925
13,6,-3,14.628739
-10,-20,0,22.360680
25,27,2,36.851052
-13,-10,-1,16.431677
-8,18,6,20.591260
-1,-12,23,25.961510
7,15,56,58.395205
7,30,15,34.263683
41,-8,-3,41.880783
3,-4,15,15.811388
6,8,-6,11.661904
22,-14,4,26.381812
20,-10,-12,25.377155
24,-10,18,31.622777
19,1,-4,19.442222
-7,-6,-11,14.352700
-2,10,-18,20.688161
-30,8,-18,35.888717
19,9,-22,30.430248
-17,19,18,31.208973
10,-32,-14,36.331804
19,14,-5,24.124676
13,-5,-54,55.767374
-24,-18,-2,30.066593
23,7,2,24.124676
19,-17,-16,30.099834
-5,-28,-35,45.099889
5,3,12,13.341664
-29,-4,-1,29.291637
-3,9,18,20.346990
-30,5,25,39.370039
-11,-11,-10,18.493242
-36,-9,19,41.689327
-17,9,26,32.341923
4,-22,12,25.377155
9,-46,-9,47.728398
14,8,-6,17.204651
20,29,-11,36.905284
-23,-9,32,40.422766
-26,-26,-22,42.848571
-12,27,15,33.136083
-17,28,-15,36.027767
-14,-20,-24,34.234486
-15,19,-4,24.535688
12,-2,10,15.748016
22,-18,-28,39.899875
13,-16,-21,29.427878
-4,15,-7,17.029386
45,-17,-18,51.361464
1,6,3,6.782330
-12,25,3,27.892651
34,21,5,40.274061
-20,22,16,33.763886
-4,-2,2,4.898979
39,-7,-12,41.400483
-7,-10,19,22.583180
-18,-8,0,19.697716
-3,2,23,23.280893
-13,3,12,17.944358
3,24,37,44.204072
16,-13,-35,40.620192
-10,-17,-7,20.928450
-5,-10,27,29.223278
78,6,12,79.145436
-25,-16,-17,34.205263
23,-32,-1,39.420807
-19,-17,46,52.592775
-21,-1,0,21.023796
0,10,-34,35.440090
14,5,13,19.748418
0,10,10,14.142136
13,-2,-17,21.494185
-41,49,-22,67.572184
9,40,-9,41.976184
-27,2,7,27.964263
-29,19,28,44.564560
-17,17,28,36.905284
41,-12,-1,42.731721
7,27,-16,32.155870
-17,5,-26,31.464265
-1,0,7,7.071068
14,-4,-12,18.867962
17,12,-3,21.023796
-11,-15,-16,24.535688
17,-23,-14,31.843367
-4,19,25,31.654384
21,10,9,24.939928
-16,-3,7,17.720045
-1,-25,-4,25.337719
3,-13,6,14.628739
-5,3,2,6.164414
11,6,19,22.759613
-10,22,30,38.522721
29,18,1,34.146742
-16,8,44,47.497368
-33,-9,2,34.263683
9,22,-25,34.496377
6,-17,5,18.708287
-20,-21,-17,33.615473
2,-15,5,15.937377
-21,-18,11,29.765752
-18,23,-11,31.208973
-8,8,-2,11.489125
-1,-12,9,15.033296
38,29,-5,48.062459
-4,14,-18,23.151674
-18,-42,16,48.414874
18,24,-14,33.105891
-35,18,-19,43.703547
-6,10,2,11.832160
-6,11,-13,18.055470
11,10,5,15.684387
14,19,15,27.964263
-34,22,-12,42.237424
2,-7,23,24.124676
-31,-24,-5,39.522146
-20,-34,2,39.496835
-21,-6,-5,22.405357
-3,35,-42,54.753995
-21,-34,3,40.074930
-1,13,12,17.720045
35,-3,16,38.600518
-1,8,9,12.083046
-4,2,0,4.472136
2,-11,51,52.211110
1,17,2,17.146428
-9,-1,-14,16.673332
-18,6,-12,22.449944
5,19,0,19.646883
-23,10,9,26.645825
8,14,4,16.613248
28,12,-16,34.409301
31,-32,11,45.891176
-9,33,8,35.128336
-9,-30,-7,32.093613
-5,-26,3,26.645825
-16,-4,-10,19.287302
1,-27,64,69.469418
7,1,2,7.348469
79,10,5,79.787217
-28,-13,35,46.669048
-26,6,-8,27.856777
-35,8,-15,38.910153
5,19,-18,26.645825
1,9,24,25.651511
-11,-7,54,55.551778
-1,-32,-15,35.355339
25,31,26,47.560488
-1,10,-3,10.488088
-17,20,-33,42.166337
16,12,-22,29.732137
32,-6,-14,35.440090
-38,8,16,42.000000
-10,4,14,17.663522
-5,25,16,30.099834
-27,24,1,36.138622
7,-11,-2,13.190906
-6,3,29,29.765752
16,-3,-13,20.832667
-13,-9,22,27.092434
25,-10,-11,29.086079
3,13,6,14.628739
-2,-3,11,11.575837
3,-1,32,32.155870
-6,8,-18,20.591260
16,5,7,18.165902
-10,19,41,46.281746
-15,-10,29,34.146742
9,12,3,15.297059
-13,-7,38,40.767634
-10,13,41,44.158804
-36,-5,1,36.359318
13,-2,35,37.389838
42,-46,-12,63.435006
17,-22,-17,32.588341
21,-8,11,25.019992
7,-15,-16,23.021729
-10,-26,-34,43.954522
-28,13,15,34.322005
-6,28,-12,31.048349
22,-8,16,28.354894
-12,0,22,25.059928
-2,-3,-37,37.175261
4,17,-21,27.313001
28,11,-1,30.099834
-5,-37,-10,38.652296
-9,16,7,19.646883
-24,-21,1,31.906112
-9,6,3,11.224972
24,16,-14,32.062439
0,-21,9,22.847319
-7,-14,-23,27.820855
3,-6,21,22.045408
-10,19,13,25.099801
14,13,-7,20.346990
-4,-1,3,5.099020
-35,26,17,46.797436
-24,-3,23,33.376639
48,21,-7,52.858301
6,14,-14,20.688161
8,-28,30,41.809090
-3,-1,-2,3.741657
20,-20,-26,38.418745
7,8,7,12.727922
10,-1,19,21.494185
-15,-6,15,22.045408
-11,10,-19,24.124676
-18,0,4,18.439089
-20,-4,6,21.260292
-4,10,-28,30.000000
-11,-11,12,19.646883
2,9,7,11.575837
47,-9,4,48.020829
-10,-20,-8,23.748684
-14,16,12,24.413111
7,1,-28,28.879058
12,37,-7,39.522146
-24,-21,-25,40.521599
-30,4,8,31.304952
19,41,30,54.240206
17,-26,-13,33.674916
-15,31,2,34.496377
3,31,-48,57.218878
15,10,25,30.822070
32,-13,-1,34.554305
13,19,-10,25.099801
27,-28,-13,41.012193
-4,-20,-2,20.493902
-3,6,3,7.348469
11,-15,-34,38.755645
-14,4,-6,15.748016
-6,8,42,43.174066
-3,10,11,15.165751
2,-13,-7,14.899664
-10,6,4,12.328828
-24,37,7,44.654227
-21,-21,6,30.298515
2,11,3,11.575837
-19,-16,5,25.337719
1,-14,3,14.352700
27,18,7,33.196385
-15,5,42,44.877611
12,5,1,13.038405
-15,7,14,21.679483
0,-49,5,49.254441
-6,13,-21,25.416530
12,8,-4,14.966630
-11,4,-7,13.638182
-6,-6,-14,16.370706
-13,-39,0,41.109610
11,-6,-7,14.352700
-9,-35,-28,45.716518
5,-5,-14,15.684387
21,9,-6,23.622024
-14,24,4,28.071338
1,24,1,24.041631
-7,6,-25,26.645825
12,37,3,39.012818
22,3,-1,22.226111
22,19,-1,29.086079
15,13,-12,23.194827
-11,5,12,17.029386
6,8,-38,39.293765
-16,-3,-3,16.552945
38,29,-27,54.899909
-3,3,-24,24.372115
-6,8,-6,11.661904
19,-4,-33,38.288379
-23,-10,25,35.411862
15,-23,-10,29.223278
-7,39,-28,48.518038
-14,-3,-19,23.790755
10,20,-18,28.705400
-28,-6,2,28.705400
4,-45,5,45.453273
-1,-3,-20,20.248457
32,11,-17,37.868192
-36,3,-11,37.762415
-10,17,-9,21.679483
-13,9,8,17.720045
14,-52,-18,56.780278
-24,9,9,27.166155
13,-13,4,18.814888
0,-3,-9,9.486833
40,2,-12,41.809090
6,28,-12,31.048349
3,35,-4,35.355339
-1,6,19,19.949937
-16,-12,-30,36.055513
-11,-20,27,35.355339
-15,19,10,26.191602
37,-32,-39,62.561969
0,-4,4,5.656854
-9,27,-16,32.649655
-8,23,-5,24.859606
-11,-3,-14,18.055470
22,-6,24,33.105891
19,-21,14,31.591138
35,7,4,35.916570
12,-13,11,20.832667
9,-22,-33,40.669399
-2,10,6,11.832160
-35,12,-1,37.013511
-44,34,24,60.564016
22,-7,-3,23.280893
11,-3,-14,18.055470
-7,-15,12,20.445048
-4,-3,-9,10.295630
15,-4,31,34.669872
-18,7,-5,19.949937
-9,8,-21,24.207437
-15,4,-7,17.029386
22,-13,-15,29.631065
8,-10,36,38.209946
16,-8,26,31.559468
29,6,-1,29.631065
27,38,-3,46.711883
5,8,-19,21.213203
-10,-1,-9,13.490738
-23,23,-10,34.029399
0,5,27,27.459060
-32,24,16,43.081318
-12,25,-11,29.832868
-24,-7,-7,25.961510
10,-2,10,14.282857
-5,1,10,11.224972
-7,-2,1,7.348469
20,19,3,27.748874
-11,3,4,12.083046
-48,-1,11,49.254441
-14,29,-15,35.524639
5,33,4,33.615473
-10,3,29,30.822070
-15,-3,-28,31.906112
-46,22,0,50.990195
2,18,10,20.688161
-25,-9,42,49.699095
-12,10,34,37.416574
-13,-19,-16,28.035692
-2,-21,23,31.208973
45,-23,-8,51.166395
-3,10,-31,32.710854
-5,6,-11,13.490738
-23,-24,3,33.376639
13,31,0,33.615473
0,-14,2,14.142136
-14,10,26,31.176915
17,-3,-12,21.023796
22,-39,9,45.672749
-2,-15,-5,15.937377
10,24,12,28.635642
23,-7,10,26.038433
-10,-21,-3,23.452079
12,-6,2,13.564660
-5,7,-58,58.634461
-20,-9,5,22.494444
28,13,13,33.496268
40,-9,-5,41.303753
-25,10,13,29.899833
14,-9,-23,28.390139
29,-16,7,33.852622
13,14,3,19.339080
4,-30,-2,30.331502
7,11,-14,19.131126
11,-26,1,28.248894
28,-7,5,29.291637
10,-10,18,22.891046
-1,-1,0,1.414214
-15,7,8,18.384776
-1,7,-12,13.928388
-29,-3,14,32.341923
28,5,-5,28.879058
-4,-8,-8,12.000000
4,-8,-16,18.330303
17,42,-15,47.728398
4,2,12,12.806248
23,14,-21,34.146742
11,-1,-2,11.224972
-9,15,-32,36.469165
-9,32,29,44.113490
-16,15,21,30.364453
11,22,-5,25.099801
32,-5,-1,32.403703
7,13,-24,28.178006
36,1,5,36.359318
-21,14,-37,44.788391
-5,5,12,13.928388
14,15,15,25.416530
-8,16,12,21.540659
4,43,7,43.749286
10,-28,-10,31.368774
-16,19,-1,24.859606
27,-15,10,32.465366
-35,6,17,39.370039
6,-16,12,20.880613
6,-34,16,38.052595
6,4,14,15.748016
-2,-22,-8,23.494680
2,15,-23,27.531800
28,-9,21,36.138622
-13,-3,-16,20.832667
-41,-6,15,44.068129
-41,6,35,54.240206
17,-25,18,35.185224
-12,4,-44,45.782093
-19,-18,-19,32.341923
18,6,-26,32.186954
-8,-8,0,11.313708
-37,-15,-20,44.654227
6,23,-27,35.972211
25,32,-21,45.716518
-21,3,-20,29.154759
-11,0,39,40.521599
-4,8,8,12.000000
-6,27,5,28.106939
-8,11,9,16.309506
25,39,2,46.368092
29,-3,-10,30.822070
-38,25,5,45.760245
-33,-22,-15,42.402830
-12,2,14,18.547237
14,-12,-16,24.413111
8,-41,7,42.355637
4,12,2,12.806248
12,-34,-2,36.110940
7,10,-7,14.071247
-39,-40,-7,56.302753
-30,-3,7,30.951575
-17,-14,11,24.617067
11,0,-5,12.083046
11,-17,-12,23.537205
-20,12,32,39.597980
-22,27,-5,35.185224
11,-4,-23,25.806976
-11,11,-4,16.062378
-16,3,-7,17.720045
0,26,10,27.856777
13,25,4,28.460499
3,-13,-24,27.459060
-3,8,31,32.155870
-16,-53,17,57.913729
19,19,10,28.670542
-11,-29,28,41.785165
7,6,27,28.530685
-17,3,42,45.409250
-6,6,-10,13.114877
17,3,24,29.563491
-13,3,-12,17.944358
-9,-2,5,10.488088
16,-6,8,18.867962
-35,18,3,39.471509
-9,15,20,26.570661
-19,-17,24,35.014283
9,-10,13,18.708287
40,-45,-25,65.192024
18,-31,-3,35.972211
40,-20,16,47.497368
-27,-10,-27,39.471509
51,3,22,55.623736
-12,-14,-12,22.000000
-14,13,-23,29.899833
-19,-24,9,31.906112
14,13,-11,22.045408
-2,6,6,8.717798
26,11,-11,30.298515
-1,23,30,37.815341
7,-30,17,35.185224
-5,-17,10,20.346990
5,-16,13,21.213203
-2,20,-8,21.633308
24,2,6,24.819347
15,-7,-16,23.021729
-20,23,13,33.136083
-30,1,11,31.968735
-4,4,16,16.970563
11,-33,8,35.693137
14,-4,16,21.633308
-18,-24,22,37.202150
10,-22,6,24.899799
-35,28,5,45.099889
-2,-16,10,18.973666
-23,-28,-7,36.905284
-5,13,-34,36.742346
-42,7,-21,47.476310
4,4,16,16.970563
-7,-23,2,24.124676
14,-3,9,16.911535
-21,32,5,38.600518
3,4,5,7.071068
-31,13,-8,34.554305
-21,17,-10,28.809721
-21,-26,-11,35.185224
-25,18,-9,32.093613
35,14,7,38.340579
1,6,-5,7.874008
-8,-18,-16,25.377155
-15,-2,-27,30.951575
-5,42,-7,42.871902
16,24,6,29.461840
-15,-15,8,22.671568
-1,11,34,35.749126
-6,-10,-4,12.328828
-2,-20,-6,20.976177
25,-20,11,33.852622
-5,25,-28,37.868192
-8,33,-11,35.693137
-13,-13,-28,33.496268
0,-33,-11,34.785054
1,-5,32,32.403703
-3,15,-6,16.431677
-16,10,4,19.287302
5,13,-2,14.071247
22,13,25,35.749126
1,3,26,26.191602
8,21,-15,27.018512
-25,3,24,34.785054
-1,7,8,10.677078
-16,2,8,18.000000
13,-1,-4,13.638182
-23,-17,4,28.879058
-25,20,-13,34.554305
2,-10,-6,11.832160
-3,-9,2,9.695360
-16,2,-14,21.354157
-9,2,3,9.695360
13,16,21,29.427878
25,6,-3,25.884358
-13,0,3,13.341664
22,-6,22,31.685959
19,0,1,19.026298
6,-21,3,22.045408
-3,3,-26,26.343880
37,-1,-2,37.067506
-11,8,11,17.492856
-3,-48,5,48.352870
10,-4,6,12.328828
0,-8,24,25.298221
-3,3,30,30.298515
-19,-2,5,19.748418
-15,-3,12,19.442222
-25,-2,13,28.248894
27,-6,13,30.561414
3,-50,9,50.892043
-10,-15,27,32.465366
24,5,-1,24.535688
21,16,5,26.870058
28,-21,1,35.014283
20,-2,-10,22.449944
11,3,-2,11.575837
-1,-19,-16,24.859606
-43,3,14,45.321077
9,5,-46,47.138095
-5,41,4,41.496988
-19,44,9,48.764741
-2,-5,15,15.937377
-22,-2,6,22.891046
-10,-5,1,11.224972
-24,21,9,33.136083
11,28,7,30.886890
-32,14,6,35.440090
13,1,8,15.297059
9,-13,12,19.849433
-6,26,12,29.257478
-6,-1,15,16.186414
-15,27,20,36.796739
-16,23,31,41.785165
4,34,-28,44.226689
1,-36,7,36.687873
-25,4,-15,29.427878
14,11,-13,22.045408
-8,-20,-6,22.360680
-7,0,25,25.961510
12,1,-13,17.720045
10,17,-7,20.928450
-36,-23,-39,57.844619
-6,-7,-9,12.884099
29,10,27,40.865633
-9,9,-20,23.706539
-1,-23,-28,36.249138
-10,12,-10,18.547237
-3,30,-7,30.951575
12,-14,8,20.099751
26,-23,11,36.414283
5,8,7,11.747340
10,9,25,28.390139
15,34,-31,48.394215
13,1,-4,13.638182
-10,37,-19,42.778499
30,10,-36,47.916594
-7,10,25,27.820855
10,-18,-6,21.447611
-2,18,40,43.908997
-23,-4,-15,27.748874
-25,-1,-4,25.337719
-16,21,-11,28.600699
44,27,-21,55.731499
16,19,-1,24.859606
14,-22,0,26.076810
-10,8,6,14.142136
-2,-14,4,14.696938
-2,-3,23,23.280893
-23,16,-3,28.178006
20,14,32,40.249224
3,12,11,16.552945
-3,11,4,12.083046
10,11,-5,15.684387
5,-23,2,23.622024
28,-14,-22,38.262253
9,20,-19,29.017236
-21,-7,-4,22.494444
-18,-27,-3,32.588341
1,2,-1,2.449490
1,-9,-20,21.954498
5,6,-7,10.488088
29,11,20,36.905284
10,11,5,15.684387
-14,4,-6,15.748016
-16,-39,-5,42.449971
-11,-3,-2,11.575837
-11,-3,36,37.762415
-2,2,-6,6.633250
-2,-10,8,12.961481
-22,-3,13,25.729361
11,-5,-8,14.491377
-26,-31,33,52.211110
-6,15,-13,20.736441
22,-6,6,23.579652
20,11,-21,31.016125
17,-26,-5,31.464265
3,-22,-11,24.779023
13,0,19,23.021729
-13,17,-6,22.226111
-20,25,25,40.620192
-12,-37,-35,52.325902
-11,1,-36,37.656341
9,15,30,34.727511
45,-22,1,50.099900
-28,3,-5,28.600699
25,-8,9,27.748874
-16,-2,42,44.988888
25,-11,-36,45.188494
-26,24,-20,40.644803
5,-8,35,36.249138
1,2,13,13.190906
16,7,-5,18.165902
14,33,27,44.877611
19,-3,-16,25.019992
-20,0,0,20.000000
5,10,25,27.386128
-13,-9,14,21.118712
-16,25,15,33.256578
9,-18,23,30.561414
1,-21,-8,22.494444
-11,2,-33,34.842503
4,1,-11,11.747340
41,-6,11,42.871902
-3,1,20,20.248457
-26,16,40,50.318983
9,-22,-1,23.790755
7,5,-14,16.431677
27,-16,35,47.010637
-8,6,6,11.661904
-5,9,-10,14.352700
7,1,2,7.348469
7,0,17,18.384776
-3,1,-20,20.248457
4,-10,-16,19.287302
16,-34,-4,37.788887
15,-8,-3,17.262677
-15,26,7,30.822070
-14,6,16,22.090722
-8,6,8,12.806248
28,10,-28,40.841156
-8,-9,-7,13.928388
8,-33,-23,41.012193
29,-6,-1,29.631065
-32,-24,-24,46.647615
23,4,-7,24.372115
-4,7,-5,9.486833
-13,-8,29,32.771939
-34,-23,15,43.703547
-17,-7,-22,28.670542
-17,2,-7,18.493242
7,-21,-22,31.208973
48,10,48,68.614867
-14,-27,13,33.075671
-23,-22,-9,33.075671
-17,-4,9,19.646883
26,15,17,34.496377
6,-1,1,6.164414
23,-4,23,32.771939
-29,21,-28,45.453273
-7,9,14,18.055470
-28,-19,11,35.580894
10,15,-15,23.452079
7,31,32,45.099889
-9,11,34,36.851052
-17,1,-2,17.146428
26,42,12,50.833060
4,-18,-24,30.265492
-24,-1,-1,24.041631
-5,19,12,23.021729
22,-14,12,28.705400
0,-26,-2,26.076810
-32,-29,13,45.099889
1,-10,31,32.588341
-13,8,-27,31.016125
12,-21,7,25.179357
-22,16,0,27.202941
27,-3,-12,29.698485
-4,3,11,12.083046
3,12,19,22.671568
2,12,16,20.099751
-10,15,3,18.275667
-10,-14,-2,17.320508
-12,21,-1,24.207437
2,-23,-1,23.108440
10,0,-8,12.806248
-24,4,20,31.496031
4,12,-24,27.129320
6,2,36,36.551334
38,19,39,57.671483
1,12,7,13.928388
19,-17,24,35.014283
0,8,-14,16.124515
23,-4,-17,28.879058
-14,12,40,44.045431
-30,42,-14,53.478968
18,-27,-23,39.774364
-7,-8,-1,10.677078
-49,-22,39,66.377707
10,-16,-8,20.493902
-26,-25,-1,36.083237
10,5,-3,11.575837
-1,8,29,30.099834
-7,-4,13,15.297059
-11,-20,1,22.847319
-4,2,-8,9.165151
0,24,12,26.832816
18,17,-5,25.258662
6,11,7,14.352700
-28,-19,1,33.852622
5,23,14,27.386128
38,-3,-19,42.591079
-12,13,-17,24.535688
12,9,7,16.552945
-11,16,-17,25.806976
0,30,6,30.594117
-2,-19,7,20.346990
-20,-22,6,30.331502
-3,7,-6,9.695360
2,23,13,26.495283
13,-49,6,51.048996
2,-11,5,12.247449
-2,13,7,14.899664
-18,-18,-10,27.349589
-11,3,14,18.055470
-20,-23,-37,47.937459
-18,-13,15,26.795522
-21,-17,-30,40.373258
23,-10,-27,36.851052
-42,-9,5,43.243497
-15,-8,3,17.262677
-17,-5,-14,22.583180
7,-8,21,23.537205
6,-20,-2,20.976177
5,-12,-17,21.400935
38,12,26,47.581509
-9,-4,33,34.438351
-31,19,4,36.578682
2,7,9,11.575837
16,-11,-43,47.180504
-14,-20,-22,32.863353
-3,-17,-8,19.026298
12,-19,23,32.155870
2,-5,3,6.164414
11,-11,-20,25.337719
-18,14,-4,23.151674
11,-2,-19,22.045408
-23,-12,-21,33.376639
45,-31,10,55.551778
4,9,17,19.646883
-28,-7,17,33.496268
-33,-11,-12,36.796739
-3,5,4,7.071068
-18,-1,-25,30.822070
13,-8,35,38.183766
-32,10,-12,35.608988
17,-2,-17,24.124676
-7,-1,36,36.687873
-8,-30,-8,32.062439
36,-16,0,39.395431
5,22,11,25.099801
-43,-22,17,51.205468
-15,-11,16,24.535688
-5,0,37,37.336309
-14,1,43,45.232732
-25,-2,-21,32.710854
-31,-17,-2,35.411862
6,-1,3,6.782330
38,-1,13,40.174619
-8,-7,35,36.578682
15,-10,3,18.275667
-13,0,15,19.849433
-42,2,2,42.095130
13,3,16,20.832667
24,23,21,39.319207
17,16,21,31.400637
-14,17,-9,23.790755
-7,-1,-4,8.124038
4,-10,-8,13.416408
-31,-11,-20,38.496753
-1,-6,-15,16.186414
36,17,7,40.422766
13,14,-11,22.045408
-16,-11,17,25.806976
-6,7,37,38.131352
-1,11,-20,22.847319
12,-11,-5,17.029386
11,-23,-18,31.208973
28,25,11,39.115214
-4,31,-33,45.453273
26,-1,9,27.531800
46,-15,-3,48.476799
-20,0,-14,24.413111
9,0,13,15.811388
-4,10,-30,31.874755
37,16,-15,43.011626
8,0,-8,11.313708
-14,-36,26,46.561787
13,24,5,27.748874
5,-15,-34,37.496667
9,-5,0,10.295630
-14,3,9,16.911535
-24,-3,29,37.762415
-2,6,-4,7.483315
-7,-4,3,8.602325
3,-3,10,10.862780
15,16,-7,23.021729
8,-6,4,10.770330
3,-11,20,23.021729
6,-3,-5,8.366600
-20,8,0,21.540659
-8,3,-9,12.409674
-17,-12,37,42.449971
13,2,25,28.248894
25,46,25,58.017239
5,-10,3,11.575837
-49,-8,-17,52.478567
-15,6,-5,16.911535
-11,-15,10,21.118712
-11,-1,2,11.224972
-34,-11,-1,35.749126
-7,-22,-11,25.573424
-10,-4,0,10.770330
7,13,22,26.495283
-9,-14,17,23.790755
22,-38,28,52.076866
7,12,25,28.600699
13,-5,14,19.748418
7,-29,12,32.155870
0,15,-3,15.297059
-13,-18,-21,30.561414
-28,-29,1,40.323690
24,18,38,48.414874
3,6,-29,29.765752
-29,3,-18,34.263683
-21,13,-4,25.019992
12,-4,-8,14.966630
-7,-19,2,20.346990
-13,-5,-8,16.062378
-6,2,4,7.483315
-5,3,2,6.164414
-13,1,42,43.977267
5,-10,-7,13.190906
23,8,25,34.899857
-18,-31,-23,42.591079
15,6,-3,16.431677
13,-24,25,37.013511
4,32,-12,34.409301
-6,-23,-11,26.191602
10,17,41,45.497253
23,11,12,28.178006
-3,4,-21,21.587033
0,-12,14,18.439089
-22,9,-31,39.064050
-4,10,8,13.416408
-8,20,30,36.932371
-21,-19,-16,32.526912
15,-1,-8,17.029386
24,8,12,28.000000
12,15,17,25.651511
-1,10,21,23.280893
-2,-22,4,22.449944
-22,-9,17,29.223278
38,-10,-8,40.099875
10,-20,-20,30.000000
0,-23,13,26.419690
10,21,23,32.710854
26,14,38,48.124838
-14,14,-8,21.354157
9,58,11,59.715995
-50,30,12,59.531504
-40,-13,9,43.011626
-9,-3,-4,10.295630
34,15,19,41.737274
26,39,1,46.882833
-3,13,26,29.223278
4,-39,11,40.718546
-26,24,20,40.644803
30,20,12,38.000000
35,-5,-32,47.686476
37,-20,-37,56.017854
9,18,29,35.298725
3,-31,28,41.880783
-5,-53,0,53.235327
-19,-19,24,36.027767
15,9,8,19.235384
-13,-13,-2,18.493242
-10,-30,-18,36.386811
-3,-19,-24,30.757113
1,7,6,9.273618
10,3,15,18.275667
11,-9,26,29.631065
24,8,14,28.913665
-1,31,22,38.026307
-16,-3,9,18.601075
-20,2,20,28.354894
33,4,-25,41.593269
-7,18,5,19.949937
-4,6,22,23.151674
19,37,-32,52.478567
-27,13,16,33.970576
-24,-25,-7,35.355339
2,8,8,11.489125
14,-4,18,23.151674
-4,-3,-31,31.400637
-4,-27,-1,27.313001
-35,-25,6,43.428102
-1,-17,-18,24.779023
-18,3,-49,52.287666
-2,1,13,13.190906
6,-22,-10,24.899799
-10,-9,-1,13.490738
-43,11,28,52.478567
13,23,40,47.937459
28,40,8,49.477268
-19,-20,-7,28.460499
19,29,16,38.183766
-22,5,3,22.759613
2,40,-12,41.809090
12,18,-4,22.000000
17,-12,19,28.178006
23,13,6,27.092434
-8,18,8,21.260292
0,-1,39,39.012818
3,3,2,4.690416
24,9,-23,34.438351
-4,6,8,10.770330
27,-4,-19,33.256578
-11,-16,-31,36.578682
18,-7,7,20.542639
23,-17,26,38.652296
14,9,29,33.436507
-12,0,-8,14.422205
29,-18,-15,37.282704
17,-13,10,23.622024
18,23,-15,32.832910
7,-15,-34,37.815341
2,17,-3,17.378147
4,0,-36,36.221541
15,-25,-16,33.256578
-5,16,-1,16.792856
40,20,2,44.766059
-11,9,-16,21.400935
4,13,-19,23.366643
-19,-26,27,42.023803
-16,5,-25,30.099834
-10,-26,0,27.856777
8,9,-7,13.928388
-43,-3,-14,45.321077
-12,-1,-19,22.494444
-33,-25,0,41.400483
-33,26,1,42.023803
-20,-6,10,23.151674
-13,7,34,37.067506
21,-2,41,46.108568
39,22,-25,51.283526
-15,-24,15,32.031235
47,-24,5,53.009433
-10,-16,4,19.287302
28,12,4,30.724583
11,29,16,34.899857
-13,20,11,26.267851
-19,-9,-8,22.494444
-15,-3,2,15.427249
-14,-14,12,23.151674
14,13,19,26.944387
21,-20,-37,47.010637
7,24,43,49.739320
12,-7,3,14.212670
-18,3,23,29.359837
3,-8,1,8.602325
14,-2,-4,14.696938
-17,9,-24,30.757113
31,-10,-21,38.755645
-17,0,35,38.910153
7,-6,17,19.339080
-9,-19,20,29.017236
-13,-28,9,32.155870
4,-32,12,34.409301
6,-7,15,17.606817
-33,12,-3,35.242020
-5,-30,-5,30.822070
8,8,20,22.978251
15,-9,14,22.405357
-11,6,-1,12.569805
0,11,-21,23.706539
14,3,-17,22.226111
-22,-14,12,28.705400
9,27,16,32.649655
3,38,21,43.520110
-4,6,10,12.328828
-4,36,-22,42.379240
-5,-32,-19,37.549967
1,-15,-50,52.211110
12,-52,30,61.220911
13,-13,-18,25.729361
-29,-16,3,33.256578
-39,-25,-2,46.368092
24,-30,16,41.617304
-11,-17,-2,20.346990
-9,-13,8,17.720045
12,1,11,16.309506
-1,-3,24,24.207437
-14,-14,-2,19.899749
19,-24,31,43.566042
1,-37,-8,37.868192
22,6,-20,30.331502
-24,-17,11,31.400637
20,-9,-17,27.748874
2,-10,42,43.220366
7,-18,9,21.307276
-39,-29,40,62.944420
18,10,36,41.472883
-21,6,21,30.298515
17,-15,-14,26.645825
2,-17,-25,30.298515
16,28,8,33.226495
1,-34,-31,46.021734
-21,-25,-20,38.288379
-7,23,10,26.038433
21,-12,21,32.031235
-13,-39,10,42.308392
-33,-8,-11,35.693137
-25,-11,10,29.086079
-17,-40,-1,43.474130
-8,-10,-18,22.090722
34,-15,-23,43.703547
-28,0,-4,28.284271
-19,27,-18,37.603191
0,17,-1,17.029386
4,1,-13,13.638182
15,29,2,32.710854
22,-17,-9,29.223278
12,-29,-1,31.400637
-9,-27,8,29.563491
15,45,4,47.602521
-25,13,32,42.638011
-18,-19,33,42.118879
12,6,-24,27.495454
-14,-6,-12,19.390719
8,22,0,23.409400
-35,5,16,38.807216
13,3,-4,13.928388
16,-33,-17,40.422766
-27,25,18,40.963398
26,9,17,32.341923
12,-17,-5,21.400935
12,-5,7,14.764823
-4,-20,-14,24.738634
0,-23,-9,24.698178
4,8,-22,23.748684
-7,-22,-7,24.124676
19,12,-25,33.615473
-13,12,27,32.280025
-16,31,15,37.973675
35,8,-7,36.578682
12,54,-10,56.213877
-20,18,-14,30.331502
11,-1,2,11.224972
2,10,-2,10.392305
-28,-3,3,28.319605
-36,-17,-1,39.824616
9,-30,27,41.352146
9,3,14,16.911535
-5,-9,14,17.378147
-25,1,0,25.019992
4,-27,-15,31.144823
16,-8,-14,22.715633
1,-32,15,35.355339
51,-10,39,64.976919
-31,20,23,43.474130
4,7,-1,8.124038
23,12,-3,26.115130
2,-44,-34,55.641711
1,27,-22,34.842503
-34,-25,3,42.308392
4,-22,-22,31.368774
6,10,10,15.362291
1,38,15,40.865633
-33,-1,-20,38.600518
-45,46,-23,68.337398
5,1,18,18.708287
17,10,-1,19.748418
11,-23,6,26.191602
27,21,10,35.637059
27,20,19,38.600518
0,-7,-17,18.384776
-22,-24,-14,35.440090
-17,7,4,18.814888
15,-32,-7,36.027767
-20,-11,5,23.366643
-6,29,13,32.341923
6,-7,-9,12.884099
-20,-8,-4,21.908902
19,-5,4,20.049938
-3,-13,12,17.944358
-29,-10,-37,48.062459
7,-35,12,37.656341
-14,-2,20,24.494897
-1,9,-4,9.899495
-8,-18,10,22.090722
26,-16,-4,30.789609
18,-18,24,34.985711
-17,7,30,35.185224
30,-1,13,32.710854
42,-18,10,46.776062
-3,-6,25,25.884358
7,6,-1,9.273618
10,6,0,11.661904
8,-3,13,15.556349
9,12,-29,32.649655
4,-37,1,37.229021
-11,-27,-30,41.833001
4,-7,3,8.602325
20,9,-7,23.021729
-30,-8,0,31.048349
-2,-30,-42,51.652686
3,-1,4,5.099020
20,-1,5,20.639767
-15,9,-24,29.698485
-7,-30,-9,32.093613
18,33,25,45.144213
13,-30,-7,33.436507
-27,-24,-1,36.138622
-27,-18,-3,32.588341
22,-9,-7,24.779023
-14,24,-8,28.913665
1,3,2,3.741657
-7,-8,5,11.747340
-12,-27,-1,29.563491
7,1,24,25.019992
-11,-6,-7,14.352700
10,7,3,12.569805
28,15,-1,31.780497
-8,-24,-42,49.030603
13,11,2,17.146428
29,-7,-24,38.288379
13,-10,21,26.645825
34,6,34,48.456166
19,1,-10,21.494185
5,17,-26,31.464265
32,-17,-21,41.880783
16,10,28,33.763886
-9,0,-17,19.235384
-9,-6,13,16.911535
-5,13,42,44.249294
-28,15,13,34.322005
4,5,-17,18.165902
-3,-6,-21,22.045408
-3,-11,-16,19.646883
12,21,13,27.459060
-4,28,20,34.641016
7,10,9,15.165751
-17,27,32,45.188494
11,12,41,44.113490
-5,-19,-60,63.134776
-34,-28,16,46.861498
2,-9,51,51.826634
-15,-5,-6,16.911535
31,20,7,37.549967
20,19,29,40.024992
-14,25,-1,28.670542
0,3,29,29.154759
-8,24,-22,33.526109
9,-1,28,29.427878
-3,16,19,25.019992
7,1,-22,23.108440
-10,1,15,18.055470
-29,-17,32,46.411206
-11,-51,-14,54.018515
41,-12,25,49.497475
5,43,-30,52.668776
-10,-5,31,32.954514
-20,13,5,24.372115
-9,6,1,10.862780
-13,-17,-2,21.494185
-15,-16,-7,23.021729
-25,-10,15,30.822070
-5,-9,-12,15.811388
-3,-29,12,31.527766
1,-35,22,41.352146
1,-11,-18,21.118712
-29,1,-14,32.218007
19,1,20,27.604347
-6,-5,-7,10.488088
16,-9,9,20.445048
2,-16,10,18.973666
1,13,-6,14.352700
-23,18,19,34.842503
-14,-11,-41,44.698993
3,-8,-35,36.027767
-4,4,18,18.867962
-23,-27,-12,37.443290
3,26,-15,30.166206
-9,11,-18,22.934690
3,12,1,12.409674
-18,-9,1,20.149442
-17,-24,27,39.924930
-20,-10,48,52.952809
-42,30,24,56.920998
6,9,-33,34.727511
-32,-13,1,34.554305
18,13,3,22.405357
37,-10,9,39.370039
14,1,-3,14.352700
35,-18,-13,41.448764
8,-4,12,14.966630
-3,-30,9,31.464265
7,0,11,13.038405
26,-2,-6,26.758176
8,7,-5,11.747340
29,-5,18,34.496377
0,14,-8,16.124515
-18,35,13,41.448764
11,-1,34,35.749126
-6,35,-5,35.860842
16,1,-5,16.792856
-8,-7,-25,27.166155
3,-19,8,20.832667
-5,-19,-8,21.213203
35,23,14,44.158804
4,19,-3,19.646883
3,-14,-5,15.165751
-7,-20,7,22.315914
19,-19,8,28.035692
-13,26,15,32.710854
16,1,9,18.384776
15,1,-32,35.355339
5,10,37,38.652296
-8,22,12,26.305893
24,16,-8,29.933259
-2,-8,4,9.165151
-21,-19,-20,34.669872
12,31,21,39.319207
-4,-24,-8,25.612497
-22,1,-9,23.790755
-25,9,2,26.645825
-8,22,-20,30.789609
-28,-3,13,31.016125
-18,16,6,24.819347
3,-8,17,19.026298
9,-7,12,16.552945
13,-20,9,25.495098
-15,-4,3,15.811388
16,6,-2,17.204651
26,35,-3,43.703547
-23,-6,41,47.391982
17,2,21,27.092434
30,-33,-21,49.295030
-2,47,-21,51.516987
-6,-1,-15,16.186414
3,-21,14,25.416530
24,-40,8,47.328638
-6,7,-13,15.937377
-12,-21,7,25.179357
6,15,-25,29.765752
-2,-7,-3,7.874008
29,-7,-10,31.464265
-14,-13,-9,21.118712
37,14,-19,43.886217
25,14,-17,33.316662
25,-9,-8,27.748874
-23,4,13,26.720778
-15,4,-5,16.309506
20,-12,-6,24.083189
4,0,-16,16.492423
-13,-6,-1,14.352700
3,3,36,36.249138
14,-16,-36,41.809090
10,16,16,24.738634
1,10,-11,14.899664
-6,20,-22,30.331502
-36,8,14,39.446166
-7,9,-18,21.307276
11,-5,26,28.670542
15,20,23,33.970576
4,5,-3,7.071068
31,-4,-15,34.669872
30,-15,3,33.674916
11,-7,-10,16.431677
-14,31,17,38.026307
24,2,-8,25.377155
6,-16,10,19.798990
-3,-16,-3,16.552945
33,-19,34,51.048996
24,2,-6,24.819347
-5,26,-15,30.430248
-19,15,12,27.018512
-31,12,-17,37.336309
-12,17,-5,21.400935
11,13,12,20.832667
10,11,-25,29.086079
-10,0,-16,18.867962
-12,-12,-10,19.697716
-16,11,11,22.315914
-5,-23,-18,29.631065
12,13,-35,39.217343
0,-21,27,34.205263
27,-21,14,36.959437
-6,24,8,26.000000
30,-4,48,56.745044
2,-30,-8,31.112698
8,23,5,24.859606
2,-32,-4,32.310989
23,-9,-16,29.427878
16,14,-12,24.413111
-32,-24,12,41.761226
-5,3,-10,11.575837
-36,17,-3,39.924930
5,22,-37,43.335897
2,-6,-8,10.198039
12,13,-9,19.849433
19,-7,22,29.899833
-48,-16,-24,56.000000
12,-2,8,14.560220
9,-28,-33,44.204072
-18,7,-5,19.949937
-8,-7,9,13.928388
-16,-3,-7,17.720045
16,24,32,43.081318
22,-24,24,40.447497
-10,16,18,26.076810
18,19,19,32.341923
-5,-18,-35,39.673669
-26,-28,12,40.049969
-5,10,-3,11.575837
14,-10,-4,17.663522
-2,16,-30,34.058773
3,-3,-22,22.405357
22,8,6,24.166092
17,0,1,17.029386
1,-35,28,44.833024
18,10,-4,20.976177
-25,3,14,28.809721
21,-11,8,25.019992
23,9,-22,33.075671
-1,-11,16,19.442222
-13,16,-23,30.886890
19,-28,-41,53.160135
12,18,0,21.633308
27,-7,10,29.631065
6,0,-6,8.485281
4,-10,6,12.328828
-7,11,-10,16.431677
11,4,7,13.638182
23,-2,1,23.108440
-18,5,9,20.736441
-3,21,12,24.372115
4,4,12,13.266499
20,-9,-3,22.135944
18,-17,-1,24.779023
39,20,-5,44.113490
-62,9,3,62.721607
1,-5,-12,13.038405
35,0,-9,36.138622
-20,-5,-17,26.720778
-18,4,-16,24.413111
-16,-13,-13,24.372115
15,-22,21,33.911650
-2,10,-2,10.392305
14,2,0,14.142136
-32,-27,27,49.819675
11,-4,27,29.427878
-1,-2,5,5.477226
-21,-17,10,28.809721
-3,-35,26,43.703547
12,-45,-3,46.669048
-15,9,-14,22.405357
2,-19,25,31.464265
30,-59,9,66.798204
-43,1,-16,45.891176
41,21,0,46.065171
-13,-15,4,20.248457
22,-17,-5,28.248894
-12,-3,-5,13.341664
-3,-10,7,12.569805
-7,-12,11,17.720045
-13,-13,-20,27.166155
-32,17,-5,36.578682
-15,17,18,28.948230
19,19,-2,26.944387
21,26,13,35.860842
10,-13,13,20.928450
41,9,-20,46.497312
-30,-14,0,33.105891
-20,-14,2,24.494897
14,-3,35,37.815341
-22,30,0,37.202150
-15,4,3,15.811388
2,16,-6,17.204651
20,-23,17,34.899857
-41,19,10,46.281746
-15,5,12,19.849433
11,1,22,24.617067
33,13,20,40.718546
21,-1,-16,26.419690
-9,15,16,23.706539
14,-13,1,19.131126
-13,-28,33,45.188494
5,16,-15,22.494444
-31,-8,-11,33.852622
9,7,-12,16.552945
-17,10,-37,41.928511
2,29,1,29.086079
26,4,0,26.305893
-13,-16,-5,21.213203
11,21,-10,25.729361
15,7,-28,32.526912
-11,-15,-32,37.013511
23,-2,37,43.611925
15,-19,6,24.939928
0,-15,25,29.154759
7,24,-1,25.019992
23,31,-16,41.785165
-19,-27,-12,35.128336
-6,19,-15,24.939928
4,16,6,17.549929
15,-22,13,29.631065
16,-25,19,35.242020
-31,-6,-5,31.968735
-15,26,-17,34.496377
4,-18,32,36.932371
3,-10,13,16.673332
-11,-32,11,35.580894
14,-4,10,17.663522
33,-19,-4,38.288379
7,6,25,26.645825
-20,3,5,20.832667
-23,17,-30,41.448764
20,-16,42,49.193496
26,-8,-10,28.982753
3,-8,-1,8.602325
-5,-17,4,18.165902
15,-13,-16,25.495098
24,-25,-5,35.014283
12,-24,2,26.907248
-50,-2,-26,56.391489
23,51,16,58.189346
-4,8,-22,23.748684
41,15,6,44.068129
-7,-14,1,15.684387
-20,4,-10,22.715633
-3,20,35,40.422766
-15,-12,15,24.372115
-7,-2,-13,14.899664
22,-33,-17,43.150898
-26,-10,-2,27.928480
3,0,-3,4.242641
8,-9,29,31.400637
12,30,-34,46.904158
20,2,16,25.690465
-25,-32,-1,40.620192
-23,-20,-11,32.403703
3,10,9,13.784049
6,15,3,16.431677
-19,9,-30,36.633318
0,-36,30,46.861498
-2,-17,-23,28.670542
30,-13,-19,37.815341
-8,-27,-21,35.128336
-6,-42,8,43.174066
15,-2,7,16.673332
-1,8,-9,12.083046
-4,9,-19,21.400935
-15,-3,28,31.906112
1,-12,-3,12.409674
-9,13,-16,22.494444
6,-2,18,19.078784
4,-15,3,15.811388
-22,-2,24,32.619013
27,4,-45,52.630789
-16,-28,-2,32.310989
-32,15,25,43.289722
-3,-21,-26,33.555923
1,-8,-15,17.029386
-35,33,-2,48.145612
12,4,6,14.000000
-20,32,-4,37.947332
3,9,-18,20.346990
-9,-29,-36,47.095647
1,28,-9,29.427878
-12,17,27,34.088121
-22,26,8,34.985711
9,-28,-15,33.015148
5,12,-5,13.928388
17,-23,-18,33.793490
27,-12,3,29.698485
24,39,27,53.160135
-14,0,-40,42.379240
14,22,-20,32.863353
-3,25,2,25.258662
-15,-29,4,32.893768
-6,7,45,45.934736
-10,2,40,41.279535
-13,-21,-6,25.416530
1,17,-2,17.146428
3,-3,-8,9.055385
-12,6,6,14.696938
-12,-3,-39,40.914545
4,-11,-9,14.764823
3,-1,-8,8.602325
27,-23,-26,43.977267
-6,24,-8,26.000000
28,16,-2,32.310989
-23,36,-1,42.731721
-8,-7,-1,10.677078
14,-22,6,26.758176
-17,9,14,23.790755
-8,-10,30,32.619013
-4,10,10,14.696938
-31,8,-3,32.155870
31,11,30,44.519659
7,-20,7,22.315914
-13,-8,-9,17.720045
16,15,-25,33.256578
-14,-1,-7,15.684387
-5,8,1,9.486833
14,24,-10,29.529646
24,8,54,59.632206
38,6,26,46.432747
18,-26,-4,31.874755
-47,27,-22,58.497863
4,15,9,17.944358
32,6,-4,32.802439
-14,-16,4,21.633308
-13,9,34,37.496667
55,19,36,68.425142
15,-3,-10,18.275667
-35,-21,-18,44.609416
8,21,-17,28.178006
10,11,17,22.583180
23,-4,5,23.874673
34,8,32,47.370877
12,4,14,18.867962
-28,-10,4,30.000000
-4,-14,30,33.346664
9,-29,20,36.359318
14,-14,-16,25.455844
18,14,-20,30.331502
-8,30,12,33.286634
10,-2,8,12.961481
-1,-12,3,12.409674
30,12,28,42.755117
-15,5,20,25.495098
0,8,-22,23.409400
5,-17,6,18.708287
18,6,-22,29.051678
-26,-12,12,31.048349
5,32,-3,32.526912
-4,-8,26,27.495454
-23,-5,-14,27.386128
19,6,17,26.191602
8,-7,21,23.537205
30,6,4,30.854497
7,13,-4,15.297059
26,-25,9,37.175261
-9,-22,-23,33.075671
-11,25,24,36.359318
0,-41,19,45.188494
24,39,9,46.669048
-44,0,-8,44.721360
42,26,-2,49.436828
31,-3,20,37.013511
-3,18,-39,43.058100
15,5,6,16.911535
0,27,-9,28.460499
20,-29,1,35.242020
-9,-21,-54,58.634461
-7,1,4,8.124038
-22,-25,-3,33.436507
-17,19,14,29.086079
12,-8,-10,17.549929
-16,-19,5,25.337719
-29,45,20,57.148928
7,6,-3,9.695360
2,-2,4,4.898979
-6,12,34,36.551334
2,25,25,35.411862
17,47,14,51.903757
-8,9,-23,25.961510
-14,-3,-21,25.416530
-14,2,6,15.362291
-23,-1,-28,36.249138
22,6,40,46.043458
33,-3,6,33.674916
-11,2,13,17.146428
28,7,-17,33.496268
0,6,12,13.416408
-16,5,-29,33.496268
-17,-22,-1,27.820855
17,39,12,44.204072
33,-3,-4,33.376639
13,-17,4,21.771541
-21,10,1,23.280893
-12,-9,3,15.297059
-8,2,-20,21.633308
9,15,-14,22.405357
25,0,21,32.649655
13,26,3,29.223278
-4,-17,-11,20.639767
1,-19,-14,23.622024
-11,2,3,11.575837
21,-12,7,25.179357
-8,9,-19,22.494444
-21,14,19,31.591138
28,-8,14,32.310989
-2,0,12,12.165525
28,2,-4,28.354894
-14,16,18,27.856777
4,22,14,26.381812
-8,-3,-23,24.535688
2,-2,0,2.828427
9,14,-19,25.258662
-23,-7,44,50.139805
-7,6,-11,14.352700
22,-17,33,43.150898
-2,2,6,6.633250
16,1,17,23.366643
40,-2,50,64.062470
3,10,33,34.612137
-30,-37,19,51.283526
-22,-3,-11,24.779023
-7,48,-5,48.764741
13,12,7,19.026298
10,20,-10,24.494897
-3,-19,-30,35.637059
39,-19,20,47.770284
-8,-16,10,20.493902
10,6,-2,11.832160
-5,11,-2,12.247449
-15,5,2,15.937377
13,7,-20,24.859606
27,12,-27,40.024992
-41,-17,-24,50.457903
-17,19,-36,44.113490
-31,-10,21,38.755645
12,7,27,30.364453
-2,-16,-8,18.000000
1,9,0,9.055385
3,20,7,21.400935
3,-15,-10,18.275667
2,-16,26,30.594117
43,-3,-18,46.711883
13,8,7,16.792856
18,15,9,25.099801
-11,2,7,13.190906
-9,6,-31,32.832910
7,26,11,29.086079
1,0,-1,1.414214
13,36,15,41.109610
8,19,1,20.639767
8,20,16,26.832816
-6,18,16,24.819347
25,-3,-12,27.892651
-16,22,0,27.202941
3,-24,-15,28.460499
4,4,18,18.867962
8,12,42,44.407207
5,14,15,21.118712
0,-13,3,13.341664
-15,11,-16,24.535688
-10,-14,0,17.204651
7,25,-6,26.645825
27,21,0,34.205263
16,-24,20,35.099858
-7,-10,-21,24.289916
3,7,14,15.937377
-55,5,-18,58.086143
11,-6,-43,44.788391
-29,2,3,29.223278
7,0,-1,7.071068
-4,24,-12,27.129320
-61,-5,-20,64.389440
-6,-2,18,19.078784
11,-13,4,17.492856
3,9,-16,18.601075
-7,16,-17,24.372115
-6,-11,-3,12.884099
20,-21,-11,31.016125
2,-20,-22,29.799329
8,28,-18,34.234486
2,-2,4,4.898979
-20,-22,-10,31.368774
-34,-10,16,38.884444
-32,-5,13,34.899857
11,-8,9,16.309506
28,19,13,36.249138
17,4,-7,18.814888
3,23,-18,29.359837
-1,22,1,22.045408
-11,22,-11,26.944387
6,-23,17,29.223278
10,7,33,35.185224
8,6,20,22.360680
3,8,-3,9.055385
17,38,-25,48.559242
2,-29,-3,29.223278
-3,25,20,32.155870
-27,-15,-22,37.920970
-18,6,18,26.153394
11,12,5,17.029386
-11,5,16,20.049938
25,1,18,30.822070
15,-23,-6,28.106939
-34,22,0,40.496913
-14,-41,-13,45.232732
6,-7,-1,9.273618
17,-18,-19,31.208973
-6,3,3,7.348469
24,-15,-29,40.521599
5,9,-2,10.488088
6,11,7,14.352700
15,19,2,24.289916
21,11,12,26.570661
10,-25,15,30.822070
2,3,-1,3.741657
2,-9,-31,32.341923
-4,36,-4,36.441734
24,12,16,31.240999
-37,12,21,44.204072
-2,-8,38,38.884444
-14,-5,-19,24.124676
10,-12,-12,19.697716
6,28,-14,31.874755
19,20,3,27.748874
-22,12,-2,25.139610
26,-8,-6,27.856777
-21,16,17,31.400637
-1,19,-24,30.626786
-18,-22,2,28.495614
34,14,12,38.678159
2,8,26,27.276363
-35,-7,30,46.626173
9,-7,12,16.552945
21,-21,6,30.298515
-18,-12,-4,22.000000
-19,-32,-5,37.549967
10,-20,-2,22.449944
-13,-25,-20,34.554305
30,27,-5,40.669399
-6,11,37,39.064050
13,33,-16,38.910153
17,-15,-6,23.452079
26,-8,24,36.276714
28,-25,-33,49.979996
15,26,-9,31.336879
-5,-18,-1,18.708287
35,-3,8,36.027767
15,17,28,36.027767
0,-4,-10,10.770330
14,9,-17,23.790755
19,-12,1,22.494444
8,10,2,12.961481
-3,-25,24,34.785054
-12,-23,35,43.566042
17,-31,-22,41.641326
-3,-7,-18,19.544820
-25,-2,21,32.710854
-15,28,25,40.422766
-37,10,3,38.444766
4,-5,-11,12.727922
11,-13,-22,27.820855
-34,0,-16,37.576588
18,-38,-14,44.317040
4,17,-13,21.771541
-16,-3,-13,20.832667
-18,-1,-27,32.465366
0,-21,29,35.805028
4,1,17,17.492856
20,11,11,25.337719
-27,1,22,34.842503
6,5,-19,20.542639
4,-18,-30,35.213634
18,-22,0,28.425341
-15,5,-36,39.319207
-16,-17,-39,45.453273
24,5,3,24.698178
-5,22,-23,32.218007
-25,20,-19,37.229021
-8,1,15,17.029386
18,2,32,36.769553
12,-4,-10,16.124515
27,-9,4,28.740216
-12,14,10,20.976177
-19,-11,-18,28.390139
21,-2,-19,28.390139
-7,6,-35,36.193922
6,15,15,22.045408
22,24,4,32.802439
7,9,-8,13.928388
17,32,13,38.496753
-57,18,-5,59.983331
1,-21,20,29.017236
0,-34,-18,38.470768
22,-1,11,24.617067
13,8,21,25.961510
-16,-3,17,23.537205
-14,0,-6,15.231546
2,-19,-19,26.944387
23,-23,2,32.588341
12,15,-15,24.372115
8,4,6,10.770330
-5,8,37,38.183766
17,24,-23,37.336309
21,13,10,26.645825
1,2,-19,19.131126
-25,-9,2,26.645825
4,-7,-17,18.814888
15,-8,-21,27.018512
6,5,3,8.366600
13,1,-6,14.352700
43,-3,-6,43.520110
-16,0,18,24.083189
-3,8,-13,15.556349
0,-27,27,38.183766
-30,17,-3,34.612137
-1,-14,11,17.832555
6,11,-7,14.352700
1,3,-10,10.488088
13,-9,-30,33.911650
-27,14,43,52.668776
-4,10,-14,17.663522
-15,-44,23,51.865210
-20,2,-8,21.633308
7,-49,-2,49.537864
20,6,-18,27.568098
0,14,14,19.798990
-7,11,-10,16.431677
21,2,-31,37.496667
9,-6,-1,10.862780
-12,12,-18,24.738634
19,19,-24,36.027767
-7,16,-7,18.814888
29,-7,6,30.430248
5,-32,9,33.615473
-6,2,2,6.633250
-8,9,-11,16.309506
2,23,7,24.124676
-17,10,-1,19.748418
-17,2,5,17.832555
-39,-13,-16,44.113490
-38,15,7,41.448764
9,-3,-8,12.409674
-25,6,-37,45.055521
-7,-33,14,36.523965
-17,2,15,22.759613
10,7,17,20.928450
-3,-17,-14,22.226111
-45,23,12,51.942276
30,-17,-1,34.496377
26,-6,20,33.346664
-10,-18,-2,20.688161
-9,-3,14,16.911535
15,-6,3,16.431677
-8,-3,-7,11.045361
-25,22,9,34.496377
31,-33,-2,45.321077
8,-23,-41,47.686476
-5,22,17,28.248894
19,-4,-21,28.600699
-15,-22,23,35.185224
-17,4,5,18.165902
5,-9,34,35.524639
4,24,-2,24.413111
-22,32,20,43.680659
41,2,-25,48.062459
6,13,-9,16.911535
17,3,-2,17.378147
-1,-21,-24,31.906112
-11,-2,-19,22.045408
-7,14,33,36.523965
2,13,9,15.937377
-8,18,2,19.798990
4,19,1,19.442222
-5,8,-1,9.486833
-6,-11,9,15.427249
34,31,11,47.307505
-13,-15,10,22.226111
-11,12,3,16.552945
-9,2,-3,9.695360
-28,-7,-17,33.496268
21,-7,-42,47.476310
-3,-4,3,5.830952
-4,-14,2,14.696938
1,7,8,10.677078
0,8,-44,44.721360
9,-15,12,21.213203
-9,3,-8,12.409674
16,1,19,24.859606
33,12,15,38.183766
11,-28,13,32.771939
8,7,-21,23.537205
0,-21,17,27.018512
-1,-4,15,15.556349
-7,-20,31,37.549967
5,7,-4,9.486833
20,1,11,22.847319
-21,41,32,56.089215
-7,-18,-9,21.307276
26,6,-18,32.186954
25,-13,30,41.158231
21,-2,25,32.710854
16,23,17,32.771939
8,-4,10,13.416408
8,-3,-5,9.899495
-9,42,37,56.692151
-9,-27,-32,42.825226
-22,4,6,23.151674
50,22,-18,57.515215
-19,-8,15,25.495098
-15,44,31,55.874860
0,-25,3,25.179357
9,-6,9,14.071247
18,-11,15,25.884358
-4,1,-21,21.400935
0,1,27,27.018512
-30,-19,3,35.637059
-13,7,0,14.764823
31,16,-3,35.014283
-2,18,0,18.110770
19,-10,-11,24.124676
-6,-9,3,11.224972
-20,-28,6,34.928498
-13,30,5,33.075671
4,-21,-13,25.019992
5,17,10,20.346990
-27,-50,-33,65.711491
15,49,-12,52.630789
-3,11,-14,18.055470
-5,1,-8,9.486833
-10,1,9,13.490738
-9,-19,-24,31.906112
-27,-18,23,39.774364
-5,24,23,33.615473
37,7,16,40.914545
-13,3,-2,13.490738
16,16,-24,32.984845
25,25,-12,37.336309
21,-41,20,50.219518
24,-22,6,33.105891
9,-33,8,35.128336
30,-13,-7,33.436507
15,34,17,40.865633
0,-8,4,8.944272
-22,-11,-5,25.099801
11,13,4,17.492856
1,28,-7,28.879058
29,-12,9,32.649655
-3,-17,-24,29.563491
-8,-15,-9,19.235384
-21,18,-9,29.086079
23,17,-8,29.698485
-13,-10,-11,19.748418
-9,35,6,36.633318
-3,13,-4,13.928388
-5,6,-7,10.488088
-31,23,-10,39.874804
8,25,3,26.419690
-41,3,-22,46.626173
-17,10,-31,36.742346
1,-6,-11,12.569805
-22,16,-18,32.619013
-4,23,19,30.099834
-15,12,9,21.213203
22,20,-22,36.986484
45,-6,25,51.826634
6,-9,9,14.071247
12,10,-24,28.635642
-20,-21,15,32.649655
4,8,-30,31.304952
7,13,-34,37.067506
-19,26,1,32.218007
3,-9,-14,16.911535
8,5,-25,26.720778
-30,-16,8,34.928498
-9,-25,2,26.645825
8,-2,10,12.961481
-27,10,-9,30.166206
-13,-43,-24,50.931326
1,-39,16,42.166337
-28,-8,12,31.496031
4,2,20,20.493902
17,-11,-24,31.400637
11,-5,0,12.083046
21,30,7,37.282704
39,19,-14,45.585085
1,-32,21,38.288379
4,24,10,26.305893
-18,0,4,18.439089
18,4,-18,25.768197
19,-10,1,21.494185
-12,9,-1,15.033296
-11,8,-29,32.031235
-1,16,21,26.419690
-1,12,11,16.309506
10,43,-11,45.497253
-13,15,-10,22.226111
-25,12,-35,44.654227
6,-7,-1,9.273618
-42,-16,0,44.944410
-3,6,17,18.275667
1,16,3,16.309506
17,-4,-15,23.021729
0,2,-24,24.083189
-3,-8,3,9.055385
-22,-38,22,49.112117
-4,21,11,24.041631
-10,23,15,29.223278
29,2,-17,33.674916
-10,4,22,24.494897
-14,7,-21,26.191602
-15,15,20,29.154759
11,13,8,18.814888
8,16,2,18.000000
-21,-12,-1,24.207437
31,-20,19,41.496988
-10,-5,-21,23.790755
4,-12,-16,20.396078
-6,45,25,51.826634
11,-13,6,18.055470
27,26,-19,42.023803
12,-11,-9,18.601075
-5,3,10,11.575837
-43,-11,18,47.895720
-12,-10,0,15.620499
-12,-14,20,27.202941
0,-23,-37,43.566042
-29,29,2,41.060930
-26,-8,0,27.202941
-2,-6,2,6.633250
-10,-2,-36,37.416574
-37,-5,-16,40.620192
22,8,26,34.985711
31,-11,28,43.197222
12,30,16,36.055513
7,42,21,47.476310
-4,-8,4,9.797959
20,6,4,21.260292
-1,-8,19,20.639767
-5,50,-9,51.048996
-16,-2,-6,17.204651
5,-6,-7,10.488088
17,-19,-12,28.178006
-8,-6,-12,15.620499
-1,30,-3,30.166206
-27,19,-30,44.609416
4,8,0,8.944272
9,8,-9,15.033296
31,0,17,35.355339
-5,16,-1,16.792856
-21,32,19,42.731721
-12,-31,13,35.693137
-15,22,5,27.092434
2,29,31,42.497059
7,5,10,13.190906
10,21,43,48.887626
0,32,-18,36.715120
14,-7,1,15.684387
44,-10,26,52.076866
-9,-13,50,52.440442
-1,-12,-25,27.748874
-15,-24,-3,28.460499
-28,46,16,56.178288
-11,-6,-13,18.055470
-6,-1,-3,6.782330
-31,11,0,32.893768
4,18,8,20.099751
-23,19,-20,35.916570
4,31,-1,31.272992
-10,6,-2,11.832160
14,0,26,29.529646
7,-38,5,38.961519
34,-14,-24,43.908997
-13,10,13,20.928450
28,22,-26,44.090815
14,13,9,21.118712
1,9,16,18.384776
5,7,10,13.190906
-4,-12,-18,22.000000
6,-8,20,22.360680
-37,29,0,47.010637
21,-35,22,46.368092
-1,-14,35,37.709415
-12,-11,21,26.570661
-4,14,-16,21.633308
1,-19,-18,26.191602
-5,11,0,12.083046
-9,15,8,19.235384
19,23,-4,30.099834
-13,17,-42,47.138095
19,7,-16,25.806976
-9,38,-11,40.570926
3,-36,1,36.138622
-5,20,-3,20.832667
17,6,-15,23.452079
-30,-38,32,58.034473
22,-21,-1,30.430248
-2,12,2,12.328828
30,-1,3,30.166206
-13,-26,23,37.067506
-10,-15,-45,48.476799
23,7,8,25.337719
-4,-13,31,33.852622
-1,-2,27,27.092434
18,21,53,59.782941
30,-3,-3,30.298515
-4,0,22,22.360680
-28,0,-40,48.826222
14,-28,2,31.368774
27,-23,-8,36.359318
15,-13,-10,22.226111
-25,15,-10,30.822070
-17,-4,7,18.814888
12,44,-16,48.332184
33,31,-12,46.840154
11,-20,-3,23.021729
33,4,45,55.946403
0,-1,-11,11.045361
-6,0,-12,13.416408
-8,4,-22,23.748684
-5,-13,-18,22.759613
-30,1,21,36.633318
-7,1,-2,7.348469
5,-39,36,53.310412
11,23,36,44.113490
-5,-11,-8,14.491377
-6,-9,7,12.884099
2,20,6,20.976177
10,-16,-12,22.360680
8,17,1,18.814888
-4,25,-9,26.870058
18,1,35,39.370039
-7,-1,22,23.108440
12,27,5,29.966648
5,-1,0,5.099020
11,1,-38,39.572718
23,-17,-8,29.698485
-13,-11,24,29.427878
-7,30,-9,32.093613
0,10,34,35.440090
34,16,18,41.665333
-4,25,11,27.604347
16,-8,6,18.867962
10,-3,25,27.092434
25,1,-8,26.267851
-3,-23,0,23.194827
-4,64,28,69.971423
-29,-11,14,34.029399
44,4,-32,54.552727
14,7,-11,19.131126
0,-2,-10,10.198039
-1,28,-21,35.014283
-15,29,12,34.785054
4,0,6,7.211103
30,23,13,39.974992
1,3,-4,5.099020
-4,-5,17,18.165902
-4,-7,-5,9.486833
34,4,-8,35.156792
-8,-11,-3,13.928388
-37,1,-20,42.071368
15,5,6,16.911535
6,31,1,31.591138
20,-12,-6,24.083189
20,-13,-13,27.166155
20,7,3,21.400935
37,5,-14,39.874804
27,6,-17,32.465366
11,1,-14,17.832555
12,13,17,24.535688
-21,-39,12,45.891176
0,-35,-15,38.078866
-13,20,-17,29.291637
30,14,8,34.058773
18,-17,-15,28.948230
0,8,6,10.000000
3,-8,-5,9.899495
-8,36,18,41.036569
8,-9,11,16.309506
-32,-8,-8,33.941125
-13,-15,8,21.400935
26,-15,-1,30.033315
-8,-22,-14,27.276363
1,-14,-19,23.622024
18,-23,-3,29.359837
24,33,-5,41.109610
22,17,-33,43.150898
-13,16,-15,25.495098
14,31,-15,37.175261
30,-9,-9,32.588341
38,-9,-1,39.064050
-33,-9,-2,34.263683
8,5,39,40.124805
-11,0,5,12.083046
13,11,4,17.492856
-13,5,-8,16.062378
24,7,-19,31.400637
4,-3,-3,5.830952
6,6,-2,8.717798
8,-6,-12,15.620499
7,-4,-7,10.677078
25,17,14,33.316662
1,-12,21,24.207437
-15,19,-2,24.289916
9,-18,21,29.086079
14,-32,-26,43.543082
7,-23,-12,26.870058
-18,-18,4,25.768197
-6,20,28,34.928498
-45,5,-18,48.723711
28,-1,-9,29.427878
23,-5,-22,32.218007
45,-42,9,62.209324
10,-37,3,38.444766
-28,2,4,28.354894
-5,-21,10,23.790755
0,29,-1,29.017236
-37,-12,21,44.204072
4,-15,11,19.026298
19,29,0,34.669872
-10,19,-19,28.670542
79,16,15,81.987804
-3,15,-10,18.275667
4,5,1,6.480741
-18,12,10,23.832751
-23,-17,-6,29.223278
-19,4,-1,19.442222
-11,3,12,16.552945
-26,21,-5,33.793490
28,6,30,41.472883
-32,22,-16,42.000000
57,12,29,65.069194
15,-38,27,48.969378
26,15,1,30.033315
-1,11,0,11.045361
38,-7,5,38.961519
14,-45,13,48.887626
7,4,1,8.124038
1,10,-9,13.490738
9,15,-2,17.606817
-3,17,0,17.262677
43,-30,-37,64.171645
-21,-8,-33,39.924930
15,9,8,19.235384
14,-10,24,29.529646
17,3,-2,17.378147
25,32,-13,42.638011
17,-23,-34,44.429720
5,-22,-1,22.583180
30,-3,-25,39.166312
4,6,8,10.770330
0,-4,-6,7.211103
3,-15,-10,18.275667
-21,5,22,30.822070
33,-20,11,40.124805
-19,10,13,25.099801
-22,23,39,50.338852
26,25,1,36.083237
4,16,2,16.613248
-12,-41,5,43.011626
0,16,-14,21.260292
-12,-28,14,33.526109
18,11,-3,21.307276
-4,45,29,53.684262
18,1,-31,35.860842
26,37,-19,49.050994
-7,-4,-13,15.297059
-22,3,49,53.795911
31,7,8,32.771939
31,-5,-16,35.242020
10,29,-3,30.822070
-12,-1,-1,12.083046
16,-2,-8,18.000000
-23,-9,-4,25.019992
19,1,4,19.442222
7,-9,24,26.570661
-22,18,48,55.785303
-12,8,-24,28.000000
11,-20,-21,31.016125
-18,24,-14,33.105891
13,-9,10,18.708287
3,-9,-18,20.346990
9,-1,-22,23.790755
1,10,13,16.431677
-22,-14,-22,34.117444
-23,-35,18,45.585085
-2,24,-4,24.413111
4,-14,16,21.633308
15,-2,-23,27.531800
-3,11,-6,12.884099
-8,24,-30,39.242834
11,26,-9,29.631065
19,1,14,23.622024
0,0,-16,16.000000
-48,-18,-6,51.613952
-20,5,11,23.366643
-15,-12,1,19.235384
-10,-3,-11,15.165751
-5,20,13,24.372115
23,-12,-19,32.155870
-11,16,-19,27.166155
17,4,23,28.879058
-16,-33,-1,36.687873
-24,16,6,29.461840
13,-9,4,16.309506
6,-35,-29,45.847574
25,-3,2,25.258662
1,3,-18,18.275667
16,-29,5,33.496268
9,-37,-10,39.370039
-37,-10,11,39.874804
21,-6,-15,26.495283
-26,-17,9,32.341923
-24,25,-11,36.359318
-24,3,29,37.762415
20,-18,0,26.907248
16,-10,-20,27.495454
-6,6,24,25.455844
-4,31,-13,33.852622
11,17,-38,43.058100
13,-23,-12,29.017236
-45,-39,42,72.869747
11,-8,-13,18.814888
13,12,-3,17.944358
-2,16,-12,20.099751
-3,32,5,32.526912
-20,25,9,33.256578
3,13,18,22.405357
-7,-13,18,23.280893
-3,-2,-11,11.575837
-16,9,17,25.019992
-19,24,-5,31.016125
1,-4,29,29.291637
-1,17,42,45.321077
2,24,0,24.083189
23,4,3,23.537205
5,-16,23,28.460499
5,-17,-24,29.832868
24,1,3,24.207437
2,-20,-4,20.493902
44,38,-4,58.275209
19,-22,7,29.899833
0,-5,-17,17.720045
35,7,8,36.578682
31,-12,-5,33.615473
-8,-28,14,32.310989
8,-16,24,29.933259
-9,-17,10,21.679483
-8,-10,8,15.099669
-19,-21,4,28.600699
7,-27,12,30.364453
9,20,-17,27.748874
-16,10,6,19.798990
0,-18,-18,25.455844
-30,36,36,59.093147
-15,7,-6,17.606817
-9,-42,-41,59.380131
-10,-29,33,45.055521
12,15,-25,31.527766
33,-7,-20,39.217343
-21,-14,-45,51.594573
-22,-3,-35,41.448764
59,-6,31,66.917860
16,9,-9,20.445048
-40,7,17,44.022721
20,33,-9,39.623226
-11,-1,12,16.309506
-34,9,3,35.298725
-2,-23,-5,23.622024
-15,30,-31,45.672749
-9,5,-6,11.916375
-3,16,-23,28.178006
0,-6,-10,11.661904
-14,19,17,29.086079
-12,-10,16,22.360680
9,32,-9,34.438351
-21,28,-33,48.104054
-13,28,-13,33.496268
14,19,-31,38.961519
-1,-18,-3,18.275667
-5,-26,-1,26.495283
-8,-14,20,25.690465
5,-19,-6,20.542639
-1,-13,-30,32.710854
15,-2,19,24.289916
11,-27,0,29.154759
-16,-3,25,29.832868
-8,9,9,15.033296
-13,-14,-5,19.748418
32,12,-14,36.932371
27,-13,26,39.673669
-9,18,23,30.561414
1,13,24,27.313001
-10,-5,-3,11.575837
6,30,10,32.186954
9,-2,-23,24.779023
6,20,-10,23.151674
-1,-43,30,52.440442
16,-8,-30,34.928498
-6,-7,-3,9.695360
-9,0,13,15.811388
5,3,-12,13.341664
40,4,12,41.952354
12,13,-15,23.194827
-13,-11,-12,20.832667
44,11,-11,46.669048
12,12,14,22.000000
-1,-16,-5,16.792856
1,11,24,26.419690
22,-6,2,22.891046
25,-38,23,50.970580
1,-14,-31,34.029399
11,24,-7,27.313001
18,-12,2,21.725561
-33,11,-4,35.014283
2,11,-27,29.223278
24,-7,3,25.179357
-26,10,-4,28.142495
2,-22,-8,23.494680
-36,-35,-33,60.083276
-5,-2,13,14.071247
18,11,9,22.934690
-11,8,15,20.248457
-3,6,-1,6.782330
20,-8,12,24.657656
7,-6,7,11.575837
-33,3,12,35.242020
11,-2,-5,12.247449
22,-25,-25,41.641326
9,7,10,15.165751
14,-15,-19,27.964263
-12,-19,-29,36.687873
-11,9,-12,18.601075
3,-6,-9,11.224972
12,12,0,16.970563
-7,13,0,14.764823
24,4,2,24.413111
5,21,-8,23.021729
-10,7,-13,17.832555
-6,7,-3,9.695360
-4,-4,6,8.246211
-30,30,-16,45.343136
-7,-16,11,20.639767
-13,-22,1,25.573424
-32,-1,-15,35.355339
17,6,5,18.708287
19,20,23,35.916570
15,5,12,19.849433
17,-17,-18,30.033315
-11,9,-14,19.949937
-27,53,24,64.140471
4,-24,-12,27.129320
10,-34,8,36.331804
12,-10,12,19.697716
1,-29,4,29.291637
2,14,16,21.354157
-30,21,-13,38.858718
-24,-27,-17,39.924930
10,-1,11,14.899664
34,-8,30,46.043458
-15,-19,16,29.017236
-13,-12,-1,17.720045
13,4,31,33.852622
16,-5,-23,28.460499
-34,19,25,46.281746
-8,30,-24,39.242834
0,5,17,17.720045
-16,9,-29,34.322005
13,-9,-20,25.495098
-16,-7,-9,19.646883
12,3,-17,21.023796
11,-14,-17,24.617067
10,1,-11,14.899664
23,-21,22,38.131352
15,16,-17,27.748874
11,-16,-13,23.366643
-10,-25,23,35.411862
-32,24,-8,40.792156
0,3,11,11.401754
0,-9,5,10.295630
-31,8,47,56.868269
-26,1,9,27.531800
27,5,8,28.600699
-7,-15,-22,27.531800
-9,-18,-19,27.676705
-9,27,-20,34.785054
8,22,-10,25.455844
-12,16,-18,26.907248
14,5,-3,15.165751
-12,-20,-24,33.466401
42,-26,2,49.436828
-13,-11,16,23.366643
17,31,4,35.580894
-29,6,3,29.765752
4,18,-20,27.202941
14,-20,-18,30.331502
-16,16,2,22.715633
40,-3,7,40.718546
1,-8,5,9.486833
29,7,10,31.464265
19,-42,-3,46.195238
-5,13,2,14.071247
8,-20,-8,22.978251
-12,-30,-20,38.000000
8,-6,28,29.732137
37,39,2,53.795911
5,-8,15,17.720045
-3,4,-29,29.427878
9,-37,0,38.078866
16,-38,8,42.000000
-7,-15,22,27.531800
0,-12,0,12.000000
38,10,-10,40.546270
-22,0,-14,26.076810
-37,-2,-17,40.767634
6,-21,25,33.196385
1,-10,-47,48.062459
-11,6,-5,13.490738
4,-6,32,32.802439
2,-20,24,31.304952
1,-12,21,24.207437
14,-20,-30,38.678159
4,9,-7,12.083046
6,-13,-3,14.628739
2,-9,11,14.352700
23,-2,23,32.588341
44,12,4,45.782093
8,-28,20,35.327043
-11,6,5,13.490738
4,-21,3,21.587033
-14,4,24,28.071338
-33,-10,25,42.591079
-7,20,-3,21.400935
2,-24,12,26.907248
23,21,4,31.400637
19,-19,4,27.166155
-2,-24,30,38.470768
8,15,13,21.400935
-4,-34,22,40.693980
-12,-13,-31,35.693137
-10,-16,-8,20.493902
-22,2,-6,22.891046
-34,4,-12,36.276714
10,-19,7,22.583180
14,-8,-8,18.000000
-5,24,5,25.019992
-1,9,2,9.273618
16,12,2,20.099751
-7,-39,16,42.731721
-10,-7,5,13.190906
2,12,-14,18.547237
-18,-3,-11,21.307276
-6,-5,-17,18.708287
16,-12,10,22.360680
-11,-12,-15,22.135944
7,-6,1,9.273618
-27,-1,14,30.430248
-15,14,-9,22.405357
-19,-7,-32,37.868192
5,-12,29,31.780497
-11,12,19,25.019992
43,8,7,44.294469
4,3,13,13.928388
-15,0,5,15.811388
23,-17,-14,31.843367
20,-10,-2,22.449944
-15,1,0,15.033296
7,5,-4,9.486833
31,-34,31,55.479726
5,7,18,19.949937
14,33,-13,38.131352
-64,-8,14,66.000000
10,-29,-11,32.588341
29,9,-6,30.951575
20,21,5,29.427878
6,14,8,17.204651
-13,9,0,15.811388
48,-7,13,50.219518
-4,-41,-25,48.187135
4,8,-8,12.000000
-3,-11,-14,18.055470
-25,-6,-11,27.964263
-20,-3,19,27.748874
9,10,-45,46.968074
-20,-5,21,29.427878
-23,11,4,25.806976
14,-12,0,18.439089
16,-7,11,20.639767
-19,-20,17,32.403703
37,11,-18,42.591079
11,43,-26,51.439285
-19,12,5,23.021729
-4,-24,20,31.496031
-5,-34,3,34.496377
-14,-8,-26,30.594117
-3,-47,14,49.132474
4,-15,-1,15.556349
-3,-32,-5,32.526912
30,12,18,36.986484
-2,28,-8,29.189039
-28,-30,6,41.472883
-5,-13,-42,44.249294
6,-14,-16,22.090722
12,17,33,39.012818
6,-25,27,37.282704
32,-20,-34,50.793700
-2,-18,10,20.688161
22,25,-5,33.674916
0,-7,21,22.135944
-13,-24,3,27.459060
9,-7,4,12.083046
-8,4,-36,37.094474
40,-62,-8,74.215901
0,15,-7,16.552945
-6,6,8,11.661904
9,-7,28,30.232433
-16,-22,28,39.038443
-6,-1,-27,27.676705
8,-22,-4,23.748684
-29,-19,24,42.166337
11,-6,-11,16.673332
5,-13,6,15.165751
-12,-29,17,35.693137
3,-4,-5,7.071068
9,1,2,9.273618
0,-2,8,8.246211
-8,7,5,11.747340
16,4,-8,18.330303
9,14,15,22.405357
-13,18,37,43.150898
-10,34,-12,37.416574
-7,30,21,37.282704
37,1,8,37.868192
-17,-29,-4,33.852622
-11,-1,28,30.099834
6,-47,21,51.826634
-9,-14,11,19.949937
-17,-35,0,38.910153
-22,-13,11,27.820855
-1,0,1,1.414214
-6,9,-21,23.622024
-2,6,10,11.832160
-4,33,9,34.438351
-15,5,-22,27.092434
23,2,27,35.524639
-2,5,21,21.679483
-18,-29,-9,35.298725
-7,9,0,11.401754
-7,-23,-16,28.879058
0,33,1,33.015148
-25,-14,19,34.380227
2,-4,6,7.483315
-16,-24,14,32.062439
5,0,-25,25.495098
41,-41,24,62.753486
21,-11,-4,24.041631
-16,2,34,37.629775
-19,24,13,33.256578
7,19,-6,21.118712
-2,2,-18,18.220867
-10,-13,-15,22.226111
6,-5,-29,30.033315
-31,-11,-20,38.496753
-3,-20,19,27.748874
-2,-19,7,20.346990
-21,10,1,23.280893
-2,-3,13,13.490738
-17,-14,17,27.820855
10,-28,-6,30.331502
-32,-6,34,47.074409
22,-16,-24,36.276714
-40,-25,31,56.444663
-6,11,-21,24.454039
-18,-16,-18,30.066593
-16,11,-1,19.442222
-38,-3,3,38.236109
-10,26,28,39.496835
13,43,-20,49.173163
5,-33,30,44.877611
13,0,9,15.811388
14,9,-11,19.949937
12,16,-4,20.396078
10,34,30,46.432747
-22,-16,-4,27.495454
-21,1,-14,25.258662
-24,-5,-13,27.748874
-27,20,23,40.718546
14,7,13,20.346990
-8,-1,-11,13.638182
-5,8,19,21.213203
15,-9,-26,31.336879
-22,8,-22,32.124757
12,34,-22,42.237424
-24,-20,14,34.234486
36,-3,-3,36.249138
8,-40,-20,45.431267
9,24,15,29.698485
10,-15,-1,18.055470
-25,-23,-24,41.593269
-15,-35,-6,38.548671
4,2,-18,18.547237
6,1,-11,12.569805
10,8,-16,20.493902
-7,1,2,7.348469
9,-19,2,21.118712
-6,7,-1,9.273618
-32,-1,-25,40.620192
14,-17,-1,22.045408
-3,-3,16,16.552945
2,37,7,37.709415
10,4,-16,19.287302
-20,0,8,21.540659
-28,-1,-5,28.460499
-13,11,-2,17.146428
-44,27,3,51.710734
14,17,5,22.583180
-5,11,16,20.049938
27,3,18,32.588341
30,18,-16,38.470768
13,-12,11,20.832667
-18,32,0,36.715120
34,40,8,53.103672
-10,11,9,17.378147
-31,1,6,31.591138
5,-23,-38,44.698993
-24,-5,-15,28.740216
-28,-7,11,30.886890
-9,4,-17,19.646883
7,6,19,21.118712
11,10,9,17.378147
-4,11,-17,20.639767
17,-11,0,20.248457
8,-15,-9,19.235384
-1,13,-18,22.226111
-12,-12,10,19.697716
5,-34,-7,35.071356
13,14,31,36.414283
-15,-19,-4,24.535688
-7,-2,-1,7.348469
4,18,12,22.000000
-1,-30,-33,44.609416
6,-25,-3,25.884358
-17,12,-7,21.954498
0,0,-10,10.000000
-8,12,12,18.761663
-20,-15,7,25.961510
10,-20,-32,39.038443
-38,-5,5,38.652296
7,-6,-11,14.352700
24,11,-27,37.762415
45,-4,13,47.010637
21,11,-18,29.765752
29,14,5,32.588341
-6,-21,-9,23.622024
-11,17,-4,20.639767
-11,-17,-16,25.806976
1,-10,15,18.055470
-7,25,-44,51.088159
-6,14,-20,25.139610
-15,5,-12,19.849433
7,-21,-2,22.226111
-1,-42,-3,42.118879
28,-24,-4,37.094474
-12,-15,17,25.651511
6,6,4,9.380832
24,-34,6,42.047592
-4,-33,-21,39.319207
18,33,7,38.236109
3,17,8,19.026298
-34,20,2,39.496835
28,19,17,37.868192
2,11,31,32.954514
16,-4,-4,16.970563
-17,28,-9,33.970576
-33,23,34,52.668776
-39,13,-20,45.716518
-14,0,2,14.142136
-2,-14,-6,15.362291
47,-27,16,56.515485
-23,-4,-43,48.928519
9,-3,28,29.563491
14,-6,20,25.139610
-6,-8,10,14.142136
-18,25,-35,46.626173
-2,-22,12,25.139610
-19,28,3,33.970576
-28,18,-18,37.841776
22,16,12,29.732137
-12,-6,32,34.698703
-9,7,-32,33.970576
-5,20,-51,55.009090
9,24,-7,26.570661
9,5,14,17.378147
-17,-7,-14,23.108440
-7,6,3,9.695360
-7,-1,-4,8.124038
5,16,19,25.337719
7,-24,-9,26.570661
13,7,-18,23.280893
5,-4,3,7.071068
19,-4,-33,38.288379
-7,-36,-5,37.013511
9,19,0,21.023796
1,-10,-3,10.488088
-22,17,11,29.899833
-12,0,12,16.970563
4,-4,4,6.928203
-1,-3,4,5.099020
-28,-16,14,35.156792
10,21,19,30.033315
2,-21,19,28.390139
9,-43,34,55.551778
-35,29,12,47.010637
17,7,-6,19.339080
7,-14,5,16.431677
-7,-18,21,28.530685
11,14,-7,19.131126
-38,-3,17,41.737274
3,35,20,40.422766
21,24,-1,31.906112
-14,-15,23,30.822070
-2,2,-12,12.328828
-15,-10,-11,21.118712
8,-13,29,32.771939
0,-18,-6,18.973666
-41,14,21,48.145612
9,-6,9,14.071247
19,-16,-9,26.419690
-12,13,1,17.720045
-10,40,0,41.231056
-10,15,-17,24.779023
10,15,23,29.223278
19,-56,21,62.753486
-5,-13,-28,31.272992
-11,31,-10,34.380227
-26,30,22,45.387223
30,-12,4,32.557641
21,-2,-3,21.307276
16,-14,-20,29.189039
12,-11,-25,29.832868
20,33,7,39.217343
-9,-4,-15,17.944358
8,-16,2,18.000000
-9,11,50,51.980766
-26,-42,2,49.436828
26,-30,2,39.749214
8,10,-34,36.331804
-27,3,-12,29.698485
-13,16,29,35.580894
12,-35,7,37.656341
4,-22,22,31.368774
-6,16,12,20.880613
-4,-30,-26,39.899875
1,-33,-26,42.023803
14,-27,-1,30.430248
6,30,-12,32.863353
-20,7,-27,34.322005
-22,14,12,28.705400
24,15,-21,35.242020
-40,0,2,40.049969
2,19,-45,48.887626
12,-5,-11,17.029386
21,-2,23,31.208973
2,-23,-33,40.274061
-12,4,14,18.867962
-1,4,3,5.099020
-19,-11,-34,40.472213
-2,6,-6,8.717798
-22,-23,13,34.380227
16,37,-9,41.303753
-31,-46,-27,61.692787
-10,-19,-7,22.583180
5,-17,-30,34.842503
-20,-25,15,35.355339
-14,-13,-1,19.131126
-5,11,28,30.495901
-18,52,6,55.353410
-18,-2,-2,18.220867
17,14,-17,27.820855
-24,11,-17,31.400637
7,-4,-1,8.124038
-4,-16,14,21.633308
10,2,-4,10.954451
11,-6,-23,26.191602
12,12,-46,49.030603
9,21,32,39.319207
1,-5,2,5.477226
-18,3,21,27.820855
-14,-2,-24,27.856777
34,4,8,35.156792
-3,8,-1,8.602325
-14,-34,2,36.823905
2,7,-17,18.493242
-1,3,12,12.409674
9,1,10,13.490738
-15,-27,12,33.136083
-30,3,-11,32.093613
-26,36,-42,61.122827
-5,-21,30,36.959437
22,6,12,25.768197
7,18,19,27.092434
2,3,9,9.695360
27,9,-18,33.674916
-49,-22,-1,53.721504
16,-2,10,18.973666
-34,25,-29,51.205468
-6,-31,27,41.545156
3,-9,12,15.297059
12,-13,-11,20.832667
30,-8,-10,32.619013
-5,-15,2,15.937377
5,-9,0,10.295630
2,14,30,33.166248
-4,5,43,43.474130
-19,-18,9,27.676705
-10,33,29,45.055521
20,-20,28,39.799497
-11,28,-13,32.771939
-28,-9,11,31.400637
8,-1,-13,15.297059
-26,3,27,37.603191
18,-20,-18,32.372828
-16,21,-23,35.014283
-1,6,-9,10.862780
-11,-41,4,42.638011
-24,5,-33,41.109610
6,-5,-7,10.488088
1,16,-5,16.792856
-16,-30,12,36.055513
-2,3,-21,21.307276
3,-13,-8,15.556349
11,14,-11,20.928450
-5,-13,-10,17.146428
-28,-2,-48,55.605755
6,9,-7,12.884099
14,-5,-15,21.118712
19,-30,-3,35.637059
17,-11,-10,22.583180
3,11,10,15.165751
17,11,4,20.639767
0,55,5,55.226805
10,7,-5,13.190906
-1,-39,-8,39.824616
-27,13,2,30.033315
35,-11,12,38.600518
-13,-21,-40,47.010637
16,-10,-18,26.076810
-9,2,5,10.488088
-8,19,13,24.372115
-18,5,11,21.679483
7,-49,6,49.859803
20,3,-9,22.135944
-8,-30,-4,31.304952
-16,38,-12,42.941821
-21,-43,0,47.853944
1,-9,-22,23.790755
-1,4,-1,4.242641
-40,-4,2,40.249224
30,20,24,43.312816
-7,-16,31,35.580894
-4,-6,26,26.981475
-22,2,-10,24.248711
17,1,14,22.045408
3,28,25,37.656341
7,-3,16,17.720045
-32,3,-11,33.970576
29,34,7,45.232732
4,-5,15,16.309506
-13,-8,5,16.062378
7,-7,-6,11.575837
20,-24,8,32.249031
-3,0,-7,7.615773
5,-25,18,31.208973
-20,-5,-29,35.580894
-20,-7,-33,39.217343
1,17,20,26.267851
-24,6,-16,29.461840
-28,-15,59,67.007462
-1,-12,-17,20.832667
-16,7,11,20.639767
-10,-16,28,33.763886
6,25,-17,30.822070
-23,1,-18,29.223278
4,2,-12,12.806248
5,-46,-5,46.540305
-2,21,-13,24.779023
-7,-4,9,12.083046
6,22,-16,27.856777
-6,-2,-30,30.659419
11,-34,-27,44.788391
-19,-28,-11,35.580894
-9,16,1,18.384776
2,11,19,22.045408
22,-2,-28,35.665109
-16,-28,-6,32.802439
23,22,-35,47.307505
-16,-10,-36,40.644803
-38,-6,12,40.298883
-8,10,-26,28.982753
23,-23,-8,33.496268
-1,19,-18,26.191602
6,-5,-17,18.708287
-20,12,-4,23.664319
12,36,-8,38.781439
12,9,5,15.811388
-26,1,3,26.191602
34,9,7,35.860842
23,-24,17,37.336309
-7,0,-25,25.961510
-39,-15,-2,41.833001
1,-8,-33,33.970576
-5,6,-29,30.033315
28,-8,-6,29.732137
-1,19,-12,22.494444
-10,-23,11,27.386128
-12,-6,16,20.880613
-6,20,6,21.725561
-4,-1,1,4.242641
8,17,3,19.026298
-27,2,7,27.964263
-13,2,-21,24.779023
28,-10,-30,42.237424
-29,28,-39,56.089215
24,-14,-20,34.234486
-8,-22,20,30.789609
31,14,1,34.029399
-28,-4,-16,32.496154
44,-14,0,46.173586
1,-1,-12,12.083046
11,-12,-11,19.646883
4,9,37,38.288379
-30,33,7,45.144213
-3,-17,6,18.275667
9,19,-2,21.118712
29,-22,-11,38.026307
-1,0,9,9.055385
18,-17,7,25.729361
22,19,19,34.727511
8,2,10,12.961481
13,34,-13,38.652296
10,-44,-2,45.166359
6,5,11,13.490738
11,-20,-3,23.021729
3,-23,10,25.258662
-36,-5,-19,41.012193
17,-3,-30,34.612137
12,3,-17,21.023796
-10,-18,12,23.832751
-1,12,-3,12.409674
6,-2,4,7.483315
-10,-6,2,11.832160
-3,-22,27,34.957117
30,-20,-42,55.353410
-24,31,7,39.824616
18,9,3,20.346990
-4,-13,-11,17.492856
-28,-9,33,44.204072
0,-43,-9,43.931765
-8,-9,7,13.928388
-9,28,1,29.427878
0,10,22,24.166092
16,-1,-7,17.492856
-7,9,10,15.165751
16,17,11,25.806976
8,-43,-11,45.099889
-7,14,15,21.679483
4,18,-20,27.202941
-14,10,0,17.204651
24,-13,-19,33.256578
-22,-11,23,33.674916
-11,9,8,16.309506
-7,-7,-20,22.315914
-5,-29,8,30.495901
13,22,3,25.729361
9,-5,4,11.045361
-1,-23,-14,26.944387
-15,9,12,21.213203
-21,-5,-26,33.793490
3,-7,28,29.017236
-5,-28,19,34.205263
18,5,-23,29.631065
1,1,-6,6.164414
5,5,22,23.108440
26,-16,4,30.789609
22,10,34,41.713307
-3,10,17,19.949937
11,16,-15,24.535688
-5,-21,2,21.679483
-12,0,0,12.000000
-22,29,-33,49.132474
-10,18,12,23.832751
28,8,22,36.496575
-23,26,-9,35.860842
-27,14,-5,30.822070
-7,-19,-14,24.617067
-16,-4,6,17.549929
16,-18,-26,35.440090
-2,-9,5,10.488088
20,1,9,21.954498
-3,10,11,15.165751
-28,-32,10,43.680659
14,17,-19,29.086079
14,22,-10,27.928480
-16,-9,9,20.445048
-9,-20,-9,23.706539
12,-13,-25,30.626786
-12,-3,47,48.600412
-8,14,26,30.594117
-4,3,3,5.830952
-16,-16,0,22.627417
9,-6,-13,16.911535
-3,3,-26,26.343880
22,-25,5,33.674916
11,-14,25,30.692019
1,-12,1,12.083046
8,-6,36,37.363083
-2,-8,-20,21.633308
2,-21,23,31.208973
16,-25,3,29.832868
32,-17,41,54.717456
22,-4,-16,27.495454
1,-14,-3,14.352700
21,0,-13,24.698178
6,9,-19,21.863211
10,-17,-7,20.928450
-11,-8,-35,37.549967
-15,-11,-14,23.280893
30,31,13,45.055521
20,12,-42,48.041649
-4,-8,20,21.908902
-13,22,23,34.380227
20,10,14,26.381812
3,-5,-4,7.071068
-48,27,19,58.258047
-2,-15,-17,22.759613
-11,14,-15,23.280893
35,8,-21,41.593269
8,21,-9,24.207437
12,6,-14,19.390719
-9,11,26,29.631065
-5,16,9,19.026298
21,-24,-9,33.136083
-3,-18,25,30.951575
1,5,8,9.486833
-17,16,11,25.806976
-34,22,-16,43.543082
-22,-25,-3,33.436507
-7,6,13,15.937377
-19,27,12,35.128336
28,-34,-18,47.581509
-11,-6,21,24.454039
-11,0,15,18.601075
14,-29,31,44.698993
-16,-1,23,28.035692
-15,2,-13,19.949937
27,5,8,28.600699
-30,8,-6,31.622777
17,13,32,38.496753
-39,-18,-11,44.339599
0,6,2,6.324555
12,2,-20,23.409400
-4,-14,-14,20.199010
-10,29,-25,39.572718
4,-45,1,45.188494
-18,41,25,51.283526
15,-33,-4,36.469165
-18,12,14,25.768197
-30,12,-10,33.823069
6,-34,8,35.440090
18,11,-17,27.092434
5,6,5,9.273618
0,23,19,29.832868
-5,5,4,8.124038
-5,-7,16,18.165902
-30,15,-11,35.298725
-2,-30,-22,37.255872
-9,7,28,30.232433
12,-18,2,21.725561
2,-19,13,23.108440
-12,-2,32,34.234486
-7,-27,20,34.322005
-33,11,-46,57.671483
-29,-29,-12,42.731721
-11,18,-7,22.226111
-26,27,-11,39.064050
10,-24,18,31.622777
17,-3,26,31.208973
-22,20,18,34.756294
-1,2,9,9.273618
-6,13,5,15.165751
-11,-44,-9,46.238512
-10,3,-1,10.488088
-6,34,-14,37.255872
-2,19,15,24.289916
-22,-18,-8,29.529646
-18,-14,-22,31.685959
-8,-5,-17,19.442222
-11,-6,-5,13.490738
16,-8,-8,19.595918
-6,6,-26,27.349589
-10,-20,-8,23.748684
-32,5,-5,32.771939
8,-5,-19,21.213203
-16,-3,-17,23.537205
-15,5,-24,28.740216
-4,-3,1,5.099020
-11,-35,8,37.549967
17,-20,-11,28.460499
-2,22,-6,22.891046
-27,-17,20,37.656341
27,-2,-57,63.103090
8,-25,-17,31.272992
10,-17,-1,19.748418
9,-1,0,9.055385
-11,8,1,13.638182
18,-2,-26,31.685959
14,-6,-18,23.579652
-1,9,-6,10.862780
17,4,13,21.771541
17,7,20,27.166155
27,-18,-13,34.957117
-11,5,-12,17.029386
13,17,6,22.226111
18,4,26,31.874755
-20,-16,-14,29.189039
26,-13,3,29.223278
15,17,-54,58.566202
7,2,17,18.493242
7,-27,8,29.017236
25,18,13,33.436507
-12,-28,30,42.755117
-20,0,-4,20.396078
-6,-28,12,31.048349
-22,9,7,24.779023
-4,-20,-24,31.496031
31,-9,-20,37.973675
31,-5,8,32.403703
18,24,16,34.000000
24,-18,8,31.048349
-44,12,-8,46.303348
-29,-12,-5,31.780497
-7,43,14,45.760245
-2,11,31,32.954514
-20,-9,7,23.021729
17,-15,-10,24.779023
1,11,6,12.569805
28,7,-25,38.183766
-18,-6,28,33.823069
-20,-6,-10,23.151674
-3,3,-32,32.280025
-31,22,-9,39.064050
-34,-12,-4,36.276714
6,-10,38,39.749214
13,9,8,17.720045
-9,-30,11,33.196385
0,-22,-22,31.112698
-15,3,8,17.262677
-6,9,25,27.239677
-31,35,-28,54.497706
10,-17,-1,19.748418
-1,28,1,28.035692
10,1,23,25.099801
5,-6,-49,49.618545
-30,20,4,36.276714
7,-2,15,16.673332
7,-12,25,28.600699
14,-54,16,58.034473
-3,-8,13,15.556349
-12,12,-10,19.697716
-8,-12,26,29.732137
1,39,-16,42.166337
17,-4,-7,18.814888
4,10,12,16.124515
-22,-14,-26,36.823905
5,12,13,18.384776
-17,1,-24,29.427878
28,10,-4,30.000000
36,-1,-21,41.689327
-2,-17,11,20.346990
-1,-13,8,15.297059
14,-16,-40,45.299007
25,10,-1,26.944387
-25,-15,-40,49.497475
-29,-6,1,29.631065
12,-2,-8,14.560220
-1,-3,-8,8.602325
51,-5,12,52.630789
19,15,4,24.535688
-2,17,21,27.092434
1,6,7,9.273618
-14,26,16,33.585711
-4,5,11,12.727922
28,-1,-3,28.178006
20,-23,23,38.183766
-14,-5,13,19.748418
3,-6,3,7.348469
-6,7,5,10.488088
-9,5,-22,24.289916
9,-28,-3,29.563491
35,15,-2,38.131352
4,-4,4,6.928203
-21,17,2,27.092434
21,29,-6,36.304270
-27,-3,-4,27.459060
-23,-32,-11,40.914545
-8,-14,14,21.354157
-40,-4,-14,42.567593
-12,-15,7,20.445048
-9,2,15,17.606817
-19,-1,-34,38.961519
8,16,-8,19.595918
-16,-2,2,16.248077
-2,29,-27,39.673669
10,7,23,26.038433
17,31,-22,41.641326
-10,12,16,22.360680
-13,-25,-32,42.638011
3,19,2,19.339080
-1,15,-12,19.235384
-1,10,15,18.055470
39,-6,-65,76.039463
-16,-10,-14,23.494680
-15,7,4,17.029386
-1,12,-1,12.083046
5,-14,-15,21.118712
11,-21,-28,36.687873
10,-14,-4,17.663522
16,-44,-6,47.201695
28,14,-40,50.793700
-15,20,-9,26.570661
-16,1,-7,17.492856
-11,-9,4,14.764823
-23,-14,-3,27.092434
55,4,17,57.706152
5,-18,35,39.673669
1,-1,4,4.242641
-3,1,-6,6.782330
-6,-12,30,32.863353
-3,-4,-5,7.071068
12,-24,-2,26.907248
-2,-20,-14,24.494897
3,0,-3,4.242641
-26,32,4,41.424630
-23,11,14,29.086079
-37,-9,18,42.118879
11,7,-20,23.874673
-16,28,-18,36.932371
-5,-16,-1,16.792856
-9,-4,-21,23.194827
-5,-21,-8,23.021729
-25,-4,3,25.495098
-3,24,-15,28.460499
-7,34,27,43.977267
32,-7,-15,36.027767
16,-2,36,39.446166
-27,3,42,50.019996
-1,-4,-21,21.400935
26,0,10,27.856777
-3,-7,24,25.179357
-7,-5,26,27.386128
22,-14,2,26.153394
24,-14,4,28.071338
-3,-5,28,28.600699
-16,-31,-25,42.918527
5,8,-7,11.747340
17,-4,27,32.155870
35,-6,23,42.308392
8,-7,11,15.297059
0,-3,-11,11.401754
20,16,-6,26.305893
19,16,3,25.019992
-14,-14,-14,24.248711
26,-47,-7,54.166410
7,-1,4,8.124038
29,22,11,38.026307
-10,-22,18,30.133038
-10,9,-5,14.352700
3,-20,-25,32.155870
-19,-25,2,31.464265
-31,-16,-3,35.014283
22,8,6,24.166092
1,13,20,23.874673
-26,-21,-17,37.496667
5,-10,-7,13.190906
-18,-3,-9,20.346990
10,-37,27,46.882833
2,-9,-7,11.575837
-15,-10,1,18.055470
-2,6,-4,7.483315
13,-13,-34,38.652296
-25,35,4,43.197222
-24,-22,8,33.526109
1,-2,15,15.165751
-7,-21,-20,29.832868
-8,9,-31,33.256578
-17,7,-6,19.339080
-9,-11,-2,14.352700
6,-16,26,31.112698
5,21,-24,32.280025
-15,7,-34,37.815341
-1,-22,7,23.108440
33,16,13,38.910153
12,-8,16,21.540659
-12,-4,-22,25.377155
2,18,22,28.495614
-2,-6,6,8.717798
-6,-5,1,7.874008
-11,-10,15,21.118712
17,-5,6,18.708287
5,-21,2,21.679483
12,0,-4,12.649111
2,-29,-5,29.495762
-3,-13,6,14.628739
-20,8,-4,21.908902
-47,-41,-2,62.401923
13,9,4,16.309506
17,18,21,32.465366
0,-1,15,15.033296
10,-8,14,18.973666
4,8,20,21.908902
13,-22,-5,26.038433
4,0,-10,10.770330
3,2,-1,3.741657
-24,34,8,42.379240
-12,20,-4,23.664319
16,25,-7,30.495901
-14,3,15,20.736441
30,-12,-6,32.863353
-39,-6,15,42.213742
-4,45,-13,47.010637
0,-4,-4,5.656854
-19,34,-9,39.974992
4,-26,0,26.305893
16,-9,3,18.601075
39,23,-18,48.723711
14,-24,22,35.440090
9,33,12,36.249138
-27,-13,24,38.392708
-32,3,23,39.522146
19,-33,8,38.910153
-17,8,-1,18.814888
-11,-9,-6,15.427249
-7,-26,-7,27.820855
6,-35,3,35.637059
3,7,2,7.874008
7,-5,34,35.071356
-28,14,-2,31.368774
-29,-2,-27,39.673669
-25,23,0,33.970576
-23,-17,10,30.298515
5,14,-37,39.874804
10,10,-16,21.354157
3,7,-16,17.720045
10,-3,43,44.249294
18,26,4,31.874755
-20,21,7,29.832868
9,2,41,42.023803
-7,-12,-17,21.954498
-5,-16,-13,21.213203
41,-9,-12,43.657760
-2,6,0,6.324555
39,4,9,40.224371
-14,-16,16,26.608269
5,-12,-9,15.811388
-14,2,8,16.248077
-32,26,-28,49.839743
4,21,-1,21.400935
-5,-16,-23,28.460499
-11,21,-18,29.765752
-46,10,-32,56.920998
23,9,14,28.390139
-23,0,-5,23.537205
-20,54,-4,57.723479
-13,-14,1,19.131126
-9,-9,-22,25.416530
-1,-6,-35,35.524639
32,13,-29,45.099889
-11,-13,-8,18.814888
31,21,-30,47.979162
-16,-4,6,17.549929
-7,-5,0,8.602325
-17,-36,27,48.104054
-17,-9,-4,19.646883
16,15,7,23.021729
21,25,-16,36.359318
21,8,3,22.671568
-16,-6,28,32.802439
6,-10,34,35.944402
20,-7,25,32.771939
16,-36,-10,40.644803
-5,0,-5,7.071068
-5,-30,-27,40.669399
8,24,-28,37.735925
-40,-13,-21,47.010637
-1,-14,-25,28.670542
0,-12,18,21.633308
0,-18,24,30.000000
-5,19,-6,20.542639
-7,-30,15,34.263683
11,-9,10,17.378147
-2,15,5,15.937377
-20,12,-16,28.284271
-1,19,34,38.961519
-9,33,22,40.669399
-37,19,-4,41.785165
-28,-14,6,31.874755
-13,12,-5,18.384776
23,-41,-14,49.050994
15,-22,23,35.185224
8,-13,29,32.771939
14,27,39,49.457052
-2,9,-21,22.934690
-4,-29,37,47.180504
-22,-24,-18,37.202150
-8,1,9,12.083046
15,-29,-38,50.099900
-15,-43,-48,66.166457
15,4,-21,26.115130
9,8,-1,12.083046
-8,4,-20,21.908902
20,-10,-14,26.381812
0,-19,-1,19.026298
17,-9,36,40.816663
-27,-22,3,34.957117
18,-7,25,31.591138
-6,24,56,61.220911
20,-26,8,33.763886
-5,-9,10,14.352700
14,15,23,30.822070
12,-26,-2,28.705400
21,12,27,36.249138
-15,12,3,19.442222
14,9,13,21.118712
-18,14,16,27.856777
-19,3,20,27.748874
1,-10,11,14.899664
-16,33,31,48.020829
8,-3,-7,11.045361
15,-4,-3,15.811388
-8,19,-19,28.035692
31,-32,-11,45.891176
-30,-13,-21,38.858718
-6,-10,36,37.841776
-1,25,-30,39.064050
-23,-2,-3,23.280893
-2,-9,19,21.118712
1,3,24,24.207437
-5,43,-26,50.497525
-22,6,-6,23.579652
-4,-12,-22,25.377155
23,-12,-13,29.017236
22,2,-22,31.176915
3,32,-1,32.155870
-3,26,-13,29.223278
10,-11,-3,15.165751
20,-24,-16,35.099858
-18,53,-39,68.220232
-5,1,-16,16.792856
-13,11,6,18.055470
1,-39,-10,40.274061
33,6,-7,34.263683
-35,-3,6,35.637059
2,-4,14,14.696938
-12,18,6,22.449944
-23,-5,-24,33.615473
-15,13,38,42.871902
1,-28,-25,37.549967
-4,36,-6,36.715120
-33,-11,2,34.842503
-3,-10,17,19.949937
-20,28,16,37.947332
3,-6,35,35.637059
17,9,-6,20.149442
1,-13,-2,13.190906
-1,22,11,24.617067
25,0,-15,29.154759
12,-26,-4,28.913665
-17,-2,-17,24.124676
7,-25,18,31.591138
-15,15,2,21.307276
-34,33,27,54.534393
4,-1,1,4.242641
-7,2,31,31.843367
9,18,11,22.934690
13,10,3,16.673332
-5,-21,-18,28.106939
11,-13,6,18.055470
5,32,-23,39.724048
5,9,-42,43.243497
-9,-8,23,25.961510
0,3,21,21.213203
-14,21,-25,35.524639
31,-7,-10,33.316662
5,-33,-4,33.615473
-11,31,22,39.572718
0,-32,20,37.735925
-9,-35,16,39.522146
-3,-2,3,4.690416
14,8,-20,25.690465
27,11,-18,34.263683
12,-9,-1,15.033296
-49,21,30,61.171889
7,-24,11,27.313001
16,-3,37,40.422766
3,-12,15,19.442222
-27,40,-21,52.630789
-2,12,16,20.099751
-13,6,-13,19.339080
20,23,3,30.626786
-17,34,47,60.448325
-22,-7,1,23.108440
-23,10,-9,26.645825
17,5,-38,41.928511
-17,2,-1,17.146428
9,16,5,19.026298
4,6,14,15.748016
31,40,-29,58.326666
-21,-32,-5,38.600518
12,29,9,32.649655
-31,3,18,35.972211
-18,-8,16,25.377155
5,-19,16,25.337719
12,-7,-17,21.954498
6,-18,14,23.579652
13,-4,-5,14.491377
14,31,1,34.029399
-16,37,3,40.422766
4,-28,4,28.565714
12,0,-20,23.323808
-4,7,-25,26.267851
30,-45,19,57.323643
29,11,20,36.905284
-1,-18,1,18.055470
5,-15,-22,27.092434
1,-17,-6,18.055470
-5,27,-4,27.748874
-12,15,19,27.018512
18,21,5,28.106939
10,31,-19,37.709415
18,-25,29,42.308392
-12,-21,19,30.757113
-4,6,22,23.151674
-3,-16,11,19.646883
-2,-10,-12,15.748016
-20,-12,-20,30.724583
-12,10,10,18.547237
12,8,22,26.305893
-2,-12,-18,21.725561
-39,13,30,50.892043
4,-14,-10,17.663522
-28,7,37,46.925473
5,14,-13,19.748418
-20,3,13,24.041631
-37,-3,34,50.338852
11,2,-37,38.652296
-14,-7,-5,16.431677
0,22,6,22.803509
24,-10,-32,41.231056
-11,0,1,11.045361
-13,14,11,22.045408
26,30,-14,42.095130
-10,-15,7,19.339080
15,-6,13,20.736441
11,-24,27,37.762415
24,18,18,34.985711
-23,7,6,24.779023
16,-50,22,56.920998
4,-7,-3,8.602325
10,-7,11,16.431677
20,1,-15,25.019992
-1,-1,-20,20.049938
29,0,-5,29.427878
-4,3,-9,10.295630
22,20,2,29.799329
-6,8,-26,27.856777
-19,22,7,29.899833
-9,-2,11,14.352700
4,22,38,44.090815
40,27,-27,55.299186
19,-28,-1,33.852622
24,1,13,27.313001
-21,-5,-36,41.976184
2,-46,-38,59.699246
-21,-10,-17,28.809721
2,17,-39,42.591079
-16,-41,1,44.022721
-20,28,12,36.441734
-25,24,-5,35.014283
12,5,1,13.038405
23,-4,-3,23.537205
-3,-30,21,36.742346
15,28,-1,31.780497
7,25,-18,31.591138
20,-10,32,39.038443
-28,-12,26,40.049969
-38,-4,10,39.496835
-20,-9,3,22.135944
21,12,15,28.460499
-15,-22,-15,30.561414
-34,-6,54,64.093681
-18,1,-15,23.452079
-31,-2,-11,32.954514
19,-11,8,23.366643
-1,7,26,26.944387
-6,-13,19,23.790755
-3,16,23,28.178006
23,24,-47,57.567352
-14,11,7,19.131126
-15,-9,0,17.492856
-31,-6,23,39.064050
7,5,14,16.431677
-21,-11,38,44.788391
-18,-32,-26,44.988888
-17,22,25,37.389838
-7,-6,-27,28.530685
11,-4,5,12.727922
-27,-17,6,32.465366
-20,-16,0,25.612497
-12,-6,-8,15.620499
-3,9,-4,10.295630
5,-19,12,23.021729
2,20,-18,26.981475
8,-5,-31,32.403703
28,-27,-33,51.009803
4,-11,23,25.806976
41,-12,11,44.113490
-16,-20,-4,25.922963
-23,-8,-13,27.604347
-21,-12,-21,32.031235
5,-10,7,13.190906
-3,18,-11,21.307276
-5,-32,13,34.899857
17,13,-14,25.573424
27,-24,-7,36.796739
8,0,20,21.540659
-16,27,5,31.780497
-30,12,4,32.557641
5,19,20,28.035692
22,9,-13,27.092434
36,-41,17,57.148928
-22,23,-1,31.843367
-34,6,30,45.738387
8,-20,6,22.360680
-9,-4,3,10.295630
2,-7,5,8.831761
26,-21,23,40.570926
40,-1,11,41.496988
15,-17,18,28.948230
5,-18,5,19.339080
25,16,-5,30.099834
-9,-28,25,38.600518
31,-18,5,36.193922
-32,20,4,37.947332
-25,33,-6,41.833001
-3,34,-5,34.496377
-25,12,-7,28.600699
2,5,15,15.937377
-11,-9,-18,22.934690
-53,5,-26,59.245253
-1,13,-14,19.131126
-5,-23,6,24.289916
9,0,-7,11.401754
-23,10,21,32.710854
17,-12,-15,25.651511
3,-4,-9,10.295630
-5,17,4,18.165902
-27,-4,21,34.438351
10,-6,-8,14.142136
-28,12,4,30.724583
8,-31,-15,35.355339
25,-5,-8,26.720778
-17,4,9,19.646883
-2,11,5,12.247449
36,33,-27,55.803226
-21,17,-24,36.138622
-27,3,-24,36.249138
15,-6,9,18.493242
22,0,-14,26.076810
46,21,-3,50.655701
-18,-9,19,27.676705
-50,-12,0,51.419841
-12,16,-10,22.360680
-1,8,13,15.297059
-3,12,1,12.409674
14,-27,15,33.911650
-12,31,-43,54.350713
20,-25,-11,33.852622
5,-8,11,14.491377
-21,-6,-5,22.405357
-8,36,20,41.952354
-3,-12,3,12.727922
-24,-11,1,26.419690
4,5,-23,23.874673
-31,5,-22,38.340579
4,-5,-13,14.491377
0,1,-3,3.162278
-23,-14,-7,27.820855
-28,24,-10,38.209946
4,1,3,5.099020
9,-28,19,35.014283
-6,1,7,9.273618
14,4,0,14.560220
12,10,-10,18.547237
16,-32,18,40.049969
-8,-3,-11,13.928388
-8,10,-20,23.748684
-25,13,28,39.724048
38,30,4,48.579831
-28,2,-16,32.310989
-31,27,10,42.308392
56,31,-9,64.637450
-35,-1,-14,37.709415
2,-10,10,14.282857
-20,3,25,32.155870
15,25,2,29.223278
-7,18,15,24.454039
3,14,17,22.226111
-7,10,-3,12.569805
-26,13,-1,29.086079
-17,35,-24,45.716518
-3,-3,28,28.319605
-8,1,-35,35.916570
23,2,-1,23.108440
-1,11,2,11.224972
-8,6,-18,20.591260
-17,-36,-19,44.113490
4,-18,2,18.547237
6,31,13,34.146742
-4,-1,7,8.124038
29,-27,14,42.023803
18,11,7,22.226111
-19,18,25,36.193922
27,-12,-21,36.249138
5,17,6,18.708287
-14,24,-32,42.379240
-8,-5,-1,9.486833
2,29,-21,35.860842
7,-26,11,29.086079
-33,17,20,42.166337
7,7,28,29.698485
10,-25,-1,26.944387
-11,31,20,38.496753
22,4,-32,39.038443
32,-20,-6,38.209946
16,32,4,36.000000
-4,-50,-2,50.199602
0,-4,22,22.360680
-4,9,-9,13.341664
12,1,7,13.928388
48,17,-7,51.400389
-12,20,14,27.202941
14,-19,-11,26.038433
7,-6,-19,21.118712
22,-14,-18,31.685959
-6,10,-4,12.328828
-34,6,8,35.440090
41,23,14,49.050994
-2,3,17,17.378147
-1,-6,-15,16.186414
28,-22,4,35.832946
16,-23,-17,32.771939
-4,9,-29,30.626786
18,1,11,21.118712
-22,-2,18,28.495614
3,-17,-16,23.537205
-6,14,2,15.362291
2,-19,-19,26.944387
-53,29,14,62.016127
17,16,-45,50.695167
22,17,-3,27.964263
3,37,2,37.175261
-19,-12,-7,23.537205
9,-11,14,19.949937
-38,16,26,48.744230
-19,-15,-4,24.535688
18,9,7,21.307276
3,38,-29,47.895720
7,-14,-9,18.055470
31,-14,-1,34.029399
-9,0,-25,26.570661
-14,-8,-22,27.276363
-22,3,-17,27.964263
-18,21,-31,41.545156
20,-1,-17,26.267851
10,-40,-10,42.426407
26,18,-6,32.186954
-16,-13,9,22.494444
-2,6,14,15.362291
2,12,-32,34.234486
-23,-13,6,27.092434
-17,16,-23,32.771939
-17,-11,-2,20.346990
26,2,-8,27.276363
8,36,-10,38.209946
1,-9,-4,9.899495
-15,-8,19,25.495098
-7,-3,6,9.695360
8,-5,-19,21.213203
18,19,-27,37.603191
-22,-27,-11,36.523965
-39,14,-5,41.737274
5,5,32,32.771939
-11,20,-11,25.337719
0,-11,11,15.556349
-18,20,-2,26.981475
-11,-4,-15,19.026298
1,29,-28,40.323690
-7,12,3,14.212670
-21,8,5,23.021729
0,32,8,32.984845
2,-9,21,22.934690
-19,-26,5,32.588341
-14,-2,-40,42.426407
14,-6,-22,26.758176
5,-4,61,61.335145
-10,-14,-30,34.583233
10,-8,-12,17.549929
5,-11,22,25.099801
8,17,-5,19.442222
-3,-1,0,3.162278
9,-1,-22,23.790755
6,-3,37,37.603191
51,43,-16,68.600292
-9,16,-7,19.646883
-5,-3,-8,9.899495
-3,17,10,19.949937
11,-11,8,17.492856
-7,-2,-17,18.493242
17,-5,-8,19.442222
23,-7,-14,27.820855
10,-14,-20,26.381812
7,2,21,22.226111
31,-10,11,34.380227
12,0,2,12.165525
2,-19,27,33.075671
-1,17,4,17.492856
-9,30,5,31.717503
8,-1,-43,43.749286
41,-1,-16,44.022721
-17,19,26,36.414283
-6,-11,9,15.427249
-44,-10,-10,46.216880
-33,-37,0,49.578221
6,-4,16,17.549929
7,20,15,25.961510
-4,15,-19,24.535688
-8,0,-32,32.984845
11,12,-23,28.178006
-13,-10,3,16.673332
-22,-45,-7,50.576674
37,-10,11,39.874804
9,1,6,10.862780
37,19,-2,41.641326
-21,4,11,24.041631
-14,8,26,30.594117
24,-24,-16,37.523326
7,16,-21,27.313001
19,18,-15,30.166206
0,-2,2,2.828427
7,-4,37,37.868192
-8,19,-17,26.720778
11,-2,-25,27.386128
7,-15,10,19.339080
-28,-7,-7,29.698485
-10,18,16,26.076810
-3,-1,-4,5.099020
-6,-19,-5,20.542639
-9,-1,-14,16.673332
21,6,-3,22.045408
-12,-10,4,16.124515
-22,-15,-9,28.106939
-1,5,-14,14.899664
23,-2,-11,25.573424
1,11,-8,13.638182
12,18,10,23.832751
35,3,18,39.471509
-10,-2,6,11.832160
11,-9,16,21.400935
12,-32,-12,36.221541
-14,-2,22,26.153394
3,-3,-12,12.727922
11,3,-2,11.575837
-17,14,-29,36.414283
10,6,6,13.114877
-12,2,-2,12.328828
17,-16,-7,24.372115
-25,31,-12,41.593269
-28,-9,27,39.924930
13,11,-24,29.427878
9,16,-37,41.303753
6,-5,13,15.165751
9,-8,3,12.409674
-16,-5,-33,37.013511
2,34,0,34.058773
10,-5,5,12.247449
-29,-11,18,35.860842
5,8,7,11.747340
0,37,-3,37.121422
31,5,6,31.968735
-2,1,-13,13.190906
-5,-25,-10,27.386128
32,-8,-6,33.526109
13,-28,-19,36.249138
19,19,0,26.870058
2,16,-16,22.715633
42,22,16,50.039984
23,1,-14,26.944387
-2,20,6,20.976177
9,-20,-7,23.021729
28,5,-3,28.600699
-14,-28,-24,39.446166
-4,0,24,24.331050
4,-5,1,6.480741
10,-1,-1,10.099505
-9,17,-10,21.679483
0,0,4,4.000000
14,-18,-2,22.891046
-36,6,4,36.715120
-2,-25,-1,25.099801
12,-25,-15,31.527766
-15,24,-13,31.144823
10,-26,-6,28.495614
-13,-3,28,31.016125
-29,-1,14,32.218007
17,-11,8,21.771541
20,2,8,21.633308
-22,-17,-3,27.964263
2,-6,18,19.078784
17,11,10,22.583180
17,-6,15,23.452079
20,-14,-28,37.148351
-6,10,12,16.733201
9,-27,-6,29.086079
-20,-11,31,38.496753
-16,0,12,20.000000
-26,-30,12,41.472883
-47,-10,1,48.062459
-12,-1,-15,19.235384
-17,28,9,33.970576
-12,16,-18,26.907248
9,1,22,23.790755
36,-11,35,51.400389
28,-27,45,59.481089
-15,21,2,25.884358
25,-23,0,33.970576
-3,25,44,50.695167
-13,-10,23,28.248894
-15,6,-25,29.765752
11,5,6,13.490738
34,3,-19,39.064050
19,43,-18,50.338852
37,-21,8,43.289722
26,0,-2,26.076810
10,7,15,19.339080
15,-31,0,34.438351
13,1,4,13.638182
9,14,-3,16.911535
4,28,20,34.641016
-5,-10,-3,11.575837
-22,-4,-18,28.705400
1,-21,-8,22.494444
5,10,-7,13.190906
-1,-9,-14,16.673332
-12,13,-15,23.194827
8,-10,-8,15.099669
-8,17,9,20.832667
12,-6,26,29.257478
4,14,10,17.663522
0,3,9,9.486833
-16,-25,1,29.698485
-2,-47,15,49.376108
-1,6,-17,18.055470
-26,-12,-28,40.049969
20,-18,-18,32.372828
-2,-17,-1,17.146428
-11,-20,11,25.337719
-25,10,47,54.166410
4,-6,10,12.328828
-22,-12,-4,25.377155
8,13,-23,27.604347
20,8,-2,21.633308
-8,21,-15,27.018512
-27,19,14,35.860842
-7,-28,7,29.698485
-51,8,-23,56.515485
-2,-8,0,8.246211
19,9,16,26.419690
9,35,-16,39.522146
10,20,-30,37.416574
-14,3,-9,16.911535
4,-19,15,24.535688
-12,-7,11,17.720045
8,-10,12,17.549929
9,10,1,13.490738
-11,-23,-22,33.674916
-34,-5,13,36.742346
-7,-26,-3,27.092434
5,-31,30,43.428102
21,8,11,25.019992
-28,6,-2,28.705400
-21,12,7,25.179357
-3,29,-16,33.256578
1,5,-16,16.792856
21,-25,-8,33.615473
0,9,-3,9.486833
-3,33,-10,34.612137
2,22,0,22.090722
22,-3,17,27.964263
25,-3,10,27.092434
6,17,1,18.055470
24,3,-11,26.570661
-6,3,-3,7.348469
-5,6,-5,9.273618
-26,-9,23,35.860842
-1,-3,-14,14.352700
7,8,3,11.045361
29,2,-1,29.086079
16,-35,-9,39.522146
-5,2,41,41.352146
0,7,-13,14.764823
23,9,-56,61.204575
-20,-2,4,20.493902
-17,29,-18,38.131352
19,-3,2,19.339080
-10,-5,-17,20.346990
8,12,22,26.305893
-4,12,-18,22.000000
10,14,18,24.899799
-13,-22,13,28.670542
1,-22,-23,31.843367
-7,-21,26,34.146742
19,28,-11,35.580894
-13,14,-17,25.573424
5,-11,-12,17.029386
6,31,21,37.920970
29,-13,26,41.060930
-11,4,7,13.638182
-8,40,-12,42.520583
10,-14,-4,17.663522
49,5,6,49.618545
-8,-18,14,24.166092
-1,11,-4,11.747340
-15,-22,-27,37.920970
-24,17,-3,29.563491
-21,-24,-33,45.891176
28,-18,-44,55.172457
-13,-4,5,14.491377
-4,31,-9,32.526912
-7,23,-6,24.779023
-19,29,-4,34.899857
-13,-13,-6,19.339080
30,1,-17,34.496377
-1,15,0,15.033296
-10,11,17,22.583180
-40,9,25,48.020829
3,27,8,28.319605
-17,-21,-24,36.138622
-3,-11,26,28.390139
-3,11,4,12.083046
-21,-8,7,23.537205
-11,21,26,35.185224
-48,-6,-20,52.345009
4,6,-4,8.246211
1,-10,-15,18.055470
2,-3,3,4.690416
-3,23,-14,27.092434
27,19,6,33.555923
4,13,-1,13.638182
55,39,-18,69.785385
31,-1,14,34.029399
22,28,-18,39.899875
-8,7,7,12.727922
7,14,-7,17.146428
3,22,21,30.561414
-45,-13,34,57.879185
-10,8,-12,17.549929
-19,7,20,28.460499
-28,10,14,32.863353
2,14,-10,17.320508
2,-17,37,40.767634
13,1,-14,19.131126
-10,-1,3,10.488088
41,-4,3,41.303753
9,-30,-1,31.336879
-9,16,-15,23.706539
-51,-8,29,59.211485
24,26,20,40.644803
18,-8,4,20.099751
13,5,4,14.491377
-19,-6,-1,19.949937
-17,-8,-5,19.442222
-7,-25,2,26.038433
-27,-20,-3,33.734256
0,29,23,37.013511
6,-22,-14,26.758176
28,31,-15,44.384682
-11,18,-9,22.934690
9,-7,-4,12.083046
36,12,-8,38.781439
-23,15,8,28.600699
-13,-26,9,30.430248
-19,-12,1,22.494444
-22,-43,19,51.903757
-15,-4,-5,16.309506
2,-1,5,5.477226
13,14,13,23.108440
2,-34,-6,34.583233
-12,6,-12,18.000000
-9,12,-29,32.649655
28,-10,-14,32.863353
11,-11,12,19.646883
13,-15,38,42.871902
-7,15,-2,16.673332
-19,-9,-32,38.288379
-40,-12,18,45.475268
-11,-2,9,14.352700
-17,-14,-23,31.843367
-34,38,22,55.533774
19,2,-25,31.464265
-4,0,-20,20.396078
-12,-6,16,20.880613
16,1,23,28.035692
-3,-1,2,3.741657
9,11,-18,22.934690
-30,10,32,44.988888
6,15,-3,16.431677
-47,-14,-21,53.347915
-31,18,5,36.193922
-27,-25,6,37.282704
-3,6,-31,31.717503
-40,-8,-14,43.127717
1,4,-15,15.556349
-1,-9,26,27.531800
7,-21,-2,22.226111
-16,32,14,38.418745
32,9,-9,34.438351
23,9,12,27.459060
-2,17,7,18.493242
10,-2,-28,29.799329
4,20,10,22.715633
-3,-40,7,40.718546
3,15,8,17.262677
13,11,-42,45.321077
2,13,-5,14.071247
-12,-51,-23,57.218878
1,-4,7,8.124038
-19,-17,-28,37.868192
11,-4,9,14.764823
-7,8,-5,11.747340
-26,23,7,35.411862
-12,10,6,16.733201
14,-7,-3,15.937377
-27,6,-49,56.267220
8,-19,5,21.213203
24,4,-26,35.608988
5,-2,-15,15.937377
-18,19,11,28.390139
-5,-45,18,48.723711
-14,7,31,34.727511
42,2,-4,42.237424
-21,2,15,25.884358
6,-2,10,11.832160
-17,2,1,17.146428
-11,-3,-16,19.646883
-4,32,14,35.156792
-32,2,8,33.045423
8,-5,-31,32.403703
-39,-3,24,45.891176
-16,3,-29,33.256578
-2,-5,11,12.247449
-4,-3,-13,13.928388
-24,-8,-30,39.242834
0,17,-15,22.671568
24,-10,-2,26.076810
-35,12,21,42.544095
-10,18,-4,20.976177
17,-20,11,28.460499
-12,16,-20,28.284271
-5,-30,1,30.430248
-49,12,37,62.561969
-3,34,-13,36.523965
17,-20,5,26.720778
-6,7,-11,14.352700
1,-47,10,48.062459
3,8,25,26.419690
-3,-17,10,19.949937
19,-5,26,32.588341
9,-8,1,12.083046
14,-32,-26,43.543082
-1,19,4,19.442222
-12,18,-18,28.142495
5,-16,-5,17.492856
12,19,13,25.961510
4,16,14,21.633308
10,6,-30,32.186954
4,6,10,12.328828
-28,7,29,40.914545
15,-20,-43,49.739320
21,11,28,36.687873
15,7,6,17.606817
1,13,20,23.874673
23,32,-15,42.166337
-5,3,20,20.832667
-20,-29,-5,35.580894
8,3,-3,9.055385
16,-7,-17,24.372115
-1,-10,-7,12.247449
18,-5,-5,19.339080
21,-13,-10,26.645825
-28,8,0,29.120440
9,2,-23,24.779023
13,5,-14,19.748418
-26,-40,2,47.749346
-38,-10,6,39.749214
2,1,-5,5.477226
19,-35,-6,40.274061
8,24,16,29.933259
-27,-13,-12,32.280025
-5,-12,-31,33.615473
5,-42,-7,42.871902
-2,35,-9,36.193922
4,26,-18,31.874755
-8,-12,-46,48.207883
10,-10,20,24.494897
1,0,-3,3.162278
-18,-22,-2,28.495614
11,9,-4,14.764823
0,4,-10,10.770330
17,22,-13,30.692019
13,8,-15,21.400935
40,13,-13,44.022721
-6,16,-12,20.880613
-22,-10,-24,34.058773
-14,15,-27,33.911650
1,-14,9,16.673332
26,-12,-6,29.257478
5,15,8,17.720045
17,32,9,37.336309
-44,-9,11,46.238512
22,8,10,25.455844
18,-3,15,23.622024
19,-31,36,51.166395
-5,-16,-9,19.026298
17,3,2,17.378147
21,-8,-27,35.128336
-25,-37,-6,45.055521
-35,11,6,37.175261
28,0,16,32.249031
13,-7,20,24.859606
-10,-13,11,19.748418
-3,-14,-23,27.092434
5,2,-17,17.832555
21,4,17,27.313001
-36,-8,-26,45.122057
-12,12,14,22.000000
-22,28,4,35.832946
16,-10,16,24.738634
-4,25,-11,27.604347
12,1,5,13.038405
-17,3,16,23.537205
-10,-1,-7,12.247449
5,-12,-13,18.384776
1,8,47,47.686476
-18,5,15,23.958297
9,29,24,38.704005
-24,-8,-32,40.792156
-13,6,19,23.790755
-8,-10,-22,25.455844
-43,27,-2,50.813384
-9,39,-8,40.816663
40,-38,12,56.462377
-12,20,14,27.202941
23,10,-15,29.223278
-14,15,-1,20.542639
-33,-37,-4,49.739320
5,-28,-29,40.620192
5,3,42,42.402830
1,11,0,11.045361
22,-18,-18,33.645208
-12,19,-17,28.178006
-1,-8,5,9.486833
20,-2,-28,34.467376
-8,9,3,12.409674
19,10,-19,28.670542
16,23,25,37.549967
-4,-6,8,10.770330
-15,22,-11,28.809721
-6,-7,25,26.645825
15,2,-17,22.759613
3,11,-6,12.884099
0,-32,12,34.176015
-13,-18,-3,22.405357
6,57,19,60.382117
12,58,-4,59.363288
6,20,4,21.260292
-4,8,-22,23.748684
-25,21,-12,34.785054
23,3,4,23.537205
-32,25,21,45.716518
19,13,2,23.108440
14,-13,-13,23.108440
17,28,7,33.496268
3,-27,18,32.588341
11,19,-26,34.029399
-5,-23,10,25.573424
-20,-36,-6,41.617304
9,-18,-31,36.959437
-15,15,8,22.671568
-29,-13,-10,33.316662
-19,18,-1,26.191602
10,-17,-33,38.444766
11,-13,-8,18.814888
-26,-4,-22,34.292856
-14,16,6,22.090722
-33,0,-3,33.136083
0,-18,22,28.425341
-18,21,-5,28.106939
-6,23,1,23.790755
7,18,3,19.544820
-10,-32,30,44.988888
-12,-35,39,53.758720
6,31,-13,34.146742
-14,-4,-6,15.748016
12,-52,2,53.404120
21,6,1,21.863211
-4,-1,3,5.099020
18,-11,3,21.307276
-13,28,-7,31.654384
-11,21,-2,23.790755
11,25,-36,45.188494
-28,-22,-10,36.986484
-4,-42,10,43.358967
8,28,14,32.310989
-3,28,37,46.497312
-31,16,-9,36.027767
17,-1,-22,27.820855
19,-18,-27,37.603191
7,39,0,39.623226
2,-1,-23,23.108440
-13,-16,-15,25.495098
25,3,12,27.892651
33,-44,41,68.600292
-23,5,4,23.874673
7,16,3,17.720045
0,7,-23,24.041631
8,9,-3,12.409674
20,-51,25,60.216277
1,15,-2,15.165751
-18,-7,-43,47.138095
-27,-2,-13,30.033315
0,27,-19,33.015148
33,12,11,36.796739
0,-25,-33,41.400483
12,-31,13,35.693137
2,6,-38,38.522721
25,24,25,42.731721
-45,0,39,59.548300
2,-25,-3,25.258662
-9,-12,-19,24.207437
6,-22,18,29.051678
-5,13,2,14.071247
-9,15,12,21.213203
18,17,-23,33.793490
1,-54,29,61.302528
20,10,42,47.581509
15,-5,-38,41.158231
-14,-4,6,15.748016
8,-5,21,23.021729
-15,-1,12,19.235384
1,9,8,12.083046
17,-4,-15,23.021729
0,4,-18,18.439089
-5,4,45,45.453273
-5,-18,25,31.208973
-1,8,-25,26.267851
21,21,-2,29.765752
-26,10,2,27.928480
26,-14,-2,29.597297
-13,9,-20,25.495098
-13,-25,12,30.626786
11,-14,19,26.038433
-38,-1,-13,40.174619
0,11,17,20.248457
24,25,15,37.762415
5,-13,4,14.491377
13,7,-10,17.832555
4,0,6,7.211103
-9,-13,0,15.811388
9,2,-43,43.977267
-15,11,8,20.248457
11,30,-1,31.968735
-3,9,22,23.958297
-19,-8,-9,22.494444
-25,-32,-13,42.638011
-7,-7,2,10.099505
-15,24,-11,30.364453
17,12,-3,21.023796
-10,17,29,35.071356
-17,11,-24,31.400637
10,17,-3,19.949937
7,-26,-1,26.944387
-17,3,44,47.265209
-27,-15,4,31.144823
10,6,-20,23.151674
-7,-10,-15,19.339080
-15,15,50,54.313902
0,2,28,28.071338
43,21,-4,48.020829
5,-7,14,16.431677
12,13,3,17.944358
-17,6,-19,26.191602
-13,-16,-5,21.213203
-20,-15,-7,25.961510
-13,12,31,35.693137
28,13,-11,32.771939
-4,15,-13,20.248457
5,2,-27,27.531800
-1,-5,-28,28.460499
6,10,6,13.114877
0,25,7,25.961510
24,40,0,46.647615
28,-19,1,33.852622
27,-5,-12,29.966648
5,-10,27,29.223278
45,-15,-8,48.104054
1,20,-19,27.604347
18,-26,6,32.186954
29,-13,-14,34.727511
-33,11,6,35.298725
5,33,-4,33.615473
-14,10,6,18.220867
-20,-5,7,21.771541
9,-28,25,38.600518
12,-5,7,14.764823
-24,30,6,38.884444
-13,-21,8,25.961510
-27,1,-20,33.615473
-20,-28,-18,38.832976
37,-46,9,59.715995
-19,-12,-21,30.757113
-27,29,-18,43.520110
23,1,-14,26.944387
24,1,-11,26.419690
33,5,-12,35.468296
32,-1,-19,37.229021
-13,12,35,39.217343
-3,9,38,39.166312
8,-17,19,26.720778
-47,-14,-29,56.973678
-2,3,-5,6.164414
-7,4,-31,32.031235
32,-32,12,46.818800
-10,11,-5,15.684387
-15,-4,-29,32.893768
0,-15,-3,15.297059
0,-17,-3,17.262677
31,6,-35,47.138095
-22,-9,-3,23.958297
29,-23,-16,40.323690
1,24,29,37.656341
-8,-24,22,33.526109
-8,2,0,8.246211
-9,6,-19,21.863211
-3,-10,-29,30.822070
23,16,9,29.427878
-30,31,-27,50.892043
35,25,16,45.891176
-6,-21,-5,22.405357
-13,2,7,14.899664
-5,-32,23,39.724048
22,-6,-20,30.331502
-9,9,4,13.341664
-7,14,33,36.523965
-18,35,-3,39.471509
-6,-38,4,38.678159
-13,-34,11,38.026307
25,22,-15,36.523965
7,-5,40,40.914545
-12,-1,-15,19.235384
-10,16,-30,35.440090
-18,11,-1,21.118712
4,22,-16,27.495454
43,-3,16,45.978256
-10,19,49,53.497664
12,-21,-15,28.460499
24,-9,19,31.906112
-26,38,16,48.744230
-12,-24,18,32.310989
-6,-30,-28,41.472883
6,-5,-17,18.708287
13,-4,3,13.928388
-42,-46,20,65.421709
0,-13,-15,19.849433
9,-3,8,12.409674
35,-7,0,35.693137
-22,11,-15,28.809721
-23,-1,-20,30.495901
3,-17,-10,19.949937
27,1,0,27.018512
23,-4,-5,23.874673
10,22,-32,40.099875
-13,22,-11,27.820855
5,-18,1,18.708287
5,9,-10,14.352700
-2,-12,6,13.564660
19,4,17,25.806976
-5,-32,-15,35.693137
-1,-18,-3,18.275667
-19,-36,-29,49.979996
1,18,-23,29.223278
-1,1,-16,16.062378
-1,-7,-14,15.684387
-23,-18,-7,30.033315
-21,10,33,40.373258
18,0,-12,21.633308
5,4,-1,6.480741
-6,-9,15,18.493242
34,-21,9,40.963398
-20,-2,6,20.976177
4,-10,-4,11.489125
31,4,5,31.654384
-1,-34,-1,34.029399
-10,31,27,42.308392
14,7,-15,21.679483
30,10,8,32.619013
9,2,-7,11.575837
2,-3,-9,9.695360
-40,-4,20,44.899889
-1,23,14,26.944387
-4,-28,14,31.559468
-8,9,33,35.128336
5,35,42,54.899909
-29,0,7,29.832868
1,-7,-4,8.124038
3,4,-1,5.099020
-15,-26,29,41.737274
-31,-27,-10,42.308392
24,-1,25,34.669872
9,38,11,40.570926
-34,14,18,40.938979
3,9,16,18.601075
-5,-2,-1,5.477226
10,22,6,24.899799
-5,20,31,37.229021
14,-20,-24,34.234486
6,25,-9,27.239677
-25,8,11,28.460499
0,-46,-8,46.690470
16,-2,0,16.124515
-17,-5,-6,18.708287
36,-22,16,45.122057
5,3,-6,8.366600
12,25,13,30.626786
1,42,-21,46.968074
2,-19,17,25.573424
-4,8,28,29.393877
-34,29,35,56.762664
-5,-12,25,28.178006
33,56,-1,65.007692
-3,-41,22,46.626173
35,25,4,43.197222
-18,-18,50,56.107041
-2,5,7,8.831761
-3,18,-9,20.346990
10,7,27,29.631065
-13,-8,33,36.359318
-22,30,16,40.496913
15,17,34,40.865633
-2,6,-20,20.976177
9,-22,-3,23.958297
-5,26,5,26.944387
2,-13,-33,35.524639
-4,21,-15,26.115130
4,-1,-39,39.217343
18,14,-4,23.151674
1,-30,9,31.336879
-2,-15,-13,19.949937
6,0,-14,15.231546
-12,32,-56,65.604878
0,1,1,1.414214
11,-57,-14,59.715995
0,5,-5,7.071068
4,-14,10,17.663522
-7,-15,24,29.154759
-1,22,-9,23.790755
28,-22,-6,36.110940
7,-18,21,28.530685
-11,-13,-14,22.045408
2,-33,15,36.304270
3,-39,36,53.160135
0,7,35,35.693137
-60,10,-22,64.683847
-26,-25,23,42.778499
-6,26,-12,29.257478
40,8,-20,45.431267
-20,-11,-9,24.535688
-7,4,-13,15.297059
-8,10,16,20.493902
-9,-8,-33,35.128336
-18,3,-15,23.622024
-7,-11,-22,25.573424
3,-12,47,48.600412
-26,-16,10,32.124757
-3,4,-19,19.646883
17,-8,-3,19.026298
12,10,6,16.733201
-13,-39,-18,44.877611
-15,-29,10,34.146742
23,-19,-16,33.852622
-2,3,-41,41.158231
-6,8,-20,22.360680
-20,3,-3,20.445048
-12,-3,-3,12.727922
21,6,-27,34.727511
12,-24,22,34.698703
11,-33,8,35.693137
19,-28,5,34.205263
-32,-14,4,35.156792
-3,-17,-14,22.226111
-4,-9,-9,13.341664
10,-9,-5,14.352700
25,1,12,27.748874
23,29,-18,41.158231
-1,10,19,21.494185
-18,-31,-11,37.496667
-12,5,-17,21.400935
-21,-22,-13,33.075671
8,13,5,16.062378
37,-9,2,38.131352
-10,38,-6,39.749214
-30,22,22,43.220366
6,8,28,29.732137
12,-18,-20,29.461840
9,-27,-22,35.972211
-30,-25,11,40.570926
15,0,-9,17.492856
-22,-31,-7,38.652296
-8,-18,-4,20.099751
35,-21,-10,42.023803
-14,9,11,19.949937
-21,30,9,37.709415
7,-10,-7,14.071247
0,-18,6,18.973666
21,21,-24,38.183766
6,15,23,28.106939
10,8,-14,18.973666
-9,-26,-23,35.860842
4,4,4,6.928203
-42,-10,-6,43.588989
-22,-21,9,31.717503
5,18,-1,18.708287
-1,4,-15,15.556349
11,-3,-26,28.390139
30,16,-14,36.769553
-38,48,-54,81.633327
14,3,-45,47.222876
-24,-7,31,39.824616
-3,-17,14,22.226111
-5,-2,23,23.622024
9,-18,-7,21.307276
-22,-18,14,31.685959
-2,1,-5,5.477226
36,-19,7,41.303753
-28,0,-16,32.249031
3,16,1,16.309506
-13,15,-8,21.400935
27,-6,-3,27.820855
-34,12,-12,38.000000
15,-3,-4,15.811388
6,-22,10,24.899799
-23,-10,-11,27.386128
13,9,0,15.811388
21,-2,19,28.390139
-34,3,-9,35.298725
-31,-2,-7,31.843367
8,13,-13,20.049938
-9,33,8,35.128336
-9,0,3,9.486833
0,12,6,13.416408
-14,-27,37,47.895720
-3,-10,13,16.673332
16,-10,-20,27.495454
-8,23,-25,34.899857
25,5,-28,37.868192
10,-20,-6,23.151674
3,17,16,23.537205
-6,-4,12,14.000000
-13,22,29,38.652296
3,-7,4,8.602325
-11,-11,32,35.580894
-18,-25,-9,32.093613
-4,28,20,34.641016
-6,-7,3,9.695360
-17,18,13,27.964263
19,-29,22,41.060930
29,10,19,36.083237
-18,27,21,38.652296
8,6,16,18.867962
-23,-22,-1,31.843367
2,13,-7,14.899664
-30,-16,6,34.525353
8,22,16,28.354894
0,-20,18,26.907248
9,15,0,17.492856
13,20,7,24.859606
-28,-18,32,46.173586
20,12,20,30.724583
-13,22,11,27.820855
-21,-9,-30,37.709415
-10,-24,40,47.707442
34,-28,-12,45.650849
16,-4,2,16.613248
28,31,5,42.071368
-7,-6,37,38.131352
-9,23,-14,28.390139
5,-28,-19,34.205263
-18,-11,-1,21.118712
26,-6,-22,34.583233
20,-12,-16,28.284271
-26,-15,-11,31.968735
37,-10,-1,38.340579
15,-35,24,45.011110
-1,-40,-9,41.012193
-13,-26,15,32.710854
25,-1,20,32.031235
-21,32,-3,38.392708
34,-6,24,42.047592
-4,-51,-23,56.089215
-6,-6,-16,18.110770
-26,-10,-44,52.076866
-37,13,36,53.235327
-14,36,-6,39.089641
-22,20,-26,39.496835
-10,12,-34,37.416574
6,23,-27,35.972211
-33,14,-3,35.972211
-6,31,-27,41.545156
-2,33,-9,34.263683
26,14,-4,29.799329
29,2,13,31.843367
-7,22,5,23.622024
49,12,-29,58.189346
2,51,1,51.048996
-1,2,-5,5.477226
17,14,9,23.790755
13,-14,1,19.131126
-42,-22,8,48.083261
-16,16,2,22.715633
-5,-36,-9,37.443290
-19,-2,-31,36.414283
-9,6,13,16.911535
7,-16,-25,30.495901
9,-3,28,29.563491
10,3,21,23.452079
17,4,1,17.492856
-23,0,-5,23.537205
-15,-4,15,21.587033
25,-11,34,43.611925
16,-26,-10,32.124757
31,-20,3,37.013511
1,17,18,24.779023
-2,10,14,17.320508
3,13,-14,19.339080
-12,7,-19,23.537205
3,12,7,14.212670
-22,-33,-19,43.977267
-27,-10,-9,30.166206
-2,-18,0,18.110770
-23,4,-13,26.720778
31,14,3,34.146742
1,-14,11,17.832555
-20,40,-8,45.431267
1,-17,-16,23.366643
-19,-22,27,39.673669
-10,3,7,12.569805
43,10,11,45.497253
-10,2,-16,18.973666
46,-11,-9,48.145612
10,13,-9,18.708287
19,31,8,37.229021
53,18,21,59.782941
-19,19,28,38.807216
-22,33,9,40.669399
-26,-8,12,29.732137
-16,3,9,18.601075
18,3,19,26.343880
-12,-19,1,22.494444
3,-19,8,20.832667
45,9,0,45.891176
-3,18,-15,23.622024
-22,-1,17,27.820855
0,-11,-1,11.045361
-5,-16,15,22.494444
20,0,-4,20.396078
-29,14,19,37.389838
-17,-1,-14,22.045408
-24,33,35,53.758720
10,47,-3,48.145612
15,41,28,51.865210
19,-12,-19,29.427878
4,-23,27,35.693137
-13,1,22,25.573424
-10,25,-11,29.086079
-3,2,-7,7.874008
-17,20,-1,26.267851
46,10,-42,63.087241
-17,-16,-13,26.720778
-7,-4,21,22.494444
-9,8,-1,12.083046
32,19,7,37.868192
1,19,-2,19.131126
13,-26,-11,31.080541
-9,-4,-1,9.899495
14,11,-13,22.045408
-3,-24,-35,42.544095
29,9,-14,33.436507
0,13,-55,56.515485
-11,-16,-17,25.806976
-12,-4,20,23.664319
15,-27,6,31.464265
5,-3,18,18.920888
4,29,21,36.027767
23,-7,-6,24.779023
17,16,-35,42.071368
19,8,7,21.771541
-31,0,-5,31.400637
-24,-16,-18,34.000000
17,12,-49,53.235327
12,1,45,46.583259
11,-18,-9,22.934690
11,6,9,15.427249
-14,5,-17,22.583180
-14,-12,-18,25.768197
-39,7,-42,57.740800
-30,10,2,31.685959
-10,-7,9,15.165751
-21,-13,18,30.561414
10,-13,3,16.673332
21,41,32,56.089215
12,-6,24,27.495454
10,12,8,17.549929
0,3,-3,4.242641
19,-15,-8,25.495098
-15,-4,13,20.248457
19,-14,-1,23.622024
-21,11,14,27.531800
-14,25,3,28.809721
2,-24,8,25.377155
7,-4,-31,32.031235
9,-6,19,21.863211
1,10,-33,34.496377
9,12,-41,43.657760
8,24,-12,28.000000
4,42,-10,43.358967
7,7,18,20.542639
-13,5,4,14.491377
-6,6,4,9.380832
25,25,0,35.355339
-1,-17,6,18.055470
1,15,18,23.452079
30,32,-18,47.413078
-23,-28,-33,49.010203
-14,-4,8,16.613248
20,-37,9,43.011626
-17,-6,-7,19.339080
-16,-33,1,36.687873
-32,-10,-18,38.052595
2,-6,16,17.204651
-4,-22,-6,23.151674
3,-11,-6,12.884099
-5,-20,1,20.639767
-22,-26,-34,48.124838
48,-10,8,49.678969
13,8,23,27.604347
-29,31,-2,42.497059
-12,-10,-8,17.549929
-5,-12,7,14.764823
42,-3,-9,43.058100
15,25,-8,30.232433
-27,0,13,29.966648
22,-13,-13,28.670542
-28,10,8,30.789609
-31,9,-2,32.341923
12,-18,12,24.738634
28,0,-16,32.249031
-8,-20,-18,28.071338
11,8,19,23.366643
-6,-8,-26,27.856777
12,-13,-13,21.954498
27,4,-21,34.438351
13,21,-14,28.390139
-3,30,7,30.951575
10,-26,-8,28.982753
-4,-7,5,9.486833
5,-10,25,27.386128
0,-4,12,12.649111
34,-9,-3,35.298725
-15,13,-6,20.736441
13,6,-17,22.226111
-4,11,-31,33.136083
-12,3,7,14.212670
-23,5,-6,24.289916
21,-35,-8,41.593269
-15,8,37,40.718546
12,-7,3,14.212670
-2,6,22,22.891046
2,14,-4,14.696938
18,2,10,20.688161
-2,-23,-37,43.611925
-3,-23,-14,27.092434
0,19,-1,19.026298
0,-22,56,60.166436
-1,-6,-3,6.782330
-23,5,-10,25.573424
14,12,-24,30.265492
8,0,-8,11.313708
13,-19,8,24.372115
51,8,21,55.731499
15,16,-3,22.135944
-14,22,-26,36.823905
21,0,-5,21.587033
4,10,8,13.416408
-12,9,31,34.438351
-17,-8,-5,19.442222
5,3,16,17.029386
0,26,18,31.622777
27,-4,-9,28.740216
-1,17,16,23.366643
-20,1,-3,20.248457
-17,-17,8,25.337719
-18,-12,18,28.142495
-4,12,34,36.276714
-12,-5,21,24.698178
13,-6,31,34.146742
12,-18,4,22.000000
2,12,8,14.560220
19,2,13,23.108440
16,22,-52,58.685603
-44,-26,-24,56.462377
23,6,-1,23.790755
-10,25,7,27.820855
27,4,17,32.155870
8,-5,9,13.038405
-3,-21,-12,24.372115
-3,37,-10,38.444766
2,-31,-7,31.843367
-17,13,-4,21.771541
-10,-12,0,15.620499
26,13,23,37.067506
10,7,-37,38.961519
9,-13,-2,15.937377
1,27,-10,28.809721
-8,10,-28,30.789609
-6,16,-4,17.549929
-6,-11,-31,33.436507
-4,-10,38,39.496835
14,25,3,28.809721
-3,-6,17,18.275667
14,-25,1,28.670542
-14,35,3,37.815341
21,-1,-2,21.118712
-23,15,-12,29.966648
10,-8,-4,13.416408
-4,-5,-17,18.165902
-5,20,-31,37.229021
0,1,11,11.045361
-10,-5,-7,13.190906
1,-5,-10,11.224972
4,19,-3,19.646883
7,-1,16,17.492856
26,-53,-25,64.109282
10,-3,13,16.673332
-16,4,-30,34.234486
-6,-1,17,18.055470
5,17,-12,21.400935
22,17,3,27.964263
11,9,12,18.601075
-9,-4,-7,12.083046
5,7,16,18.165902
-19,21,-14,31.591138
29,37,10,48.062459
15,-28,-45,55.081757
-28,21,-25,43.011626
63,19,-22,69.382995
-4,-27,3,27.459060
22,6,-6,23.579652
-29,37,-20,51.088159
-14,-14,2,19.899749
-17,-2,1,17.146428
11,-6,-9,15.427249
9,-5,-14,17.378147
0,30,-10,31.622777
-3,-13,-16,20.832667
-29,-5,-20,35.580894
21,-27,30,45.497253
20,-25,17,36.249138
-31,13,8,34.554305
-2,-12,-20,23.409400
-4,-8,-12,14.966630
-8,32,-6,33.526109
4,-6,16,17.549929
-28,0,-4,28.284271
-4,-16,2,16.613248
12,15,13,23.194827
11,-20,-5,23.366643
-6,-6,-16,18.110770
-19,-23,2,29.899833
29,-19,-18,39.064050
-16,-22,-20,33.763886
-1,11,-8,13.638182
12,-4,12,17.435596
14,6,2,15.362291
4,7,-1,8.124038
59,7,-18,62.080593
-16,-22,38,46.733286
35,-7,-26,44.158804
-9,-16,-21,27.892651
-7,-16,17,24.372115
-18,8,18,26.683328
-4,-9,11,14.764823
5,-2,29,29.495762
-16,-4,0,16.492423
29,7,0,29.832868
-26,13,15,32.710854
4,-15,9,17.944358
-11,25,0,27.313001
35,15,8,38.910153
-10,-7,9,15.165751
27,11,8,30.232433
-5,-9,8,13.038405
16,-27,7,32.155870
3,21,2,21.307276
-19,-9,32,38.288379
11,28,-31,43.197222
8,-10,6,14.142136
-10,44,-18,48.579831
-5,9,18,20.736441
-10,11,-11,18.493242
45,-1,4,45.188494
-40,-2,2,40.099875
11,-3,-32,33.970576
-7,24,19,31.400637
-23,-7,14,27.820855
5,-21,18,28.106939
6,-25,25,35.860842
4,-11,-7,13.638182
7,-15,-44,47.010637
14,25,-31,42.213742
27,-8,9,29.563491
30,-49,1,57.463032
0,42,20,46.518813
-8,3,-17,19.026298
-33,-2,-7,33.793490
-18,4,6,19.390719
-16,10,0,18.867962
-5,-1,-16,16.792856
1,4,-29,29.291637
-16,-4,20,25.922963
15,23,-30,40.669399
-41,-7,8,42.355637
-3,15,4,15.811388
4,-4,46,46.346521
0,-5,-35,35.355339
7,-23,-10,26.038433
7,-3,-30,30.951575
10,20,36,42.379240
15,-15,4,21.587033
3,-3,-4,5.830952
-18,-19,7,27.092434
-3,-12,-21,24.372115
-11,8,-7,15.297059
10,36,-16,40.644803
-18,-18,-8,26.683328
8,5,19,21.213203
-10,4,-32,33.763886
2,14,6,15.362291
12,-10,-52,54.295488
22,25,11,35.071356
-16,18,6,24.819347
0,26,4,26.305893
-14,9,15,22.405357
16,-26,-36,47.201695
-27,14,-5,30.822070
22,2,32,38.884444
24,-6,4,25.059928
8,-8,-2,11.489125
8,-40,0,40.792156
19,-23,-28,40.914545
52,-11,23,57.913729
19,-17,-42,49.132474
-21,-47,-26,57.671483
3,-5,-14,15.165751
-25,10,-7,27.820855
-3,-18,-9,20.346990
-19,-14,31,38.961519
-24,34,-10,42.801869
8,4,24,25.612497
2,11,7,13.190906
12,4,8,14.966630
-28,18,28,43.497126
-4,14,-32,35.156792
-17,-18,15,28.948230
24,-18,-20,36.055513
-8,25,-39,47.010637
32,28,24,48.826222
18,6,10,21.447611
11,-5,-20,23.366643
-23,-8,31,39.420807
-4,12,0,12.649111
17,-13,10,23.622024
25,-28,7,38.183766
-27,-2,-17,31.968735
28,5,7,29.291637
-11,-7,18,22.226111
-20,35,-1,40.323690
18,11,-1,21.118712
-27,3,-4,27.459060
-15,-5,-8,17.720045
16,-19,-31,39.724048
25,0,7,25.961510
13,-16,27,33.970576
2,11,-5,12.247449
-25,-21,-14,35.524639
15,-1,-36,39.012818
12,-27,-31,42.825226
31,-4,17,35.580894
3,-3,12,12.727922
-24,-10,-20,32.802439
3,27,12,29.698485
15,-14,-19,27.964263
24,-41,-25,53.684262
12,7,-1,13.928388
27,7,-28,39.522146
7,-14,5,16.431677
12,-9,37,39.924930
-21,-5,-38,43.703547
29,28,-19,44.564560
51,18,-5,54.313902
2,0,30,30.066593
-12,14,-20,27.202941
-50,-12,34,61.644140
-7,-3,-12,14.212670
-22,-20,20,35.832946
30,-15,-7,34.263683
7,7,-6,11.575837
-26,20,-8,33.763886
-22,-41,11,47.812132
0,6,28,28.635642
3,-11,-20,23.021729
-10,17,-17,26.038433
0,-24,10,26.000000
-21,15,-18,31.464265
5,-15,14,21.118712
-11,-30,-5,32.341923
-42,1,-3,42.118879
13,33,-10,36.851052
-23,2,-9,24.779023
4,19,-23,30.099834
2,-24,-24,34.000000
25,-20,-27,41.880783
-11,-38,-5,39.874804
3,-25,-14,28.809721
-23,-9,44,50.457903
-11,-36,29,47.518417
-42,36,18,58.172158
13,4,-25,28.460499
-18,-40,4,44.045431
-30,-11,-17,36.193922
-1,-2,25,25.099801
-34,-29,-11,46.021734
-5,33,22,39.974992
3,-24,-3,24.372115
-65,30,5,71.763500
-37,-11,20,43.474130
-11,-15,-30,35.298725
17,-16,-23,32.771939
-2,-22,6,22.891046
17,-26,-11,32.954514
-17,-13,46,50.734604
25,-33,16,44.384682
-8,36,20,41.952354
22,-3,-19,29.223278
3,31,0,31.144823
14,24,30,40.890097
12,17,11,23.537205
-7,-10,5,13.190906
-12,-25,-21,34.785054
14,-14,-14,24.248711
5,18,-5,19.339080
15,-38,21,45.934736
-14,19,21,31.591138
-19,-45,-34,59.514704
-32,45,-7,55.659680
-15,3,-28,31.906112
-7,-6,-11,14.352700
29,16,-11,34.899857
-17,17,-10,26.038433
40,-13,-23,47.937459
-4,6,16,17.549929
-41,7,-22,47.053161
-4,-12,4,13.266499
14,4,16,21.633308
29,-15,-24,40.521599
2,0,-30,30.066593
5,-20,33,38.910153
-31,34,-23,51.439285
1,10,17,19.748418
20,38,14,45.166359
-18,-43,27,53.870214
3,21,-14,25.416530
3,-4,-9,10.295630
15,26,-21,36.633318
-26,0,6,26.683328
-17,-24,7,30.232433
-15,-11,12,22.135944
-24,-15,29,40.521599
34,10,-24,42.801869
10,29,-25,39.572718
38,-8,-26,46.733286
-5,-38,7,38.961519
-21,-30,17,40.373258
-12,7,-5,14.764823
17,34,-25,45.497253
-36,-31,11,48.764741
32,8,6,33.526109
6,0,6,8.485281
-1,-13,20,23.874673
16,21,-27,37.762415
-42,32,-10,53.740115
6,4,22,23.151674
8,16,8,19.595918
-5,-47,26,53.944416
2,-6,-6,8.717798
-25,11,0,27.313001
12,-9,1,15.033296
21,-4,7,22.494444
-21,23,2,31.208973
18,-23,11,31.208973
29,-13,20,37.549967
13,18,23,31.968735
-17,13,30,36.851052
-23,-6,-3,23.958297
5,16,-3,17.029386
-29,-7,-26,39.572718
-13,-9,0,15.811388
-12,-8,28,31.496031
2,-28,-26,38.262253
-6,10,-40,41.665333
-16,25,5,30.099834
-25,-42,27,55.839054
18,3,-1,18.275667
35,14,-9,38.755645
-22,4,-32,39.038443
17,-16,-45,50.695167
1,-4,15,15.556349
26,-12,6,29.257478
-15,-1,24,28.319605
-20,-6,-2,20.976177
10,9,5,14.352700
16,-27,-29,42.731721
6,19,19,27.531800
-16,-1,-5,16.792856
-6,-31,27,41.545156
12,-28,16,34.409301
14,30,-14,35.944402
-4,1,11,11.747340
12,-17,-19,28.178006
1,6,13,14.352700
-14,23,-3,27.092434
8,13,37,40.024992
-5,-23,4,23.874673
34,-4,26,42.988371
-35,4,1,35.242020
10,18,4,20.976177
35,-16,-33,50.695167
18,11,13,24.779023
21,15,6,26.495283
-2,-9,9,12.884099
-2,-12,-2,12.328828
-16,-12,-12,23.323808
44,-11,-23,50.852729
-12,18,18,28.142495
31,13,-22,40.174619
-41,-41,10,58.838763
15,20,-45,51.478151
-9,25,-4,26.870058
-16,-2,26,30.594117
-7,24,3,25.179357
9,17,-2,19.339080
19,-8,-11,23.366643
5,6,-9,11.916375
-11,24,3,26.570661
7,14,-25,29.495762
8,14,-8,18.000000
20,1,7,21.213203
19,9,-12,24.207437
20,21,-17,33.615473
31,-5,-12,33.615473
-7,-4,-1,8.124038
16,-6,-8,18.867962
-10,27,19,34.496377
-21,4,-25,32.893768
-8,0,-42,42.755117
-1,-11,10,14.899664
8,-23,1,24.372115
-24,17,17,33.970576
11,-2,23,25.573424
-12,6,30,32.863353
-7,-38,31,49.537864
1,28,1,28.035692
1,-17,-4,17.492856
14,19,13,26.944387
11,5,6,13.490738
-16,4,18,24.413111
-11,-5,-4,12.727922
-21,4,-5,21.954498
27,-36,-21,49.658836
3,13,-4,13.928388
-15,-8,-9,19.235384
5,2,13,14.071247
32,-24,20,44.721360
1,-5,10,11.224972
27,24,-3,36.249138
-31,-11,-20,38.496753
13,-17,16,26.720778
-17,40,-41,59.749477
19,-42,-9,46.968074
0,-1,-19,19.026298
18,-4,-12,22.000000
7,34,11,36.414283
-9,26,27,38.548671
-7,-21,-6,22.934690
22,4,0,22.360680
22,-17,1,27.820855
-6,-3,-7,9.695360
12,9,7,16.552945
-1,-17,8,18.814888
13,12,15,23.194827
-32,0,6,32.557641
-4,3,35,35.355339
26,-1,-5,26.495283
9,33,-10,35.637059
-4,-3,-1,5.099020
16,1,11,19.442222
16,-13,9,22.494444
-6,9,35,36.633318
13,16,-43,47.686476
-15,-1,-10,18.055470
3,-10,-3,10.862780
-18,2,-16,24.166092
-9,22,-9,25.416530
-36,-8,-16,40.199502
6,23,19,30.430248
-17,3,30,34.612137
-24,-18,-16,34.000000
-13,-3,6,14.628739
1,-9,-32,33.256578
-42,23,-51,69.957130
-14,37,5,39.874804
2,22,22,31.176915
-18,7,1,19.339080
14,-10,0,17.204651
8,-9,-5,13.038405
24,9,13,28.740216
15,13,2,19.949937
-4,-1,-3,5.099020
11,-4,9,14.764823
16,-23,-1,28.035692
0,-40,12,41.761226
5,-7,8,11.747340
16,-9,-5,19.026298
-11,5,-16,20.049938
1,-1,-6,6.164414
15,-19,0,24.207437
-16,13,-23,30.886890
-14,34,-2,36.823905
53,-40,7,66.768256
2,17,-5,17.832555
-5,0,-15,15.811388
-2,-7,19,20.346990
3,-10,-9,13.784049
-12,22,24,34.698703
-9,22,11,26.191602
22,0,18,28.425341
-14,11,3,18.055470
-28,6,12,31.048349
2,17,7,18.493242
13,7,6,15.937377
-32,-20,26,45.825757
-12,-16,10,22.360680
-5,-2,35,35.411862
-2,11,-1,11.224972
4,-5,37,37.549967
-26,24,0,35.383612
36,-2,12,38.000000
1,12,-37,38.910153
-9,4,-35,36.359318
24,-17,7,30.232433
10,21,-29,37.175261
-10,7,1,12.247449
-3,-4,3,5.830952
11,38,-53,66.136223
-33,-26,-1,42.023803
15,-5,-34,37.496667
-15,0,47,49.335586
-7,8,-1,10.677078
-34,-15,-9,38.236109
18,16,2,24.166092
15,17,-18,28.948230
-45,-1,8,45.716518
-14,6,-4,15.748016
-31,-2,11,32.954514
4,3,-7,8.602325
-23,-7,28,36.905284
-34,29,-17,47.812132
-4,-24,4,24.657656
-4,-6,-2,7.483315
-36,-6,-8,37.363083
-7,20,-3,21.400935
3,4,3,5.830952
-36,-27,11,46.324939
-5,67,6,67.453688
-14,0,-4,14.560220
7,27,28,39.522146
-18,31,3,35.972211
14,7,7,17.146428
-14,17,7,23.108440
8,10,8,15.099669
-3,20,29,35.355339
5,32,-7,33.136083
4,10,6,12.328828
15,18,-5,23.958297
-11,-3,20,23.021729
-2,-27,-1,27.092434
-16,-7,-1,17.492856
-30,-12,20,38.000000
3,23,-12,26.115130
-7,-4,-15,17.029386
-13,8,15,21.400935
-25,15,4,29.427878
-1,-26,27,37.496667
18,16,-4,24.413111
12,31,17,37.336309
-27,42,-27,56.762664
-1,-13,-2,13.190906
-6,-19,-13,23.790755
-22,20,12,32.062439
-13,6,9,16.911535
-8,-17,-35,39.724048
-9,-1,10,13.490738
-5,11,-12,17.029386
-29,3,-12,31.527766
-12,-21,27,36.249138
45,-2,33,55.839054
5,-20,7,21.771541
9,-20,-37,43.011626
-8,3,5,9.899495
10,-9,19,23.280893
2,4,-2,4.898979
27,-15,-30,43.058100
11,-6,29,31.591138
1,29,16,33.136083
-4,-8,-18,20.099751
8,11,27,30.232433
5,9,12,15.811388
10,5,3,11.575837
-36,0,-22,42.190046
-14,12,18,25.768197
6,-53,-7,53.795911
-24,-2,6,24.819347
20,-5,3,20.832667
-46,-6,24,52.230259
8,19,53,56.868269
-3,-18,23,29.359837
0,10,10,14.142136
31,-12,9,34.438351
9,10,11,17.378147
-13,3,-26,29.223278
23,9,-22,33.075671
-7,-7,12,15.556349
-13,-3,38,40.274061
-5,-4,11,12.727922
8,13,23,27.604347
-16,8,-16,24.000000
18,-21,3,27.820855
7,-11,14,19.131126
14,25,-27,39.370039
-8,17,-29,34.554305
33,10,5,34.842503
25,10,-11,29.086079
-39,-2,15,41.833001
3,-15,6,16.431677
7,-29,8,30.886890
18,-15,17,28.948230
17,-14,-1,22.045408
-13,-24,-17,32.155870
10,-23,11,27.386128
-35,12,23,43.566042
19,26,3,32.341923
0,13,-17,21.400935
-22,9,11,26.191602
5,27,20,33.970576
-25,-4,5,25.806976
-39,8,27,48.104054
17,-12,19,28.178006
20,20,48,55.713553
-2,19,-11,22.045408
1,41,-14,43.335897
-25,22,3,33.436507
-28,2,6,28.705400
7,-32,-15,36.027767
14,33,17,39.673669
-6,-22,28,36.110940
-13,-29,-4,32.031235
-11,3,6,12.884099
13,-3,12,17.944358
52,-10,12,54.295488
29,1,36,46.238512
11,-11,-4,16.062378
18,7,-39,43.520110
10,-5,25,27.386128
-39,8,-31,50.457903
-5,-11,-38,39.874804
9,-31,2,32.341923
-24,-8,38,45.650849
-9,20,31,37.973675
25,-1,-22,33.316662
8,-30,10,32.619013
-9,7,4,12.083046
11,-38,-37,54.166410
18,-24,10,31.622777
-5,-59,24,63.890531
-35,-23,16,44.833024
9,19,80,82.716383
5,-7,-12,14.764823
9,-25,26,37.175261
-2,4,4,6.000000
-6,-9,5,11.916375
-20,-11,31,38.496753
18,-7,9,21.307276
-6,6,-14,16.370706
-1,24,-7,25.019992
11,10,-21,25.729361
-15,-26,11,31.968735
2,-31,-25,39.874804
15,-4,29,32.893768
11,22,-41,47.812132
-17,16,3,23.537205
-3,-34,-5,34.496377
-49,-7,-6,49.859803
19,-18,-3,26.343880
11,28,-5,30.495901
-34,15,15,40.074930
4,18,-8,20.099751
18,-14,-6,23.579652
-20,10,6,23.151674
-10,28,0,29.732137
17,24,-11,31.400637
13,9,-8,17.720045
15,-8,21,27.018512
13,28,17,35.242020
16,11,37,41.785165
-10,-29,1,30.692019
15,12,17,25.651511
-20,19,17,32.403703
1,-33,12,35.128336
33,0,-19,38.078866
-15,0,11,18.601075
-3,-16,-25,29.832868
35,45,8,57.567352
17,-35,18,42.871902
8,9,-23,25.961510
12,-25,-21,34.785054
-21,-18,15,31.464265
-23,45,18,53.646994
-9,-13,8,17.720045
-4,7,17,18.814888
-3,-21,2,21.307276
-20,8,30,36.932371
-53,12,33,63.576725
14,-14,18,26.758176
-41,-6,7,42.023803
8,-16,6,18.867962
38,18,-26,49.436828
27,22,37,50.813384
4,16,-20,25.922963
37,-53,4,64.761099
-10,0,-24,26.000000
13,2,21,24.779023
4,-9,-25,26.870058
-8,4,-4,9.797959
11,39,4,40.718546
2,-41,13,43.058100
33,20,-17,42.166337
13,22,-1,25.573424
-6,20,10,23.151674
14,10,-6,18.220867
-17,-15,-24,33.015148
11,-1,-28,30.099834
-24,7,39,46.324939
21,3,-16,26.570661
1,-2,-23,23.108440
13,16,-3,20.832667
-16,17,-9,25.019992
13,-17,-32,38.496753
-7,-23,4,24.372115
21,13,-14,28.390139
6,14,-8,17.204651
-19,26,41,52.134442
-3,-24,-1,24.207437
-28,-34,28,52.191953
-17,-21,8,28.178006
-4,-34,-16,37.788887
-1,6,21,21.863211
10,-15,19,26.191602
-32,-34,14,48.744230
7,-4,23,24.372115
3,-27,16,31.527766
-23,0,-13,26.419690
-24,-10,12,28.635642
-17,1,-2,17.146428
5,-10,17,20.346990
-7,-10,3,12.569805
24,0,-2,24.083189
-31,2,21,37.496667
2,8,22,23.494680
11,17,-12,23.537205
10,-22,18,30.133038
3,-27,2,27.239677
19,26,19,37.389838
1,-15,18,23.452079
4,2,-4,6.000000
1,13,-24,27.313001
2,-24,-2,24.166092
0,2,-4,4.472136
40,-2,-16,43.127717
28,6,-12,31.048349
40,-13,15,44.654227
-18,-22,-26,38.522721
-7,1,12,13.928388
6,-11,35,37.175261
-30,-4,6,30.854497
17,12,11,23.537205
19,-15,14,27.964263
-5,9,-28,29.832868
5,-8,3,9.899495
41,19,0,45.188494
32,16,-8,36.660606
-20,5,25,32.403703
60,-8,-14,62.128898
-17,-28,-5,33.136083
44,14,-14,48.249352
15,28,11,33.615473
13,19,30,37.815341
14,0,4,14.560220
1,-17,2,17.146428
3,-14,-3,14.628739
23,-3,2,23.280893
30,6,-8,31.622777
3,-6,15,16.431677
-61,-7,14,62.976186
-15,-10,-31,35.860842
-8,-30,-14,34.058773
12,4,14,18.867962
2,5,3,6.164414
-26,8,2,27.276363
-3,-13,14,19.339080
22,-2,-26,34.117444
-5,30,23,38.131352
18,29,7,34.842503
-19,30,11,37.175261
-9,-11,-10,17.378147
12,-8,18,23.065125
3,20,25,32.155870
20,-1,13,23.874673
31,21,12,39.319207
11,-20,-13,26.267851
10,14,-22,27.928480
-12,-9,-19,24.207437
-22,6,-22,31.685959
-31,1,6,31.591138
21,-2,-15,25.884358
-4,27,-27,38.392708
20,-30,40,53.851648
7,-6,5,10.488088
10,8,10,16.248077
5,6,-15,16.911535
0,31,-21,37.443290
-14,-4,14,20.199010
-35,10,-11,38.026307
23,2,1,23.108440
-16,-23,17,32.771939
16,27,-13,33.970576
-10,0,-8,12.806248
2,-1,-1,2.449490
29,11,16,34.899857
6,12,8,15.620499
35,12,-9,38.078866
16,14,16,26.608269
9,9,-4,13.341664
3,-1,-12,12.409674
8,-13,17,22.847319
17,25,4,30.495901
15,-16,-25,33.256578
33,7,-4,33.970576
-7,2,-17,18.493242
-11,16,-9,21.400935
1,12,-27,29.563491
23,-17,24,37.336309
-10,22,2,24.248711
11,14,27,32.341923
11,-8,-3,13.928388
1,-6,31,31.591138
26,13,9,30.430248
16,-6,-2,17.204651
13,23,-28,38.496753
9,2,9,12.884099
-25,4,-1,25.337719
-8,21,3,22.671568
-5,26,-25,36.414283
0,9,27,28.460499
13,3,2,13.490738
15,15,-10,23.452079
7,-32,-13,35.242020
34,30,-20,49.558047
23,5,-30,38.131352
8,15,11,20.248457
-20,17,5,26.720778
12,-7,35,37.656341
7,25,-18,31.591138
-24,-35,9,43.382024
-16,33,-13,38.910153
5,28,-1,28.460499
-17,7,28,33.496268
-31,9,-26,41.448764
-6,17,-1,18.055470
-4,-3,1,5.099020
-7,18,-3,19.544820
2,-19,-1,19.131126
-3,-7,0,7.615773
-16,-8,-20,26.832816
6,-15,-7,17.606817
-29,-21,8,36.687873
-2,4,-8,9.165151
34,15,5,37.496667
-37,11,16,41.785165
-1,-19,-28,33.852622
18,3,-11,21.307276
-19,-23,20,35.916570
-19,6,9,21.863211
32,-34,12,48.207883
1,-9,-10,13.490738
-6,29,7,30.430248
-16,-28,10,33.763886
2,22,18,28.495614
1,6,-17,18.055470
-34,17,5,38.340579
-36,-21,-9,42.638011
5,-19,12,23.021729
24,-5,37,44.384682
3,26,-1,26.191602
1,23,22,31.843367
-10,-6,8,14.142136
-25,7,-8,27.166155
0,-8,18,19.697716
-9,-10,7,15.165751
14,-27,-3,30.561414
5,17,4,18.165902
17,-5,8,19.442222
-9,-5,-6,11.916375
2,30,-26,39.749214
9,8,13,17.720045
-13,1,6,14.352700
4,6,0,7.211103
-11,-18,-7,22.226111
-7,13,-12,19.026298
-4,26,0,26.305893
1,-37,20,42.071368
-21,-23,24,39.319207
4,1,-3,5.099020
-6,-13,33,35.972211
-6,-6,2,8.717798
18,-11,-3,21.307276
-18,8,24,31.048349
-11,-18,-5,21.679483
11,4,-15,19.026298
29,15,2,32.710854
11,16,-7,20.639767
-23,48,5,53.460266
-11,14,9,19.949937
-6,-21,1,21.863211
20,-2,28,34.467376
8,-7,-3,11.045361
-19,-15,-14,27.964263
12,-15,7,20.445048
-9,2,13,15.937377
-1,3,4,5.099020
3,-10,9,13.784049
9,-12,-33,36.249138
-1,26,15,30.033315
1,10,-23,25.099801
-2,20,-10,22.449944
7,6,11,14.352700
-18,16,-12,26.907248
6,27,-1,27.676705
-19,12,-23,32.155870
-13,-4,-13,18.814888
-19,-15,-28,37.013511
-19,15,2,24.289916
-21,15,-6,26.495283
10,2,10,14.282857
27,2,-13,30.033315
7,12,1,13.928388
-12,-4,-20,23.664319
2,9,-13,15.937377
5,19,10,22.045408
8,-5,23,24.859606
-41,-2,-25,48.062459
0,-29,-13,31.780497
11,5,4,12.727922
-2,-3,15,15.427249
-7,-19,-10,22.583180
8,-15,-11,20.248457
62,-3,-1,62.080593
15,-1,-32,35.355339
3,-11,-6,12.884099
21,-7,12,25.179357
-2,-9,3,9.695360
-33,-12,-9,36.249138
4,2,-4,6.000000
-16,2,22,27.276363
4,6,-16,17.549929
4,0,-26,26.305893
3,23,-16,28.178006
8,21,9,24.207437
-5,29,18,34.496377
14,1,-15,20.542639
-27,7,10,29.631065
15,-15,-12,24.372115
-20,27,3,33.734256
20,-13,-3,24.041631
-17,11,28,34.554305
2,24,14,27.856777
31,5,-6,31.968735
48,-37,21,64.140471
-3,-21,-22,30.561414
11,5,32,34.205263
7,-15,10,19.339080
-8,-8,-16,19.595918
-3,-11,0,11.401754
-14,14,10,22.181073
-15,-8,15,22.671568
-35,-9,-6,36.633318
12,-6,14,19.390719
-30,18,26,43.588989
12,9,3,15.297059
2,23,17,28.670542
22,-22,-38,49.112117
-6,12,-12,18.000000
-19,4,-13,23.366643
47,-12,-3,48.600412
6,-11,-37,39.064050
-12,6,6,14.696938
20,21,-7,29.832868
-13,-13,4,18.814888
13,-24,-11,29.427878
-4,-14,36,38.832976
-34,-2,10,35.496479
-2,-2,2,3.464102
-23,-12,11,28.178006
25,34,-15,44.788391
10,-19,11,24.124676
0,17,-11,20.248457
-8,16,14,22.715633
-5,8,17,19.442222
12,-12,-36,39.799497
-3,12,-3,12.727922
13,-17,4,21.771541
18,4,-24,30.265492
-21,-8,-11,25.019992
-11,2,13,17.146428
-7,-6,23,24.779023
-4,24,-4,24.657656
3,8,31,32.155870
9,-1,24,25.651511
21,17,-38,46.626173
21,-25,26,41.737274
-36,-7,3,36.796739
-4,-5,-31,31.654384
18,1,43,46.626173
3,35,-22,41.448764
5,-5,-8,10.677078
-18,-2,-6,19.078784
2,15,-15,21.307276
-17,-7,6,19.339080
11,-31,-4,33.136083
2,-26,20,32.863353
1,-39,-14,41.448764
-19,-17,6,26.191602
-24,-23,-5,33.615473
-27,21,4,34.438351
18,16,0,24.083189
-8,14,6,17.204651
18,-27,-23,39.774364
22,-11,-29,38.026307
-7,-13,14,20.346990
-2,-5,-17,17.832555
-13,0,-17,21.400935
2,8,-30,31.112698
9,27,2,28.530685
33,-28,7,43.840620
4,-27,1,27.313001
13,0,-19,23.021729
-4,5,1,6.480741
-19,-14,-23,32.954514
10,-26,-4,28.142495
-12,-14,-16,24.413111
-4,-5,13,14.491377
-6,-2,6,8.717798
-1,20,1,20.049938
-26,47,13,55.263008
11,-16,21,28.600699
2,14,0,14.142136
-25,-5,4,25.806976
-9,-9,-8,15.033296
-1,15,2,15.165751
-12,1,-17,20.832667
8,-21,-31,38.288379
1,6,13,14.352700
-14,6,16,22.090722
25,-27,16,40.124805
17,-37,6,41.158231
-11,-28,-17,34.554305
33,-16,-9,37.762415
-3,5,6,8.366600
38,19,29,51.439285
-18,16,-6,24.819347
12,17,-51,55.081757
30,-26,-30,49.759421
10,4,-4,11.489125
-4,-23,-13,26.720778
-6,30,12,32.863353
-5,-12,5,13.928388
20,-14,2,24.494897
-44,-33,19,58.189346
10,-15,-15,23.452079
-12,-11,-13,20.832667
-18,-25,-7,31.591138
26,-20,-8,33.763886
-30,-11,1,31.968735
-13,38,23,46.281746
-14,-18,0,22.803509
4,1,7,8.124038
-28,-8,-12,31.496031
15,14,-25,32.341923
-10,11,-9,17.378147
-43,-8,-13,45.628938
-17,21,-4,27.313001
-13,-7,-24,28.178006
-41,-14,11,44.698993
-19,-12,19,29.427878
-30,40,16,52.497619
-4,-26,6,26.981475
-6,4,20,21.260292
-6,3,-1,6.782330
19,2,21,28.390139
-8,11,25,28.460499
-4,26,12,28.913665
12,-15,29,34.785054
1,-15,0,15.033296
19,30,-7,36.193922
-24,13,13,30.232433
-27,30,23,46.454279
-33,16,-9,37.762415
-1,-23,6,23.790755
-32,4,2,32.310989
7,-18,29,34.842503
20,-14,14,28.142495
-1,-22,-1,22.045408
-3,-36,11,37.762415
12,-3,-27,29.698485
5,-46,19,50.019996
6,-6,22,23.579652
6,6,16,18.110770
8,4,-8,12.000000
-3,13,-8,15.556349
16,17,17,28.879058
-25,-20,-29,43.197222
-10,-18,0,20.591260
36,-18,-24,46.861498
1,28,-15,31.780497
-10,-11,-9,17.378147
4,-13,-17,21.771541
19,19,14,30.298515
9,36,-9,38.183766
-8,-18,-18,26.683328
-3,15,14,20.736441
5,-10,-31,32.954514
-3,-7,-20,21.400935
1,40,21,45.188494
8,13,-11,18.814888
-18,6,-24,30.594117
19,10,29,36.083237
-8,9,-5,13.038405
-13,-18,-1,22.226111
29,11,-20,36.905284
11,-4,-3,12.083046
-1,-1,28,28.035692
37,-31,18,51.516987
-40,-29,-21,53.684262
-24,0,0,24.000000
35,-5,4,35.580894
-23,5,4,23.874673
-30,11,21,38.236109
-6,-7,9,12.884099
17,2,-27,31.968735
17,13,14,25.573424
6,35,1,35.524639
-3,16,-17,23.537205
-29,-21,22,42.023803
3,-4,1,5.099020
-3,-37,32,49.010203
-4,8,-16,18.330303
5,22,15,27.092434
29,-4,-49,57.078893
19,-3,0,19.235384
-16,-29,-35,48.187135
17,-4,9,19.646883
33,34,-15,49.699095
-26,-1,-19,32.218007
10,10,-20,24.494897
7,-12,13,19.026298
0,-33,-3,33.136083
-8,4,-10,13.416408
-6,-19,9,21.863211
-6,5,-33,33.911650
-18,-27,21,38.652296
12,-4,32,34.409301
-29,2,-25,38.340579
20,15,-1,25.019992
15,8,-19,25.495098
17,7,-2,18.493242
-6,12,-14,19.390719
-3,-6,13,14.628739
9,-23,12,27.459060
7,-7,0,9.899495
0,10,12,15.620499
14,-27,7,31.208973
-10,-4,-18,20.976177
30,8,10,32.619013
-8,19,7,21.771541
-6,5,-15,16.911535
15,-12,27,33.136083
-5,18,-3,18.920888
1,7,-14,15.684387
26,-6,-38,46.432747
-13,0,-5,13.928388
-9,-14,13,21.118712
-20,-38,-8,43.680659
-11,-2,17,20.346990
7,-32,29,43.749286
-7,-7,10,14.071247
25,27,-18,40.963398
26,-4,18,31.874755
-13,6,11,18.055470
-10,-6,-34,35.944402
-29,2,35,45.497253
7,1,2,7.348469
-34,6,14,37.255872
-33,7,-6,34.263683
2,-7,15,16.673332
5,3,12,13.341664
-12,-19,-47,52.096065
8,-18,2,19.798990
18,6,22,29.051678
-32,10,8,34.467376
7,-35,8,36.578682
5,-6,-27,28.106939
-17,-5,-18,25.258662
-8,-11,13,18.814888
14,6,-10,18.220867
16,15,-15,26.570661
-4,15,3,15.811388
8,-28,14,32.310989
31,7,-10,33.316662
22,-21,-17,34.842503
5,-20,-17,26.720778
2,26,-14,29.597297
28,-27,9,39.924930
12,-21,19,30.757113
15,-25,0,29.154759
18,-11,1,21.118712
15,3,-14,20.736441
16,-1,1,16.062378
21,-32,29,48.020829
-13,-20,-23,33.136083
7,-3,-14,15.937377
0,-40,-26,47.707442
-8,-40,-44,60.000000
-2,-33,-7,33.793490
-3,-27,14,30.561414
-39,1,-6,39.471509
22,1,-35,41.352146
-7,34,19,39.572718
2,-5,5,7.348469
5,13,-6,15.165751
-7,-2,21,22.226111
0,-1,13,13.038405
-9,36,-25,44.743715
12,2,-28,30.528675
8,10,-30,32.619013
39,24,-27,53.160135
23,-5,-8,24.859606
-6,29,17,34.146742
23,17,0,28.600699
-7,20,-11,23.874673
-40,-2,30,50.039984
-27,26,-3,37.603191
-2,10,-6,11.832160
0,-12,-16,20.000000
-2,-4,-38,38.262253
-5,-5,12,13.928388
-10,9,9,16.186414
36,-22,14,44.452222
16,-3,-37,40.422766
29,-17,-28,43.749286
6,-5,-31,31.968735
16,18,-12,26.907248
-10,20,-4,22.715633
-25,31,-12,41.593269
14,-8,-2,16.248077
1,-2,-1,2.449490
3,-2,25,25.258662
-9,37,-22,43.977267
17,12,-23,31.016125
20,-15,-5,25.495098
2,15,-27,30.951575
-33,1,-28,43.289722
-8,26,-32,42.000000
-18,-23,-13,31.968735
17,23,4,28.879058
10,-9,-17,21.679483
-8,6,18,20.591260
18,7,7,20.542639
-2,5,27,27.531800
13,-31,18,38.131352
3,24,3,24.372115
3,-25,18,30.951575
23,-8,-23,33.496268
-17,-7,8,20.049938
-36,-9,5,37.443290
0,-41,-27,49.091751
-8,-4,-4,9.797959
-20,27,-1,33.615473
-7,-24,3,25.179357
-9,-5,16,19.026298
19,43,8,47.686476
2,-5,-25,25.573424
1,16,-35,38.496753
8,-1,-9,12.083046
-5,24,15,28.740216
12,11,-19,25.019992
5,-28,5,28.879058
2,15,29,32.710854
28,1,-19,33.852622
36,3,5,36.469165
-14,18,-26,34.583233
4,-3,-21,21.587033
17,23,-2,28.670542
-10,23,-5,25.573424
-15,-4,-11,19.026298
-8,-18,-24,31.048349
-33,-14,-15,38.858718
11,25,-2,27.386128
-10,10,-46,48.124838
10,0,-4,10.770330
-26,-9,15,31.336879
8,4,-10,13.416408
2,10,-16,18.973666
1,13,20,23.874673
-41,-6,3,41.545156
-26,-3,19,32.341923
1,15,-14,20.542639
61,2,-31,68.454364
-29,-9,6,30.951575
-4,-13,1,13.638182
17,-2,9,19.339080
3,11,-12,16.552945
-13,30,7,33.436507
9,-9,14,18.920888
-16,-2,4,16.613248
17,11,16,25.806976
17,-8,1,18.814888
5,-20,9,22.494444
-17,-24,11,31.400637
4,-22,-30,37.416574
-9,-36,17,40.816663
-19,-2,25,31.464265
12,1,7,13.928388
30,-3,-13,32.832910
5,28,-25,37.868192
22,18,-10,30.133038
2,4,18,18.547237
5,44,-3,44.384682
1,-19,36,40.718546
8,19,13,24.372115
-7,-3,-36,36.796739
8,6,10,14.142136
9,-6,1,10.862780
-2,13,-17,21.494185
4,0,-32,32.249031
6,-13,-9,16.911535
-32,-18,-20,41.809090
-21,3,2,21.307276
-22,23,-23,39.268308
-2,-7,3,7.874008
-12,-23,-9,27.459060
17,2,15,22.759613
-2,6,-24,24.819347
82,-1,5,82.158384
7,-17,28,33.496268
-2,-2,-26,26.153394
-14,9,33,36.959437
15,12,15,24.372115
-25,16,-19,35.242020
-9,-15,-8,19.235384
30,26,6,40.149720
-55,-14,-1,56.762664
12,12,34,38.000000
9,6,-11,15.427249
3,13,-16,20.832667
-14,-11,-9,19.949937
-33,-3,46,56.692151
8,1,11,13.638182
25,-4,-1,25.337719
-18,5,-17,25.258662
-10,-46,0,47.074409
8,-28,16,33.226495
-5,-11,-2,12.247449
16,14,16,26.608269
0,-13,9,15.811388
33,-13,20,40.718546
-27,15,-2,30.951575
20,27,17,37.656341
-13,7,-2,14.899664
34,0,2,34.058773
1,-26,-25,36.083237
-37,-17,20,45.365185
23,-5,2,23.622024
-1,-13,-10,16.431677
-7,-12,-5,14.764823
29,29,-26,48.559242
29,22,-23,43.058100
-26,-7,27,38.131352
-14,-5,1,14.899664
-12,30,-24,40.249224
-19,13,-28,36.249138
6,-34,-8,35.440090
-6,6,-14,16.370706
6,-1,9,10.862780
-7,-6,-5,10.488088
11,29,-14,34.029399
-6,17,29,34.146742
-25,-35,12,44.654227
-8,27,1,28.178006
12,9,-19,24.207437
20,-24,-30,43.312816
-17,8,29,34.554305
19,-22,11,31.080541
-11,31,-2,32.954514
-27,-21,0,34.205263
11,2,33,34.842503
-4,-3,11,12.083046
-17,6,-7,19.339080
-4,3,3,5.830952
1,-21,-10,23.280893
-11,28,13,32.771939
14,-17,-9,23.790755
-2,0,-30,30.066593
-39,58,-23,73.579889
-3,24,-7,25.179357
13,26,23,37.067506
-18,10,-18,27.349589
33,-1,-4,33.256578
1,12,15,19.235384
-31,4,-23,38.807216
8,-29,-9,31.400637
-13,36,-27,46.840154
15,0,11,18.601075
-7,-4,-7,10.677078
-3,-2,-19,19.339080
-41,16,-5,44.294469
0,-12,10,15.620499
24,2,2,24.166092
-8,3,5,9.899495
7,-2,23,24.124676
1,11,12,16.309506
19,3,8,20.832667
-27,5,30,40.669399
-37,-5,-16,40.620192
9,-21,-28,36.138622
0,9,9,12.727922
-2,10,-22,24.248711
-16,27,-11,33.256578
15,2,-3,15.427249
-4,7,9,12.083046
30,32,28,52.038447
-3,-29,-48,56.160484
28,-11,25,39.115214
12,-11,-19,25.019992
-1,-4,5,6.480741
-56,0,-8,56.568542
-18,21,-17,32.465366
-19,-16,43,49.658836
-5,-3,-10,11.575837
6,9,-5,11.916375
20,29,-3,35.355339
-20,-3,-29,35.355339
0,15,11,18.601075
13,24,-11,29.427878
18,58,-22,64.591021
-11,-7,2,13.190906
-2,21,-23,31.208973
-14,-11,-19,26.038433
-8,26,20,33.763886
-10,-34,-2,35.496479
5,11,-6,13.490738
13,13,8,20.049938
24,14,2,27.856777
-8,13,7,16.792856
-8,35,17,39.724048
-22,10,4,24.494897
-16,-23,11,30.099834
9,-20,-29,36.359318
0,-6,28,28.635642
5,-56,-23,60.745370
-2,16,8,18.000000
8,11,1,13.638182
-13,-10,1,16.431677
-14,-21,27,36.959437
-40,27,7,48.764741
-33,16,-1,36.687873
19,8,-15,25.495098
2,17,-5,17.832555
33,13,10,36.851052
-12,1,1,12.083046
26,-26,34,50.079936
-22,8,-6,24.166092
10,-18,-26,33.166248
-14,-30,2,33.166248
-13,7,2,14.899664
30,-25,-5,39.370039
-3,3,-28,28.319605
21,-6,25,33.196385
7,-8,-13,16.792856
-9,-9,-26,28.948230
-5,-37,-42,56.196085
-9,7,2,11.575837
2,-17,37,40.767634
4,51,5,51.400389
-29,3,4,29.427878
21,9,6,23.622024
10,-15,31,35.860842
24,-20,-10,32.802439
9,21,-20,30.364453
-15,12,11,22.135944
4,-1,25,25.337719
1,-5,-12,13.038405
-25,31,10,41.060930
44,-40,18,62.128898
-9,1,42,42.965102
9,-1,16,18.384776
22,-8,26,34.985711
7,0,-23,24.041631
-1,-24,19,30.626786
-27,-19,36,48.846699
-28,-1,-7,28.879058
-31,26,-17,43.886217
-9,8,-19,22.494444
18,-40,-4,44.045431
0,-18,-24,30.000000
0,8,14,16.124515
-3,13,22,25.729361
-21,-11,-10,25.729361
-32,-1,27,41.880783
16,-9,17,25.019992
7,-16,-1,17.492856
-1,-38,-29,47.812132
-9,-33,-8,35.128336
-11,-6,5,13.490738
-3,1,6,6.782330
-12,30,2,32.372828
-17,-26,9,32.341923
2,-3,37,37.175261
2,11,-1,11.224972
-23,10,-1,25.099801
-4,16,-14,21.633308
-12,7,-5,14.764823
2,19,-35,39.874804
7,-3,0,7.615773
-5,-17,-4,18.165902
1,-17,-8,18.814888
-12,-6,-26,29.257478
-12,26,-6,29.257478
-3,-15,-6,16.431677
5,17,2,17.832555
-9,-4,25,26.870058
-5,-22,-19,29.495762
3,12,13,17.944358
-7,11,30,32.710854
11,18,21,29.765752
8,-1,9,12.083046
-9,-3,-20,22.135944
-1,8,15,17.029386
-14,15,13,24.289916
12,2,14,18.547237
26,3,15,30.166206
5,33,-2,33.436507
50,31,-3,58.906706
-50,10,-10,51.961524
-17,25,32,44.022721
48,21,17,55.081757
6,-6,-6,10.392305
-21,-16,7,27.313001
10,14,14,22.181073
-15,5,2,15.937377
-4,0,-2,4.472136
0,-4,30,30.265492
5,-5,26,26.944387
0,44,-18,47.539457
-6,29,-11,31.591138
15,-42,-13,46.454279
-12,-1,-3,12.409674
-12,-23,9,27.459060
-5,14,-9,17.378147
-8,21,-21,30.757113
23,-38,25,50.970580
25,-1,-46,52.364110
18,-1,13,22.226111
-5,5,0,7.071068
-26,-26,6,37.255872
5,-12,-7,14.764823
-21,0,19,28.319605
-27,9,-2,28.530685
7,19,14,24.617067
-22,-4,14,26.381812
-5,1,-6,7.874008
-7,5,-10,13.190906
15,-3,-20,25.179357
6,-12,-16,20.880613
38,17,-11,43.058100
-3,21,8,22.671568
-5,20,41,45.891176
-15,1,22,26.645825
-16,40,32,53.665631
-14,21,-11,27.531800
16,4,4,16.970563
-7,-18,31,36.523965
37,-3,34,50.338852
-10,-33,41,53.572381
27,5,18,32.832910
1,2,-23,23.108440
28,14,20,37.148351
-8,-22,52,57.026310
-2,-6,4,7.483315
41,-13,-12,44.654227
1,19,16,24.859606
-1,23,16,28.035692
-26,-30,-24,46.389654
-7,-2,13,14.899664
0,14,-10,17.204651
26,-7,7,27.820855
27,-5,-34,43.703547
-12,11,-9,18.601075
9,0,-11,14.212670
-18,-16,-2,24.166092
31,-12,-9,34.438351
17,31,-30,46.368092
1,-19,16,24.859606
19,-27,2,33.075671
15,10,1,18.055470
0,24,6,24.738634
-25,-25,-6,35.860842
-12,16,-26,32.802439
2,12,14,18.547237
27,11,-4,29.427878
9,11,6,15.427249
19,6,1,19.949937
2,-5,1,5.477226
-38,-18,-2,42.095130
22,18,8,29.529646
-7,18,19,27.092434
-1,-15,-10,18.055470
-7,-1,10,12.247449
-10,26,22,35.496479
-19,-22,15,32.710854
13,17,18,27.964263
-16,-23,-17,32.771939
22,0,12,25.059928
10,-12,12,19.697716
9,2,1,9.273618
29,11,-2,31.080541
-5,10,45,46.368092
15,-3,-20,25.179357
-2,-19,-31,36.414283
-3,-20,-3,20.445048
-2,2,34,34.117444
-4,0,32,32.249031
6,13,-31,34.146742
-10,29,19,36.083237
-6,-10,-22,24.899799
-6,4,4,8.246211
10,6,-18,21.447611
-4,-38,16,41.424630
32,6,18,37.202150
7,-2,-15,16.673332
-20,1,15,25.019992
-6,-27,25,37.282704
-5,-18,3,18.920888
-22,6,18,29.051678
2,-28,-2,28.142495
15,-7,-16,23.021729
-13,-23,10,28.248894
-16,16,-14,26.608269
-1,-13,34,36.414283
6,7,5,10.488088
-18,5,31,36.193922
14,15,-9,22.405357
36,0,12,37.947332
-5,25,26,36.414283
-7,-18,-3,19.544820
-15,-5,8,17.720045
15,0,-23,27.459060
24,5,3,24.698178
6,-4,-14,15.748016
5,-5,0,7.071068
-18,1,-39,42.965102
-31,-27,16,44.113490
5,39,-22,45.055521
-4,35,7,35.916570
-24,5,-21,32.280025
-3,16,-3,16.552945
13,-26,-5,29.495762
-18,-17,-21,32.465366
11,-26,-19,34.029399
4,-28,-6,28.913665
18,10,-4,20.976177
7,-2,5,8.831761
-33,-7,0,33.734256
-3,21,10,23.452079
3,16,-23,28.178006
1,-1,8,8.124038
-50,-5,-3,50.338852
26,33,-1,42.023803
-40,10,-18,44.988888
0,-21,17,27.018512
30,9,-33,45.497253
45,2,7,45.585085
18,-26,-16,35.440090
11,-12,5,17.029386
15,-9,16,23.706539
-39,-26,-11,48.145612
7,-48,9,49.335586
2,-16,10,18.973666
-16,17,23,32.771939
13,23,2,26.495283
-1,-5,4,6.480741
-15,-2,-9,17.606817
-21,0,-13,24.698178
25,-25,8,36.249138
11,12,39,42.261093
-15,-6,-3,16.431677
-6,-12,20,24.083189
2,-20,-22,29.799329
-5,27,-28,39.217343
-2,-14,38,40.546270
4,-16,-2,16.613248
-6,2,12,13.564660
13,14,5,19.748418
-14,-16,-18,27.856777
-11,-22,65,69.498201
42,2,14,44.317040
27,26,-3,37.603191
-9,12,9,17.492856
9,-12,5,15.811388
10,-20,40,45.825757
20,3,21,29.154759
7,6,-13,15.937377
-7,5,4,9.486833
32,0,8,32.984845
8,34,20,40.249224
1,-1,4,4.242641
12,18,-20,29.461840
31,-20,-9,37.973675
21,4,-19,28.600699
31,10,7,33.316662
-3,-5,14,15.165751
-9,-2,-41,42.023803
-40,-9,17,44.384682
-17,1,16,23.366643
5,13,28,31.272992
4,-9,-1,9.899495
17,-22,5,28.248894
14,-5,-9,17.378147
8,-5,33,34.322005
-18,0,12,21.633308
-4,-23,-17,28.879058
-15,-6,-3,16.431677
5,11,-18,21.679483
-6,28,18,33.823069
18,-4,16,24.413111
-24,3,-21,32.031235
20,-40,-6,45.122057
4,27,-21,34.438351
-6,-14,-18,23.579652
-13,-20,53,58.120564
6,-34,-14,37.255872
4,10,0,10.770330
-9,7,-34,35.860842
35,11,10,38.026307
15,12,-11,22.135944
-17,36,-7,40.422766
-25,-22,-5,33.674916
1,-22,13,25.573424
-2,8,18,19.798990
-24,7,-11,27.313001
-6,3,-21,22.045408
-4,-18,22,28.705400
-27,13,-26,39.673669
-12,-10,-2,15.748016
-14,-5,-7,16.431677
-9,1,10,13.490738
-1,-22,33,39.673669
-12,-4,-2,12.806248
15,6,11,19.544820
25,24,-3,34.785054
-6,-27,19,33.555923
-17,-30,-7,35.185224
6,-27,-9,29.086079
3,-19,8,20.832667
-13,-17,12,24.535688
1,2,-43,43.058100
-20,-5,19,28.035692
7,2,-13,14.899664
8,-6,16,18.867962
-24,8,8,26.532998
-26,33,15,44.609416
23,-7,22,32.588341
-41,13,-2,43.058100
22,-11,5,25.099801
-22,5,23,32.218007
2,37,-1,37.067506
-16,-57,15,61.073726
-23,16,29,40.323690
-43,-22,1,48.311489
28,-7,-11,30.886890
-12,21,39,45.891176
-2,-17,31,35.411862
-21,5,-22,30.822070
-13,-31,30,45.055521
1,-16,39,42.166337
10,14,-8,18.973666
22,-12,2,25.139610
2,-20,-4,20.493902
11,-18,23,31.208973
-6,8,2,10.198039
-26,-21,33,46.968074
8,-3,25,26.419690
-11,29,0,31.016125
13,18,5,22.759613
-2,-1,-21,21.118712
10,-15,1,18.055470
-9,19,-16,26.419690
-13,2,-45,46.882833
-27,-6,-41,49.457052
10,21,-17,28.809721
-17,17,-40,46.669048
4,-15,-15,21.587033
-14,5,35,38.026307
15,-8,29,33.615473
5,-19,-6,20.542639
-21,0,3,21.213203
29,1,-26,38.961519
15,3,-12,19.442222
-19,43,-14,49.050994
-25,-7,-12,28.600699
-6,-11,15,19.544820
-16,16,26,34.467376
9,3,-12,15.297059
-1,17,10,19.748418
-3,-3,-16,16.552945
-5,-8,11,14.491377
28,3,7,29.017236
30,18,-14,37.682887
26,-4,22,34.292856
16,0,8,17.888544
4,-18,-4,18.867962
12,-7,-7,15.556349
-12,4,-2,12.806248
-21,2,19,28.390139
16,24,50,57.723479
15,-6,-11,19.544820
-2,-13,1,13.190906
4,-26,-18,31.874755
-36,-8,-24,44.000000
19,11,-22,31.080541
-19,11,-6,22.759613
13,-14,-5,19.748418
22,13,-1,25.573424
-12,0,-20,23.323808
22,15,-13,29.631065
-26,-27,45,58.566202
45,-10,-51,68.745909
-45,31,28,61.400326
29,27,2,39.673669
11,-26,-21,35.185224
27,-11,4,29.427878
-25,15,2,29.223278
-31,7,18,36.523965
-21,50,-23,58.906706
-2,33,13,35.524639
-34,2,22,40.546270
-21,-13,8,25.961510
6,-23,-21,31.717503
-29,36,-3,46.324939
7,37,20,42.638011
-8,-7,-1,10.677078
9,16,-1,18.384776
7,5,14,16.431677
22,11,5,25.099801
-11,6,-13,18.055470
11,-18,1,21.118712
-33,-10,-11,36.193922
-1,-7,12,13.928388
8,8,-4,12.000000
-3,0,37,37.121422
-15,-20,-15,29.154759
22,-3,3,22.405357
-14,-29,13,34.727511
7,-9,-8,13.928388
9,6,31,32.832910
14,-13,-39,43.428102
6,8,-6,11.661904
5,21,36,41.976184
12,-19,27,35.128336
-17,21,26,37.496667
17,24,19,35.014283
8,10,6,14.142136
34,-32,-20,50.793700
30,-21,-7,37.282704
-12,12,-8,18.761663
-26,10,-20,34.292856
22,13,-13,28.670542
-27,3,-12,29.698485
-1,-13,16,20.639767
10,5,-17,20.346990
45,-23,18,53.646994
18,-22,-4,28.705400
19,-25,10,32.954514
-10,9,-11,17.378147
15,3,-26,30.166206
16,-7,25,30.495901
-9,-33,-4,34.438351
-32,-17,7,36.905284
-14,41,-39,58.292367
27,1,-2,27.092434
24,12,10,28.635642
-18,13,11,24.779023
18,7,-1,19.339080
-19,-14,-7,24.617067
-11,11,14,20.928450
22,6,8,24.166092
42,-1,-3,42.118879
-6,-9,29,30.951575
-16,39,-5,42.449971
-4,27,19,33.256578
4,-6,-16,17.549929
-18,-17,13,27.964263
13,25,36,45.716518
-22,-23,-15,35.185224
-22,10,-2,24.248711
-14,-8,-6,17.204651
7,-10,31,33.316662
5,3,18,18.920888
4,7,-1,8.124038
14,20,2,24.494897
35,-3,-10,36.523965
-2,-16,10,18.973666
11,0,-11,15.556349
-11,6,-3,12.884099
-3,4,31,31.400637
-17,-14,17,27.820855
-37,-36,-15,53.758720
-15,18,13,26.795522
18,-27,-7,33.196385
5,7,20,21.771541
-25,4,17,30.495901
-47,-2,1,47.053161
8,32,6,33.526109
15,23,-2,27.531800
18,-8,2,19.798990
-10,0,-4,10.770330
1,-38,-17,41.641326
-12,-14,4,18.867962
-2,-12,14,18.547237
-3,27,-30,40.472213
23,-7,-20,31.272992
6,28,-4,28.913665
-7,17,6,19.339080
-7,-26,-17,31.843367
0,27,5,27.459060
-2,11,29,31.080541
33,3,-6,33.674916
-33,5,-12,35.468296
8,-21,9,24.207437
14,-23,33,42.591079
-12,33,17,39.012818
8,5,-25,26.720778
22,-18,4,28.705400
2,1,19,19.131126
-63,16,7,65.375837
13,-14,19,26.944387
39,20,-9,44.743715
21,5,-2,21.679483
-8,-15,-7,18.384776
-37,26,25,51.672043
-4,2,-20,20.493902
15,17,18,28.948230
5,8,13,16.062378
-13,-6,-23,27.092434
-46,29,-17,56.973678
29,-5,42,51.283526
10,-41,3,42.308392
-11,-12,-7,17.720045
-28,12,26,40.049969
-28,-12,2,30.528675
-7,-20,7,22.315914
-7,-9,14,18.055470
3,16,7,17.720045
12,31,-1,33.256578
17,-30,45,56.692151
-28,25,17,41.206796
-11,25,-2,27.386128
8,23,-5,24.859606
-9,-16,15,23.706539
2,35,33,48.145612
34,16,0,37.576588
-17,-20,9,27.748874
0,10,-2,10.198039
-15,8,-5,17.720045
22,-22,-44,53.888774
12,25,-7,28.600699
-17,-15,-10,24.779023
-34,10,-2,35.496479
-53,-15,12,56.373753
-2,12,-8,14.560220
3,-33,-2,33.196385
-1,3,-10,10.488088
33,-16,3,36.796739
-15,-13,-14,24.289916
-13,17,-42,47.138095
-6,15,-25,29.765752
19,-9,-20,29.017236
-3,-24,-25,34.785054
5,32,25,40.914545
9,-19,-14,25.258662
-8,-30,26,40.496913
-3,9,2,9.695360
6,24,6,25.455844
-21,-20,3,29.154759
34,-6,2,34.583233
-7,-20,19,28.460499
-9,-13,-12,19.849433
-1,11,0,11.045361
13,-9,-52,54.350713
-15,-13,-18,26.795522
14,-20,-8,25.690465
-2,-32,22,38.884444
13,-6,-5,15.165751
-3,-26,9,27.676705
-17,8,9,20.832667
11,-7,-34,36.414283
11,47,-10,49.295030
0,-27,19,33.015148
11,7,-2,13.190906
1,-33,-16,36.687873
-5,11,10,15.684387
25,28,19,42.071368
-1,-19,2,19.131126
10,-37,3,38.444766
-4,-11,13,17.492856
-18,-8,14,24.166092
5,22,-7,23.622024
25,6,5,26.191602
-36,28,8,46.303348
-29,-3,-8,30.232433
14,-17,-25,33.316662
8,-19,15,25.495098
-6,-24,14,28.425341
-14,12,2,18.547237
13,-1,10,16.431677
5,2,-15,15.937377
13,7,28,31.654384
-3,-1,10,10.488088
-24,17,15,33.015148
17,-6,-13,22.226111
20,-7,21,29.832868
-8,9,21,24.207437
-2,-4,-14,14.696938
15,-8,35,38.910153
-20,-4,-10,22.715633
-6,17,-11,21.118712
-22,-40,32,55.749439
-13,-18,11,24.779023
-7,-8,21,23.537205
2,-6,-14,15.362291
52,4,-24,57.410800
-12,2,-58,59.262130
-27,46,11,54.460995
16,17,9,25.019992
-5,-17,-26,31.464265
16,0,22,27.202941
-9,-25,2,26.645825
6,10,2,11.832160
26,-1,15,30.033315
-6,1,17,18.055470
11,-14,21,27.531800
3,-3,-22,22.405357
2,13,3,13.490738
2,11,31,32.954514
-3,-8,13,15.556349
7,21,-12,25.179357
-12,4,6,14.000000
10,11,15,21.118712
-17,-4,-9,19.646883
-9,-6,-13,16.911535
-8,32,16,36.660606
-23,13,-14,29.899833
8,-2,10,12.961481
21,3,30,36.742346
39,0,5,39.319207
-9,-23,0,24.698178
11,20,13,26.267851
-34,-5,-3,34.496377
-8,-19,-5,21.213203
3,7,8,11.045361
-21,4,33,39.319207
-18,28,-32,46.173586
-9,-16,-15,23.706539
22,-27,-1,34.842503
-8,-2,2,8.485281
-12,13,13,21.954498
-5,-16,-19,25.337719
-15,3,-38,40.963398
-24,-22,-12,34.698703
3,16,25,29.832868
-14,-12,-6,19.390719
7,11,-10,16.431677
5,-6,-27,28.106939
-14,13,7,20.346990
3,-6,-7,9.695360
3,23,-8,24.535688
7,32,15,36.027767
-2,13,19,23.108440
6,15,-5,16.911535
-13,19,-4,23.366643
-26,-3,-17,31.208973
21,-6,-5,22.405357
-32,-35,3,47.518417
9,-19,-14,25.258662
22,23,-1,31.843367
-4,-26,-22,34.292856
22,20,-8,30.789609
17,-12,9,22.671568
8,-23,27,36.359318
-2,-2,10,10.392305
32,-8,6,33.526109
-4,43,15,45.716518
29,-1,-16,33.136083
-25,-27,-4,37.013511
-19,-1,8,20.639767
5,31,32,44.833024
-16,-18,20,31.304952
-13,-4,7,15.297059
-38,23,-13,46.281746
0,-7,11,13.038405
2,-29,-9,30.430248
1,4,-27,27.313001
-20,32,4,37.947332
16,22,24,36.276714
-9,-2,17,19.339080
-20,14,-20,31.559468
-7,-15,20,25.961510
10,17,-5,20.346990
-9,26,15,31.336879
-32,-9,3,33.376639
-8,11,-1,13.638182
-12,17,23,31.016125
-25,-1,6,25.729361
-25,-23,-26,42.778499
12,-23,-3,26.115130
-49,-17,-4,52.019227
31,-15,-8,35.355339
-11,17,-26,32.954514
-38,32,-20,53.553711
-18,2,-8,19.798990
10,2,-30,31.685959
-4,-18,-18,25.768197
11,20,21,31.016125
10,-29,21,37.175261
11,-13,-4,17.492856
-17,10,1,19.748418
2,9,-27,28.530685
-3,-7,-10,12.569805
-6,29,13,32.341923
-11,5,26,28.670542
-1,10,19,21.494185
14,5,37,39.874804
-1,18,-19,26.191602
32,18,12,38.626416
-23,-10,-5,25.573424
-15,-16,11,24.535688
40,35,1,53.160135
25,-28,1,37.549967
5,-18,1,18.708287
10,-30,14,34.583233
-7,-3,-8,11.045361
0,-40,-4,40.199502
-5,-12,-7,14.764823
-15,12,1,19.235384
22,7,1,23.108440
-1,-12,-19,22.494444
10,-27,15,32.465366
7,3,-6,9.695360
-2,-23,-65,68.978257
21,6,33,39.572718
-17,17,-2,24.124676
-16,29,-3,33.256578
16,-12,14,24.413111
17,1,2,17.146428
-19,-3,12,22.671568
3,-1,-22,22.226111
1,22,-27,34.842503
12,-21,5,24.698178
-2,10,22,24.248711
-26,0,24,35.383612
20,2,-4,20.493902
3,-2,15,15.427249
6,-14,12,19.390719
5,-23,10,25.573424
3,-6,11,12.884099
27,-9,6,29.086079
14,18,2,22.891046
-47,25,-22,57.602083
-12,-11,37,40.422766
13,-21,-24,34.438351
7,-8,-5,11.747340
16,21,-25,36.359318
22,15,-31,40.865633
-3,-12,-3,12.727922
24,20,14,34.234486
-7,23,8,25.337719
8,20,28,35.327043
13,-30,-5,33.075671
-20,-7,5,21.771541
-32,-16,24,43.081318
3,28,-13,31.016125
13,56,-3,57.567352
27,14,23,38.131352
-13,27,-4,30.232433
5,24,15,28.740216
10,10,4,14.696938
-2,19,-1,19.131126
26,4,14,29.799329
-12,8,-24,28.000000
-37,24,-41,60.216277
-7,-9,-12,16.552945
-8,15,9,19.235384
-4,6,0,7.211103
26,15,37,47.644517
-10,-7,1,12.247449
9,12,-13,19.849433
31,-2,13,33.674916
-13,18,-1,22.226111
-23,-8,-1,24.372115
-6,2,-18,19.078784
-8,-4,-8,12.000000
-15,-30,-7,34.263683
-15,14,-11,23.280893
12,3,-11,16.552945
-19,14,-19,30.298515
-11,1,6,12.569805
14,13,-21,28.390139
-19,-27,0,33.015148
-27,-5,0,27.459060
15,-9,-6,18.493242
-9,7,8,13.928388
-4,14,6,15.748016
29,9,4,30.626786
17,20,39,47.010637
-41,10,-19,46.281746
-26,26,-8,37.629775
-23,-25,8,34.899857
15,15,34,40.074930
17,-24,19,35.014283
15,2,-21,25.884358
-20,-24,8,32.249031
-39,34,5,51.980766
-14,-7,9,18.055470
11,53,0,54.129474
2,1,-29,29.086079
3,1,24,24.207437
-10,3,17,19.949937
-4,6,28,28.913665
9,-1,10,13.490738
-7,-37,32,49.416596
22,6,16,27.856777
21,-21,-6,30.298515
18,-3,41,44.877611
-20,11,1,22.847319
-15,-26,-7,30.822070
8,-4,-16,18.330303
0,1,-9,9.055385
-23,25,14,36.742346
10,-35,-39,53.347915
-3,6,-23,23.958297
1,-10,7,12.247449
-6,-12,-38,40.298883
-8,6,-18,20.591260
-14,29,21,38.444766
-15,0,13,19.849433
-2,-25,7,26.038433
-10,53,-41,67.749539
-18,-6,6,19.899749
20,0,2,20.099751
-7,-27,0,27.892651
15,17,-26,34.496377
-18,26,34,46.432747
20,12,4,23.664319
17,0,15,22.671568
-9,0,-29,30.364453
7,3,10,12.569805
13,-21,-16,29.427878
5,-11,-6,13.490738
12,-29,-23,38.910153
-2,6,-10,11.832160
-9,4,5,11.045361
44,-5,3,44.384682
-23,12,5,26.419690
-18,-10,18,27.349589
-1,-18,-17,24.779023
-13,-5,2,14.071247
-18,1,-11,21.118712
-6,10,6,13.114877
-27,10,-5,29.223278
14,18,4,23.151674
22,9,13,27.092434
24,16,-6,29.461840
-35,17,26,46.797436
1,13,4,13.638182
-3,12,-3,12.727922
11,15,-18,25.884358
-5,-5,34,34.727511
23,-2,21,31.208973
-14,-19,-15,27.964263
24,-19,-3,30.757113
-22,38,0,43.908997
-20,35,-5,40.620192
-1,-20,-3,20.248457
-18,5,-1,18.708287
8,-11,39,41.303753
2,-25,5,25.573424
-3,21,22,30.561414
20,-27,-27,43.104524
14,18,0,22.803509
-5,-3,30,30.561414
-7,16,-13,21.771541
-12,7,-13,19.026298
-5,-3,4,7.071068
13,28,-3,31.016125
18,-18,-2,25.534291
-34,15,-17,40.865633
-3,0,-3,4.242641
-11,-12,39,42.261093
24,-9,-5,26.115130
-12,-26,-54,61.122827
19,-31,-8,37.229021
-17,-10,9,21.679483
39,-8,-5,40.124805
-15,9,0,17.492856
-11,-51,-4,52.325902
-25,-28,43,57.078893
2,7,-1,7.348469
-15,-1,-14,20.542639
-14,14,-2,19.899749
-22,-18,-62,68.205572
-19,-8,-15,25.495098
-2,27,-25,36.851052
12,10,-16,22.360680
-11,-19,0,21.954498
22,-32,-18,42.801869
-18,12,32,38.626416
-19,20,23,35.916570
16,11,-19,27.166155
-20,1,3,20.248457
20,-31,-5,37.229021
17,-11,24,31.400637
3,-24,-29,37.762415
-4,-8,12,14.966630
-6,8,-60,60.827625
-20,2,10,22.449944
-20,18,-24,36.055513
39,2,31,49.859803
24,-15,-27,39.115214
-35,-20,7,40.914545
18,-17,31,39.673669
18,8,24,31.048349
10,-13,21,26.645825
-10,4,0,10.770330
13,11,-30,34.496377
20,-22,-20,35.832946
-14,24,44,52.038447
17,-24,27,39.924930
-11,-4,-17,20.639767
-10,-14,-12,20.976177
15,14,13,24.289916
6,-34,32,47.074409
-6,-4,0,7.211103
21,-7,-16,27.313001
3,35,0,35.128336
-15,-11,12,22.135944
-19,9,-16,26.419690
8,8,-24,26.532998
36,-16,-10,40.644803
16,20,2,25.690465
6,9,9,14.071247
-15,-19,10,26.191602
-18,20,-2,26.981475
4,23,-31,38.807216
-5,-28,-25,37.868192
-35,-25,12,44.654227
23,-38,-7,44.966654
26,-23,1,34.727511
-15,42,-13,46.454279
39,-6,-7,40.074930
14,21,33,41.545156
10,-3,17,19.949937
-6,-19,5,20.542639
17,-39,-20,47.010637
-7,4,15,17.029386
-5,-1,-36,36.359318
-9,16,-21,27.892651
-7,-30,21,37.282704
25,29,-52,64.575537
-22,0,4,22.360680
40,24,-32,56.568542
-33,-16,-15,39.623226
-28,-7,1,28.879058
-23,43,12,50.219518
20,4,6,21.260292
-9,-26,19,33.436507
30,15,15,36.742346
8,13,-23,27.604347
-20,-14,30,38.678159
-4,20,2,20.493902
-3,0,-7,7.615773
0,-4,2,4.472136
-13,-17,18,27.964263
8,-41,19,45.891176
-1,6,-7,9.273618
-27,-4,-13,30.232433
12,-6,-24,27.495454
12,17,43,47.770284
18,12,2,21.725561
7,-16,-3,17.720045
9,-11,-14,19.949937
36,12,22,43.863424
19,8,19,28.035692
-10,3,-15,18.275667
-42,41,13,60.116553
7,-12,17,21.954498
14,2,-20,24.494897
4,9,-19,21.400935
11,-22,13,27.820855
2,1,57,57.043843
13,-9,20,25.495098
-1,-8,-21,22.494444
-5,20,-17,26.720778
-5,4,25,25.806976
11,11,10,18.493242
-28,25,-11,39.115214
-25,3,-14,28.809721
-13,0,-13,18.384776
-2,22,18,28.495614
-4,51,-1,51.166395
-8,15,-11,20.248457
-29,-4,23,37.229021
-5,-9,-4,11.045361
-30,25,-29,48.641546
-22,-10,8,25.455844
0,1,47,47.010637
-1,-44,9,44.922155
7,36,11,38.288379
-2,-23,-23,32.588341
-27,17,-6,32.465366
-33,26,13,43.977267
-3,11,-16,19.646883
9,-6,29,30.951575
-14,-11,23,29.086079
-11,-1,4,11.747340
-19,-24,-5,31.016125
3,10,3,10.862780
47,1,0,47.010637
9,-6,19,21.863211
19,10,7,22.583180
21,6,7,22.934690
1,2,-15,15.165751
24,10,-14,29.529646
17,-6,11,21.118712
-1,-22,-9,23.790755
-18,-52,-34,64.683847
20,15,-21,32.649655
-10,54,-22,59.160798
-15,24,1,28.319605
2,0,-6,6.324555
-19,11,2,22.045408
-13,18,11,24.779023
-14,-1,-27,30.430248
-17,24,-9,30.757113
3,19,-14,23.790755
-9,-1,-14,16.673332
11,-11,-8,17.492856
19,-7,36,41.303753
-16,-7,-7,18.814888
13,-18,-29,36.523965
8,-16,16,24.000000
20,-3,17,26.419690
-22,21,-29,42.023803
5,-27,16,31.780497
-9,28,19,35.014283
31,-8,29,43.197222
-3,16,-3,16.552945
-6,6,20,21.725561
2,-16,-18,24.166092
-31,43,-6,53.347915
-6,-16,16,23.409400
-15,-8,-17,24.041631
-12,-13,23,29.017236
11,-46,-1,47.307505
2,14,0,14.142136
1,18,-3,18.275667
-16,9,11,21.400935
11,40,1,41.496988
18,-8,28,34.234486
-2,2,-2,3.464102
16,-4,-4,16.970563
-19,0,-7,20.248457
11,-11,34,37.389838
53,-43,-10,68.978257
27,-22,9,35.972211
22,20,0,29.732137
28,-2,4,28.354894
25,9,-30,40.074930
-7,19,-2,20.346990
-18,-7,13,23.280893
45,-16,35,59.211485
-8,-25,7,27.166155
-9,-8,31,33.256578
-1,2,25,25.099801
9,-22,-41,47.391982
-13,-16,17,26.720778
9,1,-20,21.954498
-1,-8,3,8.602325
-13,14,-7,20.346990
-30,8,2,31.112698
-22,2,18,28.495614
-11,18,1,21.118712
6,-20,18,27.568098
-11,-7,-10,16.431677
-42,8,-8,43.497126
-28,-28,-24,46.303348
36,-22,-4,42.379240
5,-50,-11,51.439285
7,5,12,14.764823
41,10,13,44.158804
-1,-3,-42,42.118879
-18,-4,-18,25.768197
0,1,-23,23.021729
34,5,1,34.380227
-35,11,2,36.742346
-12,-13,-25,30.626786
12,-30,10,33.823069
11,-4,-45,46.497312
-52,0,-4,52.153619
-37,-19,-6,42.023803
17,-49,-32,60.942596
3,-6,5,8.366600
11,-3,2,11.575837
-6,2,0,6.324555
11,3,18,21.307276
-38,-21,-15,45.934736
11,26,3,28.390139
35,2,3,35.185224
-20,12,-6,24.083189
1,31,2,31.080541
17,-20,19,32.403703
19,6,7,21.118712
-2,24,10,26.076810
-28,11,5,30.495901
29,-13,-10,33.316662
4,1,17,17.492856
14,-23,11,29.086079
-5,24,-1,24.535688
-33,-17,-16,40.422766
8,13,7,16.792856
-16,8,-4,18.330303
1,20,-31,36.905284
1,0,23,23.021729
24,4,2,24.413111
25,-12,-15,31.527766
8,-15,-17,24.041631
6,-9,-51,52.134442
-20,4,-2,20.493902
-9,-57,-20,61.073726
10,-46,2,47.116876
-41,-6,-1,41.448764
3,21,0,21.213203
23,-16,7,28.879058
10,3,-41,42.308392
16,21,-15,30.364453
-7,9,6,12.884099
14,-13,-3,19.339080
2,-10,-16,18.973666
-8,-10,-10,16.248077
0,-11,1,11.045361
1,-6,15,16.186414
-19,-7,-34,39.572718
-14,4,10,17.663522
27,-6,25,37.282704
13,-2,29,31.843367
-2,-5,19,19.748418
11,18,-33,39.166312
-17,-5,-28,33.136083
-20,-25,15,35.355339
20,-11,-41,46.925473
18,-23,1,29.223278
-4,3,11,12.083046
7,26,1,26.944387
-20,0,0,20.000000
26,-5,9,27.964263
16,-9,15,23.706539
-29,-7,12,32.155870
8,36,10,38.209946
28,17,-53,62.305698
-27,-33,-2,42.684892
-5,2,-1,5.477226
5,31,-8,32.403703
-26,27,23,43.977267
-7,-8,5,11.747340
10,14,22,27.928480
15,8,1,17.029386
-28,28,14,42.000000
-2,-15,19,24.289916
15,-15,36,41.785165
-5,20,7,21.771541
9,-20,-13,25.495098
9,25,26,37.175261
7,-3,4,8.602325
14,7,9,18.055470
2,21,13,24.779023
0,16,-12,20.000000
21,17,14,30.430248
-11,49,-4,50.378567
-24,-19,-23,38.288379
2,-17,-13,21.494185
5,-6,-45,45.672749
-10,11,21,25.729361
13,-17,18,27.964263
-19,-18,15,30.166206
3,0,-13,13.341664
-16,13,5,21.213203
16,30,-4,34.234486
-3,17,0,17.262677
-8,-3,25,26.419690
-6,-8,-12,15.620499
-11,3,16,19.646883
-19,-8,-11,23.366643
18,29,-19,39.064050
15,-17,-14,26.645825
-33,9,-28,44.204072
3,-15,14,20.736441
-22,17,49,56.338264
-1,-1,-26,26.038433
-50,-15,3,52.287666
5,-1,-26,26.495283
3,9,-4,10.295630
31,22,-15,40.865633
2,-22,-40,45.694639
-32,-7,17,36.905284
2,27,1,27.092434
-16,33,1,36.687873
1,11,18,21.118712
8,-7,31,32.771939
36,24,8,44.000000
2,24,-8,25.377155
10,-13,1,16.431677
11,-6,11,16.673332
2,7,-5,8.831761
-33,-8,-1,33.970576
-9,-4,-9,13.341664
4,11,-13,17.492856
40,19,9,45.188494
-4,-7,3,8.602325
14,-11,-37,41.060930
28,-32,24,48.826222
12,-26,-22,36.110940
25,3,-8,26.419690
-14,-3,-3,14.628739
-1,5,0,5.099020
-31,19,-8,37.229021
30,-39,-1,49.213819
-23,-7,-8,25.337719
-4,-16,18,24.413111
-6,22,18,29.051678
18,-9,-7,21.307276
43,-17,-8,46.925473
31,-20,13,39.115214
1,-8,5,9.486833
11,5,-18,21.679483
26,-9,47,54.460995
-14,0,0,14.000000
33,-10,1,34.496377
-17,-18,-9,26.343880
-18,-9,9,22.045408
-1,3,-10,10.488088
41,-10,-17,45.497253
7,-12,5,14.764823
4,-12,-18,22.000000
-29,-2,-15,32.710854
37,1,18,41.158231
3,10,7,12.569805
33,-4,-3,33.376639
0,-16,-4,16.492423
-2,8,-20,21.633308
-8,-8,-28,30.199338
9,3,14,16.911535
11,13,-4,17.492856
1,21,-2,21.118712
5,2,7,8.831761
4,-18,6,19.390719
-44,-5,1,44.294469
12,-9,13,19.849433
3,6,1,6.782330
26,5,-11,28.670542
-3,2,3,4.690416
9,-2,-7,11.575837
2,-3,1,3.741657
10,-24,18,31.622777
12,14,22,28.705400
-19,11,-20,29.698485
-10,-14,-8,18.973666
22,-1,3,22.226111
6,3,-11,12.884099
-17,-20,-17,31.272992
8,12,0,14.422205
16,3,-3,16.552945
5,18,-7,19.949937
-8,13,-13,20.049938
19,-3,-10,21.679483
-28,-10,-14,32.863353
-16,-12,-38,42.941821
-7,-2,-23,24.124676
10,-26,36,45.519227
12,1,-15,19.235384
-10,-19,-19,28.670542
16,-11,-15,24.535688
2,7,21,22.226111
16,29,19,38.183766
19,13,-14,26.944387
7,23,34,41.641326
21,17,10,28.809721
9,-19,36,41.689327
32,20,-22,43.680659
8,19,-3,20.832667
5,-5,-16,17.492856
23,-14,11,29.086079
-31,5,-22,38.340579
21,12,13,27.459060
23,-5,-10,25.573424
22,11,-17,29.899833
-30,13,1,32.710854
5,11,2,12.247449
-1,-4,3,5.099020
-9,-38,-21,44.339599
-21,15,-22,33.911650
-5,-5,-38,38.652296
13,14,-5,19.748418
5,1,8,9.486833
12,17,43,47.770284
2,2,18,18.220867
24,3,-37,44.204072
8,-18,-26,32.619013
22,-9,1,23.790755
3,-18,15,23.622024
-3,-22,11,24.779023
-9,29,-44,53.460266
-15,49,8,51.865210
-2,-3,-17,17.378147
-5,24,49,54.790510
29,-1,0,29.017236
-11,-11,14,20.928450
-13,34,-31,47.812132
21,-24,-7,32.649655
-4,5,13,14.491377
13,-20,3,24.041631
8,13,17,22.847319
-49,-17,8,52.478567
-46,-14,32,57.758116
-14,9,-5,17.378147
-9,7,6,12.884099
2,10,16,18.973666
-26,12,6,29.257478
6,3,17,18.275667
-14,-19,23,32.954514
-9,-17,2,19.339080
20,-28,16,37.947332
17,-1,-42,45.321077
-11,22,55,60.249481
-13,-30,33,46.454279
-3,3,14,14.628739
11,-4,-13,17.492856
25,-15,-8,30.232433
-1,24,-7,25.019992
-1,8,-29,30.099834
-4,35,-1,35.242020
-27,8,-15,31.906112
15,48,1,50.299105
-21,12,3,24.372115
2,7,1,7.348469
32,-9,-25,41.593269
-28,2,-4,28.354894
7,-12,3,14.212670
23,-5,24,33.615473
41,20,-3,45.716518
-1,11,-4,11.747340
36,8,28,46.303348
-9,3,20,22.135944
-26,-2,-36,44.452222
46,-11,-21,51.749396
-6,-34,-20,39.899875
-15,12,15,24.372115
-16,25,-15,33.256578
20,6,16,26.305893
-11,-13,-22,27.820855
-21,0,-25,32.649655
-6,0,-18,18.973666
-15,31,4,34.669872
-4,6,-2,7.483315
-32,3,13,34.669872
-5,-7,22,23.622024
10,1,-15,18.055470
-22,20,-4,30.000000
-12,-6,-24,27.495454
-19,0,17,25.495098
5,11,-6,13.490738
-6,18,26,32.186954
-8,18,20,28.071338
4,19,-31,36.578682
-36,0,-12,37.947332
17,-37,10,41.928511
26,-25,-3,36.193922
-5,-9,-40,41.303753
47,-11,-8,48.928519
14,-31,-47,58.017239
26,-4,8,27.495454
7,-31,-18,36.523965
-12,-11,-3,16.552945
3,30,21,36.742346
-1,-13,6,14.352700
7,4,-39,39.824616
6,19,-11,22.759613
18,18,14,29.051678
-7,-26,-7,27.820855
-17,-1,-2,17.146428
-7,0,17,18.384776
29,3,-10,30.822070
-1,-20,45,49.254441
25,3,-8,26.419690
-1,-22,-1,22.045408
53,-10,-13,55.479726
17,-21,-6,27.676705
-12,14,-2,18.547237
10,8,34,36.331804
-8,-14,16,22.715633
-4,6,18,19.390719
13,-1,-10,16.431677
28,-14,26,40.693980
-50,14,-12,53.291650
0,-22,-18,28.425341
41,-11,32,53.160135
-10,-10,20,24.494897
-16,31,-23,41.785165
7,-8,53,54.055527
-7,-1,-6,9.273618
7,-22,-7,24.124676
10,1,9,13.490738
31,17,-34,49.050994
-10,14,14,22.181073
25,-19,16,35.242020
13,15,-4,20.248457
39,53,40,77.006493
6,-14,-2,15.362291
9,4,9,13.341664
17,34,3,38.131352
-9,15,-38,41.833001
-8,-16,-20,26.832816
-16,-6,-4,17.549929
-12,15,-3,19.442222
18,-23,15,32.832910
16,15,-13,25.495098
-4,-17,21,27.313001
-21,17,-4,27.313001
2,17,-19,25.573424
-5,21,6,22.405357
-23,-26,15,37.815341
-15,17,-38,44.249294
-28,1,-1,28.035692
9,-25,-4,26.870058
20,-9,43,48.270074
-12,8,16,21.540659
-14,-26,-12,31.874755
-6,-7,-7,11.575837
-6,-2,-4,7.483315
6,-39,7,40.074930
-33,2,-61,69.382995
11,-8,5,14.491377
-7,45,-16,48.270074
-7,25,28,38.183766
-26,-9,15,31.336879
-15,7,10,19.339080
31,-17,8,36.249138
-16,-38,28,49.839743
-3,-8,-13,15.556349
14,-23,-29,39.572718
0,9,15,17.492856
-4,7,7,10.677078
7,-6,17,19.339080
-3,2,-23,23.280893
48,7,-9,49.335586
-4,-26,22,34.292856
30,11,9,33.196385
11,8,-3,13.928388
-9,-18,25,32.093613
-18,16,6,24.819347
1,2,43,43.058100
-25,-12,-11,29.832868
18,-14,-18,29.051678
20,2,38,42.988371
18,-32,-30,47.413078
-26,-4,-6,26.981475
9,-11,-18,22.934690
-6,5,-15,16.911535
-2,-2,8,8.485281
-25,-26,23,42.778499
-3,1,-10,10.488088
-18,-3,17,24.939928
9,-4,3,10.295630
-26,14,-18,34.583233
-42,3,19,46.195238
12,2,-32,34.234486
14,23,13,29.899833
13,21,-12,27.459060
-14,-8,-8,18.000000
-13,18,-3,22.405357
13,-13,8,20.049938
-12,22,-8,26.305893
48,32,56,80.399005
-10,11,-5,15.684387
10,-10,-22,26.153394
6,2,4,7.483315
12,-35,-7,37.656341
-9,16,-17,25.019992
0,-17,-43,46.238512
5,2,31,31.464265
-7,33,0,33.734256
2,0,-22,22.090722
-11,8,1,13.638182
21,-13,0,24.698178
27,5,-16,31.780497
0,1,-5,5.099020
-21,-18,-19,33.555923
2,37,1,37.067506
-4,10,-34,35.665109
-4,17,-11,20.639767
31,-10,-19,37.709415
17,2,-11,20.346990
10,-20,28,35.832946
-25,-12,-27,38.704005
-24,-6,-50,55.785303
7,-16,-9,19.646883
13,40,41,58.736701
32,-20,-14,40.249224
-21,-16,1,26.419690
8,9,11,16.309506
36,12,8,38.781439
9,18,-11,22.934690
17,-27,-18,36.633318
6,2,18,19.078784
-7,4,17,18.814888
0,22,-20,29.732137
6,-11,7,14.352700
-33,15,-6,36.742346
-18,-7,7,20.542639
0,-16,-10,18.867962
-13,21,-18,30.561414
-12,43,13,46.497312
17,-21,8,28.178006
-9,-7,-20,23.021729
20,2,16,25.690465
30,15,-7,34.263683
11,-4,-29,31.272992
5,-1,-4,6.480741
7,17,-34,38.652296
-2,-3,35,35.185224
-25,11,-2,27.386128
-17,21,8,28.178006
10,15,21,27.676705
-22,27,9,35.972211
-24,-6,32,40.447497
31,-11,6,33.436507
-9,12,-5,15.811388
-16,-57,3,59.279001
-8,19,29,35.580894
-24,-40,-8,47.328638
1,-7,-4,8.124038
17,-15,-2,22.759613
-7,-13,-4,15.297059
-8,-2,-12,14.560220
10,-5,3,11.575837
-2,-23,1,23.108440
-4,-19,-25,31.654384
11,-29,28,41.785165
18,4,-12,22.000000
-33,-11,0,34.785054
3,-13,34,36.523965
-5,-18,9,20.736441
-23,2,21,31.208973
-7,-15,-32,36.027767
-1,31,44,53.833075
6,-2,-12,13.564660
30,0,20,36.055513
8,12,-4,14.966630
2,8,-10,12.961481
-11,-22,-9,26.191602
40,13,-3,42.166337
9,-33,-20,39.623226
15,-31,-6,34.957117
-19,-6,13,23.790755
-31,8,17,36.249138
23,2,-1,23.108440
-18,3,27,32.588341
9,-18,-31,36.959437
5,-9,14,17.378147
-6,-14,16,22.090722
16,-10,-12,22.360680
-16,6,16,23.409400
10,7,1,12.247449
16,13,-7,21.771541
7,2,-3,7.874008
-30,-11,9,33.196385
-4,-25,-15,29.427878
-6,21,-31,37.920970
-10,-16,-6,19.798990
-25,31,30,49.859803
22,11,-5,25.099801
-12,10,-32,35.608988
-7,-12,1,13.928388
-11,8,41,43.197222
-5,11,-20,23.366643
27,-11,18,34.263683
-22,8,6,24.166092
9,13,12,19.849433
5,2,13,14.071247
-6,-39,-21,44.698993
6,-6,-12,14.696938
10,-7,29,31.464265
6,6,-4,9.380832
7,17,-4,18.814888
27,40,9,49.091751
-3,-34,-5,34.496377
2,-21,5,21.679483
-13,-15,-48,51.942276
-11,-7,10,16.431677
-6,13,-27,30.561414
-9,17,-8,20.832667
-4,-7,-9,12.083046
15,33,16,39.623226
9,-11,-22,26.191602
13,1,56,57.497826
-9,-2,-33,34.263683
0,17,31,35.355339
6,-15,17,23.452079
-8,3,41,41.880783
-19,1,12,22.494444
-12,-13,-23,29.017236
3,-29,-28,40.422766
2,-4,-6,7.483315
4,-26,6,26.981475
-21,15,4,26.115130
3,21,16,26.570661
-40,-7,1,40.620192
-17,22,-7,28.670542
-4,24,12,27.129320
5,5,0,7.071068
9,24,-7,26.570661
-11,-26,-25,37.709415
-15,13,-10,22.226111
19,3,-14,23.790755
7,-24,7,25.961510
39,-22,23,50.338852
8,-20,-22,30.789609
34,7,21,40.570926
-5,-9,2,10.488088
2,-2,-2,3.464102
-31,22,-7,38.652296
-2,-11,25,27.386128
-10,8,-30,32.619013
5,-2,-15,15.937377
-29,-8,35,46.151923
50,-31,-9,59.514704
-12,-12,18,24.738634
3,-1,2,3.741657
5,-14,25,29.086079
-13,-2,31,33.674916
9,-8,1,12.083046
-16,-36,28,48.332184
2,-9,-1,9.273618
-23,21,-50,58.906706
-25,-18,1,30.822070
4,23,-19,30.099834
-3,3,-4,5.830952
23,13,28,38.496753
24,-2,4,24.413111
-14,12,-10,20.976177
-16,8,-2,18.000000
-9,-36,27,45.891176
-30,34,-30,54.369109
-23,21,-12,33.376639
-20,-4,36,41.376322
-9,-4,-37,38.288379
-14,-6,10,18.220867
-22,3,11,24.779023
19,5,-14,24.124676
-22,5,-5,23.108440
0,12,-28,30.463092
17,-11,34,39.572718
0,16,-14,21.260292
-35,-20,13,42.355637
6,5,-11,13.490738
-22,8,24,33.526109
-5,-36,43,56.302753
18,0,24,30.000000
-13,25,-6,28.809721
-5,27,-24,36.469165
4,21,-1,21.400935
-5,-4,19,20.049938
8,-10,8,15.099669
27,0,-23,35.468296
-4,15,29,32.893768
14,9,-5,17.378147
14,26,-28,40.693980
12,17,33,39.012818
3,17,-8,19.026298
26,16,-2,30.594117
16,-21,-25,36.359318
-19,9,-4,21.400935
0,-10,-10,14.142136
-4,36,2,36.276714
3,1,36,36.138622
-19,14,-15,27.964263
9,-21,-8,24.207437
21,-2,13,24.779023
28,7,13,31.654384
-15,0,15,21.213203
20,-9,-19,29.017236
14,19,23,32.954514
-8,-25,-11,28.460499
1,-17,-2,17.146428
2,-3,-31,31.208973
-12,8,16,21.540659
-10,10,8,16.248077
-5,-23,6,24.289916
-13,4,9,16.309506
24,27,-5,36.469165
0,15,-15,21.213203
10,-7,7,14.071247
11,21,-8,25.019992
-6,23,-19,30.430248
-4,-9,-29,30.626786
3,-26,9,27.676705
-11,9,22,26.191602
28,32,-4,42.708313
-44,-12,10,46.690470
3,-2,21,21.307276
-18,-10,12,23.832751
-25,10,-5,27.386128
-2,7,-9,11.575837
-19,-7,-2,20.346990
-8,37,9,38.910153
31,7,-20,37.549967
-4,-22,-16,27.495454
-19,14,-1,23.622024
-6,8,6,11.661904
5,8,-35,36.249138
28,7,-11,30.886890
4,-7,27,28.178006
2,-8,-12,14.560220
-10,18,-8,22.090722
-13,30,13,35.185224
-18,5,-9,20.736441
-28,-7,-1,28.879058
-4,-22,34,40.693980
-12,1,23,25.961510
-3,-13,16,20.832667
-17,16,-9,25.019992
-9,2,-13,15.937377
4,11,-5,12.727922
-2,8,4,9.165151
20,-10,14,26.381812
46,18,4,49.558047
4,-10,-6,12.328828
10,-20,12,25.377155
-17,23,26,38.652296
-16,-24,-8,29.933259
-6,5,-3,8.366600
-15,4,-9,17.944358
-21,-17,-16,31.400637
-5,27,-22,35.185224
-8,7,-13,16.792856
-36,13,-17,41.880783
-45,34,1,56.409219
45,1,4,45.188494
-7,-28,-9,30.232433
-35,-3,6,35.637059
34,28,42,60.860496
-9,5,-28,29.832868
0,-8,-6,10.000000
2,21,-17,27.092434
-24,-2,-20,31.304952
1,-1,2,2.449490
-7,10,-1,12.247449
23,22,-53,61.822326
-6,-32,8,33.526109
27,12,19,35.128336
-24,8,26,36.276714
5,9,38,39.370039
23,18,-5,29.631065
-2,-32,6,32.619013
15,4,-13,20.248457
-25,-37,12,46.238512
-1,-12,-7,13.928388
4,-24,20,31.496031
-35,13,-4,37.549967
-7,18,27,33.196385
-18,-8,-14,24.166092
31,-19,-38,52.592775
32,20,-4,37.947332
7,-8,25,27.166155
11,-21,-2,23.790755
19,-21,16,32.526912
30,5,-5,30.822070
16,5,-27,31.780497
-14,0,-18,22.803509
-23,-5,20,30.886890
0,-22,14,26.076810
22,33,-3,39.774364
-10,16,-22,28.982753
8,24,16,29.933259
4,-7,13,15.297059
22,0,34,40.496913
-8,-9,-1,12.083046
-21,-10,13,26.645825
-1,-20,-13,23.874673
3,-1,-2,3.741657
-12,14,-14,23.151674
41,-13,28,51.322510
9,28,-23,37.336309
-10,-4,12,16.124515
5,-10,-17,20.346990
-3,16,11,19.646883
44,-11,7,45.891176
35,1,22,41.352146
-31,-8,11,33.852622
13,53,44,70.099929
6,-5,-15,16.911535
-2,-29,-3,29.223278
-29,1,6,29.631065
-5,-32,-1,32.403703
14,5,9,17.378147
-10,-21,-1,23.280893
-42,-3,35,54.753995
-3,-14,-21,25.416530
19,-7,18,27.092434
5,-28,-3,28.600699
-5,-26,15,30.430248
2,-11,-11,15.684387
15,10,7,19.339080
25,-29,24,45.188494
-8,-8,-2,11.489125
-9,-12,21,25.806976
-6,14,2,15.362291
-20,-18,8,28.071338
-7,9,0,11.401754
0,-15,11,18.601075
3,34,-21,40.074930
9,-7,-16,19.646883
18,5,3,18.920888
32,5,-25,40.914545
-20,-51,11,55.874860
-33,-14,-19,40.570926
1,-5,-18,18.708287
-17,2,35,38.961519
3,0,5,5.830952
20,2,-10,22.449944
10,-6,-2,11.832160
11,-20,-3,23.021729
20,0,0,20.000000
-11,-38,9,40.570926
-2,-4,-30,30.331502
-7,-42,-1,42.591079
16,8,0,17.888544
-31,12,13,35.693137
37,-16,-5,40.620192
-8,-2,-8,11.489125
-20,-1,-25,32.031235
-24,-2,14,27.856777
5,-18,7,19.949937
-37,-26,-39,59.715995
-10,-9,9,16.186414
-10,-17,-19,27.386128
3,32,15,35.468296
5,4,15,16.309506
17,30,35,49.132474
13,-5,18,22.759613
19,-12,-5,23.021729
19,-12,-43,48.518038
45,-4,1,45.188494
-28,-21,-43,55.443665
29,-27,-6,40.074930
4,-9,19,21.400935
-14,25,1,28.670542
-3,-6,-9,11.224972
8,16,-38,42.000000
-15,-9,-10,20.149442
-15,10,13,22.226111
-2,-7,43,43.611925
7,-23,-24,33.970576
34,7,3,34.842503
-5,6,9,11.916375
21,-19,16,32.526912
-10,41,-11,43.611925
-23,8,19,30.886890
10,10,-8,16.248077
6,-17,-29,34.146742
5,22,7,23.622024
-11,-8,-11,17.492856
-29,10,23,38.340579
-18,-13,-7,23.280893
13,-1,-8,15.297059
8,-13,21,25.961510
0,-3,27,27.166155
-9,18,-3,20.346990
-2,-26,16,30.594117
18,0,18,25.455844
-3,8,11,13.928388
-18,-9,27,33.674916
-6,-34,-30,45.738387
-43,-8,-9,44.654227
25,-1,-44,50.616203
-20,22,20,35.832946
-5,5,18,19.339080
-2,1,25,25.099801
6,-28,16,32.802439
-24,-17,1,29.427878
-9,26,19,33.436507
-6,-3,-1,6.782330
-17,-27,-22,38.755645
-3,9,8,12.409674
30,2,10,31.685959
-17,-9,22,29.223278
8,-20,16,26.832816
10,-14,12,20.976177
-8,2,-24,25.377155
-17,3,-36,39.924930
3,20,-9,22.135944
-28,14,-4,31.559468
7,-6,-7,11.575837
9,16,19,26.419690
-27,-36,3,45.099889
21,-2,3,21.307276
-5,15,8,17.720045
6,9,-19,21.863211
-3,-1,-30,30.166206
11,12,1,16.309506
-7,14,9,18.055470
12,5,-21,24.698178
22,-9,-31,39.064050
15,7,46,48.887626
-16,-11,9,21.400935
10,-9,17,21.679483
40,-25,9,48.020829
-13,37,40,56.017854
-1,-7,-8,10.677078
-22,16,-46,53.441557
-24,-18,-14,33.105891
31,7,-2,31.843367
-13,13,-18,25.729361
27,4,-11,29.427878
-20,12,-28,36.441734
-35,2,35,49.537864
11,26,5,28.670542
1,-10,-29,30.692019
-15,4,-5,16.309506
-14,-1,-19,23.622024
14,24,14,31.112698
19,-11,-26,34.029399
30,-23,13,39.974992
20,2,8,21.633308
19,-10,17,27.386128
3,-6,7,9.695360
-20,11,19,29.698485
-2,13,3,13.490738
27,4,33,42.825226
13,-30,-23,39.974992
1,29,12,31.400637
13,-19,-4,23.366643
-9,7,-2,11.575837
24,17,17,33.970576
15,-16,-11,24.535688
-2,10,-22,24.248711
48,8,24,54.258640
-16,-27,9,32.649655
21,16,-9,27.892651
-15,-3,14,20.736441
-8,7,5,11.747340
6,-19,13,23.790755
-11,15,-8,20.248457
-12,10,8,17.549929
-5,-1,2,5.477226
54,17,9,57.323643
-33,-7,-14,36.523965
17,-3,-4,17.720045
19,-8,7,21.771541
-19,-6,-47,51.048996
10,1,-19,21.494185
50,-3,19,53.572381
39,14,5,41.737274
9,-18,11,22.934690
1,12,1,12.083046
-20,-9,3,22.135944
4,3,-25,25.495098
-15,5,0,15.811388
27,-13,-14,33.075671
15,-16,-13,25.495098
2,-20,-8,21.633308
22,0,-6,22.803509
-12,32,4,34.409301
-1,-3,-6,6.782330
-19,-30,15,38.548671
-18,-20,8,28.071338
10,-31,-15,35.860842
4,-11,21,24.041631
28,27,-9,39.924930
2,-33,-11,34.842503
-17,10,-29,35.071356
-38,14,6,40.938979
31,13,14,36.414283
31,-21,10,38.755645
-25,-23,-10,35.411862
-1,23,-26,34.727511
16,-6,-18,24.819347
-14,21,-13,28.390139
12,-12,-20,26.229754
-15,0,-15,21.213203
-17,9,18,26.343880
13,2,-11,17.146428
6,27,-9,29.086079
-21,-3,8,22.671568
-21,-47,-22,55.982140
9,-11,24,27.892651
-13,-4,23,26.720778
-1,-17,-16,23.366643
-15,4,11,19.026298
14,12,12,22.000000
-25,14,-15,32.341923
18,17,-7,25.729361
6,7,-1,9.273618
-1,2,1,2.449490
-11,-15,-2,18.708287
-8,10,-20,23.748684
-2,-19,-19,26.944387
-10,11,-35,38.026307
-20,0,-40,44.721360
4,3,45,45.276926
14,13,-3,19.339080
7,-3,14,15.937377
-8,-19,23,30.886890
1,-2,-37,37.067506
-16,-8,10,20.493902
30,28,-10,42.237424
16,-30,-34,48.083261
-16,15,15,26.570661
-19,-12,13,25.961510
-2,-3,-9,9.695360
29,-5,2,29.495762
18,-2,-2,18.220867
23,18,-19,34.842503
-6,-38,-10,39.749214
-17,-7,-14,23.108440
-10,-1,-27,28.809721
-22,-11,-5,25.099801
-21,16,-19,32.526912
-13,11,36,39.824616
24,-33,3,40.914545
6,17,-7,19.339080
31,4,-27,41.303753
-3,-12,-13,17.944358
-11,-7,16,20.639767
26,10,-2,27.928480
-28,29,9,41.303753
10,13,23,28.248894
-23,9,-20,31.780497
-38,-10,-16,42.426407
-23,-18,-11,31.208973
7,-9,-2,11.575837
1,-11,16,19.442222
-18,-7,41,45.321077
12,12,32,36.221541
-1,-18,-29,34.146742
5,24,-9,26.115130
-5,10,7,13.190906
-1,-23,-2,23.108440
2,37,-27,45.847574
2,-6,6,8.717798
-51,-11,22,56.621551
-9,5,-18,20.736441
34,6,-4,34.756294
39,22,1,44.788391
26,-14,-30,42.095130
9,-3,0,9.486833
-22,-9,-23,33.075671
-16,12,4,20.396078
-13,1,2,13.190906
19,0,-11,21.954498
-18,15,51,56.124861
-22,36,-16,45.122057
3,-9,-26,27.676705
-15,-11,-14,23.280893
21,8,-15,27.018512
-23,-13,32,41.496988
9,7,-10,15.165751
1,27,-20,33.615473
8,10,-10,16.248077
-15,9,2,17.606817
15,-12,-9,21.213203
18,-10,6,21.447611
23,-42,7,48.394215
-9,25,-12,29.154759
19,2,1,19.131126
24,17,3,29.563491
37,-19,4,41.785165
-11,2,-23,25.573424
24,4,12,27.129320
-1,-19,20,27.604347
-32,-23,-11,40.914545
-6,5,1,7.874008
14,15,1,20.542639
-13,-4,-21,25.019992
11,19,12,25.019992
3,-16,7,17.720045
-9,29,14,33.436507
31,3,12,33.376639
24,5,1,24.535688
-5,2,17,17.832555
-8,-4,-16,18.330303
-3,6,-11,12.884099
34,3,23,41.158231
14,-4,46,48.249352
-7,-25,10,27.820855
16,11,13,23.366643
8,4,0,8.944272
-11,15,12,22.135944
-5,6,21,22.405357
14,-5,17,22.583180
3,20,5,20.832667
-9,23,14,28.390139
-17,39,16,45.453273
-1,26,-11,28.248894
21,-32,-35,51.865210
8,12,2,14.560220
2,48,16,50.635956
3,-27,20,33.734256
-9,-11,2,14.352700
-9,-1,-20,21.954498
1,5,-16,16.792856
17,4,-15,23.021729
5,-6,29,30.033315
0,14,-18,22.803509
-33,-8,-21,39.924930
8,-9,-13,17.720045
3,-11,-28,30.232433
14,-31,-33,47.391982
4,-15,13,20.248457
6,21,-3,22.045408
12,7,-11,17.720045
-23,10,-19,31.464265
20,22,28,40.841156
46,-27,-5,53.572381
-14,-22,6,26.758176
-9,19,-10,23.280893
33,-6,23,40.669399
19,-4,-9,21.400935
-13,2,-7,14.899664
7,-9,4,12.083046
-3,11,-10,15.165751
15,-14,17,26.645825
25,30,43,58.086143
30,1,5,30.430248
-18,32,22,42.801869
-6,-1,25,25.729361
-16,-4,12,20.396078
12,-16,-2,20.099751
17,-13,-10,23.622024
13,-10,7,17.832555
-7,2,-17,18.493242
8,-18,0,19.697716
12,36,16,41.182521
-3,0,9,9.486833
7,-9,16,19.646883
7,24,19,31.400637
27,37,16,48.518038
6,8,-4,10.770330
27,-2,-1,27.092434
-11,-12,-3,16.552945
11,1,34,35.749126
41,2,-15,43.703547
3,25,-10,27.092434
-9,23,-6,25.416530
7,28,5,29.291637
-13,2,-11,17.146428
19,21,6,28.948230
5,-7,-2,8.831761
0,-4,6,7.211103
-6,-9,1,10.862780
1,9,-6,10.862780
0,3,1,3.162278
-23,55,0,59.615434
-5,-22,-9,24.289916
3,3,4,5.830952
-9,14,21,26.795522
11,-41,8,43.197222
-10,-1,1,10.099505
-18,20,-12,29.461840
12,-14,-8,20.099751
-10,5,-11,15.684387
-2,8,14,16.248077
10,11,-21,25.729361
-35,7,-8,36.578682
19,-23,-6,30.430248
19,30,-7,36.193922
9,-45,12,47.434165
0,13,-7,14.764823
-2,0,-6,6.324555
-31,-28,-9,42.731721
-5,16,-3,17.029386
11,-19,0,21.954498
35,-16,19,42.918527
-6,8,12,15.620499
39,16,7,42.731721
-17,19,30,39.370039
-18,-12,2,21.725561
13,-28,9,32.155870
24,-2,-40,46.690470
-9,-40,-9,41.976184
9,7,10,15.165751
-2,-11,23,25.573424
19,25,-38,49.295030
-5,-3,-6,8.366600
22,29,21,42.023803
-16,1,-13,20.639767
-15,-5,6,16.911535
-1,1,-16,16.062378
27,34,11,44.788391
-15,1,40,42.731721
-11,-2,19,22.045408
1,-21,-6,21.863211
-8,4,24,25.612497
6,24,-10,26.683328
6,13,13,19.339080
-6,9,-29,30.951575
-9,-19,22,30.430248
11,-8,-1,13.638182
-7,27,10,29.631065
-4,14,14,20.199010
0,6,8,10.000000
27,24,-13,38.392708
-10,-16,0,18.867962
-3,-19,4,19.646883
-10,-24,10,27.856777
-9,13,18,23.958297
10,-6,8,14.142136
-29,-8,-1,30.099834
6,-3,-11,12.884099
4,-30,12,32.557641
-25,17,-10,31.843367
2,-10,10,14.282857
29,-16,-5,33.496268
-51,-7,4,51.633323
19,12,-21,30.757113
21,-41,-8,46.754679
1,-6,-7,9.273618
9,6,-21,23.622024
-3,1,-6,6.782330
1,14,17,22.045408
26,15,-29,41.737274
10,9,7,15.165751
12,-16,-6,20.880613
-33,-13,8,36.359318
-13,-8,31,34.554305
3,4,15,15.811388
15,-13,-2,19.949937
-13,11,0,17.029386
12,-6,26,29.257478
13,-18,-45,50.179677
-20,-2,6,20.976177
-14,15,15,25.416530
18,2,10,20.688161
8,-2,-20,21.633308
3,62,-11,63.039670
11,28,3,30.232433
4,-5,-11,12.727922
-3,39,14,41.545156
-9,-8,1,12.083046
-3,-16,-31,35.014283
-1,-4,9,9.899495
-4,2,-12,12.806248
-31,-11,4,33.136083
1,5,14,14.899664
-8,-16,0,17.888544
-4,-9,-29,30.626786
-12,12,-4,17.435596
-11,0,-5,12.083046
21,3,18,27.820855
-1,43,-28,51.322510
-11,-2,11,15.684387
-6,36,-8,37.363083
5,2,11,12.247449
-10,9,15,20.149442
-42,25,25,54.899909
10,-13,-1,16.431677
-14,1,-29,32.218007
-4,-13,37,39.420807
1,-5,-6,7.874008
-1,-6,-9,10.862780
5,-10,-3,11.575837
13,30,1,32.710854
-2,-16,-2,16.248077
11,-5,-48,49.497475
-49,-2,49,69.325320
-2,17,-7,18.493242
-8,-15,-1,17.029386
9,-30,-13,33.911650
15,11,-36,40.521599
1,6,-47,47.391982
21,21,0,29.698485
-1,-32,-19,37.229021
2,-13,-9,15.937377
46,3,21,50.655701
21,16,-27,37.762415
-5,-18,49,52.440442
-20,-16,-46,52.649786
43,31,-8,53.609701
19,15,6,24.939928
-4,-14,54,55.928526
-11,-5,-12,17.029386
20,-2,48,52.038447
1,6,9,10.862780
14,13,-39,43.428102
-23,-26,7,35.411862
-11,14,17,24.617067
6,23,-3,23.958297
0,4,-50,50.159745
-6,16,12,20.880613
21,0,11,23.706539
2,-19,-11,22.045408
-14,0,-30,33.105891
5,-1,-12,13.038405
-20,-7,29,35.916570
-6,2,0,6.324555
-43,29,0,51.865210
2,9,-5,10.488088
15,16,-31,37.973675
-15,-18,21,31.464265
-22,19,13,31.843367
2,4,4,6.000000
-17,-37,-2,40.767634
-12,-15,-7,20.445048
25,0,-9,26.570661
-6,-9,11,15.427249
-11,-14,5,18.493242
-16,-5,-7,18.165902
14,-13,-23,29.899833
-19,8,-11,23.366643
-16,-24,-10,30.528675
4,-24,0,24.331050
-9,-27,8,29.563491
6,-25,13,28.809721
-13,-20,-3,24.041631
-58,46,20,76.681158
0,0,-10,10.000000
2,4,0,4.472136
2,-27,25,36.851052
-29,-18,5,34.496377
-9,-8,-5,13.038405
-5,-25,-6,26.191602
-25,22,-31,45.497253
-1,-14,-1,14.071247
-23,5,-22,32.218007
3,7,-24,25.179357
5,15,6,16.911535
-37,-32,19,52.478567
-14,3,17,22.226111
9,-18,-3,20.346990
-42,-18,-4,45.869380
-16,3,3,16.552945
-27,-25,16,40.124805
1,26,15,30.033315
44,17,5,47.434165
15,5,0,15.811388
4,40,4,40.398020
-12,-16,18,26.907248
-7,14,-15,21.679483
-26,20,-16,36.496575
20,8,46,50.793700
14,5,13,19.748418
1,22,-39,44.788391
19,2,13,23.108440
0,-5,15,15.811388
-4,43,-3,43.289722
-10,14,18,24.899799
-16,23,-9,29.427878
27,18,-7,33.196385
-10,-16,26,32.124757
9,-6,-7,12.884099
-50,23,-21,58.906706
-15,0,-9,17.492856
4,-5,41,41.496988
0,14,-12,18.439089
25,4,-17,30.495901
13,-19,20,30.495901
0,-15,33,36.249138
-4,34,30,45.519227
-2,22,26,34.117444
-7,-7,-12,15.556349
-40,-29,-3,49.497475
30,7,21,37.282704
4,30,8,31.304952
-61,33,14,70.753092
14,-4,2,14.696938
13,-2,-7,14.899664
-29,14,-21,38.444766
8,17,-9,20.832667
1,9,-52,52.782573
37,2,-7,37.709415
37,-24,-39,58.872744
-3,-12,-7,14.212670
-21,13,32,40.422766
-9,-5,6,11.916375
9,22,-3,23.958297
22,-6,16,27.856777
-3,-22,21,30.561414
4,8,-6,10.770330
6,-14,-26,30.133038
26,11,39,48.145612
52,-17,27,61.008196
8,-40,16,43.817805
43,32,17,56.231664
4,13,17,21.771541
-16,-15,-19,29.017236
13,-11,-12,20.832667
12,-10,16,22.360680
1,-6,-13,14.352700
6,-12,6,14.696938
4,27,1,27.313001
59,29,4,65.863495
11,-28,5,30.495901
-15,15,-22,30.561414
-2,-20,-14,24.494897
-2,-22,2,22.181073
2,28,10,29.799329
28,-17,-9,33.970576
-4,-11,7,13.638182
15,5,2,15.937377
-9,-20,9,23.706539
8,14,-6,17.204651
-18,11,27,34.263683
-2,36,4,36.276714
7,-4,11,13.638182
-29,-12,15,34.785054
19,11,-12,25.019992
-27,-4,3,27.459060
30,-37,25,53.795911
-4,-1,1,4.242641
-19,-3,-14,23.790755
1,52,23,56.868269
2,-15,11,18.708287
-7,-21,-50,54.680892
-38,9,21,44.339599
-19,-13,12,25.961510
-21,6,1,21.863211
-23,-10,13,28.248894
-11,7,10,16.431677
1,-5,-2,5.477226
1,-13,2,13.190906
-2,16,26,30.594117
4,-1,-43,43.197222
-11,25,26,37.709415
-2,5,17,17.832555
17,15,2,22.759613
36,-15,13,41.109610
24,-24,10,35.383612
-23,32,3,39.522146
-16,27,-15,34.785054
-13,5,28,31.272992
6,5,7,10.488088
-3,3,0,4.242641
25,-12,5,28.178006
-11,10,-9,17.378147
-24,-16,30,41.617304
40,12,40,57.827329
-2,34,-10,35.496479
19,1,4,19.442222
9,15,10,20.149442
8,2,14,16.248077
15,32,21,41.109610
33,-2,-3,33.196385
3,-31,-28,41.880783
11,-19,-26,34.029399
18,-4,-28,33.526109
42,-31,-23,57.043843
8,-11,25,28.460499
4,4,2,6.000000
-6,-30,-10,32.186954
10,26,-12,30.331502
-3,-4,11,12.083046
-8,5,-21,23.021729
-1,12,35,37.013511
-1,4,-31,31.272992
-16,-22,28,39.038443
-1,8,27,28.178006
-23,8,3,24.535688
-9,38,-19,43.428102
11,-15,2,18.708287
-44,28,26,58.275209
-24,14,32,42.379240
29,-10,17,35.071356
15,0,-19,24.207437
-12,5,-29,31.780497
8,3,-15,17.262677
5,1,-8,9.486833
2,12,4,12.806248
-38,38,-12,55.063600
6,-20,20,28.913665
3,-10,-51,52.057660
-17,-14,-3,22.226111
-1,-17,-44,47.180504
-28,-17,-7,33.496268
3,-11,16,19.646883
-2,22,8,23.494680
-14,26,20,35.665109
22,-9,29,37.496667
17,-21,16,31.400637
35,15,4,38.288379
3,-12,9,15.297059
-3,-2,-29,29.223278
-27,17,0,31.906112
-7,-22,-17,28.670542
1,31,-14,34.029399
7,40,-3,40.718546
-5,14,-29,32.588341
-7,32,9,33.970576
1,14,23,26.944387
14,4,12,18.867962
9,-4,5,11.045361
-7,-3,32,32.893768
23,-26,-9,35.860842
-1,-1,20,20.049938
24,18,4,30.265492
8,26,-2,27.276363
-8,-21,29,36.687873
-28,-41,-11,50.852729
11,-6,3,12.884099
-5,1,-32,32.403703
0,-3,-11,11.401754
-26,8,24,36.276714
-2,-18,4,18.547237
5,11,-30,32.341923
-12,21,25,34.785054
9,2,-11,14.352700
-36,-11,-3,37.762415
18,-16,20,31.304952
20,-7,9,23.021729
-6,-27,-11,29.765752
10,20,16,27.495454
-13,28,-25,39.724048
-22,11,-35,42.778499
-8,3,-11,13.928388
-16,19,-9,26.419690
46,11,19,50.970580
-5,-10,5,12.247449
10,-21,27,35.637059
25,-11,12,29.832868
-25,-7,6,26.645825
14,-7,-23,27.820855
-21,-14,-25,35.524639
11,7,4,13.638182
1,-9,36,37.121422
-34,13,-3,36.523965
33,-24,1,40.816663
-21,30,-23,43.243497
17,21,-14,30.430248
-1,-8,-1,8.124038
-3,-15,-24,28.460499
-19,13,4,23.366643
-28,-14,-26,40.693980
-14,32,22,41.279535
-16,22,6,27.856777
20,18,22,34.756294
-34,-35,11,50.019996
11,-8,3,13.928388
14,0,20,24.413111
-43,5,-4,43.474130
-27,11,-42,51.127292
8,-12,6,15.620499
-8,10,6,14.142136
-10,-3,-7,12.569805
-15,-1,-8,17.029386
8,9,-1,12.083046
3,-14,-11,18.055470
-13,8,-9,17.720045
12,-7,-1,13.928388
30,-17,-1,34.496377
-13,-9,-6,16.911535
11,-23,-18,31.208973
26,36,-20,48.703183
27,3,30,40.472213
3,-23,-2,23.280893
-10,0,-26,27.856777
29,-5,-14,32.588341
3,13,-16,20.832667
-16,-7,-31,35.580894
32,-19,13,39.420807
-4,6,4,8.246211
4,2,-28,28.354894
-12,24,6,27.495454
-1,-11,4,11.747340
-13,-20,-13,27.166155
-12,-9,-21,25.806976
-6,0,0,6.000000
-12,-13,1,17.720045
-9,-3,8,12.409674
-1,-7,-10,12.247449
-4,29,21,36.027767
-19,13,-2,23.108440
2,7,27,27.964263
2,8,6,10.198039
24,-1,15,28.319605
42,1,-5,42.308392
-3,12,-17,21.023796
-23,10,-35,43.058100
7,-27,-8,29.017236
16,2,-26,30.594117
5,15,6,16.911535
5,-17,-10,20.346990
10,-27,-15,32.465366
7,-21,14,26.191602
7,10,-13,17.832555
-4,10,12,16.124515
-16,21,7,27.313001
-11,14,9,19.949937
7,12,17,21.954498
-54,-5,-27,60.580525
-11,49,24,55.659680
0,17,-3,17.262677
11,18,-17,27.092434
-1,16,7,17.492856
-15,24,3,28.460499
22,36,-6,42.614552
9,-2,-1,9.273618
16,10,-4,19.287302
1,-11,-4,11.747340
10,-16,-4,19.287302
-21,16,-13,29.427878
-11,-10,11,18.493242
-8,-7,19,21.771541
-1,52,7,52.478567
13,-27,-14,33.075671
18,12,-40,45.475268
3,1,18,18.275667
15,-2,-17,22.759613
-55,-13,4,56.656862
-2,0,4,4.472136
-9,-5,-20,22.494444
-14,9,5,17.378147
-14,-12,42,45.869380
7,6,-11,14.352700
-7,-16,-5,18.165902
-33,-9,-4,34.438351
7,20,-13,24.859606
10,-21,13,26.645825
-33,12,23,41.976184
-28,10,6,30.331502
3,28,-11,30.232433
-3,-8,11,13.928388
25,12,15,31.527766
0,-6,14,15.231546
-49,3,18,52.287666
2,-7,-27,27.964263
-14,-22,20,32.863353
-22,-18,-14,31.685959
4,12,28,30.724583
-11,14,-27,32.341923
11,23,14,29.086079
-10,6,30,32.186954
-12,4,0,12.649111
29,-1,-6,29.631065
-32,-26,20,45.825757
25,8,-15,30.232433
-6,26,6,27.349589
-6,-16,28,32.802439
10,-6,-2,11.832160
-27,3,12,29.698485
-6,20,-36,41.617304
-14,18,16,27.856777
-7,-24,21,32.649655
9,15,-22,28.106939
-5,7,-4,9.486833
-2,6,14,15.362291
-3,43,-34,54.899909
-20,6,20,28.913665
22,5,-17,28.248894
4,-1,-11,11.747340
32,16,-28,45.431267
7,10,-7,14.071247
-4,29,-21,36.027767
-17,18,-9,26.343880
-10,12,0,15.620499
-34,-5,-9,35.524639
4,23,41,47.180504
11,-15,-8,20.248457
7,1,0,7.071068
34,19,-9,39.974992
-1,6,17,18.055470
-12,9,25,29.154759
-22,-6,2,22.891046
9,9,8,15.033296
-5,-23,-22,32.218007
22,0,-4,22.360680
-23,-10,-5,25.573424
15,-24,-11,30.364453
3,5,18,18.920888
30,-9,7,32.093613
-19,-22,3,29.223278
9,-15,6,18.493242
67,12,-9,68.658576
21,-22,7,31.208973
-14,3,-5,15.165751
-5,0,-27,27.459060
-8,25,-7,27.166155
9,-9,-18,22.045408
-21,15,2,25.884358
-24,-25,-39,52.172790
8,22,-2,23.494680
-40,-18,16,46.690470
3,-11,4,12.083046
-27,-26,-7,38.131352
20,-10,8,23.748684
18,9,17,26.343880
14,-22,14,29.597297
-7,-3,22,23.280893
-11,29,-18,35.860842
-1,-22,25,33.316662
20,-15,-11,27.313001
-27,-24,7,36.796739
-7,-8,13,16.792856
9,-2,3,9.695360
-10,13,-27,31.591138
-22,-12,0,25.059928
-26,30,2,39.749214
-17,-17,18,30.033315
2,0,14,14.142136
6,1,21,21.863211
-10,-9,17,21.679483
40,-3,-21,45.276926
3,4,15,15.811388
30,28,-8,41.809090
33,15,16,39.623226
-10,-13,-3,16.673332
21,-8,7,23.537205
23,5,-20,30.886890
6,-24,-12,27.495454
1,-8,-27,28.178006
23,4,-19,30.099834
33,-15,-6,36.742346
-10,-7,1,12.247449
-10,-18,-38,43.220366
-11,-2,3,11.575837
-7,35,14,38.340579
-4,-33,-7,33.970576
-11,21,14,27.531800
2,27,-3,27.239677
-3,-14,29,32.341923
-18,-2,-4,18.547237
-15,11,-4,19.026298
-2,-19,3,19.339080
13,32,3,34.669872
-8,0,-6,10.000000
5,-13,-18,22.759613
13,-36,-3,38.392708
-12,6,18,22.449944
-29,-44,-9,53.460266
2,-9,13,15.937377
16,4,16,22.978251
35,-3,-18,39.471509
-11,0,17,20.248457
1,-24,-27,36.138622
-25,5,26,36.414283
2,19,-5,19.748418
19,-8,-1,20.639767
12,10,12,19.697716
-7,-5,-20,21.771541
-9,-26,3,27.676705
-22,-14,-14,29.597297
9,-19,2,21.118712
-4,27,39,47.602521
4,8,-2,9.165151
10,0,8,12.806248
-6,3,15,16.431677
-7,-16,-23,28.879058
29,14,5,32.588341
-34,-12,26,44.452222
-3,-1,-4,5.099020
2,2,26,26.153394
-12,-8,-6,15.620499
-23,17,-4,28.879058
30,-3,-25,39.166312
-28,-15,-5,32.155870
-17,10,13,23.622024
-5,6,-1,7.874008
24,11,1,26.419690
7,-15,-26,30.822070
-2,0,22,22.090722
-52,15,9,54.863467
-12,16,16,25.612497
-20,-21,-7,29.832868
-9,-30,-23,38.858718
8,-16,12,21.540659
7,-17,16,24.372115
9,-10,1,13.490738
25,20,-1,32.031235
13,-2,-9,15.937377
-6,13,-41,43.428102
15,-22,9,28.106939
-2,17,-19,25.573424
-11,2,-3,11.575837
36,-16,-30,49.517674
27,22,-9,35.972211
-16,-29,-23,40.323690
28,12,-16,34.409301
-36,10,-16,40.644803
6,18,-14,23.579652
-6,-1,-25,25.729361
-24,25,-5,35.014283
-23,-49,-12,55.443665
-11,-16,-1,19.442222
-9,-28,25,38.600518
13,16,9,22.494444
-17,-19,22,33.674916
8,24,0,25.298221
-4,8,30,31.304952
37,48,-1,60.613530
2,-28,18,33.346664
-32,-22,16,42.000000
-3,24,21,32.031235
-19,-33,-10,39.370039
26,-9,-19,33.436507
-4,-23,31,38.807216
16,-12,0,20.000000
-23,-3,24,33.376639
33,-16,-13,38.910153
-34,11,13,38.026307
20,14,-14,28.142495
-15,26,-29,41.737274
-40,22,12,47.201695
-25,-8,23,34.899857
45,19,-10,49.859803
6,21,-27,34.727511
0,16,-10,18.867962
18,2,-10,20.688161
-3,-10,-9,13.784049
20,1,-11,22.847319
39,11,4,40.718546
17,-7,8,20.049938
-9,-2,19,21.118712
6,-1,57,57.323643
-8,-24,-12,28.000000
-2,-8,-26,27.276363
30,21,7,37.282704
20,-36,-2,41.231056
-6,-14,8,17.204651
-13,17,0,21.400935
50,21,-7,54.680892
30,-31,-9,44.068129
5,15,2,15.937377
29,-11,8,32.031235
11,32,23,40.914545
17,-5,2,17.832555
-13,10,-11,19.748418
-21,-17,12,29.563491
37,-19,12,43.289722
-27,6,1,27.676705
45,30,-29,61.367744
-14,-27,23,38.131352
18,-12,-18,28.142495
28,14,-22,38.262253
-8,15,57,59.481089
-5,-6,11,13.490738
33,5,-50,60.116553
10,-4,0,10.770330
20,10,0,22.360680
7,-34,13,37.067506
15,22,-23,35.185224
22,15,7,27.531800
-16,-21,-9,27.892651
2,-24,-6,24.819347
-12,-43,-9,45.541190
5,-20,27,33.970576
22,-37,3,43.150898
-23,0,17,28.600699
10,-22,-36,43.358967
-47,24,-15,54.863467
14,-17,25,33.316662
3,35,2,35.185224
5,-19,30,35.860842
11,-9,16,21.400935
39,-10,-17,43.703547
-2,-9,-1,9.273618
-34,-7,1,34.727511
-23,2,-11,25.573424
20,22,4,30.000000
42,-19,-9,46.968074
13,-30,-17,36.851052
-4,24,-16,29.120440
-29,-11,-2,31.080541
40,3,-15,42.825226
9,3,-20,22.135944
-1,3,22,22.226111
0,1,-5,5.099020
-26,-11,-15,31.968735
36,7,-3,36.796739
-17,10,19,27.386128
3,25,8,26.419690
44,-31,-1,53.833075
0,7,-3,7.615773
-21,-2,-15,25.884358
-8,6,-10,14.142136
-3,15,6,16.431677
2,-14,0,14.142136
8,-6,-4,10.770330
-18,-37,11,42.591079
-6,12,2,13.564660
-19,10,3,21.679483
-12,22,-16,29.732137
24,3,7,25.179357
8,-13,9,17.720045
-17,-20,-17,31.272992
29,22,17,40.174619
7,-29,-42,51.516987
4,-21,-13,25.019992
3,-17,-26,31.208973
6,-14,-18,23.579652
-37,-18,-31,51.516987
6,-10,-10,15.362291
-18,-10,32,38.052595
-4,-2,8,9.165151
-13,10,-21,26.645825
-5,14,-1,14.899664
3,-28,-15,31.906112
5,-22,9,24.289916
-11,-11,18,23.790755
14,-16,48,52.497619
-19,12,17,28.178006
12,12,12,20.784610
-21,-12,1,24.207437
1,7,36,36.687873
-5,-21,-26,33.793490
-33,-26,1,42.023803
15,-13,10,22.226111
11,2,19,22.045408
-5,19,52,55.587768
-11,7,22,25.573424
5,-18,-9,20.736441
-4,20,-22,30.000000
-7,-6,27,28.530685
-9,15,26,31.336879
20,3,-39,43.931765
-12,4,0,12.649111
-24,-4,4,24.657656
-35,-17,-12,40.718546
12,24,0,26.832816
-15,-15,-4,21.587033
4,-15,-29,32.893768
-25,-24,7,35.355339
22,17,-25,37.389838
-22,16,4,27.495454
17,47,8,50.616203
35,-11,-24,43.840620
-7,28,3,29.017236
20,-6,-50,54.184869
1,-2,-9,9.273618
-12,-24,-8,28.000000
-7,8,-1,10.677078
25,-21,26,41.737274
-22,12,0,25.059928
-4,-4,-16,16.970563
-31,-17,-10,36.742346
17,-15,18,28.948230
-31,2,-9,32.341923
-7,9,0,11.401754
-45,11,14,48.394215
19,-7,4,20.639767
-9,21,12,25.806976
17,-30,-1,34.496377
0,-6,-16,17.088007
0,28,6,28.635642
-15,0,5,15.811388
1,-1,-30,30.033315
-6,21,-5,22.405357
31,19,0,36.359318
13,-6,5,15.165751
3,5,0,5.830952
-1,-2,-15,15.165751
30,5,13,33.075671
23,-5,2,23.622024
0,7,-19,20.248457
-9,41,-2,42.023803
-12,10,6,16.733201
-25,6,5,26.191602
-13,-27,16,33.970576
17,2,13,21.494185
16,11,9,21.400935
-11,-35,-18,40.865633
-10,25,-15,30.822070
9,-9,8,15.033296
-13,-19,4,23.366643
-8,-1,-7,10.677078
6,7,15,17.606817
-9,28,1,29.427878
-13,-11,18,24.779023
-23,-11,-34,42.497059
-6,-20,-4,21.260292
33,-15,10,37.603191
-14,-6,-6,16.370706
2,4,0,4.472136
3,29,8,30.232433
1,1,-50,50.019996
-27,-23,8,36.359318
2,9,-15,17.606817
3,-18,5,18.920888
-16,5,-1,16.792856
-8,-20,38,43.680659
-5,32,23,39.724048
4,1,17,17.492856
-19,-1,12,22.494444
-32,14,-10,36.331804
-11,-4,21,24.041631
1,-12,-19,22.494444
-10,-2,10,14.282857
-22,0,-6,22.803509
24,16,-40,49.315312
12,22,-40,47.201695
-10,38,-32,50.675438
15,-5,14,21.118712
-3,21,-38,43.520110
-9,-1,-24,25.651511
-20,4,-14,24.738634
-8,13,15,21.400935
15,6,-19,24.939928
-8,22,-14,27.276363
-41,-39,12,57.844619
14,-27,-25,39.370039
-7,-20,-25,32.771939
26,23,-21,40.570926
4,19,-1,19.442222
-14,21,-17,30.430248
0,-8,20,21.540659
2,-2,-28,28.142495
-36,28,-14,47.707442
-16,-6,10,19.798990
-14,10,-4,17.663522
9,29,-2,30.430248
-14,-20,-4,24.738634
-5,6,-15,16.911535
-16,5,13,21.213203
-18,-23,21,35.972211
-14,5,-3,15.165751
0,-16,32,35.777088
-17,-6,21,27.676705
16,0,38,41.231056
4,-27,-7,28.178006
5,25,-14,29.086079
-19,-20,9,29.017236
-18,9,-3,20.346990
14,5,-17,22.583180
2,20,12,23.409400
23,-13,26,37.067506
27,-4,13,30.232433
-27,1,-2,27.092434
14,20,2,24.494897
11,28,-11,32.031235
22,-22,16,34.985711
6,38,4,38.678159
-19,-16,-27,36.687873
1,22,5,22.583180
5,-16,7,18.165902
18,14,26,34.583233
-6,8,-18,20.591260
8,-11,-7,15.297059
-12,-38,-20,44.586994
-16,-16,24,32.984845
0,11,29,31.016125
-2,-17,13,21.494185
44,7,-29,53.160135
-43,11,-6,44.788391
-2,30,0,30.066593
-22,8,-10,25.455844
-8,16,24,29.933259
-23,6,13,27.092434
8,-13,3,15.556349
25,-33,10,42.591079
12,-2,4,12.806248
27,-19,4,33.256578
24,18,-2,30.066593
-10,-25,17,31.843367
9,-4,1,9.899495
26,5,-29,39.268308
19,14,-21,31.591138
-29,0,-3,29.154759
-14,-38,-12,42.237424
3,-15,16,22.135944
-21,13,-10,26.645825
-26,-38,8,46.733286
5,-4,13,14.491377
7,25,-12,28.600699
-14,27,-9,31.717503
4,6,-4,8.246211
-9,5,0,10.295630
1,-8,-21,22.494444
-19,-13,-32,39.420807
21,-31,2,37.496667
-7,-5,6,10.488088
-2,-5,9,10.488088
-14,-17,-13,25.573424
-21,-22,13,33.075671
35,-3,-6,35.637059
2,-8,8,11.489125
16,-5,-1,16.792856
-19,-7,-8,21.771541
38,20,-6,43.358967
-1,5,26,26.495283
26,26,0,36.769553
4,-17,-29,33.852622
-21,0,-29,35.805028
-4,32,-2,32.310989
6,-3,13,14.628739
14,12,-4,18.867962
3,0,7,7.615773
18,24,16,34.000000
-22,4,18,28.705400
-22,9,13,27.092434
-15,-19,8,25.495098
-2,20,26,32.863353
17,-49,30,59.916609
-1,-3,-22,22.226111
14,15,-19,27.964263
-14,21,-5,25.729361
10,-16,-4,19.287302
-6,6,2,8.717798
-17,30,-7,35.185224
0,-35,17,38.910153
-11,-1,24,26.419690
-4,12,16,20.396078
-15,20,5,25.495098
11,29,-22,38.026307
-15,-40,3,42.825226
12,-10,-20,25.377155
-4,1,25,25.337719
-22,18,-24,37.202150
-36,31,3,47.602521
10,29,-11,32.588341
-2,-12,28,30.528675
4,-3,-3,5.830952
2,7,7,10.099505
1,2,-37,37.067506
-36,4,12,38.157568
14,-26,-8,30.594117
-11,14,9,19.949937
-28,-35,31,54.497706
4,0,30,30.265492
-21,-28,3,35.128336
11,3,-4,12.083046
-21,-8,7,23.537205
-4,-17,-1,17.492856
-26,10,-38,47.116876
4,-34,16,37.788887
41,22,-11,47.812132
-3,8,-5,9.899495
3,10,-15,18.275667
-16,14,0,21.260292
22,2,-14,26.153394
-18,6,-38,42.473521
-5,18,39,43.243497
12,23,11,28.178006
-34,6,28,44.452222
-5,11,16,20.049938
-20,-9,7,23.021729
-27,-1,12,29.563491
-17,9,-4,19.646883
9,-13,18,23.958297
28,20,6,34.928498
-13,4,5,14.491377
0,11,-5,12.083046
25,-5,-32,40.914545
-4,-7,-5,9.486833
3,-30,7,30.951575
-18,12,-6,22.449944
-21,-1,-4,21.400935
8,-12,24,28.000000
29,9,-24,38.704005
-17,-7,-16,24.372115
7,25,8,27.166155
-18,-18,-14,29.051678
19,-21,-2,28.390139
-23,23,-16,36.249138
9,17,-16,25.019992
1,0,15,15.033296
-4,-6,10,12.328828
13,-18,-15,26.795522
24,-11,45,52.172790
8,2,10,12.961481
0,-18,2,18.110770
10,6,-12,16.733201
-7,-8,-41,42.355637
-4,0,8,8.944272
8,1,13,15.297059
14,10,8,18.973666
-39,-4,29,48.764741
-21,23,0,31.144823
2,-7,-9,11.575837
-3,10,-33,34.612137
28,3,5,28.600699
-1,-9,8,12.083046
20,-28,6,34.928498
29,-21,22,42.023803
18,11,-23,31.208973
-17,4,21,27.313001
-14,27,7,31.208973
10,-26,-4,28.142495
-9,-7,28,30.232433
26,-10,6,28.495614
7,-31,-34,46.540305
50,6,-6,50.714889
-10,-31,-23,39.874804
17,2,7,18.493242
-9,8,31,33.256578
12,7,-15,20.445048
-18,-13,41,46.626173
12,-12,6,18.000000
21,-2,-17,27.092434
-5,21,-12,24.698178
-19,6,-9,21.863211
9,-6,15,18.493242
15,-7,16,23.021729
-36,-3,-19,40.816663
-30,20,8,36.932371
-19,-3,20,27.748874
-24,-33,-19,45.011110
-2,-28,-20,34.467376
-18,9,-17,26.343880
17,-24,-5,29.832868
7,-2,27,27.964263
-39,-15,-6,42.213742
18,-39,25,49.699095
-25,-8,15,30.232433
-21,1,8,22.494444
-5,11,6,13.490738
30,0,-4,30.265492
19,14,21,31.591138
-9,-6,-3,11.224972
33,27,-32,53.310412
9,-22,-1,23.790755
0,-3,-7,7.615773
-7,-8,7,12.727922
7,-13,0,14.764823
-1,8,19,20.639767
-5,34,-17,38.340579
15,-30,11,35.298725
30,2,2,30.133038
26,35,-17,46.797436
-9,31,14,35.185224
8,-19,-47,51.322510
-16,7,9,19.646883
9,4,1,9.899495
-32,-2,2,32.124757
35,-10,7,37.067506
16,8,14,22.715633
-14,-16,16,26.608269
13,-4,15,20.248457
4,10,-20,22.715633
-18,-27,7,33.196385
21,33,-4,39.319207
-11,6,9,15.427249
14,21,-1,25.258662
15,29,-20,38.288379
-21,-2,-29,35.860842
0,-15,45,47.434165
-9,8,23,25.961510
-28,7,13,31.654384
-24,-9,1,25.651511
9,-3,-2,9.695360
-14,11,-1,17.832555
31,6,-17,35.860842
-20,12,0,23.323808
-18,11,1,21.118712
-21,-10,-13,26.645825
7,27,-8,29.017236
-2,-6,10,11.832160
0,11,-19,21.954498
-12,-15,-15,24.372115
-2,19,-29,34.727511
-10,20,14,26.381812
-2,-3,31,31.208973
-17,-10,45,49.132474
18,0,0,18.000000
26,6,36,44.810713
5,5,0,7.071068
19,4,15,24.535688
-23,3,-10,25.258662
2,-9,-33,34.263683
-12,-19,-35,41.593269
-9,-4,1,9.899495
-22,29,-1,36.414283
-10,29,-3,30.822070
14,5,-33,36.193922
-13,2,23,26.495283
-9,21,-2,22.934690
-16,-28,-4,32.496154
19,9,-4,21.400935
10,8,-18,22.090722
-5,10,7,13.190906
-4,-18,-22,28.705400
9,29,-6,30.951575
28,23,41,54.717456
-24,-21,-13,34.438351
14,24,10,29.529646
6,-8,18,20.591260
-13,17,0,21.400935
-26,19,39,50.576674
-14,-1,29,32.218007
-40,-3,-1,40.124805
23,-13,-12,29.017236
29,-16,17,37.229021
-26,-23,13,37.067506
-26,0,-24,35.383612
11,-4,5,12.727922
16,-12,0,20.000000
-3,-21,4,21.587033
-30,-10,-20,37.416574
24,16,-10,30.528675
-23,17,8,29.698485
4,-9,-5,11.045361
-9,9,24,27.166155
-10,-16,18,26.076810
17,-10,1,19.748418
-41,-3,2,41.158231
24,-24,16,37.523326
12,-5,13,18.384776
-6,-1,-5,7.874008
-7,-16,-11,20.639767
19,25,12,33.615473
43,-3,-16,45.978256
-13,3,28,31.016125
-26,-21,17,37.496667
-15,7,20,25.961510
-30,-25,-13,41.158231
21,10,-9,24.939928
6,-24,-30,38.884444
-1,-16,11,19.442222
-16,7,21,27.313001
34,-52,-4,62.257530
3,12,35,37.121422
21,4,23,31.400637
-18,-11,5,21.679483
-13,-16,-13,24.372115
-5,1,20,20.639767
-6,-27,5,28.106939
23,-20,15,33.970576
7,13,48,50.219518
-10,0,22,24.166092
32,3,31,44.654227
23,16,-1,28.035692
12,-6,-8,15.620499
7,13,6,15.937377
-13,-13,-10,20.928450
8,20,-14,25.690465
-8,23,-9,25.961510
1,15,0,15.033296
31,-16,-3,35.014283
30,-8,0,31.048349
-17,2,3,17.378147
0,-3,7,7.615773
-4,-20,12,23.664319
2,-10,16,18.973666
1,-20,-9,21.954498
4,6,-28,28.913665
-21,7,18,28.530685
16,5,9,19.026298
-3,6,33,33.674916
11,-21,4,24.041631
-9,-5,36,37.443290
24,-1,-7,25.019992
-18,-1,-9,20.149442
13,1,-8,15.297059
7,-9,0,11.401754
-25,-9,-20,33.256578
3,-1,10,10.488088
16,14,10,23.494680
-3,34,3,34.263683
4,-4,12,13.266499
14,-9,-1,16.673332
6,11,7,14.352700
-12,13,-15,23.194827
16,-21,15,30.364453
25,36,-19,47.770284
-19,2,-31,36.414283
-6,4,-6,9.380832
-4,-17,-5,18.165902
4,-5,-15,16.309506
-19,-3,6,20.149442
-5,-21,32,38.600518
-9,4,15,17.944358
1,39,0,39.012818
4,-19,-1,19.442222
-16,3,-7,17.720045
24,-13,-23,35.693137
3,10,-5,11.575837
11,-28,7,30.886890
26,6,-32,41.665333
25,-7,-12,28.600699
-14,29,-19,37.389838
-29,-22,11,38.026307
11,20,-15,27.313001
23,4,13,26.720778
11,36,-9,38.704005
-5,-10,27,29.223278
27,-4,-9,28.740216
10,-1,-37,38.340579
-32,-13,-25,42.638011
-7,24,3,25.179357
21,-24,29,43.104524
12,1,-1,12.083046
-23,-33,14,42.591079
-28,12,-2,30.528675
-14,7,5,16.431677
-29,24,-17,41.303753
-26,-16,-6,31.112698
-2,44,2,44.090815
-10,-19,13,25.099801
19,17,6,26.191602
-20,-29,-9,36.359318
26,8,8,28.354894
-14,14,4,20.199010
13,-31,-4,33.852622
-36,-16,-24,46.130250
39,5,12,41.109610
19,9,6,21.863211
-16,17,1,23.366643
-29,23,14,39.572718
17,22,53,59.849812
21,-2,-45,49.699095
-14,7,-19,24.617067
-8,-3,11,13.928388
-2,-6,26,26.758176
-17,-7,12,21.954498
-9,13,14,21.118712
-4,-7,-29,30.099834
8,21,-39,45.011110
-19,-2,-19,26.944387
7,-1,6,9.273618
19,12,37,43.289722
-2,-16,22,27.276363
-27,6,31,41.545156
20,8,0,21.540659
14,-7,5,16.431677
27,26,-7,38.131352
-4,6,12,14.000000
-1,19,-16,24.859606
14,13,33,38.131352
31,-2,9,32.341923
16,5,7,18.165902
-24,-2,16,28.913665
-17,-3,14,22.226111
11,-6,11,16.673332
7,-21,-4,22.494444
19,14,-21,31.591138
-31,-16,41,53.833075
4,17,13,21.771541
-4,-10,30,31.874755
13,-26,33,43.977267
-23,-16,-7,28.879058
7,-18,-11,22.226111
28,3,17,32.893768
6,-22,-18,29.051678
2,1,-19,19.131126
-14,7,-19,24.617067
29,13,4,32.031235
-22,26,0,34.058773
18,-23,19,34.842503
1,36,13,38.288379
-27,3,18,32.588341
38,3,17,41.737274
-1,3,14,14.352700
-36,20,-26,48.703183
31,-42,7,52.668776
39,23,-10,46.368092
-9,16,19,26.419690
32,21,-3,38.392708
-5,-18,1,18.708287
4,-8,26,27.495454
0,53,11,54.129474
-12,-30,-20,38.000000
-14,-28,-14,34.292856
-22,26,-20,39.496835
14,7,-5,16.431677
7,24,9,26.570661
-13,-3,-10,16.673332
-17,-28,-11,34.554305
-8,5,17,19.442222
2,-9,25,26.645825
-3,4,17,17.720045
-15,-31,12,36.469165
3,-20,5,20.832667
4,8,-10,13.416408
33,-16,-1,36.687873
-3,-23,-12,26.115130
-18,18,36,44.090815
-3,30,23,37.920970
-4,-46,24,52.038447
23,19,-6,30.430248
-7,-15,14,21.679483
6,2,16,17.204651
-6,-3,19,20.149442
-29,-20,7,35.916570
11,-1,12,16.309506
-15,-28,-25,40.422766
5,20,-3,20.832667
8,-7,25,27.166155
11,4,25,27.604347
12,-9,-11,18.601075
-24,-18,-14,33.105891
-11,1,-38,39.572718
3,-13,-6,14.628739
4,-8,-12,14.966630
39,10,-11,41.737274
8,4,2,9.165151
-7,-8,-23,25.337719
25,11,6,27.964263
-12,34,16,39.446166
0,16,-8,17.888544
0,-14,4,14.560220
-14,22,0,26.076810
-38,-4,20,43.127717
-17,5,18,25.258662
42,11,-33,54.534393
6,-6,-8,11.661904
-10,-4,20,22.715633
33,-6,-21,39.572718
1,-2,-7,7.348469
10,-1,27,28.809721
-5,7,0,8.602325
-1,-18,-3,18.275667
12,21,-3,24.372115
-16,-6,14,22.090722
-12,-8,2,14.560220
-19,-9,0,21.023796
0,-47,-19,50.695167
4,-14,16,21.633308
5,13,18,22.759613
-2,7,-5,8.831761
8,3,-1,8.602325
-13,19,-12,25.961510
-2,16,20,25.690465
10,-23,25,35.411862
15,0,1,15.033296
5,28,3,28.600699
-41,20,-5,45.891176
-1,-13,10,16.431677
-3,-17,4,17.720045
35,30,9,46.968074
9,-4,-13,16.309506
7,-3,14,15.937377
-10,-4,-28,30.000000
-1,20,21,29.017236
-6,-22,20,30.331502
-4,-6,16,17.549929
-7,-10,-5,13.190906
9,7,0,11.401754
4,12,-6,14.000000
-15,-18,-31,38.858718
36,-13,-1,38.288379
-1,7,6,9.273618
34,-11,15,38.755645
-4,-10,16,19.287302
-14,19,21,31.591138
2,6,-2,6.633250
14,6,28,31.874755
21,-1,-20,29.017236
32,6,-2,32.619013
-5,-30,17,34.842503
-22,-33,-13,41.737274
3,-18,17,24.939928
-6,-39,-17,42.965102
-21,-7,40,45.716518
7,-2,7,10.099505
-21,17,-16,31.400637
34,-17,27,46.626173
4,-19,-29,34.899857
-5,-23,-2,23.622024
-6,10,16,19.798990
-11,17,24,31.400637
-8,-33,-5,34.322005
-20,-41,33,56.302753
-16,-30,-16,37.576588
-4,-1,13,13.638182
-7,-12,17,21.954498
16,-20,-2,25.690465
11,-29,-4,31.272992
-27,4,9,28.740216
1,2,-27,27.092434
18,-36,30,50.199602
14,13,21,28.390139
3,41,8,41.880783
2,26,4,26.381812
-2,5,11,12.247449
6,11,-5,13.490738
-18,32,-24,43.863424
-7,-12,1,13.928388
26,39,5,47.138095
4,-1,-11,11.747340
19,6,13,23.790755
12,4,6,14.000000
8,-32,-16,36.660606
-7,26,5,27.386128
51,4,-3,51.244512
-16,-6,30,34.525353
-10,0,0,10.000000
19,-15,38,45.055521
1,19,-8,20.639767
2,-15,-15,21.307276
9,-5,8,13.038405
-2,-9,-1,9.273618
7,-15,2,16.673332
8,39,-5,40.124805
15,-3,0,15.297059
42,8,-30,52.230259
7,28,-19,34.554305
-8,-9,-5,13.038405
-1,-17,22,27.820855
-2,-1,-37,37.067506
2,24,-10,26.076810
-6,-5,3,8.366600
17,2,7,18.493242
8,5,-5,10.677078
16,16,8,24.000000
-23,-8,-17,29.698485
13,53,-6,54.899909
-14,-14,-18,26.758176
34,-11,-5,36.083237
-10,17,9,21.679483
-36,24,12,44.899889
-6,15,21,26.495283
-8,-11,-5,14.491377
13,4,-23,26.720778
-14,-1,11,17.832555
-8,-24,-12,28.000000
0,-4,-2,4.472136
-19,-3,0,19.235384
7,-14,-49,51.439285
-16,-39,-7,42.731721
-42,-7,7,43.150898
-28,11,15,33.615473
-55,8,-9,56.302753
25,-16,21,36.359318
10,9,13,18.708287
-34,-1,-39,51.749396
9,10,23,26.645825
-21,-35,24,47.349762
-6,2,50,50.398413
12,-22,4,25.377155
-6,6,-10,13.114877
-23,-2,13,26.495283
7,0,29,29.832868
12,56,10,58.137767
5,-48,-7,48.764741
28,-3,-39,48.104054
6,-5,-21,22.405357
16,-13,1,20.639767
-10,-10,-6,15.362291
-13,-38,-13,42.213742
11,29,8,32.031235
-21,18,15,31.464265
-10,12,8,17.549929
22,-18,-32,42.801869
29,52,15,61.400326
22,17,25,37.389838
1,14,1,14.071247
23,5,14,27.386128
7,0,13,14.764823
-20,7,-33,39.217343
17,8,11,21.771541
-18,0,10,20.591260
-32,-24,16,43.081318
1,11,6,12.569805
-2,3,-1,3.741657
-12,-34,4,36.276714
12,-6,12,18.000000
-5,6,1,7.874008
9,-6,-17,20.149442
5,-32,5,32.771939
8,-10,18,22.090722
14,-30,-18,37.682887
29,3,14,32.341923
-5,41,-8,42.071368
12,-15,-11,22.135944
-15,22,-5,27.092434
-47,-14,-11,50.259327
38,0,4,38.209946
40,23,-9,47.010637
-10,-23,-11,27.386128
4,-11,7,13.638182
5,19,14,24.124676
-24,46,-4,52.038447
-8,14,-8,18.000000
9,1,-26,27.531800
-2,3,-5,6.164414
-10,7,-9,15.165751
12,4,-18,22.000000
-11,10,25,29.086079
15,0,-1,15.033296
-6,6,-6,10.392305
-11,14,-1,17.832555
24,-7,23,33.970576
18,0,-6,18.973666
-1,10,-39,40.274061
-28,10,-14,32.863353
-8,-7,-17,20.049938
4,16,-8,18.330303
-14,-18,12,25.768197
10,5,-27,29.223278
6,-54,-18,57.236352
-4,-31,-23,38.807216
-24,-52,16,59.464275
-7,-9,30,32.093613
3,20,-25,32.155870
18,-20,6,27.568098
14,-1,-9,16.673332
6,20,-2,20.976177
2,8,-30,31.112698
4,-24,8,25.612497
-5,-32,1,32.403703
18,40,0,43.863424
-24,2,-6,24.819347
11,-3,-10,15.165751
20,8,10,23.748684
26,33,39,57.323643
-5,33,34,47.644517
-19,13,30,37.815341
14,-9,-23,28.390139
-30,1,3,30.166206
-9,19,10,23.280893
-5,35,30,46.368092
24,-23,-19,38.288379
11,-15,-12,22.135944
6,-20,26,33.346664
22,-24,38,50.039984
16,-33,-9,37.762415
-11,-4,-5,12.727922
-19,-8,13,24.372115
-4,7,23,24.372115
21,19,-22,35.860842
41,-10,-25,49.050994
9,-28,1,29.427878
0,-8,-8,11.313708
11,-33,30,45.934736
6,4,-10,12.328828
25,2,-19,31.464265
-7,4,11,13.638182
18,17,-13,27.964263
17,6,1,18.055470
-16,-7,7,18.814888
0,-38,-4,38.209946
-40,-14,8,43.127717
0,24,-12,26.832816
-20,15,-13,28.178006
16,-14,12,24.413111
-7,12,13,19.026298
-17,20,-5,26.720778
-13,-13,16,24.372115
-2,-35,-9,36.193922
34,-25,-27,50.099900
-1,-31,4,31.272992
-16,15,7,23.021729
-1,12,19,22.494444
-19,2,-13,23.108440
-15,29,4,32.893768
34,36,-18,52.687759
-23,-4,1,23.366643
0,21,31,37.443290
11,5,-8,14.491377
-23,4,-25,34.205263
-25,-27,-20,41.880783
27,11,2,29.223278
18,12,12,24.738634
29,7,-16,33.852622
-14,-23,-5,27.386128
33,-35,-10,49.132474
-32,-24,-8,40.792156
16,-35,33,50.695167
-23,4,7,24.372115
4,-15,9,17.944358
8,11,1,13.638182
8,-35,31,47.434165
5,18,11,21.679483
-1,-2,-25,25.099801
16,-48,-4,50.754310
-5,32,1,32.403703
4,6,-4,8.246211
-3,-4,25,25.495098
-5,3,-10,11.575837
-18,-11,-27,34.263683
-7,-1,0,7.071068
-13,-2,-39,41.158231
-38,-17,-5,41.928511
-23,-17,18,33.793490
-19,5,-24,31.016125
1,3,16,16.309506
21,6,5,22.405357
19,-3,26,32.341923
-8,-7,-1,10.677078
-23,-28,19,40.914545
-30,-22,8,38.052595
11,-32,-1,33.852622
-38,-2,-6,38.522721
12,-8,-12,18.761663
9,-14,9,18.920888
22,7,-27,35.524639
-21,30,9,37.709415
-6,16,16,23.409400
-23,3,-4,23.537205
35,4,-17,39.115214
-20,4,-6,21.260292
-10,4,-12,16.124515
-9,-19,-18,27.676705
13,-16,-3,20.832667
-7,-26,31,41.060930
-8,4,10,13.416408
-1,16,-29,33.136083
-9,3,16,18.601075
-41,-7,10,42.778499
3,-17,-22,27.964263
2,1,-3,3.741657
-10,-2,4,10.954451
32,7,15,36.027767
9,7,14,18.055470
-8,-1,15,17.029386
1,5,10,11.224972
-21,-29,-8,36.687873
14,28,-4,31.559468
-8,-7,7,12.727922
7,-3,-16,17.720045
-25,10,-7,27.820855
26,2,-16,30.594117
-15,5,14,21.118712
-1,-21,-18,27.676705
2,-17,1,17.146428
0,-6,8,10.000000
14,-22,-10,27.928480
-26,28,-4,38.418745
-26,17,-5,31.464265
14,-8,-18,24.166092
4,4,-32,32.496154
-4,-17,-21,27.313001
-3,25,-34,42.308392
-7,-20,-23,31.272992
31,3,-6,31.717503
-11,-2,-5,12.247449
-12,-8,6,15.620499
-9,-14,5,17.378147
7,-30,9,32.093613
5,-14,29,32.588341
37,-9,-34,51.048996
19,7,20,28.460499
14,28,18,36.110940
14,16,-26,33.585711
-6,-33,-11,35.298725
-10,-1,19,21.494185
12,-4,18,22.000000
4,4,-10,11.489125
16,-18,10,26.076810
1,-4,11,11.747340
-30,-20,-22,42.237424
-24,16,4,29.120440
-13,10,1,16.431677
-12,-4,24,27.129320
-28,5,-17,33.136083
-2,-2,-24,24.166092
-3,-3,6,7.348469
-9,9,20,23.706539
-30,17,15,37.603191
-17,-15,2,22.759613
-28,-1,-15,31.780497
-5,46,-11,47.560488
2,-8,12,14.560220
-9,28,-11,31.400637
-17,30,-55,64.915329
-22,4,-16,27.495454
24,-5,27,36.469165
4,-12,18,22.000000
-6,-6,6,10.392305
-16,24,2,28.913665
37,22,-9,43.977267
44,-18,-2,47.581509
4,15,3,15.811388
-10,-5,-1,11.224972
5,21,-44,49.010203
16,-17,19,30.099834
42,19,-11,47.391982
-30,-7,3,30.951575
18,2,-6,19.078784
-12,-4,-2,12.806248
-71,5,18,73.416619
6,12,-2,13.564660
11,-25,32,42.071368
-13,5,4,14.491377
1,-20,7,21.213203
14,5,-7,16.431677
-4,1,3,5.099020
30,12,-2,32.372828
-4,14,-12,18.867962
-9,3,16,18.601075
-32,6,-22,39.293765
0,22,12,25.059928
26,10,0,27.856777
-39,-6,-7,40.074930
22,-9,-17,29.223278
10,23,-21,32.710854
-4,-7,3,8.602325
-5,-6,-15,16.911535
15,-6,11,19.544820
-9,-14,-9,18.920888
9,1,-14,16.673332
-14,16,-4,21.633308
6,0,-6,8.485281
26,-9,15,31.336879
3,4,39,39.319207
8,-24,-6,26.000000
-2,-9,9,12.884099
1,23,10,25.099801
3,2,-33,33.196385
-8,20,8,22.978251
17,-2,25,30.298515
-4,-11,61,62.112801
-17,-8,9,20.832667
25,9,-8,27.748874
7,9,-22,24.779023
26,20,0,32.802439
6,42,2,42.473521
-4,3,-19,19.646883
1,-1,22,22.045408
-28,16,18,36.932371
0,14,26,29.529646
-27,28,-21,44.204072
-12,-6,6,14.696938
-2,-11,35,36.742346
-14,-4,14,20.199010
-4,-25,-35,43.197222
13,-40,-27,49.979996
-27,17,-8,32.893768
36,-5,3,36.469165
-2,11,-9,14.352700
0,-33,15,36.249138
22,1,1,22.045408
2,-8,2,8.485281
17,10,9,21.679483
-1,3,-6,6.782330
7,7,2,10.099505
23,3,20,30.626786
1,8,15,17.029386
-10,1,3,10.488088
-12,-24,-14,30.265492
28,-7,19,34.554305
0,5,33,33.376639
3,-25,0,25.179357
2,-1,23,23.108440
-10,-11,17,22.583180
-6,-3,5,8.366600
-37,2,-1,37.067506
-37,-20,-21,47.010637
11,-3,-30,32.093613
1,8,-21,22.494444
-13,1,4,13.638182
-9,-18,-9,22.045408
-9,-18,-13,23.958297
16,-33,-25,44.384682
28,5,21,35.355339
-18,3,-7,19.544820
32,10,-22,40.099875
-17,-21,-6,27.676705
30,2,-14,33.166248
29,-10,-7,31.464265
11,46,-5,47.560488
6,-13,-23,27.092434
4,0,-16,16.492423
3,-10,-3,10.862780
-5,18,19,26.645825
3,8,19,20.832667
-3,-1,-36,36.138622
-13,9,-34,37.496667
-30,20,-4,36.276714
4,27,-9,28.740216
7,11,10,16.431677
21,1,24,31.906112
-7,3,6,9.695360
9,-4,13,16.309506
8,-9,-7,13.928388
-22,3,5,22.759613
-18,-40,-14,46.043458
-3,18,1,18.275667
-58,2,-18,60.761830
28,-16,20,37.947332
11,2,19,22.045408
-3,13,22,25.729361
-10,-18,38,43.220366
-14,36,-4,38.832976
62,19,15,66.558245
1,8,-11,13.638182
18,-7,-11,22.226111
41,-6,-39,56.903427
-9,-9,-2,12.884099
8,-26,-4,27.495454
9,5,-8,13.038405
2,-1,-27,27.092434
-13,-14,-9,21.118712
30,18,16,38.470768
-16,7,-21,27.313001
-7,-8,-11,15.297059
2,21,-11,23.790755
4,13,7,15.297059
19,-3,16,25.019992
-21,1,-6,21.863211
-18,12,10,23.832751
-23,31,4,38.807216
24,-31,23,45.453273
2,19,3,19.339080
8,-15,5,17.720045
-28,-35,15,47.265209
-24,34,-16,44.586994
17,31,14,38.026307
11,-15,-12,22.135944
7,8,1,10.677078
3,3,-16,16.552945
10,-13,-11,19.748418
20,43,-47,66.768256
-25,21,-10,34.146742
-13,18,27,34.957117
13,-34,-7,37.067506
-4,-15,3,15.811388
-19,0,-7,20.248457
32,18,-36,51.419841
-30,-27,3,40.472213
-21,37,14,44.788391
22,13,-9,27.092434
30,11,9,33.196385
0,8,-10,12.806248
-13,27,-4,30.232433
13,39,8,41.880783
24,-4,-20,31.496031
17,12,-13,24.535688
-2,-8,-8,11.489125
20,1,-17,26.267851
3,-14,-7,15.937377
40,-3,-35,53.235327
-4,-9,39,40.224371
18,-12,28,35.383612
-14,3,25,28.809721
-24,14,-2,27.856777
15,-6,-9,18.493242
39,-28,7,48.518038
-18,-30,-4,35.213634
13,1,4,13.638182
9,13,14,21.118712
-14,-26,52,59.799666
-6,-5,-9,11.916375
-20,-6,-4,21.260292
2,-28,-20,34.467376
17,4,41,44.564560
16,12,2,20.099751
-23,2,7,24.124676
5,21,4,21.954498
-45,14,3,47.222876
-26,-14,26,39.344631
49,23,16,56.444663
-21,0,-23,31.144823
-8,-28,-32,43.266615
-29,-9,-42,51.826634
11,-10,-1,14.899664
-11,-2,-3,11.575837
-16,16,-8,24.000000
-10,30,8,32.619013
14,-4,12,18.867962
-5,-10,-5,12.247449
-16,23,5,28.460499
-26,10,2,27.928480
20,0,0,20.000000
-34,-6,6,35.042831
21,8,-5,23.021729
-12,-13,3,17.944358
11,-17,24,31.400637
-19,-26,27,42.023803
23,3,2,23.280893
-5,-6,1,7.874008
-9,12,25,29.154759
8,-44,-12,46.303348
-6,39,-5,39.774364
-32,-13,-3,34.669872
25,-15,2,29.223278
-6,-17,-13,22.226111
39,12,23,46.840154
-20,15,17,30.232433
-13,13,20,27.166155
-21,13,6,25.416530
-9,34,43,55.551778
31,-24,-5,39.522146
-1,30,-21,36.633318
-19,23,18,34.842503
25,1,-24,34.669872
-11,-6,17,21.118712
11,-21,-34,41.448764
0,-22,12,25.059928
-18,-18,-14,29.051678
-28,-1,-17,32.771939
6,-21,-45,50.019996
18,5,3,18.920888
13,26,-19,34.727511
-8,32,-6,33.526109
2,-11,7,13.190906
-21,15,2,25.884358
-2,-18,-10,20.688161
40,-9,15,43.657760
-22,-24,2,32.619013
-12,-5,3,13.341664
25,7,24,35.355339
1,-5,14,14.899664
-16,19,-1,24.859606
-10,16,26,32.124757
-9,-9,18,22.045408
1,17,4,17.492856
16,25,1,29.698485
7,42,-29,51.516987
-10,9,11,17.378147
-1,-33,2,33.075671
-16,-1,-1,16.062378
-2,-2,24,24.166092
-23,1,10,25.099801
-12,21,-9,25.806976
16,15,7,23.021729
14,11,-9,19.949937
22,-13,27,37.175261
2,-26,16,30.594117
4,17,1,17.492856
-11,-4,17,20.639767
9,-14,-23,28.390139
15,-3,-6,16.431677
-9,1,8,12.083046
10,-6,8,14.142136
13,-6,11,18.055470
8,17,23,29.698485
-10,-6,22,24.899799
-15,-12,-29,34.785054
-15,-15,36,41.785165
3,-35,-28,44.922155
-20,-18,-10,28.705400
11,29,34,46.021734
6,21,-7,22.934690
-8,29,-21,36.687873
21,37,-26,49.859803
-1,6,-5,7.874008
-4,-20,10,22.715633
14,7,-1,15.684387
-24,-15,27,39.115214
-49,10,-27,56.833089
-16,-12,-16,25.612497
-6,-13,-23,27.092434
-23,-5,-6,24.289916
-7,-2,21,22.226111
-29,-18,-21,40.074930
-3,6,-1,6.782330
-24,1,-3,24.207437
-4,10,6,12.328828
20,-1,-11,22.847319
26,-3,-23,34.842503
-2,20,6,20.976177
32,5,7,33.136083
12,-2,-4,12.806248
-8,25,-7,27.166155
32,-37,3,49.010203
-20,-30,-34,49.558047
-3,-8,-3,9.055385
3,-13,4,13.928388
34,-4,-30,45.519227
-43,-3,-38,57.463032
-42,-11,15,45.934736
5,-24,17,29.832868
8,-13,-17,22.847319
-20,-17,-27,37.656341
-30,5,11,32.341923
21,-22,-19,35.860842
15,18,-17,28.948230
5,-1,22,22.583180
-30,-2,8,31.112698
20,-30,10,37.416574
8,5,11,14.491377
-15,11,-12,22.135944
3,-16,-11,19.646883
-22,7,-15,27.531800
-12,34,-22,42.237424
7,15,-36,39.623226
-8,-39,-25,47.010637
50,22,20,58.172158
-41,1,-18,44.788391
4,-36,-16,39.597980
24,-25,9,35.805028
-4,-13,-5,14.491377
34,-14,-54,65.329932
23,-19,-4,30.099834
-10,-3,31,32.710854
0,10,-18,20.591260
19,20,13,30.495901
-8,26,22,34.985711
-37,-1,28,46.411206
6,16,-8,18.867962
-4,12,18,22.000000
27,1,-34,43.428102
44,23,19,53.160135
-5,0,33,33.376639
29,8,21,36.687873
10,-13,9,18.708287
4,-7,1,8.124038
-13,-16,-3,20.832667
8,31,11,33.852622
-12,-7,-3,14.212670
-6,-17,-13,22.226111
-7,-30,-5,31.208973
-3,11,28,30.232433
25,27,16,40.124805
-7,29,2,29.899833
22,29,7,37.067506
-34,14,-4,36.986484
45,-5,4,45.453273
11,11,0,15.556349
10,-5,-25,27.386128
22,1,-21,30.430248
-1,5,-36,36.359318
-30,4,14,33.346664
-17,-7,2,18.493242
-9,-7,-14,18.055470
34,-18,30,48.785244
30,18,38,51.652686
12,-35,-25,44.654227
17,-27,20,37.656341
-6,9,21,23.622024
15,-14,7,21.679483
-9,28,7,30.232433
13,4,3,13.928388
14,-5,-11,18.493242
-5,-33,2,33.436507
-4,-30,14,33.346664
4,-1,-19,19.442222
-20,-6,16,26.305893
43,-14,5,45.497253
22,7,15,27.531800
6,11,-23,26.191602
5,21,-16,26.870058
5,30,23,38.131352
-3,1,-6,6.782330
-43,9,-6,44.339599
-7,-1,-34,34.727511
3,16,5,17.029386
10,-2,12,15.748016
7,-19,-10,22.583180
-21,-26,-29,44.249294
2,16,0,16.124515
14,12,-22,28.705400
-3,-27,10,28.948230
20,0,14,24.413111
49,-4,-17,52.019227
-11,6,-15,19.544820
26,-29,-17,42.497059
22,-3,31,38.131352
-11,-35,10,38.026307
5,-12,37,39.217343
-9,15,-26,31.336879
4,20,12,23.664319
-17,13,6,22.226111
1,-5,-26,26.495283
51,47,36,78.140898
17,-7,-8,20.049938
-28,-3,-1,28.178006
-22,10,6,24.899799
16,-10,8,20.493902
2,0,-18,18.110770
-13,-28,13,33.496268
-5,50,13,51.903757
20,-44,-8,48.989795
40,35,15,55.226805
8,-6,-6,11.661904
-2,-49,7,49.537864
15,-15,10,23.452079
14,-24,-12,30.265492
-4,-6,16,17.549929
-4,-2,-12,12.806248
29,27,-4,39.824616
5,18,-5,19.339080
4,35,-13,37.549967
-21,3,6,22.045408
14,-8,10,18.973666
-8,-17,-29,34.554305
38,11,19,43.886217
20,27,5,33.970576
13,-1,-10,16.431677
-9,9,-8,15.033296
9,13,36,39.319207
-34,10,-20,40.693980
-8,26,-18,32.619013
-9,-16,11,21.400935
-9,15,-6,18.493242
-3,-11,16,19.646883
-13,31,2,33.674916
10,28,8,30.789609
13,1,10,16.431677
-10,-27,29,40.865633
25,29,22,44.158804
26,35,5,43.886217
13,-11,-2,17.146428
-63,-8,33,71.568149
-27,-24,-11,37.762415
24,-1,-1,24.041631
19,-16,-17,30.099834
3,-9,-24,25.806976
7,-3,6,9.695360
7,20,13,24.859606
-1,0,-7,7.071068
-16,-10,-12,22.360680
-8,-29,-17,34.554305
8,-11,13,18.814888
-3,-13,-34,36.523965
1,13,20,23.874673
30,17,-5,34.842503
9,23,12,27.459060
18,-22,-4,28.705400
-7,-5,-4,9.486833
8,-19,11,23.366643
20,0,-18,26.907248
-4,-18,4,18.867962
13,-17,-6,22.226111
-1,-22,29,36.414283
-16,-3,7,17.720045
27,-6,33,43.058100
-39,13,12,42.825226
-5,-15,-20,25.495098
1,1,-12,12.083046
-1,4,-13,13.638182
6,-15,17,23.452079
-9,-5,-10,14.352700
-1,17,-28,32.771939
-24,-14,0,27.784888
6,-21,-3,22.045408
39,6,-3,39.572718
-18,-20,-20,33.526109
14,-27,17,34.842503
26,-26,32,48.744230
4,15,-1,15.556349
36,7,-19,41.303753
4,-17,-11,20.639767
-25,16,9,31.016125
-31,-3,-4,31.400637
-20,12,36,42.895221
-17,-21,10,28.809721
-10,-17,3,19.949937
7,-12,9,16.552945
-10,-17,-25,31.843367
8,-30,8,32.062439
-24,25,-3,34.785054
-1,12,3,12.409674
10,-1,-11,14.899664
2,-16,4,16.613248
-11,-12,25,29.832868
-14,13,-17,25.573424
12,-12,-32,36.221541
-17,-11,8,21.771541
-2,26,-24,35.440090
11,0,17,20.248457
7,21,14,26.191602
18,-1,-11,21.118712
-38,34,2,51.029403
-1,-8,-27,28.178006
10,19,15,26.191602
-15,-9,-6,18.493242
-6,-15,13,20.736441
-3,9,-46,46.968074
-14,-39,23,47.391982
31,-20,3,37.013511
-8,28,0,29.120440
32,16,-6,36.276714
2,-40,0,40.049969
-21,-15,4,26.115130
-17,25,18,35.185224
0,17,-5,17.720045
-8,-6,-14,17.204651
14,31,17,38.026307
-46,8,-24,52.497619
-16,-20,-24,35.099858
20,-10,30,37.416574
16,3,1,16.309506
-6,2,-14,15.362291
-16,-8,-18,25.377155
-3,-38,-7,38.755645
31,0,15,34.438351
-14,13,3,19.339080
1,22,7,23.108440
10,17,15,24.779023
16,-34,6,38.052595
26,-14,16,33.585711
-7,34,7,35.411862
-13,2,-7,14.899664
1,-20,15,25.019992
-32,28,-38,57.026310
-21,22,31,43.428102
-10,-19,-25,32.954514
-44,-34,-44,70.908392
-11,9,-4,14.764823
-24,-7,9,26.570661
4,16,-10,19.287302
-23,3,16,28.178006
-20,-7,43,47.937459
3,17,12,21.023796
38,-6,16,41.665333
-5,6,-9,11.916375
37,7,-2,37.709415
24,-16,30,41.617304
3,8,1,8.602325
15,22,11,28.809721
-18,12,-12,24.738634
-23,-20,-3,30.626786
-4,6,8,10.770330
22,-24,18,37.202150
-61,-7,10,62.209324
26,1,29,38.961519
15,-5,6,16.911535
-28,31,5,42.071368
5,9,-6,11.916375
2,-30,-2,30.133038
21,9,-16,27.892651
-14,-25,1,28.670542
-22,13,7,26.495283
-3,11,10,15.165751
-44,22,0,49.193496
-4,5,-3,7.071068
8,-9,11,16.309506
16,-6,18,24.819347
7,3,24,25.179357
0,8,-24,25.298221
-1,22,9,23.790755
25,16,11,31.654384
15,-24,21,35.242020
10,11,17,22.583180
19,-5,0,19.646883
8,6,46,47.074409
-3,-1,24,24.207437
20,24,-22,38.209946
36,-21,11,43.104524
12,31,15,36.469165
-10,-10,4,14.696938
1,-17,6,18.055470
-12,-34,-40,53.851648
0,-16,12,20.000000
-6,-1,-7,9.273618
-21,-8,-25,33.615473
55,21,-26,64.358372
-9,-14,-39,42.402830
-12,24,12,29.393877
-8,-7,-17,20.049938
-4,-17,3,17.720045
11,4,-5,12.727922
-17,-1,-18,24.779023
-30,33,-5,44.877611
-26,12,-6,29.257478
2,-8,16,18.000000
-42,-14,-12,45.869380
16,0,2,16.124515
-7,-4,-5,9.486833
3,15,-10,18.275667
-1,-19,8,20.639767
-2,-6,-2,6.633250
4,-27,-15,31.144823
-4,1,-9,9.899495
37,14,-7,40.174619
-4,12,6,14.000000
20,40,12,46.303348
0,38,14,40.496913
9,-3,24,25.806976
18,10,20,28.705400
-37,11,0,38.600518
11,21,24,33.734256
11,20,-1,22.847319
7,8,-3,11.045361
36,-13,-41,56.089215
16,-15,29,36.359318
-10,11,-3,15.165751
17,-26,-13,33.674916
29,-30,-27,49.699095
25,13,8,29.291637
19,8,7,21.771541
-38,-6,-18,42.473521
-32,-1,1,32.031235
12,-30,16,36.055513
16,-15,15,26.570661
-19,3,26,32.341923
-7,20,17,27.166155
-8,9,11,16.309506
-6,22,34,40.938979
-3,8,13,15.556349
21,44,-1,48.764741
11,-8,17,21.771541
16,-30,-22,40.496913
-2,11,7,13.190906
-16,-12,6,20.880613
-2,1,-17,17.146428
-10,-5,-33,34.842503
-5,0,-11,12.083046
7,-10,13,17.832555
-3,28,29,40.422766
33,-9,-8,35.128336
27,-11,-14,32.341923
-22,12,-18,30.854497
-17,-7,10,20.928450
-11,7,14,19.131126
16,-8,-12,21.540659
6,-1,-7,9.273618
-11,26,-13,31.080541
-2,-11,27,29.223278
-1,-31,2,31.080541
2,15,-21,25.884358
13,-32,23,41.496988
3,-16,9,18.601075
30,4,2,30.331502
27,-8,-7,29.017236
-18,-3,-17,24.939928
32,1,-1,32.031235
-18,18,10,27.349589
-1,-19,-2,19.131126
45,-23,16,53.009433
3,4,21,21.587033
11,-6,-11,16.673332
-41,-2,-3,41.158231
-17,-33,20,42.166337
-2,-14,-12,18.547237
1,3,16,16.309506
-31,7,16,35.580894
12,-14,4,18.867962
-5,-4,17,18.165902
4,-23,-19,30.099834
-31,-26,1,40.472213
5,-1,-4,6.480741
13,-32,3,34.669872
-10,-8,-6,14.142136
9,13,12,19.849433
-19,10,9,23.280893
-11,-33,-2,34.842503
-37,4,5,37.549967
1,13,12,17.720045
-13,38,1,40.174619
-3,-8,-5,9.899495
-18,-1,-31,35.860842
20,5,23,30.886890
-19,-2,5,19.748418
-1,-4,-1,4.242641
-3,-15,-18,23.622024
5,-11,2,12.247449
-8,21,7,23.537205
-13,22,-7,26.495283
38,15,-5,41.158231
-31,3,-20,37.013511
29,-2,7,29.899833
44,-8,12,46.303348
13,-11,-18,24.779023
24,26,14,38.052595
27,3,8,28.319605
-6,-9,-5,11.916375
-2,8,-2,8.485281
-43,9,14,46.108568
-4,-13,-15,20.248457
3,-12,23,26.115130
28,-2,2,28.142495
2,28,0,28.071338
-28,-18,-26,42.237424
-12,4,22,25.377155
14,12,-12,22.000000
-2,31,-27,41.158231
8,2,-8,11.489125
20,-16,20,32.496154
14,-13,-3,19.339080
2,0,16,16.124515
-17,22,-31,41.641326
-11,-4,-11,16.062378
-5,9,-8,13.038405
6,29,-25,38.755645
-7,-6,9,12.884099
-6,23,-5,24.289916
2,26,6,26.758176
-22,11,11,26.944387
-7,14,15,21.679483
-1,-15,-6,16.186414
-40,21,-45,63.765194
10,-3,-7,12.569805
8,-2,0,8.246211
48,-29,45,71.902712
-10,-5,-11,15.684387
-16,5,1,16.792856
-18,-4,14,23.151674
-10,-21,13,26.645825
-28,-18,6,33.823069
-16,-3,-27,31.527766
-23,41,12,48.518038
20,-12,6,24.083189
7,17,2,18.493242
1,-3,20,20.248457
3,-11,-4,12.083046
14,1,-7,15.684387
26,53,11,60.049979
13,-17,14,25.573424
-21,18,-7,28.530685
-36,3,3,36.249138
-21,-17,22,34.842503
29,32,-9,44.113490
7,-5,-10,13.190906
5,-3,-20,20.832667
1,-33,-32,45.978256
36,5,-35,50.457903
17,3,12,21.023796
2,-13,25,28.248894
31,2,57,64.915329
27,20,19,38.600518
0,-18,26,31.622777
1,10,-17,19.748418
-11,-10,-7,16.431677
-17,-4,-3,17.720045
11,5,-4,12.727922
-35,12,-35,50.931326
-15,12,-13,23.194827
-17,-4,43,46.411206
4,-5,-27,27.748874
-6,-3,15,16.431677
11,10,-9,17.378147
-9,-29,4,30.626786
32,-9,-23,40.422766
-7,-10,39,40.865633
-5,-1,-8,9.486833
0,23,3,23.194827
16,-15,-17,27.748874
-9,-14,15,22.405357
17,-6,-33,37.603191
-8,-16,-14,22.715633
-11,-21,10,25.729361
-11,15,20,27.313001
-2,1,29,29.086079
0,4,32,32.249031
-15,54,-15,58.017239
-16,3,-1,16.309506
20,12,-32,39.597980
-14,29,-7,32.954514
6,-3,21,22.045408
16,3,-19,25.019992
-14,21,-13,28.390139
10,-2,8,12.961481
-47,47,-26,71.372264
-8,1,29,30.099834
6,-15,-19,24.939928
19,-61,22,67.572184
-48,-15,-1,50.299105
18,9,11,22.934690
-14,22,0,26.076810
-32,-45,27,61.465437
13,7,-10,17.832555
-6,2,-12,13.564660
0,31,-7,31.780497
-35,13,-8,38.183766
-10,-2,36,37.416574
-17,9,-34,39.064050
-18,12,20,29.461840
19,11,-22,31.080541
3,-47,0,47.095647
15,-10,19,26.191602
14,0,-18,22.803509
24,-6,8,26.000000
-7,8,19,21.771541
2,2,28,28.142495
-12,4,10,16.124515
14,-42,-12,45.869380
45,57,-4,72.732386
12,6,-4,14.000000
-23,-1,22,31.843367
-11,-2,-13,17.146428
1,16,9,18.384776
-20,40,22,49.839743
9,1,-14,16.673332
-33,1,-8,33.970576
-5,12,-17,21.400935
-6,-19,-25,31.968735
20,-9,-5,22.494444
38,-41,-15,57.879185
-12,-35,1,37.013511
-12,43,5,44.922155
-38,12,34,52.383203
-10,2,-24,26.076810
-7,-5,14,16.431677
-8,-27,-29,40.422766
33,5,0,33.376639
-20,-15,11,27.313001
21,1,-16,26.419690
17,41,20,48.682646
3,-22,-17,27.964263
12,-1,25,27.748874
-38,-8,4,39.038443
44,-18,36,59.632206
10,9,13,18.708287
25,-18,-5,31.208973
-16,-11,-7,20.639767
-41,26,-37,61.040970
-5,-4,-17,18.165902
-23,-19,30,42.308392
18,13,17,27.964263
9,-37,34,51.048996
-13,-4,7,15.297059
13,26,13,31.843367
32,10,-22,40.099875
-17,-21,-6,27.676705
-21,-3,28,35.128336
9,20,-19,29.017236
-30,24,-28,47.539457
-2,-2,-6,6.633250
14,-34,-20,41.856899
-22,-15,-3,26.795522
9,26,11,29.631065
2,-4,-6,7.483315
57,13,-22,62.465991
11,34,-21,41.448764
13,26,-23,37.067506
41,-17,42,61.106464
26,-30,-6,40.149720
-12,-4,8,14.966630
-17,-2,23,28.670542
-21,33,12,40.914545
19,2,3,19.339080
3,-10,9,13.784049
7,5,-14,16.431677
-17,-12,-21,29.563491
7,-9,-16,19.646883
48,-14,-28,57.306195
-35,6,25,43.428102
-9,-8,11,16.309506
3,-15,-20,25.179357
16,14,4,21.633308
-25,4,9,26.870058
31,20,5,37.229021
10,-27,-43,51.749396
11,13,20,26.267851
-5,-20,-29,35.580894
-6,-20,-22,30.331502
-17,-4,-9,19.646883
3,-19,-8,20.832667
-6,-24,18,30.594117
10,22,-36,43.358967
1,-3,-22,22.226111
-17,-16,-23,32.771939
34,-7,-15,37.815341
-7,10,3,12.569805
0,0,-4,4.000000
11,-14,3,18.055470
17,-2,-9,19.339080
6,4,24,25.059928
-17,19,10,27.386128
16,-11,-17,25.806976
-47,-13,-6,49.132474
20,-39,11,45.188494
4,-33,5,33.615473
4,2,14,14.696938
-3,-1,6,6.782330
29,-4,-5,29.698485
5,27,0,27.459060
5,13,-4,14.491377
-1,-4,-39,39.217343
-37,41,-12,56.515485
4,-28,28,39.799497
-3,-13,-16,20.832667
-9,11,4,14.764823
11,-10,-5,15.684387
26,-12,0,28.635642
-15,-8,25,30.232433
18,-25,-11,32.710854
11,-21,-4,24.041631
-20,2,6,20.976177
-8,13,5,16.062378
43,-10,33,55.118055
-11,-16,1,19.442222
12,37,13,41.012193
29,10,11,32.588341
-4,19,-7,20.639767
26,6,10,28.495614
-19,3,-2,19.339080
23,-28,1,36.249138
29,0,15,32.649655
-25,-32,-5,40.914545
-7,2,-1,7.348469
-28,0,42,50.477718
-16,-8,12,21.540659
13,23,-4,26.720778
0,-6,-24,24.738634
-1,0,-11,11.045361
29,43,-28,58.940648
-28,4,-22,35.832946
-14,-18,14,26.758176
4,38,0,38.209946
-31,-30,23,48.887626
-2,11,-19,22.045408
35,15,14,40.570926
-12,6,10,16.733201
13,27,-8,31.016125
6,-45,1,45.409250
-15,3,14,20.736441
-11,7,2,13.190906
-22,23,-5,32.218007
18,10,14,24.899799
-2,1,-5,5.477226
-11,18,-47,51.516987
13,-29,8,32.771939
-6,-1,-5,7.874008
4,-12,26,28.913665
10,-21,13,26.645825
9,-27,16,32.649655
-3,3,16,16.552945
13,14,1,19.131126
16,-14,4,21.633308
30,25,9,40.074930
8,-10,-30,32.619013
17,5,14,22.583180
-5,38,21,43.703547
-25,-27,10,38.131352
-11,-29,-16,34.899857
8,6,-34,35.440090
4,5,-7,9.486833
6,-17,-19,26.191602
3,-10,-17,19.949937
-10,-4,-56,57.026310
29,18,-7,34.842503
8,-23,-25,34.899857
-17,-6,-27,32.465366
17,19,-22,33.674916
-16,-4,-24,29.120440
-4,-6,26,26.981475
-9,-26,-31,41.448764
6,-34,16,38.052595
14,-14,6,20.688161
12,7,-39,41.400483
-5,-9,-20,22.494444
-20,-16,0,25.612497
-12,9,5,15.811388
12,5,1,13.038405
9,-29,-12,32.649655
-3,-43,-8,43.840620
-1,-15,18,23.452079
10,32,-10,34.985711
-46,-23,3,51.516987
2,-7,23,24.124676
-20,-19,5,28.035692
-12,-9,19,24.207437
-17,11,0,20.248457
-22,-28,-18,39.899875
17,-20,3,26.419690
-5,12,-11,17.029386
-24,19,-13,33.256578
-29,-5,-4,29.698485
-6,-7,5,10.488088
1,-15,-6,16.186414
20,15,7,25.961510
9,-10,13,18.708287
-3,2,13,13.490738
-13,-9,-30,33.911650
29,-12,-21,37.762415
-44,-38,-20,61.481705
16,-9,15,23.706539
15,-24,-9,29.698485
13,-5,22,26.038433
36,27,-5,45.276926
-23,3,-32,39.522146
-2,9,-7,11.575837
-30,9,29,42.684892
-14,5,19,24.124676
10,-24,20,32.802439
-2,2,-2,3.464102
-6,7,-1,9.273618
-2,3,17,17.378147
-24,15,-1,28.319605
9,8,-1,12.083046
0,-10,4,10.770330
5,17,-26,31.464265
-20,15,-7,25.961510
-6,-14,-26,30.133038
20,0,-2,20.099751
-17,-8,21,28.178006
25,10,-11,29.086079
-27,25,-24,43.931765
-1,-19,-16,24.859606
-45,-22,-19,53.572381
4,44,26,51.264022
7,-60,5,60.613530
17,-1,8,18.814888
-24,17,9,30.757113
-27,1,-18,32.465366
-5,-14,-5,15.684387
10,-4,36,37.576588
-9,-9,24,27.166155
-19,-19,18,32.341923
25,3,24,34.785054
-5,17,-14,22.583180
2,-17,-11,20.346990
-29,-16,-5,33.496268
-26,-26,26,45.033321
3,-20,19,27.748874
-11,-15,10,21.118712
25,-4,25,35.580894
-10,-9,-3,13.784049
12,-3,-11,16.552945
4,0,-8,8.944272
-4,-19,-7,20.639767
-3,-5,6,8.366600
-11,14,1,17.832555
11,5,2,12.247449
-19,-35,-34,52.364110
3,8,1,8.602325
2,-9,-15,17.606817
-8,-36,0,36.878178
34,0,2,34.058773
11,-26,-13,31.080541
-32,-31,-7,45.099889
-4,-20,-8,21.908902
-18,-5,-9,20.736441
-25,-21,-2,32.710854
3,38,-7,38.755645
10,-1,-5,11.224972
-37,15,-2,39.974992
9,8,5,13.038405
28,3,-13,31.016125
1,40,9,41.012193
24,-21,-31,44.474712
-11,-18,-17,27.092434
9,1,2,9.273618
9,-22,-13,27.092434
11,13,-2,17.146428
-11,2,-13,17.146428
18,11,13,24.779023
-14,3,19,23.790755
6,-13,-25,28.809721
-1,-13,-6,14.352700
3,-12,-19,22.671568
25,8,-37,45.365185
17,-20,15,30.232433
10,5,-1,11.224972
15,20,1,25.019992
6,23,-23,33.075671
5,44,-11,45.628938
-5,-27,-10,29.223278
13,-45,-4,47.010637
-10,-24,-18,31.622777
30,-8,-4,31.304952
-4,-32,14,35.156792
22,11,-29,38.026307
-10,-2,-2,10.392305
-46,-12,34,58.446557
34,-15,-25,44.788391
1,-20,7,21.213203
-32,1,-11,33.852622
21,-9,24,33.136083
-8,5,-9,13.038405
-21,1,16,26.419690
-11,23,-24,35.014283
27,6,11,29.765752
8,6,-22,24.166092
4,-6,10,12.328828
-15,4,-17,23.021729
7,-21,-10,24.289916
-10,-2,-30,31.685959
-23,23,0,32.526912
-4,41,11,42.638011
-27,-20,5,33.970576
13,-31,18,38.131352
31,17,-14,38.026307
-25,-12,1,27.748874
21,-17,-24,36.138622
22,13,31,40.174619
0,-30,2,30.066593
-14,-12,22,28.705400
-34,13,-3,36.523965
-28,-11,19,35.580894
10,-14,4,17.663522
-35,-27,16,47.010637
6,-6,-40,40.890097
16,11,19,27.166155
1,-27,-2,27.092434
37,-12,1,38.910153
24,-3,-1,24.207437
37,-11,28,47.686476
27,-3,-26,37.603191
-4,-5,29,29.698485
15,-3,-4,15.811388
-2,-31,-3,31.208973
9,23,64,68.600292
-10,13,-17,23.622024
13,16,-13,24.372115
24,-5,17,29.832868
0,15,-9,17.492856
19,-21,32,42.731721
-3,-16,-3,16.552945
10,-12,-4,16.124515
32,-3,19,37.336309
6,29,-9,30.951575
13,9,-16,22.494444
-12,13,-9,19.849433
-7,-18,-31,36.523965
20,35,11,41.785165
17,-16,-9,25.019992
21,18,1,27.676705
8,-11,7,15.297059
-26,-33,3,42.118879
5,-5,-28,28.879058
-11,1,14,17.832555
-16,23,-9,29.427878
-3,4,-5,7.071068
-13,5,32,34.899857
-15,3,-10,18.275667
-28,-9,-5,29.832868
-22,31,-9,39.064050
11,-17,-2,20.346990
-3,4,17,17.720045
-32,12,-30,45.475268
3,4,-9,10.295630
38,7,-23,44.966654
27,12,-21,36.249138
-3,4,-9,10.295630
0,-8,-8,11.313708
5,-20,-25,32.403703
10,31,-39,50.813384
11,19,-10,24.124676
8,9,21,24.207437
32,11,-21,39.824616
25,-18,-7,31.591138
-7,-3,-6,9.695360
7,-3,2,7.874008
-12,-9,17,22.671568
-23,26,-17,38.652296
-33,5,2,33.436507
-12,-17,11,23.537205
-15,4,-23,27.748874
1,15,-24,28.319605
-13,-18,-23,31.968735
29,0,-21,35.805028
11,-9,-6,15.427249
17,7,-6,19.339080
-3,-19,-6,20.149442
-5,3,-18,18.920888
21,1,-32,38.288379
-40,-17,-39,58.395205
22,-31,15,40.865633
4,50,-2,50.199602
3,19,-12,22.671568
-13,28,5,31.272992
16,8,4,18.330303
9,17,-20,27.748874
-2,-11,23,25.573424
1,21,-18,27.676705
5,6,25,26.191602
1,0,-11,11.045361
-9,-5,42,43.243497
-16,1,-27,31.400637
2,16,14,21.354157
9,-4,7,12.083046
6,-7,25,26.645825
-21,25,-6,33.196385
23,10,21,32.710854
-30,7,7,31.591138
32,-4,-40,51.380930
-25,-13,8,29.291637
19,14,11,26.038433
21,3,4,21.587033
26,-25,3,36.193922
18,11,-21,29.765752
-12,12,10,19.697716
6,-7,-11,14.352700
-14,-32,-12,36.932371
-36,-12,16,41.182521
-2,-27,-3,27.239677
-2,6,8,10.198039
-15,-8,9,19.235384
28,-11,-25,39.115214
19,-14,-1,23.622024
6,13,-3,14.628739
-12,-31,5,33.615473
-27,24,11,37.762415
7,15,-6,17.606817
25,-1,22,33.316662
-8,8,32,33.941125
13,18,25,33.436507
16,15,-19,29.017236
12,-7,1,13.928388
0,11,15,18.601075
-20,-14,-4,24.738634
4,5,-51,51.400389
-32,9,-5,33.615473
21,19,8,29.427878
-17,-7,14,23.108440
-14,1,-15,20.542639
19,-4,-13,23.366643
0,-18,-4,18.439089
4,-21,-7,22.494444
-11,-17,-4,20.639767
-21,-9,-4,23.194827
0,-1,-11,11.045361
3,12,-33,35.242020
4,24,-8,25.612497
16,31,-27,44.113490
-2,-10,-6,11.832160
-15,20,-47,53.235327
29,10,21,37.175261
20,-21,-3,29.154759
-29,-32,31,53.160135
15,-6,25,29.765752
-32,24,-10,41.231056
-16,6,-8,18.867962
-5,35,-10,36.742346
20,17,-5,26.720778
-30,-5,5,30.822070
-8,1,-9,12.083046
10,-5,45,46.368092
12,-37,-9,39.924930
-17,15,-26,34.496377
-11,23,-4,25.806976
32,-7,-29,43.749286
-24,23,11,35.014283
-18,13,1,22.226111
8,28,-2,29.189039
3,3,18,18.493242
-1,-5,0,5.099020
26,-44,10,52.076866
20,-14,2,24.494897
3,15,10,18.275667
41,-3,-2,41.158231
-15,-23,18,32.832910
33,-30,-5,44.877611
12,11,7,17.720045
4,-8,24,25.612497
-21,0,3,21.213203
-21,25,20,38.288379
20,-12,-22,32.062439
20,-17,11,28.460499
7,-23,2,24.124676
-18,28,-10,34.756294
-11,8,-15,20.248457
-17,1,10,19.748418
6,-3,-17,18.275667
18,-13,9,23.958297
16,-1,3,16.309506
-4,5,-29,29.698485
2,20,-6,20.976177
9,8,15,19.235384
31,12,-13,35.693137
17,-8,-19,26.720778
-13,-19,30,37.815341
-19,3,6,20.149442
1,-46,15,48.394215
11,-24,-45,52.172790
-7,29,24,38.288379
14,13,-11,22.045408
16,-36,18,43.312816
10,-20,8,23.748684
-22,-24,-24,40.447497
8,15,-7,18.384776
-6,33,-7,34.263683
11,-8,-13,18.814888
17,38,17,44.966654
-1,-6,9,10.862780
-10,1,3,10.488088
7,-32,-21,38.910153
8,-18,16,25.377155
22,-17,-9,29.223278
6,25,7,26.645825
-16,17,-1,23.366643
7,29,-26,39.572718
35,35,-2,49.537864
1,4,21,21.400935
-7,-20,-35,40.914545
-4,-31,19,36.578682
-8,0,8,11.313708
12,6,-14,19.390719
-11,20,-17,28.460499
-7,27,-40,48.764741
4,-40,4,40.398020
8,58,8,59.093147
10,-1,-1,10.099505
-6,-12,-2,13.564660
-8,8,-4,12.000000
-15,-24,-21,35.242020
-4,18,0,18.439089
-11,3,14,18.055470
-24,-26,-6,35.888717
-21,-11,18,29.765752
-22,13,9,27.092434
14,7,39,42.023803
-6,-4,-4,8.246211
-10,17,19,27.386128
10,-21,-15,27.676705
14,-7,-21,26.191602
28,-6,4,28.913665
17,21,14,30.430248
-21,-15,40,47.602521
-3,6,-9,11.224972
-9,34,-19,39.974992
2,10,26,27.928480
1,9,2,9.273618
20,-17,-17,31.272992
-27,19,16,36.687873
4,0,32,32.249031
-2,-7,17,18.493242
-3,-10,-43,44.249294
1,9,-28,29.427878
25,-38,5,45.760245
19,19,62,67.572184
-3,18,-5,18.920888
23,18,-15,32.832910
-7,-22,-7,24.124676
-8,30,-12,33.286634
11,-4,7,13.638182
3,-21,6,22.045408
1,-1,22,22.045408
19,22,3,29.223278
26,-14,-2,29.597297
35,-7,8,36.578682
23,-3,16,28.178006
-20,-5,-3,20.832667
-22,-39,-9,45.672749
-32,-11,21,39.824616
-26,-10,22,35.496479
-9,-9,-6,14.071247
-8,2,-18,19.798990
-31,-4,-7,32.031235
10,14,18,24.899799
-8,9,13,17.720045
8,11,9,16.309506
-1,-2,-9,9.273618
15,-5,-16,22.494444
-10,-19,9,23.280893
7,-27,10,29.631065
-17,16,1,23.366643
-35,-7,26,44.158804
-19,8,-19,28.035692
-1,-31,-14,34.029399
2,-1,-19,19.131126
1,-20,1,20.049938
6,14,-6,16.370706
0,-5,27,27.459060
-22,-5,11,25.099801
9,17,-30,35.637059
29,13,16,35.580894
18,-22,-18,33.645208
5,5,-32,32.771939
-15,11,-4,19.026298
-7,51,4,51.633323
12,-1,-3,12.409674
-3,21,30,36.742346
4,-21,19,28.600699
19,27,8,33.970576
-25,-26,-23,42.778499
1,10,9,13.490738
-24,33,15,43.474130
11,-24,-17,31.400637
-8,-5,-17,19.442222
2,-21,-19,28.390139
5,11,-4,12.727922
-18,-20,10,28.705400
-4,-29,-1,29.291637
-7,0,-9,11.401754
4,22,4,22.715633
45,15,-10,48.476799
24,21,-39,50.378567
-36,-8,-36,51.536395
-16,46,-12,50.159745
-25,28,-9,38.600518
-4,-11,9,14.764823
-1,-9,2,9.273618
-30,-8,-28,41.809090
-5,-21,6,22.405357
-5,1,26,26.495283
-19,-12,-11,25.019992
3,-17,-4,17.720045
-19,-11,6,22.759613
-20,3,-5,20.832667
-7,8,-15,18.384776
0,-33,13,35.468296
-5,27,34,43.703547
21,6,-35,41.255303
-12,-13,35,39.217343
-12,-5,-21,24.698178
-40,-8,-6,41.231056
-19,-5,-6,20.542639
-28,-25,17,41.206796
17,-23,8,29.698485
-30,-25,-3,39.166312
-7,-37,24,44.654227
6,13,-9,16.911535
-16,6,0,17.088007
-17,-16,-17,28.879058
-17,18,-31,39.673669
-8,-12,4,14.966630
-7,-30,1,30.822070
-41,8,27,49.739320
0,-18,-8,19.697716
65,16,9,67.542579
-21,-36,3,41.785165
-7,3,0,7.615773
-17,-6,-27,32.465366
-24,-10,52,58.137767
-5,-5,0,7.071068
17,-1,6,18.055470
-10,-14,12,20.976177
26,-27,-1,37.496667
1,10,-43,44.158804
4,16,-8,18.330303
10,8,22,25.455844
0,5,-5,7.071068
5,0,5,7.071068
26,-20,14,35.665109
0,14,24,27.784888
-2,-20,28,34.467376
16,26,-8,31.559468
-4,10,-12,16.124515
11,9,0,14.212670
-6,8,-26,27.856777
-14,-3,3,14.628739
14,38,-18,44.317040
18,-32,0,36.715120
10,14,-8,18.973666
12,-16,8,21.540659
24,-19,15,34.088121
1,14,7,15.684387
34,-3,5,34.496377
-16,-8,-16,24.000000
12,-17,-13,24.535688
-6,-32,-18,37.202150
-31,-5,10,32.954514
36,15,-19,43.382024
17,-4,-11,20.639767
-9,-10,-23,26.645825
-23,39,-22,50.338852
4,21,-5,21.954498
10,-8,-2,12.961481
-12,-29,31,44.113490
19,21,14,31.591138
16,23,13,30.886890
-12,4,-18,22.000000
21,-2,37,42.591079
22,-25,5,33.674916
-29,-22,27,45.321077
-9,3,18,20.346990
3,27,10,28.948230
-23,43,-8,49.416596
18,-14,2,22.891046
-38,-18,2,42.095130
1,32,-9,33.256578
-8,-4,4,9.797959
-11,-4,13,17.492856
27,-31,12,42.825226
-16,14,6,22.090722
5,-16,3,17.029386
-12,4,-6,14.000000
-1,18,-3,18.275667
1,-10,11,14.899664
22,24,-26,41.665333
10,-18,8,22.090722
-8,-21,27,35.128336
-4,-1,1,4.242641
13,6,31,34.146742
26,-26,-32,48.744230
-15,14,7,21.679483
8,16,-26,31.559468
6,2,46,46.432747
10,-22,10,26.153394
-4,-12,-2,12.806248
14,-2,-34,36.823905
14,-7,-13,20.346990
-8,-17,-7,20.049938
-16,-14,26,33.585711
-25,-31,4,40.024992
-1,5,22,22.583180
31,30,-13,45.055521
5,33,10,34.842503
7,-8,-9,13.928388
21,-21,36,46.669048
-55,37,0,66.287254
5,-4,-11,12.727922
7,14,9,18.055470
-28,-14,-18,36.110940
1,34,-33,47.391982
12,-23,15,29.966648
3,-23,24,33.376639
-17,-14,1,22.045408
-5,4,19,20.049938
-18,0,-6,18.973666
53,-26,15,60.909769
-3,5,6,8.366600
27,-23,18,39.774364
-11,17,-8,21.771541
26,-2,4,26.381812
31,10,13,35.071356
17,-20,-25,36.249138
-31,-5,-32,44.833024
3,18,-35,39.471509
7,-14,-37,40.174619
-7,8,-1,10.677078
14,12,8,20.099751
36,10,2,37.416574
-18,-8,0,19.697716
-14,4,2,14.696938
7,0,-3,7.615773
30,14,-2,33.166248
6,-5,1,7.874008
-3,19,2,19.339080
-13,-16,21,29.427878
35,14,5,38.026307
-3,2,31,31.208973
6,-32,-6,33.105891
6,25,-9,27.239677
36,-12,-10,39.242834
-9,-39,-18,43.886217
-26,-21,35,48.394215
-15,2,19,24.289916
-38,4,22,44.090815
7,1,-6,9.273618
-14,-2,-34,36.823905
-16,-17,-1,23.366643
-4,2,-18,18.547237
6,20,-4,21.260292
7,43,0,43.566042
9,37,-38,53.795911
-30,-53,27,66.618316
-2,5,-15,15.937377
-16,-15,9,23.706539
-7,-11,-12,17.720045
-15,36,39,55.154329
12,-25,-3,27.892651
-14,8,4,16.613248
-8,-7,-9,13.928388
-16,5,-1,16.792856
-8,-17,-13,22.847319
-16,-3,21,26.570661
28,16,-4,32.496154
-21,5,16,26.870058
3,2,-1,3.741657
-5,-9,-2,10.488088
12,2,6,13.564660
-11,4,25,27.604347
-44,5,-23,49.899900
19,-5,16,25.337719
-20,-17,-25,36.249138
14,0,20,24.413111
-24,7,-7,25.961510
11,-11,-2,15.684387
1,21,2,21.118712
14,-13,-19,26.944387
0,16,-12,20.000000
28,4,-22,35.832946
-16,-18,-10,26.076810
17,-5,4,18.165902
12,-13,1,17.720045
-40,5,-15,43.011626
3,22,-19,29.223278
44,24,8,50.754310
-8,-17,7,20.049938
2,15,21,25.884358
28,4,22,35.832946
5,28,3,28.600699
8,15,-9,19.235384
7,7,4,10.677078
10,4,18,20.976177
10,22,12,26.981475
34,-23,-25,48.062459
-36,-12,24,44.899889
5,23,0,23.537205
-2,13,1,13.190906
21,33,12,40.914545
-13,-5,-18,22.759613
3,-31,-24,39.319207
5,4,7,9.486833
-4,4,34,34.467376
7,12,3,14.212670
-15,8,-13,21.400935
-2,-20,6,20.976177
-13,-11,2,17.146428
2,9,-33,34.263683
-19,4,-9,21.400935
20,15,9,26.570661
-11,16,-11,22.315914
12,11,13,20.832667
-13,8,11,18.814888
-18,1,11,21.118712
-18,-2,-22,28.495614
0,18,2,18.110770
8,-14,-4,16.613248
-31,2,-7,31.843367
17,-21,10,28.809721
0,35,-1,35.014283
-41,18,-31,54.460995
4,15,15,21.587033
-12,-14,-8,20.099751
12,3,-19,22.671568
-29,11,-8,32.031235
-3,-24,11,26.570661
17,-18,9,26.343880
-29,-10,9,31.968735
-35,-1,22,41.352146
1,-14,-17,22.045408
11,10,-9,17.378147
-23,0,-17,28.600699
-49,-5,22,53.944416
-5,7,26,27.386128
-2,56,-6,56.356011
32,41,1,52.019227
13,11,-20,26.267851
9,3,18,20.346990
-21,-14,-7,26.191602
19,-10,-19,28.670542
-6,-11,-1,12.569805
16,-3,-5,17.029386
10,-3,-21,23.452079
18,-4,20,27.202941
12,11,-15,22.135944
21,-11,10,25.729361
3,17,6,18.275667
-22,-25,7,34.029399
-3,6,3,7.348469
-8,29,17,34.554305
-22,-45,3,50.179677
-13,23,22,34.380227
-5,-15,30,33.911650
-12,13,-29,33.970576
-50,-32,4,59.497899
16,-4,24,29.120440
19,-36,-1,40.718546
18,-22,-8,29.529646
4,-22,30,37.416574
11,29,8,32.031235
3,-12,-39,40.914545
10,-28,8,30.789609
-15,1,-12,19.235384
22,36,-28,50.635956
-26,-20,0,32.802439
3,-19,20,27.748874
-31,-13,0,33.615473
-10,22,-26,35.496479
44,-7,11,45.891176
6,-25,7,26.645825
23,-12,-9,27.459060
-9,40,-13,43.011626
31,11,-4,33.136083
-30,9,25,40.074930
-24,11,-9,27.892651
-4,35,-3,35.355339
22,2,-2,22.181073
-13,17,-26,33.674916
19,4,-1,19.442222
9,-58,5,58.906706
-8,-6,0,10.000000
9,-7,0,11.401754
11,20,-3,23.021729
12,6,-10,16.733201
1,-16,5,16.792856
9,3,4,10.295630
-6,-20,8,22.360680
38,-41,17,58.429445
-23,7,-34,41.641326
25,-10,37,45.760245
-21,-10,17,28.809721
-8,6,-2,10.198039
0,-4,0,4.000000
21,20,7,29.832868
15,24,27,39.115214
5,22,-13,26.038433
-7,-13,-12,19.026298
12,-11,-15,22.135944
13,3,-18,22.405357
-29,-1,-8,30.099834
14,0,-4,14.560220
5,0,-25,25.495098
-10,7,-1,12.247449
-15,14,-7,21.679483
-3,-14,3,14.628739
0,6,14,15.231546
3,-20,-5,20.832667
28,23,17,40.024992
-5,50,-15,52.440442
4,-9,13,16.309506
18,4,66,68.527367
-5,-5,16,17.492856
-3,-16,15,22.135944
-9,-28,-5,29.832868
6,29,23,37.496667
-9,32,-1,33.256578
-9,-19,-8,22.494444
25,3,34,42.308392
16,4,-22,27.495454
2,13,-5,14.071247
22,-8,-4,23.748684
-1,-27,-2,27.092434
-11,-25,-2,27.386128
1,38,-13,40.174619
4,-4,-10,11.489125
2,-19,-3,19.339080
-10,-4,-2,10.954451
-52,-22,-34,65.909028
-46,-6,0,46.389654
-24,-9,-13,28.740216
1,4,3,5.099020
2,22,-2,22.181073
-6,-7,5,10.488088
28,25,21,43.011626
-32,31,-49,66.226883
40,18,14,46.043458
16,-4,0,16.492423
1,-4,-3,5.099020
20,11,-9,24.535688
14,-15,5,21.118712
-8,-11,-9,16.309506
33,-21,-6,39.572718
-4,-20,42,46.690470
10,-12,2,15.748016
-9,-22,1,23.790755
9,29,-36,47.095647
4,8,16,18.330303
-16,7,25,30.495901
11,-10,1,14.899664
5,3,-4,7.071068
6,-6,-16,18.110770
-4,-3,17,17.720045
-13,-7,8,16.792856
-8,1,3,8.602325
3,19,-14,23.790755
-36,7,3,36.796739
0,8,22,23.409400
10,14,-4,17.663522
16,-6,-26,31.112698
-37,-14,19,43.886217
18,24,-24,38.418745
27,-25,-12,38.704005
16,0,8,17.888544
-6,-3,-7,9.695360
24,-3,23,33.376639
38,-8,-16,42.000000
38,-20,-16,45.825757
-6,-17,-1,18.055470
-22,7,-7,24.124676
10,12,6,16.733201
21,-7,10,24.289916
21,-14,-9,26.795522
-2,-24,-16,28.913665
17,-28,9,33.970576
-7,-13,16,21.771541
-10,-30,-16,35.440090
-14,13,-13,23.108440
-16,-21,-3,26.570661
5,7,24,25.495098
-15,26,-11,31.968735
0,-8,-6,10.000000
0,32,-2,32.062439
-10,-7,23,26.038433
-8,4,6,10.770330
6,-3,17,18.275667
12,6,-10,16.733201
-2,-7,11,13.190906
12,19,17,28.178006
29,-15,8,33.615473
13,26,-7,29.899833
-27,1,-10,28.809721
20,-19,9,29.017236
24,15,21,35.242020
-21,-4,-7,22.494444
23,-1,24,33.256578
-21,5,-2,21.679483
3,2,-11,11.575837
-36,-11,-9,38.704005
-17,-20,5,26.720778
-3,4,9,10.295630
-18,-26,8,32.619013
-21,-29,28,45.453273
10,16,-36,40.644803
23,10,-25,35.411862
2,7,-7,10.099505
-18,25,-17,35.185224
4,12,-2,12.806248
10,7,33,35.185224
3,1,-12,12.409674
1,-16,-3,16.309506
5,-2,7,8.831761
14,-4,0,14.560220
10,9,3,13.784049
-12,-16,-12,23.323808
-15,-32,-23,42.166337
-17,-12,-23,31.016125
10,-10,-32,34.985711
-18,13,19,29.223278
4,-20,16,25.922963
10,20,-26,34.292856
24,-21,-11,33.734256
-31,16,19,39.724048
-1,-33,6,33.555923
17,-6,-21,27.676705
21,-10,-21,31.336879
-44,19,15,50.219518
-5,-21,6,22.405357
21,16,19,32.526912
-20,-8,26,33.763886
14,4,-40,42.567593
-3,-12,-7,14.212670
-2,21,17,27.092434
-20,-5,31,37.229021
2,15,-1,15.165751
16,-13,-5,21.213203
-7,8,-17,20.049938
21,-18,-3,27.820855
3,45,-6,45.497253
-3,-1,28,28.178006
-8,-2,10,12.961481
29,-5,-16,33.496268
5,-29,-2,29.495762
44,-12,16,48.332184
9,-9,10,16.186414
26,-6,20,33.346664
-29,-11,-14,34.029399
-21,33,40,55.946403
-21,16,-1,26.419690
2,-10,10,14.282857
4,10,20,22.715633
-28,19,13,36.249138
39,9,-14,42.402830
-8,-33,17,37.973675
0,-16,-8,17.888544
-12,-12,2,17.088007
31,9,10,33.793490
48,17,7,51.400389
19,15,0,24.207437
-7,5,12,14.764823
-10,6,-14,18.220867
12,3,-9,15.297059
-24,-13,13,30.232433
-11,21,6,24.454039
0,-4,8,8.944272
14,7,27,31.208973
1,12,27,29.563491
-6,8,-20,22.360680
-9,12,7,16.552945
-13,5,-10,17.146428
-42,14,18,47.791213
10,0,-8,12.806248
-24,5,27,36.469165
-4,6,-10,12.328828
-27,12,-19,35.128336
-5,15,-10,18.708287
-22,35,-17,44.698993
13,-15,16,25.495098
7,11,-22,25.573424
19,-26,-7,32.954514
17,19,-50,56.124861
10,16,38,42.426407
-23,10,39,46.368092
-2,26,-6,26.758176
7,-37,34,50.734604
-17,7,32,36.905284
3,17,-34,38.131352
-17,-20,15,30.232433
-29,-9,-68,74.471471
2,19,-3,19.339080
1,-8,-19,20.639767
-4,-30,-14,33.346664
-22,-12,14,28.705400
-5,18,5,19.339080
-1,-8,5,9.486833
-1,-27,-14,30.430248
-1,11,-2,11.224972
19,6,-1,19.949937
-19,35,18,43.703547
4,-21,15,26.115130
-25,17,18,35.185224
38,-11,-35,52.820451
-37,-7,0,37.656341
9,14,7,18.055470
-41,-8,1,41.785165
22,-19,-9,30.430248
7,-8,1,10.677078
20,-14,-14,28.142495
-7,0,-13,14.764823
-18,12,8,23.065125
-20,-21,15,32.649655
12,-38,-22,45.519227
14,-3,21,25.416530
25,-25,-2,35.411862
-26,-3,19,32.341923
-19,18,23,34.842503
-1,-5,28,28.460499
3,-9,6,11.224972
34,-3,5,34.496377
4,5,-15,16.309506
-2,16,4,16.613248
-9,6,-3,11.224972
-13,-24,19,33.256578
3,4,23,23.537205
51,9,-18,54.827001
-31,7,-24,39.824616
30,-9,11,33.196385
-4,4,-62,62.257530
-6,7,11,14.352700
-8,11,15,20.248457
6,-4,6,9.380832
-41,-18,7,45.321077
17,26,9,32.341923
7,0,7,9.899495
-4,-7,-11,13.638182
-9,29,28,41.303753
48,-1,-11,49.254441
-19,-6,-19,27.531800
-32,-8,14,35.832946
-19,32,-11,38.807216
-4,27,-21,34.438351
-8,-5,5,10.677078
25,-23,-16,37.549967
-5,8,-29,30.495901
-2,-22,-8,23.494680
-37,38,-3,53.122500
-16,-17,13,26.720778
-11,-25,-10,29.086079
3,26,11,28.390139
32,12,32,46.818800
14,6,48,50.358713
-25,-15,26,39.064050
-9,5,4,11.045361
-11,3,-6,12.884099
-21,18,-1,27.676705
-2,1,11,11.224972
8,7,-7,12.727922
-2,31,13,33.674916
-18,-4,-12,22.000000
-8,18,-16,25.377155
29,11,-22,38.026307
-17,-37,-26,48.311489
-13,13,28,33.496268
-12,1,-1,12.083046
10,-4,6,12.328828
3,3,12,12.727922
-7,-12,-27,30.364453
12,-28,18,35.383612
14,12,0,18.439089
0,-35,15,38.078866
30,17,23,41.448764
-16,30,22,40.496913
-6,-2,-20,20.976177
-5,5,24,25.019992
-22,-13,15,29.631065
22,22,2,31.176915
15,-20,3,25.179357
27,-8,-17,32.893768
-12,16,-16,25.612497
-12,-2,-2,12.328828
4,-10,10,14.696938
6,-3,-31,31.717503
6,-3,-11,12.884099
-15,-22,23,35.185224
-19,-24,-3,30.757113
-33,2,-3,33.196385
-33,11,-6,35.298725
11,0,-25,27.313001
0,8,30,31.048349
20,-4,22,30.000000
6,-39,-25,46.711883
8,-21,19,29.427878
2,8,-8,11.489125
-7,-3,12,14.212670
21,4,7,22.494444
33,-6,11,35.298725
6,-40,-2,40.496913
-3,-47,4,47.265209
9,-7,10,15.165751
-1,-15,14,20.542639
-33,-21,20,43.931765
0,-5,-21,21.587033
-9,-21,-10,24.939928
26,24,-34,49.071377
10,11,31,34.380227
-1,-10,-31,32.588341
5,3,28,28.600699
13,-31,24,41.303753
11,11,28,32.031235
3,-9,2,9.695360
29,19,-16,38.183766
-5,-27,-4,27.748874
-12,7,-11,17.720045
-19,4,1,19.442222
-9,12,7,16.552945
10,9,5,14.352700
-25,-19,-38,49.295030
20,-19,-5,28.035692
8,17,13,22.847319
-9,-22,-41,47.391982
-9,13,-6,16.911535
6,-15,-27,31.464265
23,-16,7,28.879058
19,-15,44,50.219518
-5,-25,16,30.099834
23,-31,10,39.874804
-5,-5,8,10.677078
-18,14,-32,39.293765
0,3,21,21.213203
11,21,-18,29.765752
-13,17,8,22.847319
-7,13,0,14.764823
1,20,29,35.242020
14,19,-1,23.622024
-3,-36,3,36.249138
-46,-15,-7,48.887626
32,6,-20,38.209946
-18,8,-24,31.048349
-11,-9,18,22.934690
-25,19,-18,36.193922
-12,-28,8,31.496031
-24,21,7,32.649655
-30,27,-15,43.058100
-46,5,-7,46.797436
-14,-15,-13,24.289916
10,19,-33,39.370039
-12,-19,5,23.021729
0,11,63,63.953108
27,15,14,33.911650
1,-14,19,23.622024
5,33,-8,34.322005
9,-30,-11,33.196385
-7,-3,12,14.212670
2,12,-26,28.705400
27,-43,10,51.749396
27,-18,-11,34.263683
-1,-10,15,18.055470
6,-9,1,10.862780
0,-29,9,30.364453
16,28,-6,32.802439
-17,-12,-9,22.671568
4,4,4,6.928203
-47,20,-15,53.235327
-5,-4,-19,20.049938
-11,48,9,50.059964
-22,-28,4,35.832946
9,-8,-3,12.409674
-1,-1,-36,36.027767
3,-4,-33,33.376639
26,-4,-6,26.981475
-5,23,-10,25.573424
24,-26,0,35.383612
-3,-3,-16,16.552945
-15,-6,-17,23.452079
-6,11,-31,33.436507
-15,-16,37,43.011626
-14,19,31,38.961519
16,-4,-4,16.970563
-14,-15,9,22.405357
35,-3,-18,39.471509
-17,-6,-5,18.708287
1,-5,18,18.708287
-27,28,-7,39.522146
6,9,-37,38.548671
-15,-9,-8,19.235384
-5,3,-20,20.832667
6,-6,8,11.661904
14,19,27,35.860842
-13,23,-30,39.974992
15,18,-1,23.452079
6,34,-2,34.583233
9,-12,3,15.297059
-17,-5,0,17.720045
13,20,1,23.874673
-1,6,11,12.569805
-8,-18,-14,24.166092
-9,-9,-28,30.757113
15,-20,-19,31.400637
31,37,14,50.259327
8,23,-21,32.155870
11,-1,4,11.747340
-9,-14,-41,44.249294
22,31,-3,38.131352
-6,19,11,22.759613
-5,0,15,15.811388
-4,6,2,7.483315
53,21,-26,62.657801
-12,-7,5,14.764823
-6,23,1,23.790755
-16,-20,28,37.947332
-8,-14,14,21.354157
22,4,16,27.495454
-22,11,25,35.071356
25,-32,25,47.686476
12,4,8,14.966630
-9,-7,0,11.401754
20,3,-41,45.716518
24,15,15,32.031235
-1,-39,-42,57.323643
-27,9,8,29.563491
7,3,36,36.796739
20,23,17,34.899857
9,2,-19,21.118712
11,-28,-23,37.868192
-1,2,-9,9.273618
11,19,4,22.315914
15,9,-18,25.099801
-13,15,14,24.289916
-35,30,1,46.108568
-9,12,-17,22.671568
-4,37,-19,41.785165
-3,10,1,10.488088
-21,20,-5,29.427878
-3,-1,8,8.602325
-12,7,13,19.026298
31,7,20,37.549967
14,-13,-9,21.118712
-3,32,-31,44.654227
-25,-13,-4,28.460499
2,16,8,18.000000
16,-29,5,33.496268
-27,-2,-15,30.951575
4,22,14,26.381812
1,2,-7,7.348469
12,6,-22,25.768197
-4,-16,38,41.424630
2,23,3,23.280893
-16,-2,-8,18.000000
-5,-35,24,42.731721
-13,15,-6,20.736441
22,-3,-21,30.561414
-44,12,-16,48.332184
-23,26,-33,47.895720
5,22,9,24.289916
-6,2,-36,36.551334
-1,14,-29,32.218007
-6,-4,6,9.380832
-14,26,10,31.176915
28,-2,-14,31.368774
-24,-8,12,28.000000
-17,-3,24,29.563491
29,16,-3,33.256578
5,4,7,9.486833
19,-30,3,35.637059
-12,8,28,31.496031
28,0,20,34.409301
9,5,-26,27.964263
-14,6,-12,19.390719
38,-13,-47,61.822326
4,5,9,11.045361
-3,13,0,13.341664
-17,-30,-9,35.637059
-8,33,21,39.924930
-8,48,-6,49.030603
38,4,26,46.216880
7,-11,2,13.190906
23,-15,-28,39.217343
8,-23,-7,25.337719
-28,-19,-7,34.554305
-13,-6,19,23.790755
-22,18,-6,29.051678
-4,3,-45,45.276926
31,-5,2,31.464265
-2,12,-8,14.560220
-19,11,-18,28.390139
0,13,21,24.698178
19,19,34,43.335897
10,-2,4,10.954451
-21,42,-7,47.476310
-11,-49,-10,51.205468
8,-35,-1,35.916570
-18,-17,17,30.033315
-21,-37,2,42.591079
34,35,7,49.295030
7,-11,12,17.720045
-23,-26,19,39.572718
32,12,-20,39.597980
-41,-14,-3,43.428102
-31,10,-9,33.793490
10,25,-1,26.944387
-7,-3,24,25.179357
-10,-14,0,17.204651
7,15,-18,24.454039
-16,19,-1,24.859606
-6,2,-6,8.717798
15,-9,-14,22.405357
2,10,-14,17.320508
-9,11,24,27.892651
-15,0,39,41.785165
34,-22,-12,42.237424
10,14,-22,27.928480
-33,4,39,51.244512
24,18,2,30.066593
-6,53,31,61.692787
-7,-12,-19,23.537205
24,5,9,26.115130
-57,27,-28,69.007246
-37,-15,20,44.654227
-23,-26,11,36.414283
1,-18,15,23.452079
-27,18,-13,34.957117
19,-14,7,24.617067
2,-36,-8,36.932371
6,25,-21,33.196385
17,1,28,32.771939
-31,-21,0,37.443290
-13,2,-11,17.146428
-27,12,-11,31.527766
27,7,6,28.530685
-12,25,7,28.600699
32,4,-18,36.932371
-12,-11,-5,17.029386
-10,-33,7,35.185224
-7,-13,-6,15.937377
-2,37,39,53.795911
-5,13,18,22.759613
-27,47,8,54.790510
-23,7,8,25.337719
25,-8,11,28.460499
-20,-13,-3,24.041631
26,12,-20,34.928498
-31,13,-8,34.554305
-13,20,-27,36.027767
6,-4,18,19.390719
-15,-7,24,29.154759
-16,6,0,17.088007
-7,-3,14,15.937377
-23,3,-26,34.842503
6,6,-4,9.380832
-16,25,19,35.242020
0,-4,2,4.472136
13,7,-6,15.937377
5,-2,9,10.488088
-10,10,-18,22.891046
11,24,-7,27.313001
-32,5,-21,38.600518
-13,15,10,22.226111
-2,1,33,33.075671
-17,-34,-19,42.497059
12,22,2,25.139610
-1,10,21,23.280893
-6,-16,-30,34.525353
24,-28,14,39.446166
-25,-12,-23,36.027767
32,-10,-6,34.058773
-44,-1,-13,45.891176
11,-22,-23,33.674916
-22,-20,-18,34.756294
-26,16,-10,32.124757
12,6,62,63.435006
-5,-16,-37,40.620192
-12,3,7,14.212670
-11,-25,-2,27.386128
-6,10,-20,23.151674
9,30,-19,36.633318
9,-3,-4,10.295630
4,-31,-29,42.638011
-4,-14,-50,52.076866
-11,14,-15,23.280893
9,12,-37,39.924930
-5,20,11,23.366643
-40,-8,8,41.569219
-31,-24,11,40.718546
14,13,5,19.748418
-1,8,15,17.029386
2,-42,-28,50.517324
23,12,33,41.976184
12,3,17,21.023796
21,-6,15,26.495283
-7,0,-7,9.899495
-6,23,21,31.717503
5,-11,10,15.684387
28,-15,13,34.322005
-9,12,1,15.033296
17,6,3,18.275667
-30,-39,1,49.213819
-5,-9,0,10.295630
2,21,-21,29.765752
2,39,-1,39.064050
-7,37,-28,46.925473
8,10,-2,12.961481
-43,-9,-10,45.055521
11,-17,-8,21.771541
-18,3,-15,23.622024
4,12,2,12.806248
14,2,6,15.362291
32,-8,0,32.984845
12,-17,11,23.537205
-5,-12,-29,31.780497
-10,-30,10,33.166248
-33,-4,-7,33.970576
-27,-9,8,29.563491
9,0,1,9.055385
13,35,-2,37.389838
-8,-16,10,20.493902
11,-19,18,28.390139
1,-9,-2,9.273618
0,23,3,23.194827
4,12,0,12.649111
-3,8,1,8.602325
43,11,50,66.858059
-19,-1,-10,21.494185
-13,19,10,25.099801
27,28,-9,39.924930
0,16,18,24.083189
-14,29,-33,46.108568
-1,7,8,10.677078
1,-9,-28,29.427878
14,-33,-41,54.460995
19,22,7,29.899833
-16,-17,-3,23.537205
34,31,-17,49.050994
25,27,8,37.656341
-3,-33,-8,34.088121
4,6,-34,34.756294
1,13,-6,14.352700
8,39,29,49.254441
9,28,-1,29.427878
8,-9,-3,12.409674
6,4,-26,26.981475
44,-13,27,53.235327
-4,-20,18,27.202941
20,-6,8,22.360680
-4,-8,0,8.944272
25,7,-14,29.495762
-24,-29,-13,39.824616
-2,6,-22,22.891046
-11,-1,-18,21.118712
-9,0,-7,11.401754
-2,38,-46,59.699246
-17,8,7,20.049938
17,21,10,28.809721
-11,11,-4,16.062378
-6,24,-12,27.495454
47,-1,16,49.658836
-21,-2,13,24.779023
-4,-15,-5,16.309506
9,8,11,16.309506
5,6,-17,18.708287
-11,-47,-26,54.827001
0,-23,-33,40.224371
-24,-4,-18,30.265492
2,11,17,20.346990
-7,-12,-27,30.364453
13,3,-28,31.016125
23,-12,-15,29.966648
-20,21,-5,29.427878
10,-29,35,46.540305
-6,-7,-29,30.430248
-14,-34,-34,50.079936
13,12,31,35.693137
-26,18,22,38.522721
15,-27,-8,31.906112
1,-6,11,12.569805
-2,-1,-1,2.449490
-15,-30,5,33.911650
-30,-25,13,41.158231
17,-24,17,33.970576
14,19,-31,38.961519
-36,0,8,36.878178
-4,-29,13,32.031235
9,6,1,10.862780
24,-12,22,34.698703
15,-3,-8,17.262677
-5,-28,1,28.460499
-15,-6,23,28.106939
25,13,28,39.724048
-5,-3,8,9.899495
23,32,-29,48.928519
-2,-11,-27,29.223278
-6,11,-5,13.490738
4,18,-24,30.265492
13,-7,-52,54.055527
-6,34,-24,42.047592
7,1,32,32.771939
-2,-12,4,12.806248
9,-9,6,14.071247
12,19,1,22.494444
-6,0,-16,17.088007
-6,21,11,24.454039
20,19,-31,41.496988
23,-29,28,46.411206
10,-4,34,35.665109
-2,22,30,37.255872
18,-2,-4,18.547237
-20,-42,-4,46.690470
8,18,-4,20.099751
12,4,-18,22.000000
-11,-44,5,45.628938
-12,-27,15,33.136083
11,23,-6,26.191602
-40,0,10,41.231056
4,-17,-11,20.639767
-12,-6,4,14.000000
-6,19,15,24.939928
1,-15,44,46.497312
-21,34,-11,41.448764
5,-27,-18,32.832910
-21,8,1,22.494444
-4,14,-2,14.696938
3,2,-39,39.166312
-2,-11,-27,29.223278
2,-26,8,27.276363
-15,17,12,25.651511
6,-16,-16,23.409400
0,-14,22,26.076810
15,-5,22,27.092434
32,13,3,34.669872
-6,-6,32,33.105891
4,12,6,14.000000
-2,-12,14,18.547237
-24,19,-5,31.016125
-4,-23,-9,25.019992
-35,24,17,45.716518
10,19,1,21.494185
18,17,5,25.258662
-7,-6,27,28.530685
38,17,-15,44.249294
-9,0,7,11.401754
10,9,23,26.645825
-17,3,-30,34.612137
20,-11,19,29.698485
-8,24,-14,28.913665
0,-4,-4,5.656854
-6,-6,-10,13.114877
8,-5,15,17.720045
5,17,26,31.464265
-24,12,26,37.363083
5,34,-9,35.524639
13,4,5,14.491377
-28,-9,45,53.758720
11,-16,-21,28.600699
-22,3,-13,25.729361
-7,20,1,21.213203
6,-26,-22,34.583233
12,-12,50,52.801515
7,-2,11,13.190906
5,24,39,46.065171
33,16,-15,39.623226
-4,30,12,32.557641
19,-2,15,24.289916
-7,-19,-12,23.537205
2,-7,5,8.831761
19,-7,-28,34.554305
-7,-14,7,17.146428
-22,-21,5,30.822070
20,-23,-15,33.970576
-26,22,-20,39.496835
-20,-23,5,30.886890
8,11,-5,14.491377
9,24,-19,31.906112
-3,-18,9,20.346990
28,-17,7,33.496268
7,-27,-8,29.017236
4,-30,-10,31.874755
-1,-15,-12,19.235384
14,12,-8,20.099751
16,0,-10,18.867962
-9,25,-8,27.748874
8,56,-10,57.445626
15,-1,0,15.033296
5,40,71,81.645576
-16,-6,-10,19.798990
-14,25,-5,29.086079
-13,4,11,17.492856
-15,0,5,15.811388
20,-16,-10,27.495454
-3,-2,9,9.695360
-3,-7,16,17.720045
-10,40,10,42.426407
-4,26,-26,36.986484
33,-5,44,55.226805
-8,-18,-26,32.619013
-21,5,0,21.587033
0,-2,-28,28.071338
-17,5,4,18.165902
-38,27,9,47.476310
11,3,14,18.055470
14,-3,19,23.790755
-9,-4,23,25.019992
0,6,-12,13.416408
-9,-1,-6,10.862780
-10,32,-12,35.608988
-22,-1,13,25.573424
-16,-7,-9,19.646883
-24,20,4,31.496031
4,-16,30,34.234486
7,22,21,31.208973
1,-16,23,28.035692
4,-13,-11,17.492856
0,14,10,17.204651
-4,-16,-18,24.413111
2,-18,-4,18.547237
-4,-12,22,25.377155
-21,-3,-6,22.045408
12,1,17,20.832667
-31,9,-22,39.064050
22,-3,17,27.964263
-7,-22,3,23.280893
-25,-13,2,28.248894
-2,-13,33,35.524639
1,-19,4,19.442222
-25,13,-4,28.460499
0,-4,-32,32.249031
2,0,18,18.110770
6,-13,-13,19.339080
15,2,17,22.759613
-4,10,14,17.663522
-19,12,-15,27.018512
-4,-24,-16,29.120440
-5,-4,1,6.480741
5,6,-9,11.916375
1,-10,21,23.280893
4,-16,14,21.633308
5,-11,0,12.083046
-3,-2,-15,15.427249
-9,12,13,19.849433
-7,-2,-15,16.673332
12,0,-8,14.422205
-17,10,1,19.748418
-14,-2,-36,38.678159
14,-23,13,29.899833
17,14,-7,23.108440
-10,-3,-1,10.488088
-9,31,42,52.971691
22,-9,13,27.092434
9,9,-24,27.166155
0,-22,14,26.076810
7,30,37,48.145612
23,28,11,37.868192
6,3,-25,25.884358
-5,1,-18,18.708287
0,13,-35,37.336309
-7,-8,-3,11.045361
-12,-5,-35,37.336309
10,-6,-16,19.798990
-7,18,9,21.307276
41,-3,14,43.428102
-4,-14,4,15.099669
-24,1,1,24.041631
-13,-4,9,16.309506
-9,12,-3,15.297059
5,8,-25,26.720778
22,9,7,24.779023
11,-6,13,18.055470
9,5,-16,19.026298
12,31,-21,39.319207
15,-6,-13,20.736441
12,-38,10,41.085277
-25,10,-19,32.954514
-15,-54,-3,56.124861
43,1,28,51.322510
25,1,-4,25.337719
-22,-21,-27,40.669399
-2,-7,43,43.611925
-1,-18,1,18.055470
-8,-12,-6,15.620499
-5,-16,-11,20.049938
-6,-1,-15,16.186414
8,-35,-17,39.724048
-8,-26,8,28.354894
-36,-1,11,37.656341
1,-7,6,9.273618
-9,14,7,18.055470
-13,11,2,17.146428
-23,-2,15,27.531800
35,10,17,40.174619
8,5,-13,16.062378
13,-18,13,25.729361
0,15,3,15.297059
-8,-7,-7,12.727922
-19,35,0,39.824616
3,4,-27,27.459060
26,7,-31,41.060930
3,38,15,40.963398
4,-41,11,42.638011
35,-24,-9,43.382024
-1,15,-2,15.165751
-5,64,47,79.561297
-8,0,-16,17.888544
15,-32,9,36.469165
-20,0,-2,20.099751
11,35,20,41.785165
-14,15,13,24.289916
16,32,12,37.735925
18,6,14,23.579652
-11,-2,-13,17.146428
32,2,4,32.310989
1,1,28,28.035692
10,-34,18,39.749214
-5,-7,-12,14.764823
-11,-25,14,30.692019
12,-21,23,33.376639
8,-3,-7,11.045361
-16,48,4,50.754310
-16,-2,8,18.000000
-24,17,-15,33.015148
34,32,-28,54.442630
16,-22,12,29.732137
-2,-38,-16,41.279535
18,3,15,23.622024
-3,-7,6,9.695360
-3,9,8,12.409674
-5,-12,-3,13.341664
12,11,-31,35.014283
7,-12,17,21.954498
-4,-3,-29,29.427878
-5,8,-15,17.720045
-21,-17,-8,28.178006
6,12,-8,15.620499
9,13,-16,22.494444
39,32,21,54.644304
2,-8,4,9.165151
0,18,-38,42.047592
5,-14,-25,29.086079
-8,-13,-3,15.556349
-5,-21,10,23.790755
23,17,20,34.899857
-24,16,4,29.120440
-23,-17,6,29.223278
8,27,-29,40.422766
-18,24,40,50.000000
32,-12,6,34.698703
-25,-5,14,29.086079
1,18,15,23.452079
0,11,41,42.449971
6,-10,-2,11.832160
-39,-23,20,49.497475
-13,-42,-17,47.138095
6,0,14,15.231546
12,-20,22,32.062439
19,-2,5,19.748418
-9,-6,23,25.416530
13,11,4,17.492856
-18,-17,5,25.258662
-19,-16,-19,31.272992
-3,21,0,21.213203
-16,15,-1,21.954498
47,-13,22,53.497664
6,3,-35,35.637059
-33,33,-10,47.728398
-28,35,29,53.385391
-2,-15,-5,15.937377
-9,-33,14,36.959437
15,30,15,36.742346
2,-7,13,14.899664
-50,22,12,55.928526
-5,6,-3,8.366600
7,3,38,38.755645
6,-13,9,16.911535
40,-16,-6,43.497126
18,57,-19,62.721607
-37,-2,3,37.175261
-22,-6,-4,23.151674
-19,-4,-1,19.442222
-16,-8,4,18.330303
-8,33,-21,39.924930
0,2,-8,8.246211
2,3,19,19.339080
17,17,8,25.337719
-5,-3,-16,17.029386
12,0,22,25.059928
1,13,2,13.190906
35,20,5,40.620192
9,-3,-20,22.135944
6,-26,-2,26.758176
-14,19,-11,26.038433
21,-23,36,47.602521
-17,-15,10,24.779023
-4,27,-9,28.740216
-14,-27,3,30.561414
20,-9,5,22.494444
-15,-3,32,35.468296
0,-14,10,17.204651
-27,-3,4,27.459060
4,22,18,28.705400
4,4,16,16.970563
24,-9,9,27.166155
-17,-6,3,18.275667
-24,-6,-8,26.000000
-6,27,-1,27.676705
27,18,-1,32.465366
30,7,1,30.822070
-16,0,-16,22.627417
5,1,12,13.038405
-25,-2,3,25.258662
29,-34,-21,49.376108
-13,18,17,27.964263
-44,4,34,55.749439
25,6,17,30.822070
-5,-1,16,16.792856
-40,19,-5,44.564560
0,4,-16,16.492423
2,32,-24,40.049969
-39,-6,-49,62.912638
-24,39,17,48.846699
-2,34,2,34.117444
-9,-51,0,51.788030
10,16,-36,40.644803
-19,23,-24,38.288379
22,14,6,26.758176
-35,-4,-5,35.580894
1,47,36,59.211485
-24,-4,36,43.451122
0,7,-27,27.892651
-6,0,30,30.594117
-1,-10,5,11.224972
-21,-15,-8,27.018512
-19,-24,13,33.256578
-29,27,-10,40.865633
-19,-2,-11,22.045408
21,-11,6,24.454039
-39,8,-1,39.824616
-15,13,0,19.849433
0,19,11,21.954498
-22,-10,8,25.455844
-28,18,4,33.526109
-10,33,-21,40.373258
26,-32,-2,41.279535
27,1,-2,27.092434
-21,53,-36,67.424031
40,9,21,46.065171
-19,-12,-7,23.537205
-23,-16,-15,31.780497
24,21,11,33.734256
-2,-9,25,26.645825
2,-1,-13,13.190906
-19,-14,7,24.617067
-11,15,16,24.535688
11,-22,31,39.572718
-4,7,-13,15.297059
-16,-1,-3,16.309506
-21,-11,-2,23.790755
4,24,-4,24.657656
19,31,-16,39.724048
-14,-29,-1,32.218007
13,-11,8,18.814888
28,-6,-26,38.678159
13,9,-2,15.937377
-17,3,-14,22.226111
-24,-7,-17,30.232433
-21,18,-1,27.676705
20,-45,7,49.739320
15,-4,-21,26.115130
-13,-27,-12,32.280025
-4,5,13,14.491377
-19,-1,18,26.191602
-22,-7,35,41.928511
-2,-29,9,30.430248
16,-5,-19,25.337719
-11,-15,-14,23.280893
-22,4,-2,22.449944
0,-19,-21,28.319605
-14,17,-9,23.790755
10,30,14,34.583233
19,2,3,19.339080
-13,-43,16,47.686476
0,-8,8,11.313708
-1,3,-8,8.602325
14,19,7,24.617067
38,-14,-8,41.279535
-2,-18,-14,22.891046
2,44,-14,46.216880
47,-17,6,50.338852
34,-1,-25,42.213742
-10,24,0,26.000000
5,9,4,11.045361
27,26,-21,42.965102
-25,20,-19,37.229021
0,-5,3,5.830952
-19,8,-15,25.495098
-7,4,-5,9.486833
13,-36,57,68.658576
11,1,16,19.442222
0,-14,22,26.076810
-4,23,1,23.366643
-12,-6,24,27.495454
-16,-13,-9,22.494444
-15,16,9,23.706539
17,10,-25,31.843367
-6,-11,11,16.673332
-8,-13,-3,15.556349
-20,8,6,22.360680
12,-12,10,19.697716
-6,-37,27,46.195238
-28,-14,2,31.368774
6,-22,4,23.151674
-7,-15,-8,18.384776
-24,-33,-19,45.011110
3,29,-6,29.765752
-5,-23,-4,23.874673
-9,-28,19,35.014283
-15,1,-14,20.542639
-6,10,20,23.151674
7,30,-21,37.282704
-3,-14,13,19.339080
-17,5,-4,18.165902
14,-21,27,36.959437
19,-27,16,36.687873
15,-7,50,52.668776
-8,17,13,22.847319
-12,-4,8,14.966630
12,5,-23,26.419690
16,12,8,21.540659
8,-18,-22,29.529646
-25,5,0,25.495098
18,-9,-23,30.561414
18,-19,-9,27.676705
19,31,-6,36.851052
-1,-17,-8,18.814888
-1,10,-17,19.748418
-4,15,5,16.309506
3,8,27,28.319605
6,-14,-22,26.758176
-22,-47,21,55.982140
-6,-4,8,10.770330
6,33,11,35.298725
1,9,20,21.954498
-14,-2,-2,14.282857
23,31,-40,55.587768
5,-25,-20,32.403703
-31,-2,-7,31.843367
8,-7,-3,11.045361
1,-16,-15,21.954498
-27,-29,-22,45.321077
-16,11,-9,21.400935
8,-12,-12,18.761663
6,-21,9,23.622024
24,-21,-9,33.136083
-34,-5,-29,44.966654
-40,7,23,46.669048
24,-15,-29,40.521599
2,30,18,35.042831
-2,8,0,8.246211
-6,27,-55,61.562976
4,27,-7,28.178006
-14,16,22,30.594117
0,-33,-11,34.785054
-1,8,-13,15.297059
14,3,-23,27.092434
27,-29,-14,42.023803
38,-6,-16,41.665333
-30,20,-2,36.110940
23,8,-29,37.868192
15,1,-4,15.556349
1,-12,-23,25.961510
7,4,-17,18.814888
14,8,-36,39.446166
-5,-21,-16,26.870058
29,3,-46,54.460995
6,-12,-14,19.390719
29,-20,-7,35.916570
5,-20,15,25.495098
-9,-23,-22,33.075671
-12,16,26,32.802439
-8,5,-15,17.720045
14,-23,37,45.760245
31,-13,22,40.174619
19,9,6,21.863211
17,-13,0,21.400935
-14,10,-30,34.583233
-8,29,13,32.771939
26,3,15,30.166206
-9,7,0,11.401754
-6,23,-17,29.223278
8,10,-14,18.973666
-18,-4,-38,42.237424
-23,20,-3,30.626786
8,20,30,36.932371
-19,-6,-5,20.542639
0,-12,-2,12.165525
0,-72,14,73.348483
30,-15,-3,33.674916
7,-14,-17,23.108440
3,13,-4,13.928388
-1,-26,-35,43.611925
1,8,-15,17.029386
23,3,-16,28.178006
-8,-7,-15,18.384776
28,-12,-2,30.528675
-7,-27,22,35.524639
-28,-6,-18,33.823069
19,-21,-12,30.757113
19,-28,-57,66.287254
23,14,29,39.572718
15,-4,-3,15.811388
-2,-25,-11,27.386128
-14,0,-24,27.784888
0,-2,-30,30.066593
-8,27,-3,28.319605
20,-10,32,39.038443
-27,-25,10,38.131352
9,-18,-11,22.934690
1,7,16,17.492856
4,-26,-6,26.981475
-17,3,-38,41.737274
2,26,-16,30.594117
-21,-14,-17,30.430248
14,11,13,22.045408
1,28,5,28.460499
22,27,-7,35.524639
-41,27,-12,50.537115
-1,-7,-2,7.348469
-12,2,14,18.547237
-13,10,19,25.099801
6,-30,-22,37.682887
0,42,30,51.613952
8,8,22,24.738634
-28,1,9,29.427878
11,0,21,23.706539
3,6,19,20.149442
18,-10,-4,20.976177
22,8,-26,34.985711
47,52,-9,70.668239
-16,16,14,26.608269
12,-8,14,20.099751
-2,-4,-22,22.449944
-3,28,5,28.600699
-25,26,-1,36.083237
32,21,25,45.716518
-21,-9,18,29.086079
20,47,-33,60.811183
0,13,23,26.419690
-43,27,24,56.160484
6,-9,-5,11.916375
24,-18,-14,33.105891
-12,-3,5,13.341664
-3,-16,9,18.601075
-5,9,36,37.443290
2,17,37,40.767634
4,17,21,27.313001
3,-17,16,23.537205
25,-52,21,61.400326
56,-26,-26,66.992537
-13,-9,-8,17.720045
-27,-1,4,27.313001
-8,12,-12,18.761663
-13,23,22,34.380227
-3,17,0,17.262677
7,-17,4,18.814888
8,35,7,36.578682
-14,13,-21,28.390139
21,9,-10,24.939928
-3,-14,-21,25.416530
-9,-8,5,13.038405
20,-13,7,24.859606
20,-7,13,24.859606
-1,37,4,37.229021
0,15,-1,15.033296
0,-7,-15,16.552945
-17,-20,-3,26.419690
23,28,5,36.578682
11,29,-6,31.591138
37,-36,21,55.731499
-3,11,-2,11.575837
15,17,-2,22.759613
18,-10,36,41.472883
13,-3,38,40.274061
-23,-16,-5,28.460499
-15,9,4,17.944358
35,38,-15,53.795911
26,-1,13,29.086079
1,13,28,30.886890
-28,36,18,49.030603
-19,23,22,37.067506
11,12,11,19.646883
-10,24,16,30.528675
2,-13,33,35.524639
8,35,33,48.764741
48,-9,23,53.981478
-16,8,-22,28.354894
23,13,30,39.974992
-7,-4,-1,8.124038
10,19,-9,23.280893
-2,3,19,19.339080
-22,-14,2,26.153394
8,11,-27,30.232433
18,17,1,24.779023
41,11,-32,53.160135
6,-13,-1,14.352700
-23,22,-15,35.185224
11,-5,-14,18.493242
-27,-6,-29,40.074930
-2,17,15,22.759613
19,-6,1,19.949937
-25,8,47,53.833075
3,13,18,22.405357
8,7,35,36.578682
-13,10,-7,17.832555
10,-23,-11,27.386128
-12,-14,0,18.439089
14,-9,3,16.911535
1,-9,2,9.273618
52,-20,-16,57.965507
-19,-12,19,29.427878
29,8,21,36.687873
2,14,-18,22.891046
3,3,10,10.862780
-9,-10,13,18.708287
0,0,-4,4.000000
37,8,-27,46.497312
15,28,11,33.615473
3,22,3,22.405357
-18,19,21,33.555923
16,-34,30,48.083261
0,6,-12,13.416408
-18,7,19,27.092434
8,6,-12,15.620499
1,-4,-17,17.492856
4,-3,7,8.602325
27,3,-18,32.588341
-34,11,-17,39.572718
-3,-15,16,22.135944
1,-15,-12,19.235384
4,24,34,41.809090
6,23,-31,39.064050
22,1,5,22.583180
9,6,-25,27.239677
-15,19,-2,24.289916
-15,-3,-16,22.135944
-37,-4,13,39.420807
13,5,8,16.062378
-3,1,-12,12.409674
0,-18,-16,24.083189
18,12,20,29.461840
1,37,34,50.259327
14,5,21,25.729361
4,-20,-2,20.493902
0,-20,-34,39.446166
-36,-7,-15,39.623226
-17,7,4,18.814888
-14,-8,-4,16.613248
10,5,-11,15.684387
0,10,0,10.000000
-14,1,-15,20.542639
-9,-16,-3,18.601075
15,-8,23,28.600699
-12,-5,21,24.698178
44,8,-42,61.351447
-10,3,-13,16.673332
18,-21,13,30.561414
-20,-10,-20,30.000000
6,25,11,27.964263
-10,-1,19,21.494185
-36,0,10,37.363083
-20,10,10,24.494897
19,32,-3,37.336309
-9,-23,-2,24.779023
-23,22,3,31.968735
-15,-13,-16,25.495098
-20,-2,-26,32.863353
-3,-12,-3,12.727922
-10,22,-8,25.455844
8,12,2,14.560220
4,-25,17,30.495901
13,-12,9,19.849433
-11,26,7,29.086079
27,-13,8,31.016125
14,-16,-12,24.413111
21,15,6,26.495283
-17,17,-14,27.820855
1,7,-4,8.124038
-3,-30,-15,33.674916
2,7,27,27.964263
-2,22,-4,22.449944
34,-13,-33,49.132474
35,-17,-18,42.871902
-21,39,16,47.095647
31,13,-6,34.146742
-7,-18,-19,27.092434
16,4,12,20.396078
18,-12,14,25.768197
-32,29,9,44.113490
-22,28,4,35.832946
2,-4,0,4.472136
42,30,-4,51.768716
-27,38,3,46.711883
-9,-13,-12,19.849433
-9,13,22,27.092434
-20,-2,8,21.633308
6,-16,-16,23.409400
8,-17,1,18.814888
-21,24,11,33.734256
0,-16,0,16.000000
14,-39,-31,51.749396
5,6,3,8.366600
11,11,6,16.673332
-21,9,-34,40.963398
-24,-5,-15,28.740216
-9,29,2,30.430248
-4,8,-2,9.165151
-7,5,0,8.602325
25,-36,15,46.324939
18,-15,7,24.454039
-4,-7,-19,20.639767
-23,29,0,37.013511
34,-16,4,37.788887
-34,-34,-24,53.740115
-15,0,25,29.154759
-8,-8,10,15.099669
-1,3,-6,6.782330
42,-18,16,48.414874
33,-18,3,37.709415
28,23,-1,36.249138
18,-5,37,41.448764
-6,-5,1,7.874008
-19,-36,-33,52.402290
19,15,10,26.191602
-18,-35,23,45.585085
-26,19,9,33.436507
-33,2,-11,34.842503
-3,1,2,3.741657
-16,-23,-1,28.035692
-21,-21,-10,31.336879
-17,-17,-12,26.870058
-34,8,-8,35.832946
-20,-34,6,39.899875
25,-16,13,32.403703
4,9,35,36.359318
7,0,1,7.071068
-8,-11,9,16.309506
4,-34,6,34.756294
-12,9,25,29.154759
-6,11,-21,24.454039
-7,4,-7,10.677078
-16,10,18,26.076810
2,-18,24,30.066593
-5,23,30,38.131352
21,-1,-26,33.436507
-17,-5,4,18.165902
-2,-17,-15,22.759613
-33,-18,-5,37.920970
-5,22,5,23.108440
1,19,8,20.639767
4,3,-21,21.587033
-11,25,4,27.604347
-22,5,15,27.092434
0,-3,-9,9.486833
-27,10,11,30.822070
0,-17,-11,20.248457
7,7,2,10.099505
-10,-2,-8,12.961481
6,-43,-13,45.321077
-10,-6,-24,26.683328
-37,0,15,39.924930
-32,-7,-13,35.242020
2,29,3,29.223278
3,13,36,38.392708
20,-2,-38,42.988371
4,-15,29,32.893768
-3,-9,20,22.135944
6,19,31,36.851052
25,-11,24,36.359318
1,-1,-16,16.062378
-9,12,9,17.492856
9,-24,-7,26.570661
13,24,-13,30.232433
-9,1,30,31.336879
-26,-7,-11,29.086079
-6,9,-25,27.239677
27,11,8,30.232433
-3,-14,-17,22.226111
3,-3,10,10.862780
-35,16,9,39.522146
16,10,-10,21.354157
-22,14,-2,26.153394
7,17,-36,40.422766
-13,-24,1,27.313001
-18,-3,-5,18.920888
-16,12,16,25.612497
0,28,6,28.635642
-48,-4,-18,51.419841
-32,12,-30,45.475268
18,6,4,19.390719
-6,-27,5,28.106939
7,-44,-3,44.654227
12,-41,11,44.113490
4,16,8,18.330303
-36,24,-2,43.312816
3,-17,-22,27.964263
11,-3,-42,43.520110
27,32,-21,46.840154
-4,4,-2,6.000000
-20,-20,18,33.526109
12,-22,-28,37.576588
-23,6,7,24.779023
18,-4,20,27.202941
5,8,1,9.486833
-16,57,5,59.413803
8,-7,25,27.166155
17,15,4,23.021729
-12,-38,2,39.899875
-8,2,-54,54.626001
-36,34,-26,55.928526
7,0,-5,8.602325
-5,29,10,31.080541
28,3,3,28.319605
-4,5,-11,12.727922
22,-17,-5,28.248894
13,7,-34,37.067506
-25,9,16,31.016125
34,6,8,35.440090
14,36,-10,39.899875
21,24,13,34.438351
5,-23,2,23.622024
2,-19,-7,20.346990
-6,21,13,25.416530
11,6,15,19.544820
-1,-17,6,18.055470
4,26,-8,27.495454
11,0,11,15.556349
-6,-22,8,24.166092
21,25,-6,33.196385
-20,-3,-15,25.179357
-9,26,-1,27.531800
-17,-12,19,28.178006
-7,-11,-24,27.313001
10,13,-25,29.899833
0,-4,-4,5.656854
-15,-12,21,28.460499
-20,6,6,21.725561
23,-3,0,23.194827
18,5,21,28.106939
5,-29,18,34.496377
-30,-4,12,32.557641
-2,12,-4,12.806248
-19,18,9,27.676705
-5,-4,-1,6.480741
-29,17,-18,38.131352
-12,3,-1,12.409674
-3,41,16,44.113490
3,1,-38,38.131352
-30,0,-10,31.622777
8,-19,-19,28.035692
-11,-27,36,46.324939
-2,9,17,19.339080
-25,23,-6,34.496377
37,-16,-13,42.355637
8,13,-1,15.297059
-29,19,16,38.183766
-25,-5,32,40.914545
6,20,20,28.913665
-15,-37,20,44.654227
-18,27,-11,34.263683
-15,-9,14,22.405357
-14,3,15,20.736441
-15,-5,26,30.430248
17,22,7,28.670542
4,0,-26,26.305893
-12,49,13,52.096065
-1,-26,13,29.086079
-9,14,-43,46.108568
-9,-21,-36,42.638011
3,5,-4,7.071068
-21,10,23,32.710854
24,0,-12,26.832816
-26,-11,1,28.248894
19,6,7,21.118712
-2,21,-31,37.496667
-21,-14,1,25.258662
-28,3,13,31.016125
6,-12,18,22.449944
22,10,-2,24.248711
30,-14,-30,44.676616
-5,38,21,43.703547
25,-17,14,33.316662
24,-5,-17,29.832868
4,-4,-6,8.246211
-5,-7,18,19.949937
10,-27,-5,29.223278
2,-14,-28,31.368774
-10,-15,-7,19.339080
38,-3,35,51.749396
-3,17,-8,19.026298
-13,5,18,22.759613
21,3,-18,27.820855
-13,-36,15,41.109610
-4,-37,31,48.435524
-30,8,-12,33.286634
19,24,5,31.016125
13,0,-27,29.966648
-17,-4,-5,18.165902
14,-20,-8,25.690465
13,8,-13,20.049938
-28,-12,36,47.159304
11,-16,-7,20.639767
-4,29,1,29.291637
3,6,5,8.366600
-27,-19,-40,51.865210
20,-31,9,37.973675
-1,7,0,7.071068
-7,1,-6,9.273618
-22,4,-12,25.377155
10,21,-33,40.373258
-7,15,-16,23.021729
-20,35,-5,40.620192
8,0,2,8.246211
4,-1,-33,33.256578
-5,10,-23,25.573424
1,-29,6,29.631065
11,9,-6,15.427249
-11,-1,-22,24.617067
21,-3,-6,22.045408
-3,-23,10,25.258662
-5,13,4,14.491377
29,21,-30,46.711883
29,-41,0,50.219518
25,-17,-6,30.822070
20,22,-4,30.000000
30,-28,-8,41.809090
34,-17,21,43.428102
13,7,18,23.280893
-25,-6,-3,25.884358
0,-8,-2,8.246211
7,8,13,16.792856
-28,-9,-5,29.832868
17,31,10,36.742346
40,48,-24,66.932802
-1,32,-33,45.978256
6,-2,-4,7.483315
-25,12,11,29.832868
13,17,22,30.692019
12,-4,-6,14.000000
11,-18,-31,37.496667
-61,7,6,61.692787
-9,4,33,34.438351
25,7,-2,26.038433
-22,0,-14,26.076810
-4,22,0,22.360680
3,-27,10,28.948230
-5,-7,10,13.190906
5,4,47,47.434165
8,-3,13,15.556349
1,-3,-24,24.207437
19,-18,23,34.842503
-18,-39,-7,43.520110
10,4,42,43.358967
-21,-14,-7,26.191602
-30,17,-11,36.193922
-29,-33,18,47.476310
18,6,-42,46.086874
-4,19,-5,20.049938
-18,-1,15,23.452079
10,0,4,10.770330
29,13,-16,35.580894
-14,-18,0,22.803509
35,18,15,42.118879
-4,4,28,28.565714
25,-7,-10,27.820855
-12,-40,-8,42.520583
32,-12,-16,37.735925
38,-4,-14,40.693980
12,-27,1,29.563491
3,0,-45,45.099889
-12,-15,-13,23.194827
-7,6,17,19.339080
40,1,-9,41.012193
17,7,12,21.954498
-21,2,-17,27.092434
14,1,11,17.832555
34,-29,-3,44.788391
-50,-44,44,79.824808
-19,27,-2,33.075671
-14,-14,-18,26.758176
11,22,-33,41.158231
-1,12,-11,16.309506
8,0,16,17.888544
-23,-6,1,23.790755
-20,0,0,20.000000
-22,-2,38,43.954522
-4,0,-10,10.770330
4,-34,-4,34.467376
3,-21,28,35.128336
25,15,-36,46.324939
-5,7,-12,14.764823
-6,-27,7,28.530685
-5,-3,8,9.899495
-2,3,7,7.874008
2,10,18,20.688161
13,15,-6,20.736441
0,-18,-20,26.907248
-13,61,-22,66.136223
-5,9,16,19.026298
3,-17,-4,17.720045
12,-18,2,21.725561
-5,15,-8,17.720045
-9,-38,-3,39.166312
-14,-23,11,29.086079
-14,13,3,19.339080
12,7,23,26.870058
9,-39,-12,41.785165
20,17,5,26.720778
17,-24,5,29.832868
10,7,-17,20.928450
11,17,-2,20.346990
7,-22,-7,24.124676
-13,13,34,38.652296
18,2,16,24.166092
0,-4,-6,7.211103
1,31,-4,31.272992
11,1,-6,12.569805
3,6,5,8.366600
-4,-14,12,18.867962
2,19,9,21.118712
14,-14,20,28.142495
0,-16,38,41.231056
17,34,25,45.497253
0,19,-31,36.359318
-18,8,30,35.888717
5,0,5,7.071068
-16,7,19,25.806976
-24,19,-11,32.526912
-29,13,0,31.780497
0,-3,-1,3.162278
-9,-28,-21,36.138622
-51,-10,7,52.440442
14,-13,-31,36.414283
-40,-1,-7,40.620192
-8,-2,24,25.377155
6,20,-24,31.811947
-10,-1,9,13.490738
18,-4,30,35.213634
-5,40,37,54.717456
-6,33,-7,34.263683
-19,-1,12,22.494444
-11,-11,0,15.556349
34,31,-15,48.394215
30,-16,0,34.000000
-27,-1,26,37.496667
16,3,-5,17.029386
3,4,29,29.427878
-3,-6,5,8.366600
5,-12,7,14.764823
-6,17,9,20.149442
6,-11,17,21.118712
-6,27,-1,27.676705
-8,-39,-11,41.303753
15,6,21,26.495283
-14,52,6,54.184869
1,-21,2,21.118712
22,-13,-11,27.820855
1,1,-10,10.099505
19,8,-3,20.832667
30,-10,-2,31.685959
-36,-20,-8,41.952354
-5,23,-26,35.071356
0,-15,11,18.601075
-20,-9,-19,29.017236
43,-22,33,58.497863
26,-19,15,35.524639
34,-11,-25,43.611925
-10,15,-31,35.860842
-31,9,-6,32.832910
7,46,-17,49.537864
-57,-25,-8,62.753486
-1,29,10,30.692019
-11,-7,-6,14.352700
11,18,3,21.307276
-3,-10,-27,28.948230
20,20,16,32.496154
-37,31,-14,50.259327
26,0,-8,27.202941
-3,-22,5,22.759613
-10,19,-17,27.386128
13,10,9,18.708287
-4,10,-4,11.489125
6,31,-3,31.717503
5,13,0,13.928388
3,13,38,40.274061
10,-7,29,31.464265
-20,2,-16,25.690465
-33,-21,-8,39.924930
27,-3,-2,27.239677
-15,-26,-21,36.633318
2,18,2,18.220867
-20,10,14,26.381812
-26,-17,-5,31.464265
-26,-17,-3,31.208973
-17,26,-9,32.341923
-7,4,-27,28.178006
18,14,24,33.105891
17,-11,8,21.771541
1,15,12,19.235384
18,-2,-2,18.220867
7,16,-25,30.495901
31,11,-18,37.496667
-18,-15,23,32.832910
1,-14,-13,19.131126
14,15,1,20.542639
13,-4,-29,32.031235
12,1,-11,16.309506
-14,11,-7,19.131126
29,21,-10,37.175261
-4,15,-3,15.811388
18,12,-18,28.142495
22,-4,-26,34.292856
-13,20,-9,25.495098
7,18,-25,31.591138
-1,25,6,25.729361
40,-32,10,52.191953
10,-19,-5,22.045408
-2,10,-6,11.832160
16,19,5,25.337719
0,-9,11,14.212670
21,6,-23,31.717503
14,21,-11,27.531800
7,5,10,13.190906
24,33,-1,40.816663
-3,-4,31,31.400637
11,31,-6,33.436507
6,-16,-8,18.867962
-27,-27,8,39.012818
15,-3,30,33.674916
22,-27,-9,35.972211
-12,-15,11,22.135944
-1,-4,3,5.099020
7,28,41,50.139805
-24,-14,-26,38.052595
-1,49,-6,49.376108
3,15,38,40.963398
-38,-22,-20,48.249352
1,28,7,28.879058
6,25,7,26.645825
1,-7,2,7.348469
-20,-18,8,28.071338
29,7,-42,51.516987
-31,2,23,38.652296
-13,1,-38,40.174619
40,-17,13,45.365185
21,-2,-29,35.860842
-3,-2,11,11.575837
-4,5,19,20.049938
-3,7,-8,11.045361
9,8,-9,15.033296
27,11,12,31.527766
6,-7,9,12.884099
15,37,-2,39.974992
-9,3,24,25.806976
-43,-37,-4,56.868269
3,-13,-22,25.729361
-2,35,3,35.185224
-14,-2,4,14.696938
7,16,9,19.646883
28,19,5,34.205263
14,-7,-7,17.146428
3,-6,-3,7.348469
14,17,-7,23.108440
-16,27,3,31.527766
-13,3,12,17.944358
10,-6,-20,23.151674
-5,-8,9,13.038405
2,-28,14,31.368774
-11,11,-22,26.944387
-20,-16,-4,25.922963
-9,12,17,22.671568
22,-36,-2,42.237424
23,13,18,31.968735
18,13,-13,25.729361
4,6,14,15.748016
13,16,15,25.495098
39,8,-13,41.880783
6,-7,-3,9.695360
5,0,-19,19.646883
24,9,-23,34.438351
-20,-4,0,20.396078
-2,30,0,30.066593
11,9,-8,16.309506
12,-10,18,23.832751
6,-5,3,8.366600
34,-41,1,53.272882
-29,-12,33,45.541190
-15,-2,11,18.708287
-21,30,1,36.633318
-34,1,-27,43.428102
40,-3,7,40.718546
-18,13,-7,23.280893
-16,-5,-11,20.049938
27,17,4,32.155870
9,9,-10,16.186414
-8,17,25,31.272992
15,18,-13,26.795522
-39,21,-18,47.812132
-8,11,-15,20.248457
-7,-12,11,17.720045
-4,-47,-7,47.686476
26,4,4,26.608269
-16,9,-11,21.400935
24,-14,4,28.071338
23,1,-8,24.372115
37,5,18,41.448764
0,23,19,29.832868
-14,1,-25,28.670542
-9,-14,-21,26.795522
-3,3,8,9.055385
2,-15,-29,32.710854
17,7,-6,19.339080
-7,23,26,35.411862
-15,-15,-14,25.416530
4,5,-1,6.480741
-1,36,23,42.731721
7,10,3,12.569805
-5,4,-15,16.309506
0,12,-8,14.422205
36,11,15,40.521599
17,3,40,43.566042
6,7,13,15.937377
4,-9,3,10.295630
-20,-22,-8,30.789609
17,20,17,31.272992
-4,-43,3,43.289722
6,18,14,23.579652
-8,24,32,40.792156
-31,-32,-13,46.411206
-31,-26,-3,40.570926
31,-21,22,43.428102
6,28,10,30.331502
2,-31,1,31.080541
21,-3,2,21.307276
-29,-9,6,30.951575
2,17,-3,17.378147
13,19,-14,26.944387
11,-16,-1,19.442222
25,20,17,36.249138
2,23,-1,23.108440
13,-18,-5,22.759613
13,25,-10,29.899833
6,24,24,34.467376
39,18,-3,43.058100
-9,-21,8,24.207437
23,9,2,24.779023
-22,-6,10,24.899799
-1,25,22,33.316662
2,-14,2,14.282857
18,-16,-6,24.819347
-33,-16,-37,52.096065
-6,-13,15,20.736441
52,-15,-9,54.863467
-8,35,-19,40.620192
18,4,24,30.265492
23,0,33,40.224371
7,24,-7,25.961510
-39,-24,-11,47.095647
-7,7,14,17.146428
10,10,-12,18.547237
-18,-16,6,24.819347
5,18,25,31.208973
-36,-5,5,36.687873
-17,-5,-18,25.258662
-22,37,5,43.335897
1,26,-11,28.248894
10,14,-6,18.220867
7,-18,-23,30.033315
5,-3,-14,15.165751
4,-8,-4,9.797959
-6,9,-11,15.427249
4,7,7,10.677078
-5,16,-21,26.870058
15,10,9,20.149442
-7,-37,-6,38.131352
3,27,8,28.319605
7,24,11,27.313001
-12,-10,-40,42.941821
3,3,22,22.405357
-4,0,-8,8.944272
3,13,-12,17.944358
-20,2,-6,20.976177
6,18,30,35.496479
26,26,-12,38.678159
4,8,12,14.966630
28,-1,1,28.035692
5,-17,-8,19.442222
-31,1,-44,53.833075
-4,-31,15,34.669872
-10,-9,-13,18.708287
-1,13,-30,32.710854
12,-10,20,25.377155
-6,19,3,20.149442
-4,5,31,31.654384
23,12,-7,26.870058
9,26,3,27.676705
-15,-3,-18,23.622024
18,41,-27,52.287666
13,24,3,27.459060
-17,-18,3,24.939928
18,-29,19,39.064050
-23,-52,-31,64.761099
-36,-35,-5,50.457903
-16,31,27,44.113490
21,7,-4,22.494444
5,-20,-19,28.035692
-7,-14,-29,32.954514
-3,18,-25,30.951575
15,-6,3,16.431677
-16,17,-5,23.874673
-4,-9,13,16.309506
4,-32,2,32.310989
6,24,-4,25.059928
0,-4,6,7.211103
10,12,-4,16.124515
-4,14,6,15.748016
0,-14,4,14.560220
-22,-26,-12,36.110940
-4,-5,31,31.654384
5,-11,10,15.684387
0,-17,11,20.248457
-2,0,0,2.000000
13,-2,-9,15.937377
5,27,-14,30.822070
-2,-21,-11,23.790755
4,2,12,12.806248
18,12,14,25.768197
-10,40,-20,45.825757
11,-26,-31,41.928511
12,-3,-29,31.527766
11,17,10,22.583180
20,-9,13,25.495098
-45,-3,-16,47.853944
7,6,11,14.352700
-13,-6,-17,22.226111
-11,-5,-16,20.049938
5,-14,11,18.493242
-15,6,23,28.106939
13,-6,1,14.352700
9,4,23,25.019992
-28,11,-9,31.400637
-8,-22,-4,23.748684
-18,8,-24,31.048349
-17,22,3,27.964263
29,-13,6,32.341923
1,21,-16,26.419690
5,8,-17,19.442222
12,0,4,12.649111
-6,5,-19,20.542639
31,1,4,31.272992
8,-10,8,15.099669
-17,16,15,27.748874
16,-10,-20,27.495454
-30,-6,-28,41.472883
-20,12,12,26.229754
19,22,23,37.067506
-2,12,28,30.528675
-6,13,-13,19.339080
10,1,37,38.340579
-20,16,32,40.987803
14,-5,-31,34.380227
-26,-7,29,39.572718
5,13,38,40.472213
5,11,-6,13.490738
5,-4,-29,29.698485
11,-39,-8,41.303753
-5,-9,-6,11.916375
24,-3,-5,24.698178
2,4,-8,9.165151
-13,2,-9,15.937377
0,-31,11,32.893768
-4,20,-4,20.784610
-9,21,-24,33.136083
10,-22,-12,26.981475
18,17,1,24.779023
2,24,12,26.907248
-17,20,-7,27.166155
26,15,13,32.710854
-10,5,-37,38.652296
-30,43,-13,54.018515
-6,-3,9,11.224972
-42,-9,5,43.243497
-23,4,-27,35.693137
-15,-5,-24,28.740216
12,-16,2,20.099751
-14,32,32,47.370877
10,20,10,24.494897
-2,3,-3,4.690416
10,-8,46,47.749346
10,-21,57,61.562976
18,-15,9,25.099801
2,-20,26,32.863353
-48,7,31,57.567352
4,6,10,12.328828
-1,-17,-32,36.249138
0,-17,-21,27.018512
-6,19,-9,21.863211
7,-14,5,16.431677
-11,5,-6,13.490738
53,-10,-27,60.315835
-29,0,-3,29.154759
38,-6,38,54.074023
-20,4,-12,23.664319
-13,25,-10,29.899833
-12,-12,-8,18.761663
33,3,10,34.612137
-10,3,-5,11.575837
7,-10,17,20.928450
-22,3,-7,23.280893
-34,-7,-25,42.778499
1,-19,-6,19.949937
17,5,6,18.708287
6,31,11,33.436507
-2,28,14,31.368774
2,38,28,47.244047
20,-10,12,25.377155
32,35,21,51.865210
-15,18,-3,23.622024
12,-8,-34,36.932371
-24,9,19,31.906112
-5,-2,9,10.488088
-14,-30,6,33.645208
2,2,-10,10.392305
9,3,-4,10.295630
5,-19,18,26.645825
-15,13,18,26.795522
-4,15,-7,17.029386
23,36,-23,48.518038
-10,14,32,36.331804
0,-10,-30,31.622777
33,23,0,40.224371
-29,7,-40,49.899900
-30,-1,-1,30.033315
-15,26,-13,32.710854
9,-61,-4,61.789967
-5,25,8,26.720778
10,-26,6,28.495614
1,-4,-41,41.206796
2,-39,35,52.440442
24,-10,-10,27.856777
15,28,-37,48.764741
-12,-6,6,14.696938
2,1,1,2.449490
19,10,11,24.124676
-3,25,8,26.419690
-49,-18,17,54.899909
-7,-14,-31,34.727511
23,-28,17,40.024992
-18,-29,11,35.860842
-22,-2,-12,25.139610
1,7,-2,7.348469
17,-8,9,20.832667
-23,-8,-7,25.337719
1,8,17,18.814888
20,-31,21,42.449971
10,7,17,20.928450
18,4,-2,18.547237
15,-28,-1,31.780497
-4,-6,36,36.715120
5,-21,24,32.280025
20,22,24,38.209946
-15,-31,16,37.973675
3,30,9,31.464265
19,-13,-8,24.372115
-30,7,-3,30.951575
-18,-1,-13,22.226111
6,-16,12,20.880613
1,8,7,10.677078
-29,-42,5,51.283526
-11,-5,2,12.247449
-7,-3,2,7.874008
-14,-9,13,21.118712
-5,3,12,13.341664
-4,-44,-16,46.989360
-6,8,4,10.770330
-7,4,39,39.824616
-13,-21,4,25.019992
-24,-4,12,27.129320
14,-8,-6,17.204651
7,14,-25,29.495762
20,15,-21,32.649655
25,33,4,41.593269
-22,14,-6,26.758176
11,-35,-14,39.268308
38,-5,-19,42.778499
-21,-1,0,21.023796
-20,7,-37,42.638011
-10,-7,-3,12.569805
-12,6,4,14.000000
19,-8,1,20.639767
15,-2,-3,15.427249
17,20,-7,27.166155
6,19,13,23.790755
-32,7,-1,32.771939
4,-3,19,19.646883
-9,6,15,18.493242
-5,4,25,25.806976
26,-5,17,31.464265
-7,4,-1,8.124038
-5,16,23,28.460499
-22,5,-23,32.218007
9,0,55,55.731499
-24,-10,4,26.305893
8,15,19,25.495098
18,30,-10,36.386811
-14,-40,-4,42.567593
-13,-7,-8,16.792856
24,7,-9,26.570661
16,8,16,24.000000
26,4,-4,26.608269
9,-7,10,15.165751
-5,20,3,20.832667
0,-25,-5,25.495098
7,9,-30,32.093613
-53,5,-4,53.385391
-20,9,19,29.017236
28,8,-20,35.327043
-5,-6,-27,28.106939
6,18,-6,19.899749
22,26,-2,34.117444
-8,-18,10,22.090722
-18,-24,2,30.066593
-13,-2,15,19.949937
2,23,17,28.670542
3,24,5,24.698178
-1,18,37,41.158231
11,-28,-11,32.031235
-11,22,-27,36.523965
5,-24,7,25.495098
-4,8,2,9.165151
6,-35,9,36.633318
18,-28,14,36.110940
12,-8,-18,23.065125
-23,1,-8,24.372115
20,9,-5,22.494444
18,-13,21,30.561414
-23,-19,-22,37.067506
25,-11,14,30.692019
-1,-13,6,14.352700
-11,22,-27,36.523965
8,-13,-7,16.792856
-19,44,11,49.173163
-36,-8,4,37.094474
1,11,-4,11.747340
5,-17,-6,18.708287
24,15,-21,35.242020
21,31,-52,64.078077
-28,-4,4,28.565714
-15,-20,-3,25.179357
-24,23,-9,34.438351
-9,36,35,51.009803
-10,-8,0,12.806248
4,14,-34,36.986484
-18,10,-14,24.899799
-1,-18,29,34.146742
-3,15,6,16.431677
-1,1,8,8.124038
-12,31,19,38.288379
-41,-23,-18,50.338852
4,-34,34,48.249352
9,45,-16,48.600412
-3,-5,-18,18.920888
-15,-21,28,38.078866
22,27,-23,41.737274
15,-10,-37,41.158231
-3,-1,8,8.602325
11,-23,-22,33.674916
9,-6,-5,11.916375
-1,-6,11,12.569805
-11,-19,-6,22.759613
-5,20,-9,22.494444
-18,0,40,43.863424
-15,8,-1,17.029386
-7,-58,7,58.838763
14,41,1,43.335897
19,-9,-30,36.633318
-19,-9,-2,21.118712
-1,31,-24,39.217343
35,23,18,45.585085
4,12,-14,18.867962
7,-25,-4,26.267851
8,-31,-19,37.229021
27,-43,-32,60.016664
31,8,21,38.288379
-13,-10,11,19.748418
8,-2,-26,27.276363
19,6,13,23.790755
-25,-29,38,53.944416
-48,23,23,57.982756
31,-25,-16,42.918527
4,2,30,30.331502
-17,-11,0,20.248457
-16,1,5,16.792856
-3,18,-7,19.544820
9,2,-13,15.937377
16,-12,18,26.907248
-40,17,-19,47.434165
-15,-10,-5,18.708287
-7,-12,1,13.928388
16,8,-12,21.540659
-23,27,-6,35.972211
12,15,-1,19.235384
21,-18,33,43.058100
20,-22,-14,32.863353
-10,12,8,17.549929
1,-17,4,17.492856
3,24,5,24.698178
6,-8,-2,10.198039
-14,22,-10,27.928480
18,44,-8,48.207883
-10,6,-40,41.665333
-33,-16,31,48.020829
-7,-5,-18,19.949937
0,53,5,53.235327
1,-24,61,65.559134
27,26,17,41.158231
-3,10,-45,46.195238
10,38,12,41.085277
33,5,20,38.910153
-4,-5,3,7.071068
-27,-39,22,52.287666
15,7,-2,16.673332
11,-1,-4,11.747340
-11,-20,43,48.682646
20,-31,-29,46.925473
12,6,6,14.696938
-4,6,28,28.913665
19,-14,-11,26.038433
7,13,-14,20.346990
1,-16,25,29.698485
6,3,13,14.628739
0,-21,-7,22.135944
-3,-34,-7,34.842503
-12,33,-25,43.104524
37,22,-7,43.611925
4,-6,2,7.483315
-13,24,35,44.384682
14,-4,-24,28.071338
-1,-1,6,6.164414
-8,-17,3,19.026298
22,3,-11,24.779023
25,6,11,27.964263
4,-20,-18,27.202941
-8,-34,-22,41.279535
-5,-10,-11,15.684387
5,-19,-20,28.035692
22,-37,15,45.585085
-22,-20,-16,33.763886
-16,3,1,16.309506
-18,0,-2,18.110770
-23,-9,-6,25.416530
6,23,11,26.191602
14,17,-1,22.045408
15,-3,28,31.906112
10,25,-13,29.899833
5,-17,20,26.720778
3,8,25,26.419690
-11,-30,-7,32.710854
-17,19,12,28.178006
6,-2,36,36.551334
-37,-7,10,38.961519
1,0,-3,3.162278
18,28,2,33.346664
-17,-32,-11,37.868192
-23,50,13,56.550862
14,26,20,35.665109
-19,5,-14,24.124676
33,-9,-12,36.249138
0,-5,23,23.537205
31,15,-6,34.957117
12,12,6,18.000000
6,3,25,25.884358
29,-7,12,32.155870
8,5,11,14.491377
-12,-10,4,16.124515
-12,-10,28,32.062439
8,6,10,14.142136
-9,0,-7,11.401754
-19,10,-5,22.045408
-9,18,-23,30.561414
8,-9,-15,19.235384
8,-6,32,33.526109
-19,1,6,19.949937
11,2,3,11.575837
8,10,14,18.973666
-16,4,16,22.978251
-28,8,-6,29.732137
24,17,-21,36.138622
3,-1,-2,3.741657
-41,3,-24,47.602521
-1,52,-25,57.706152
35,33,2,48.145612
-26,0,-12,28.635642
-6,-20,18,27.568098
11,-7,-12,17.720045
19,-28,5,34.205263
7,-11,18,22.226111
8,1,9,12.083046
7,26,7,27.820855
20,25,-1,32.031235
-13,5,24,27.748874
-34,-11,-13,38.026307
-17,-29,36,49.254441
0,18,24,30.000000
-8,4,-12,14.966630
-21,-7,-34,40.570926
7,7,4,10.677078
-17,6,1,18.055470
-11,-17,-8,21.771541
10,12,-2,15.748016
-7,7,22,24.124676
-18,-21,-17,32.465366
17,-6,-43,46.626173
-11,4,-7,13.638182
-14,-5,-11,18.493242
-18,-4,0,18.439089
26,-5,11,28.670542
-26,-1,7,26.944387
30,-10,2,31.685959
-16,-6,-16,23.409400
12,-19,-15,27.018512
-13,7,-4,15.297059
0,-29,-25,38.288379
-26,-4,-4,26.608269
1,20,9,21.954498
-4,-6,6,9.380832
23,26,25,42.778499
6,29,-17,34.146742
-18,-3,-21,27.820855
22,2,-16,27.276363
13,-9,-26,30.430248
-10,-2,-8,12.961481
15,13,-2,19.949937
-9,1,0,9.055385
-19,8,-7,21.771541
-9,4,29,30.626786
-4,-15,-7,17.029386
7,-27,-20,34.322005
0,23,19,29.832868
0,9,-1,9.055385
21,-11,-6,24.454039
0,-14,-28,31.304952
-29,7,10,31.464265
37,-2,-35,50.970580
-8,-5,-29,30.495901
-20,-34,-24,46.173586
-7,11,24,27.313001
38,-15,35,53.795911
2,7,5,8.831761
-7,2,-7,10.099505
-12,-26,6,29.257478
10,-39,-5,40.570926
-12,1,-1,12.083046
38,8,-6,39.293765
-9,5,14,17.378147
-20,-3,1,20.248457
8,4,-14,16.613248
-5,18,27,32.832910
10,-1,7,12.247449
2,13,13,18.493242
1,-17,10,19.748418
1,17,-24,29.427878
-17,26,-5,31.464265
3,19,34,39.064050
-21,-18,-13,30.561414
-5,-39,8,40.124805
8,-32,4,33.226495
4,-8,12,14.966630
-2,-39,-11,40.570926
5,13,30,33.075671
7,7,-4,10.677078
-24,36,-4,43.451122
-13,-4,-13,18.814888
-12,17,-31,37.336309
26,28,-40,55.317267
2,41,-15,43.703547
2,12,-16,20.099751
-3,8,27,28.319605
-9,-4,-5,11.045361
-3,5,-14,15.165751
6,-12,10,16.733201
40,4,-18,44.045431
12,-2,2,12.328828
-14,-2,20,24.494897
15,30,25,41.833001
1,-26,7,26.944387
14,-9,15,22.405357
27,23,2,35.524639
-2,5,-11,12.247449
-24,-1,-15,28.319605
-7,-33,24,41.400483
0,-15,-13,19.849433
10,13,-17,23.622024
3,13,10,16.673332
-15,-26,-1,30.033315
14,-47,-21,53.347915
19,21,20,34.669872
11,-14,-35,39.268308
15,-9,-18,25.099801
8,19,13,24.372115
-12,39,-5,41.109610
-28,11,5,30.495901
-4,28,34,44.226689
-7,-56,-1,56.444663
4,8,-2,9.165151
-5,9,8,13.038405
36,-8,14,39.446166
24,-4,-8,25.612497
20,30,10,37.416574
20,-2,-2,20.199010
12,23,-9,27.459060
63,-13,18,66.798204
50,-4,-28,57.445626
-11,3,20,23.021729
-3,23,-6,23.958297
-4,-15,15,21.587033
-15,23,-2,27.531800
-15,-4,-13,20.248457
-9,-20,15,26.570661
-9,-16,3,18.601075
-9,-3,-18,20.346990
22,14,-32,41.279535
0,3,13,13.341664
3,-1,0,3.162278
12,-10,8,17.549929
9,-2,-1,9.273618
9,4,-21,23.194827
-28,-25,-41,55.587768
-21,-14,27,36.959437
16,13,-5,21.213203
15,4,-19,24.535688
18,21,19,33.555923
-10,7,-31,33.316662
32,4,-8,33.226495
-17,-15,16,27.748874
5,5,-18,19.339080
-7,-9,4,12.083046
24,3,-49,54.644304
54,16,20,59.766211
2,-6,-2,6.633250
15,-2,13,19.949937
-37,13,10,40.472213
1,-5,22,22.583180
4,-13,7,15.297059
-2,-28,8,29.189039
5,2,-3,6.164414
-10,9,-15,20.149442
-14,0,4,14.560220
13,25,-44,52.249402
-11,-12,-3,16.552945
-15,-1,12,19.235384
-18,-14,30,37.682887
30,-19,-1,35.524639
3,17,-12,21.023796
-12,0,-12,16.970563
-26,-19,-37,49.050994
11,-15,0,18.601075
-14,11,1,17.832555
4,3,15,15.811388
5,7,-12,14.764823
28,-4,-36,45.782093
17,4,39,42.731721
4,4,2,6.000000
10,17,17,26.038433
-7,16,17,24.372115
5,43,8,44.022721
6,-6,4,9.380832
-30,-19,-5,35.860842
-25,-4,29,38.496753
27,2,-11,29.223278
14,36,-10,39.899875
-7,23,-4,24.372115
-4,-20,0,20.396078
-1,5,18,18.708287
15,-6,-11,19.544820
-23,17,-10,30.298515
-32,11,-5,34.205263
3,14,-27,30.561414
14,-18,4,23.151674
-11,-2,11,15.684387
11,21,-2,23.790755
6,20,40,45.122057
9,22,-9,25.416530
10,-9,-5,14.352700
-25,-26,5,36.414283
-8,2,12,14.560220
-9,7,22,24.779023
-25,-6,-9,27.239677
17,28,-43,54.055527
6,-2,4,7.483315
17,-3,-16,23.537205
22,0,10,24.166092
-10,-40,4,41.424630
-15,28,25,40.422766
28,-14,10,32.863353
24,16,-10,30.528675
12,20,32,39.597980
10,-7,-39,40.865633
-9,1,10,13.490738
13,-15,16,25.495098
2,23,5,23.622024
1,33,12,35.128336
41,2,-17,44.429720
-21,17,8,28.178006
7,11,0,13.038405
-13,36,25,45.716518
-6,-2,14,15.362291
14,1,5,14.899664
-2,18,16,24.166092
-37,7,0,37.656341
-22,-4,16,27.495454
-15,6,-9,18.493242
5,-31,42,52.440442
2,17,-15,22.759613
11,16,13,23.366643
26,0,2,26.076810
-5,-17,2,17.832555
-22,-15,7,27.531800
6,-7,23,24.779023
0,14,16,21.260292
-21,4,1,21.400935
-25,-4,-27,37.013511
13,2,-27,30.033315
-20,2,2,20.199010
-12,-26,6,29.257478
-8,-27,21,35.128336
7,17,-16,24.372115
20,18,16,31.304952
-5,-18,17,25.258662
7,-5,-6,10.488088
4,3,-7,8.602325
4,-34,14,36.986484
15,22,11,28.809721
-39,3,-4,39.319207
9,-4,-9,13.341664
11,15,18,25.884358
0,-31,-15,34.438351
-27,26,1,37.496667
15,-31,4,34.669872
32,-30,10,44.988888
-13,-20,45,50.931326
23,-38,13,46.281746
22,27,17,38.755645
-21,-29,-24,43.104524
6,2,-6,8.717798
-31,13,14,36.414283
-14,-24,14,31.112698
36,-2,24,43.312816
-45,25,-14,53.347915
23,-42,23,53.122500
36,6,-8,37.363083
-14,9,-31,35.185224
-31,9,-10,33.793490
0,-10,-18,20.591260
9,-18,-17,26.343880
2,29,-17,33.674916
-17,0,15,22.671568
21,15,-22,33.911650
-18,12,-4,22.000000
-7,4,15,17.029386
-18,10,-2,20.688161
-8,-25,-17,31.272992
2,-14,-22,26.153394
21,13,-2,24.779023
8,4,16,18.330303
-12,-10,36,39.242834
-2,26,-22,34.117444
7,8,-25,27.166155
19,-4,-23,30.099834
36,-1,31,47.518417
19,-1,8,20.639767
-26,10,16,32.124757
10,24,2,26.076810
6,10,6,13.114877
-8,-4,-6,10.770330
2,6,-2,6.633250
5,37,-2,37.389838
-11,-16,-3,19.646883
-11,-6,-9,15.427249
13,9,-14,21.118712
-23,-20,-21,37.013511
6,-32,22,39.293765
5,16,-11,20.049938
0,18,-4,18.439089
35,-13,34,50.497525
-18,-2,18,25.534291
34,-20,-2,39.496835
1,17,8,18.814888
-13,-11,12,20.832667
10,34,-32,47.749346
-1,13,18,22.226111
-27,6,-29,40.074930
5,6,11,13.490738
7,39,16,42.731721
30,6,18,35.496479
-6,26,8,27.856777
-24,14,0,27.784888
8,-14,20,25.690465
-2,19,-3,19.339080
36,13,37,53.235327
-6,4,-28,28.913665
-3,-2,1,3.741657
10,34,18,39.749214
17,-5,40,43.749286
9,-10,11,17.378147
-24,10,-10,27.856777
24,-38,-18,48.414874
-3,-21,-14,25.416530
-38,1,35,51.672043
0,-25,7,25.961510
-16,-11,9,21.400935
-34,9,-25,43.150898
3,10,19,21.679483
9,-5,-6,11.916375
-21,-4,-9,23.194827
-43,-32,21,57.567352
2,33,-27,42.684892
-15,25,10,30.822070
-28,-14,52,60.695964
22,-14,8,27.276363
-6,11,9,15.427249
-23,23,-30,44.249294
14,2,18,22.891046
24,3,15,28.460499
-6,12,4,14.000000
2,10,6,11.832160
-3,-6,19,20.149442
28,-4,-30,41.231056
17,-27,22,38.755645
15,-1,0,15.033296
-7,-28,-3,29.017236
31,4,5,31.654384
5,6,25,26.191602
28,-1,13,30.886890
-23,6,-37,43.977267
-4,1,1,4.242641
-2,10,6,11.832160
-2,-5,25,25.573424
-34,22,-12,42.237424
-1,16,-11,19.442222
-3,-2,9,9.695360
-6,-27,15,31.464265
9,17,26,32.341923
12,-10,2,15.748016
15,12,39,43.474130
-34,16,12,39.446166
-6,-30,-2,30.659419
-3,-29,-10,30.822070
-9,-13,0,15.811388
10,0,4,10.770330
8,20,8,22.978251
6,28,14,31.874755
-1,-25,-30,39.064050
2,15,15,21.307276
-1,-14,1,14.071247
-8,-10,-28,30.789609
37,-11,18,42.591079
7,-1,26,26.944387
2,4,-4,6.000000
9,-21,-2,22.934690
4,32,-16,36.000000
-1,22,-1,22.045408
-14,16,-20,29.189039
30,-2,-26,39.749214
-17,-21,20,33.615473
-28,7,19,34.554305
11,-7,-10,16.431677
22,20,16,33.763886
28,17,-11,34.554305
17,23,22,36.083237
-1,-15,-16,21.954498
-16,12,8,21.540659
-29,34,-19,48.559242
0,-2,22,22.090722
-5,19,-16,25.337719
-36,-12,28,47.159304
-2,31,-5,31.464265
-6,-8,-30,31.622777
20,2,0,20.099751
9,15,28,33.015148
-15,21,10,27.676705
28,14,-8,32.310989
-15,-3,-8,17.262677
-24,-17,-21,36.138622
14,1,-7,15.684387
18,-38,-2,42.095130
-19,-10,13,25.099801
-42,18,30,54.662601
-18,-17,-9,26.343880
13,-29,-34,46.540305
-4,-16,0,16.492423
-9,39,-2,40.074930
4,12,-2,12.806248
19,3,-14,23.790755
11,-5,-20,23.366643
27,-7,0,27.892651
20,-17,-5,26.720778
-45,14,37,59.916609
-9,30,1,31.336879
30,-20,-38,52.383203
19,31,-8,37.229021
14,18,-20,30.331502
-21,-3,-26,33.555923
1,10,-9,13.490738
-8,2,0,8.246211
-9,0,-1,9.055385
24,0,-12,26.832816
30,-5,-27,40.669399
0,4,12,12.649111
-13,25,-4,28.460499
17,-18,9,26.343880
5,-27,-8,28.600699
12,0,0,12.000000
-28,-13,-31,43.749286
19,-10,-23,31.464265
5,-11,-6,13.490738
-10,-23,15,29.223278
11,-10,-1,14.899664
-3,0,-7,7.615773
-3,12,-9,15.297059
-35,-3,-12,37.121422
-18,23,-15,32.832910
-3,-21,-16,26.570661
-29,17,14,36.414283
-17,15,-24,33.015148
12,-1,-9,15.033296
-6,-15,-7,17.606817
3,0,3,4.242641
16,14,-4,21.633308
-7,-6,-19,21.118712
5,3,-28,28.600699
-13,-20,-37,44.022721
0,-18,12,21.633308
0,-11,15,18.601075
1,16,9,18.384776
43,-13,-16,47.686476
0,-4,30,30.265492
3,13,-30,32.832910
16,26,-12,32.802439
27,0,7,27.892651
17,36,11,41.303753
-17,-32,51,62.561969
-13,6,25,28.809721
15,-13,24,31.144823
5,-8,7,11.747340
-31,-18,-1,35.860842
5,23,-4,23.874673
5,-27,2,27.531800
-45,4,-33,55.946403
0,-2,2,2.828427
-25,13,8,29.291637
-24,-26,8,36.276714
7,21,20,29.832868
-22,17,9,29.223278
-21,-10,37,43.703547
33,17,-8,37.973675
2,-14,-14,19.899749
-23,-1,10,25.099801
26,9,-27,38.548671
-10,-28,-18,34.756294
13,20,11,26.267851
11,1,-8,13.638182
27,21,0,34.205263
-12,8,20,24.657656
26,-3,-45,52.057660
7,-7,14,17.146428
7,-13,12,19.026298
-11,16,-9,21.400935
-32,-6,-20,38.209946
6,0,-20,20.880613
19,4,-11,22.315914
-8,1,5,9.486833
-20,-22,-16,33.763886
-4,-1,13,13.638182
38,-3,27,46.711883
17,-14,1,22.045408
0,-22,-2,22.090722
47,-6,13,49.132474
19,-36,13,42.731721
-25,7,6,26.645825
-26,-4,-16,30.789609
13,13,16,24.372115
26,-7,-21,34.146742
26,12,18,33.823069
-10,9,15,20.149442
-6,18,-4,19.390719
9,34,-7,35.860842
17,11,-4,20.639767
-25,-11,10,29.086079
-28,14,26,40.693980
-9,21,6,23.622024
20,-16,16,30.199338
-10,-5,29,31.080541
-3,1,-14,14.352700
22,22,-14,34.117444
-2,-1,3,3.741657
33,-1,0,33.015148
-17,-20,-27,37.656341
-14,5,25,29.086079
14,-7,1,15.684387
-3,26,27,37.603191
15,-18,23,32.832910
8,-38,0,38.832976
7,-21,-12,25.179357
-8,21,-9,24.207437
27,7,12,30.364453
-23,20,-7,31.272992
7,23,-22,32.588341
6,51,33,61.040970
16,17,-25,34.205263
-20,-3,21,29.154759
19,-18,-25,36.193922
-21,-6,-7,22.934690
-4,12,12,17.435596
-8,17,27,32.893768
-12,-7,5,14.764823
-5,-18,11,21.679483
7,-1,20,21.213203
11,-27,22,36.523965
-5,2,27,27.531800
15,-5,18,23.958297
-15,22,7,27.531800
0,34,14,36.769553
-2,-13,-29,31.843367
27,-1,-38,46.626173
-2,3,9,9.695360
-7,43,4,43.749286
-14,0,24,27.784888
12,12,0,16.970563
2,-5,-9,10.488088
4,4,14,15.099669
22,-21,11,32.341923
8,-3,-31,32.155870
-14,1,5,14.899664
5,6,15,16.911535
12,2,-10,15.748016
-8,16,14,22.715633
6,-16,-14,22.090722
26,-6,-38,46.432747
-5,8,-7,11.747340
16,20,14,29.189039
-30,-20,-26,44.452222
6,35,9,36.633318
27,8,25,37.656341
20,28,38,51.264022
-36,1,-9,37.121422
0,-3,-15,15.297059
-12,6,32,34.698703
6,-22,-12,25.768197
-24,-14,-26,38.052595
20,29,37,51.088159
-10,0,-54,54.918121
17,-10,-9,21.679483
25,-33,32,52.325902
17,28,9,33.970576
8,-8,40,41.569219
-3,-10,-11,15.165751
-20,36,16,44.181444
22,25,-53,62.593929
-10,27,-17,33.436507
-8,29,7,30.886890
0,-26,-4,26.305893
45,9,8,46.583259
-20,-4,28,34.641016
-11,15,10,21.118712
13,3,-22,25.729361
6,-3,-17,18.275667
-1,12,15,19.235384
10,2,30,31.685959
26,17,-9,32.341923
-15,-9,-10,20.149442
-19,-16,27,36.687873
-35,13,-28,46.669048
12,0,-14,18.439089
16,-3,-21,26.570661
4,-6,20,21.260292
-24,-4,-12,27.129320
-29,25,10,39.572718
9,3,18,20.346990
22,-4,20,30.000000
0,23,7,24.041631
-9,-22,7,24.779023
-14,-1,-5,14.899664
-1,-10,-1,10.099505
25,-6,-11,27.964263
10,-1,7,12.247449
-22,1,31,38.026307
22,5,11,25.099801
12,-11,17,23.537205
-13,-12,-27,32.280025
-40,-10,-24,47.707442
-1,-8,-37,37.868192
-2,17,-21,27.092434
-21,1,16,26.419690
-12,-16,0,20.000000
-11,3,-6,12.884099
-49,5,-30,57.671483
-1,4,-27,27.313001
11,-16,1,19.442222
31,10,13,35.071356
-8,15,-3,17.262677
33,-13,-14,38.131352
-32,3,-7,32.893768
12,-1,5,13.038405
-46,-33,-7,57.043843
28,-5,-5,28.879058
-12,-4,-20,23.664319
-37,18,15,43.794977
11,-33,14,37.496667
-6,34,-26,43.220366
38,-22,0,43.908997
14,44,-22,51.146847
0,-3,21,21.213203
11,25,-42,50.099900
-5,15,16,22.494444
22,-3,9,23.958297
-14,3,-13,19.339080
6,-1,19,19.949937
3,1,2,3.741657
33,-24,-13,42.825226
-22,17,7,28.670542
-42,23,-7,48.394215
-19,-3,-10,21.679483
22,-7,1,23.108440
-20,8,-20,29.393877
-10,30,12,33.823069
-22,-12,4,25.377155
37,9,-8,38.910153
24,-9,5,26.115130
15,2,7,16.673332
9,8,-3,12.409674
5,-15,-18,23.958297
-22,-7,-1,23.108440
15,-1,-32,35.355339
3,15,-4,15.811388
-5,27,-36,45.276926
-24,11,-17,31.400637
-14,16,14,25.455844
12,23,9,27.459060
-2,17,17,24.124676
29,10,-9,31.968735
-4,-6,12,14.000000
-31,0,7,31.780497
-23,41,-4,47.180504
9,-11,-14,19.949937
9,-13,-6,16.911535
22,14,8,27.276363
-21,7,0,22.135944
-5,13,8,16.062378
-14,-7,23,27.820855
-11,0,-25,27.313001
23,-4,15,27.748874
17,-6,-27,32.465366
27,-38,-19,50.338852
-29,-30,7,42.308392
5,-14,3,15.165751
12,0,-2,12.165525
-18,6,24,30.594117
-7,-12,19,23.537205
4,22,-8,23.748684
-13,23,12,29.017236
9,-25,-14,30.033315
-9,19,-8,22.494444
-6,4,22,23.151674
2,19,-23,29.899833
4,3,-17,17.720045
-2,4,-26,26.381812
3,1,-18,18.275667
0,11,5,12.083046
-21,12,7,25.179357
10,3,-9,13.784049
-24,13,-23,35.693137
2,33,29,43.977267
-24,-6,22,33.105891
47,-10,1,48.062459
11,3,-18,21.307276
-3,2,21,21.307276
-9,-29,0,30.364453
35,-5,8,36.249138
-6,3,5,8.366600
-7,29,-34,45.232732
-32,12,18,38.626416
-10,23,-1,25.099801
23,26,5,35.071356
15,4,-5,16.309506
17,-26,23,38.652296
13,-46,5,48.062459
-5,-2,-45,45.321077
4,-7,17,18.814888
11,0,-11,15.556349
-13,20,25,34.554305
2,-26,6,26.758176
21,24,3,32.031235
17,-9,10,21.679483
-4,25,-7,26.267851
28,25,5,37.868192
-13,-8,-15,21.400935
7,-4,-11,13.638182
12,-9,-27,30.886890
-16,12,4,20.396078
13,-9,10,18.708287
-9,5,-4,11.045361
13,-6,-43,45.321077
-1,14,-31,34.029399
-16,13,-11,23.366643
-9,-2,-23,24.779023
2,4,-6,7.483315
1,16,-11,19.442222
-17,6,-1,18.055470
-8,6,-18,20.591260
-9,-7,-12,16.552945
13,19,14,26.944387
21,-23,18,35.972211
4,11,-7,13.638182
-7,-13,12,19.026298
-24,1,23,33.256578
-14,-13,-1,19.131126
-14,1,5,14.899664
11,5,10,15.684387
5,9,-10,14.352700
18,-10,18,27.349589
-31,4,17,35.580894
46,13,-33,58.086143
-24,-23,-17,37.336309
-20,-1,-27,33.615473
17,17,14,27.820855
2,9,-13,15.937377
-23,14,7,27.820855
15,-10,9,20.149442
18,20,-12,29.461840
-32,-10,16,37.148351
-4,8,-24,25.612497
-1,-10,13,16.431677
1,11,12,16.309506
-11,-1,-32,33.852622
12,40,4,41.952354
3,-13,-16,20.832667
-12,-25,21,34.785054
-13,26,7,29.899833
30,14,4,33.346664
-2,3,-13,13.490738
3,13,-2,13.490738
10,-15,11,21.118712
-8,-8,-10,15.099669
-14,-9,13,21.118712
-27,-67,18,74.444610
27,-23,-18,39.774364
-25,-18,5,31.208973
-7,-31,8,32.771939
0,0,18,18.000000
-10,37,3,38.444766
9,-10,25,28.390139
30,-1,-35,46.108568
-10,-13,-5,17.146428
-8,-4,8,12.000000
22,17,19,33.674916
10,-16,-28,33.763886
-19,5,34,39.268308
-24,-15,-17,33.015148
-65,19,0,67.720012
0,-20,6,20.880613
-22,27,-13,37.175261
-12,7,-9,16.552945
-1,19,32,37.229021
8,23,9,25.961510
-8,7,-3,11.045361
17,-15,2,22.759613
10,11,-11,18.493242
39,-2,19,43.428102
-34,-21,21,45.144213
6,-14,-24,28.425341
-3,18,5,18.920888
28,-12,20,36.441734
5,22,-7,23.622024
28,-13,13,33.496268
3,-54,3,54.166410
14,7,-39,42.023803
-8,5,-1,9.486833
-33,13,-12,37.443290
20,-10,-26,34.292856
3,47,-14,49.132474
18,21,31,41.545156
20,10,-4,22.715633
24,0,-16,28.844410
12,-20,12,26.229754
-20,-20,8,29.393877
-5,-21,-20,29.427878
0,-16,24,28.844410
-17,23,2,28.670542
28,16,2,32.310989
-20,-26,-8,33.763886
-3,3,14,14.628739
-11,11,0,15.556349
14,-17,15,26.645825
0,-17,31,35.355339
14,0,16,21.260292
-9,-24,35,43.382024
1,-3,8,8.602325
-36,9,25,44.743715
-5,-4,-15,16.309506
8,20,-16,26.832816
-12,-6,-14,19.390719
52,-30,20,63.277168
-2,-5,-1,5.477226
15,-16,-13,25.495098
7,5,-18,19.949937
4,32,0,32.249031
16,7,7,18.814888
13,5,-14,19.748418
-11,16,5,20.049938
-18,20,16,31.304952
-9,-12,5,15.811388
0,-14,22,26.076810
3,-6,-53,53.422842
-29,-14,19,37.389838
-13,-2,47,48.805737
1,-16,1,16.062378
20,23,-1,30.495901
24,2,-2,24.166092
-1,10,13,16.431677
-7,0,-3,7.615773
-6,6,-4,9.380832
-19,-2,1,19.131126
-7,14,-31,34.727511
-25,13,36,45.716518
10,-2,-2,10.392305
14,-2,-24,27.856777
-1,-4,-33,33.256578
1,5,-14,14.899664
-11,-25,-10,29.086079
-14,11,-9,19.949937
25,-5,16,30.099834
12,20,-14,27.202941
-4,16,22,27.495454
-10,-20,34,40.693980
11,-19,-6,22.759613
32,-2,-2,32.124757
-9,-10,17,21.679483
18,-20,14,30.331502
-27,2,3,27.239677
28,48,32,64.124878
-6,17,1,18.055470
-3,13,-14,19.339080
0,-6,-24,24.738634
0,-3,-9,9.486833
-11,4,17,20.639767
5,10,-13,17.146428
-18,-11,15,25.884358
-25,-9,18,32.093613
18,9,-27,33.674916
-11,-13,-4,17.492856
4,-10,-38,39.496835
46,8,36,58.957612
7,-2,-1,7.348469
-19,3,-12,22.671568
3,26,-9,27.676705
18,9,-7,21.307276
9,0,-1,9.055385
-12,-3,9,15.297059
7,-27,-2,27.964263
-18,25,-17,35.185224
0,28,28,39.597980
-6,5,3,8.366600
10,21,-21,31.336879
-7,25,-32,41.206796
4,18,-8,20.099751
-4,16,8,18.330303
4,11,5,12.727922
-1,-14,23,26.944387
-34,9,-9,36.304270
-14,-22,34,42.848571
28,-5,31,42.071368
-18,16,-2,24.166092
22,-11,-11,26.944387
-12,79,47,92.703829
8,18,2,19.798990
-9,6,31,32.832910
-13,-34,-9,37.496667
25,-19,-4,31.654384
8,-30,6,31.622777
11,-22,13,27.820855
25,16,-29,41.496988
7,-16,15,23.021729
1,1,-10,10.099505
-19,-10,9,23.280893
-23,-1,-4,23.366643
15,31,-4,34.669872
-18,22,-22,35.944402
-1,-19,8,20.639767
-7,17,0,18.384776
-6,-20,-16,26.305893
-2,-10,-8,12.961481
13,-21,-16,29.427878
-30,-21,37,52.057660
-23,-20,-11,32.403703
2,16,-4,16.613248
23,-4,11,25.806976
8,1,-1,8.124038
15,54,-19,59.177699
8,-31,-21,38.288379
30,1,11,31.968735
15,0,1,15.033296
-10,-27,21,35.637059
18,41,5,45.055521
12,1,25,27.748874
21,17,-18,32.465366
-9,15,4,17.944358
-2,-33,33,46.711883
-10,9,-15,20.149442
10,-13,9,18.708287
4,6,6,9.380832
-10,-8,18,22.090722
-12,14,8,20.099751
-13,-10,-15,22.226111
-11,15,-26,31.968735
-11,-8,5,14.491377
-13,-13,-10,20.928450
18,-1,9,20.149442
15,-17,10,24.779023
-43,2,-17,46.281746
-13,40,11,43.474130
7,24,7,25.961510
-3,16,3,16.552945
-22,-3,19,29.223278
-25,-8,13,29.291637
-15,17,-14,26.645825
-14,-20,36,43.497126
-20,-6,4,21.260292
6,7,9,12.884099
18,18,10,27.349589
12,4,-4,13.266499
42,23,-1,47.895720
-8,-12,-18,23.065125
29,-21,-8,36.687873
-11,-35,-24,43.840620
-15,-33,22,42.402830
-12,-27,17,34.088121
23,11,-22,33.674916
15,-30,23,40.669399
4,-7,-1,8.124038
-22,11,5,25.099801
-41,22,9,47.391982
-12,16,8,21.540659
-4,11,1,11.747340
8,-24,30,39.242834
-25,5,-26,36.414283
-19,-7,-16,25.806976
-23,5,0,23.537205
1,4,-5,6.480741
0,-19,-19,26.870058
27,-21,-18,38.652296
5,-1,-2,5.477226
30,14,-4,33.346664
11,21,-18,29.765752
5,21,20,29.427878
2,22,-12,25.139610
-13,-37,-10,40.472213
-13,-12,17,24.535688
12,16,-4,20.396078
7,1,-4,8.124038
27,-3,-12,29.698485
7,-29,-20,35.916570
-7,-11,-10,16.431677
5,-6,15,16.911535
-2,17,-1,17.146428
30,-10,-22,38.522721
-31,-10,3,32.710854
-25,2,-39,46.368092
-4,-7,7,10.677078
39,9,18,43.886217
10,-26,-12,30.331502
-17,17,14,27.820855
20,11,-15,27.313001
-35,-5,40,53.385391
21,0,-7,22.135944
-29,1,24,37.656341
-3,0,3,4.242641
5,14,11,18.493242
-4,26,-26,36.986484
18,13,-33,39.774364
-19,-9,-26,33.436507
-19,10,21,30.033315
52,50,-12,73.130021
-28,16,-14,35.156792
-4,11,15,19.026298
31,12,23,40.422766
-9,18,-1,20.149442
8,3,-21,22.671568
8,-2,-12,14.560220
-19,33,24,45.011110
-14,8,-4,16.613248
-5,-35,-2,35.411862
-38,-2,12,39.899875
15,13,6,20.736441
24,7,-1,25.019992
-6,-9,3,11.224972
12,-2,16,20.099751
-18,2,0,18.110770
-29,12,-15,34.785054
17,25,12,32.526912
14,-19,9,25.258662
29,3,0,29.154759
-4,52,8,52.763624
-12,17,9,22.671568
8,-6,14,17.204651
-25,8,17,31.272992
-21,-17,4,27.313001
8,-7,-3,11.045361
30,3,11,32.093613
15,-21,-4,26.115130
2,-14,-8,16.248077
-16,-27,9,32.649655
-13,-21,2,24.779023
3,-38,-49,62.080593
-7,-5,-28,29.291637
-21,25,14,35.524639
18,13,41,46.626173
8,-3,-13,15.556349
-11,-8,15,20.248457
-24,12,2,26.907248
22,1,-3,22.226111
-6,-2,2,6.633250
1,-7,-10,12.247449
9,-26,27,38.548671
8,-10,6,14.142136
17,0,-15,22.671568
26,6,28,38.678159
7,22,-21,31.208973
14,17,1,22.045408
-19,-24,37,48.020829
-4,23,1,23.366643
5,-19,-6,20.542639
-55,1,-6,55.335341
-1,-9,42,42.965102
-32,-21,17,41.880783
11,-18,25,32.710854
-37,24,3,44.204072
16,-35,-21,43.840620
-11,26,-17,32.954514
9,-8,19,22.494444
49,11,32,59.548300
11,-28,15,33.615473
19,13,12,25.961510
-4,-2,14,14.696938
29,-1,-12,31.400637
-10,-19,-23,31.464265
4,-3,-13,13.928388
-35,3,-22,41.448764
-19,-43,-30,55.767374
-31,0,-19,36.359318
-12,-14,8,20.099751
-34,4,22,40.693980
23,-16,1,28.035692
-24,-32,-28,48.826222
10,28,28,40.841156
-7,11,18,22.226111
-14,16,6,22.090722
-26,-6,0,26.683328
16,21,39,47.095647
25,8,7,27.166155
-1,-19,8,20.639767
2,-33,-3,33.196385
-12,22,14,28.705400
-8,18,14,24.166092
6,-11,-21,24.454039
-1,-37,18,41.158231
-18,9,-29,35.298725
-6,20,22,30.331502
7,-8,-9,13.928388
-8,45,5,45.978256
2,3,-5,6.164414
2,-13,11,17.146428
0,17,-17,24.041631
26,30,-26,47.455242
3,-20,-9,22.135944
15,32,-9,36.469165
15,-6,-1,16.186414
15,-26,9,31.336879
-3,-4,5,7.071068
-20,52,10,56.603887
41,-26,-5,48.805737
-15,-29,-8,33.615473
-7,9,14,18.055470
-16,-13,-5,21.213203
-7,-9,-6,12.884099
-9,-33,-8,35.128336
3,14,-21,25.416530
-6,-9,25,27.239677
33,-1,16,36.687873
14,-20,-12,27.202941
7,3,-24,25.179357
-25,-6,17,30.822070
-6,7,-21,22.934690
24,-3,-17,29.563491
17,-45,26,54.680892
36,22,4,42.379240
-19,1,6,19.949937
-21,-19,2,28.390139
44,-26,-6,51.458721
-11,24,-13,29.427878
15,-21,-16,30.364453
-2,7,-11,13.190906
-8,0,-28,29.120440
-4,-26,-40,47.874837
-4,-9,1,9.899495
-15,-6,-17,23.452079
-7,-5,-4,9.486833
-6,3,3,7.348469
6,-1,-11,12.569805
-17,5,-8,19.442222
22,1,-3,22.226111
-15,9,8,19.235384
-28,11,-17,34.554305
-5,-9,2,10.488088
8,-18,12,23.065125
21,6,-3,22.045408
0,10,0,10.000000
18,4,-26,31.874755
24,-29,-9,38.704005
11,14,-19,26.038433
-40,-14,16,45.299007
-13,-4,1,13.638182
23,19,4,30.099834
12,-28,-44,53.516353
-17,29,-40,52.249402
-23,23,-36,48.518038
23,-2,-9,24.779023
-8,37,13,40.024992
-28,-8,14,32.310989
16,-29,23,40.323690
-5,5,14,15.684387
25,6,-1,25.729361
-24,17,1,29.427878
-19,26,-23,39.572718
9,11,-46,48.145612
11,-12,7,17.720045
-42,-31,-9,52.971691
-8,10,38,40.099875
4,23,17,28.879058
22,1,-23,31.843367
3,10,-1,10.488088
24,15,3,28.460499
7,-16,-43,46.411206
-16,-25,-11,31.654384
-35,6,35,49.859803
-28,-5,-11,30.495901
-23,27,-16,38.910153
-1,2,-3,3.741657
-2,-14,2,14.282857
-3,-38,-5,38.444766
5,20,11,23.366643
2,36,-28,45.650849
7,2,-15,16.673332
6,8,-48,49.030603
5,10,-33,34.842503
-8,-5,-21,23.021729
33,14,-29,46.108568
-16,-12,-22,29.732137
1,14,-1,14.071247
-9,2,-3,9.695360
24,27,13,38.392708
12,26,-26,38.678159
15,-1,-20,25.019992
36,14,-16,41.809090
2,-18,20,26.981475
19,14,21,31.591138
-15,10,-9,20.149442
-8,-10,-14,18.973666
-6,12,18,22.449944
20,25,-5,32.403703
-1,-3,0,3.162278
-17,37,16,43.749286
0,7,-11,13.038405
-4,-9,-1,9.899495
-10,-8,30,32.619013
-11,-29,38,49.050994
-34,-35,9,49.618545
-17,-22,-9,29.223278
29,-56,-17,65.314623
1,7,34,34.727511
-14,-22,-20,32.863353
-19,-10,-17,27.386128
-14,11,23,29.086079
13,-8,25,29.291637
2,10,14,17.320508
-21,-10,-1,23.280893
-11,45,24,52.172790
-17,10,5,20.346990
26,-20,-18,37.416574
2,6,0,6.324555
-8,11,-27,30.232433
3,-4,-17,17.720045
22,-13,-5,26.038433
-34,10,-20,40.693980
-1,-1,10,10.099505
13,-11,12,20.832667
7,-10,13,17.832555
4,2,18,18.547237
10,-35,5,36.742346
5,-3,0,5.830952
11,-26,17,32.954514
-2,-10,24,26.076810
15,-7,-4,17.029386
-13,0,-21,24.698178
-11,2,25,27.386128
-6,-3,-1,6.782330
33,-12,-5,35.468296
-30,30,-2,42.473521
10,5,-7,13.190906
22,-23,29,43.058100
9,-2,-5,10.488088
-8,18,-20,28.071338
2,-13,-53,54.607692
2,-3,-9,9.695360
3,-5,-4,7.071068
-6,-27,-3,27.820855
-3,4,5,7.071068
-24,4,-4,24.657656
11,-10,9,17.378147
7,-8,3,11.045361
-12,6,-2,13.564660
20,-4,16,25.922963
6,-11,-13,18.055470
8,0,-10,12.806248
3,-20,-9,22.135944
-5,-3,-8,9.899495
19,31,26,44.698993
-12,-11,-17,23.537205
14,7,-7,17.146428
-4,-14,2,14.696938
-8,10,20,23.748684
-14,5,-33,36.193922
-7,-22,23,32.588341
1,9,-8,12.083046
18,-8,8,21.260292
12,11,-33,36.796739
6,5,-3,8.366600
-16,4,-10,19.287302
23,-30,-5,38.131352
-12,-5,23,26.419690
25,5,-8,26.720778
-23,-16,-1,28.035692
35,-10,-5,36.742346
10,-13,7,17.832555
15,-15,8,22.671568
-8,-13,31,34.554305
23,7,-32,40.024992
-21,0,11,23.706539
-12,-21,5,24.698178
22,-12,-6,25.768197
-1,1,-48,48.020829
-6,18,8,20.591260
8,-8,-6,12.806248
-17,19,-14,29.086079
4,-20,0,20.396078
-11,5,34,36.083237
-44,7,-1,44.564560
-11,5,24,26.870058
17,6,15,23.452079
-28,47,7,55.154329
-1,31,-12,33.256578
-5,1,36,36.359318
-9,28,-31,42.731721
-9,-14,-9,18.920888
-7,3,-2,7.874008
-6,31,29,42.871902
3,38,5,38.444766
-16,-1,37,40.323690
10,14,2,17.320508
-20,-10,-2,22.449944
-33,5,-30,44.877611
1,-19,12,22.494444
-9,20,3,22.135944
-7,-1,12,13.928388
11,-30,-9,33.196385
28,-14,8,32.310989
15,6,3,16.431677
-21,-15,-12,28.460499
-20,-3,-5,20.832667
1,17,0,17.029386
13,-4,-41,43.197222
-25,-25,-16,38.807216
-6,16,-4,17.549929
-1,-24,11,26.419690
-10,-9,7,15.165751
18,-6,10,21.447611
-6,17,-21,27.676705
24,13,-1,27.313001
-21,14,7,26.191602
34,4,-16,37.788887
3,-27,4,27.459060
-18,12,-30,36.986484
6,-6,-12,14.696938
14,22,-6,26.758176
3,6,33,33.674916
-21,-11,24,33.734256
-22,4,-12,25.377155
-62,-2,0,62.032250
15,-23,-10,29.223278
16,1,-1,16.062378
14,-7,-47,49.537864
10,21,27,35.637059
-10,33,11,36.193922
-15,-23,-8,28.600699
-17,23,10,30.298515
39,-35,-6,52.744668
-11,33,-14,37.496667
0,-29,-5,29.427878
-10,33,17,38.444766
23,-7,-6,24.779023
-12,-3,1,12.409674
-11,-37,-38,54.166410
54,-7,9,55.190579
28,10,0,29.732137
9,19,-8,22.494444
-6,12,-24,27.495454
-30,28,-24,47.539457
-18,3,-35,39.471509
29,-18,-1,34.146742
19,-42,15,48.476799
-1,30,9,31.336879
14,18,16,27.856777
-18,16,-2,24.166092
5,-1,-4,6.480741
-20,5,-1,20.639767
-7,15,0,16.552945
13,-12,-33,37.443290
-24,17,-31,42.731721
-24,20,18,36.055513
16,-5,-7,18.165902
5,-29,-18,34.496377
-9,13,-2,15.937377
-8,25,-43,50.378567
-1,-24,1,24.041631
-14,17,-1,22.045408
-34,35,19,52.364110
7,25,-28,38.183766
-8,-9,-7,13.928388
41,12,-5,43.011626
2,19,5,19.748418
-1,-3,-34,34.146742
18,8,32,37.576588
5,-17,-4,18.165902
-10,-10,-24,27.856777
-7,-27,8,29.017236
-18,16,-28,36.932371
2,-14,-16,21.354157
-7,5,-22,23.622024
-4,11,25,27.604347
11,-38,7,40.174619
-10,16,10,21.354157
30,-7,-27,40.963398
-4,8,8,12.000000
-1,5,2,5.477226
-18,6,-4,19.390719
22,8,-2,23.494680
9,-12,-31,34.438351
-11,7,-10,16.431677
-15,-10,35,39.370039
-40,24,-2,46.690470
-5,-16,17,23.874673
13,-11,-14,22.045408
9,-26,33,42.965102
32,-10,6,34.058773
-9,25,16,31.016125
36,12,18,42.000000
-8,-6,32,33.526109
-28,-3,1,28.178006
-14,14,-20,28.142495
-14,-30,2,33.166248
-13,17,16,26.720778
-2,-10,4,10.954451
-3,-22,1,22.226111
-17,-13,20,29.291637
2,-3,-21,21.307276
-9,26,-9,28.948230
2,-24,4,24.413111
-30,8,-2,31.112698
-12,-12,-36,39.799497
37,15,-16,43.011626
-4,-19,-15,24.535688
10,-45,29,54.460995
2,2,28,28.142495
16,16,-10,24.738634
-9,14,39,42.402830
7,21,-8,23.537205
-8,19,3,20.832667
-16,7,1,17.492856
0,-38,-28,47.201695
-20,20,10,30.000000
12,-32,4,34.409301
9,-2,5,10.488088
6,4,12,14.000000
42,1,-25,48.887626
-10,13,5,17.146428
31,2,-19,36.414283
2,-6,-30,30.659419
-5,25,0,25.495098
32,10,-16,37.148351
0,14,30,33.105891
-23,39,-12,46.840154
5,-22,1,22.583180
2,-10,-8,12.961481
-28,-12,8,31.496031
-9,-29,-10,31.968735
-20,-22,12,32.062439
19,-7,8,21.771541
-6,17,11,21.118712
-18,-16,-34,41.665333
5,9,-18,20.736441
-11,10,25,29.086079
3,-12,-17,21.023796
-4,-37,3,37.336309
-1,22,-5,22.583180
29,20,1,35.242020
-49,13,-14,52.592775
-1,-3,14,14.352700
-18,8,10,22.090722
8,-12,-6,15.620499
25,10,-41,49.050994
5,1,6,7.874008
-16,-23,-9,29.427878
27,27,14,40.669399
8,29,-9,31.400637
-17,13,-18,27.964263
-24,16,8,29.933259
-15,10,5,18.708287
9,-12,5,15.811388
10,-17,-1,19.748418
-2,-27,11,29.223278
1,17,-22,27.820855
-13,-21,-8,25.961510
28,32,-20,46.989360
0,7,25,25.961510
-6,20,2,20.976177
-3,31,26,40.570926
0,-42,-18,45.694639
-13,-14,-7,20.346990
12,8,-20,24.657656
44,16,-22,51.730069
3,-8,23,24.535688
-17,12,17,26.870058
6,18,-28,33.823069
-9,25,-20,33.256578
-1,26,25,36.083237
-4,-23,19,30.099834
15,3,-22,26.795522
-14,1,-3,14.352700
2,30,-18,35.042831
18,-20,-14,30.331502
32,9,35,48.270074
16,2,-18,24.166092
14,-15,-3,20.736441
12,-38,46,60.860496
-9,14,25,30.033315
26,14,28,40.693980
-22,-1,-11,24.617067
16,-4,-22,27.495454
-28,-22,-6,36.110940
15,6,-9,18.493242
-16,2,-6,17.204651
34,-25,-35,54.827001
-14,3,25,28.809721
55,18,5,58.086143
-50,9,-5,51.048996
2,2,6,6.633250
4,8,6,10.770330
-17,-3,2,17.378147
-32,-22,16,42.000000
0,1,21,21.023796
9,-45,20,50.059964
5,19,12,23.021729
7,-7,10,14.071247
10,-38,28,48.249352
9,-4,3,10.295630
2,-13,-15,19.949937
-13,23,8,27.604347
7,-4,-5,9.486833
-6,17,-33,37.603191
-1,-8,-13,15.297059
6,-8,8,12.806248
1,-31,-2,31.080541
9,-16,-15,23.706539
-35,31,20,50.852729
-1,24,-1,24.041631
12,10,12,19.697716
2,-4,-14,14.696938
-6,27,9,29.086079
6,-34,14,37.255872
3,-3,18,18.493242
8,-14,12,20.099751
12,9,-5,15.811388
14,-11,-9,19.949937
12,29,-13,33.970576
3,-8,-13,15.556349
17,-14,-3,22.226111
13,14,25,31.464265
-10,37,9,39.370039
-3,10,-19,21.679483
-7,3,-14,15.937377
-20,-14,2,24.494897
55,-19,-2,58.223707
-8,1,13,15.297059
-17,-12,-15,25.651511
-22,16,-2,27.276363
-4,3,3,5.830952
50,-1,-25,55.910643
-3,-19,4,19.646883
-12,5,-11,17.029386
2,10,-12,15.748016
-16,9,-17,25.019992
5,-17,28,33.136083
3,12,39,40.914545
-6,9,27,29.086079
16,-7,35,39.115214
21,-33,8,39.924930
-7,-23,-14,27.820855
-9,3,-30,31.464265
8,-1,-25,26.267851
-20,36,-28,49.799598
5,4,7,9.486833
-13,9,-30,33.911650
26,-30,-22,45.387223
-8,-4,-2,9.165151
18,-26,-16,35.440090
-10,-2,-20,22.449944
-9,8,-5,13.038405
36,-4,14,38.832976
12,9,23,27.459060
-25,10,-31,41.060930
-18,3,-7,19.544820
-9,18,-1,20.149442
-26,-31,3,40.570926
3,16,-21,26.570661
-13,-1,6,14.352700
-24,22,-8,33.526109
-23,-15,34,43.703547
12,8,4,14.966630
-24,-3,13,27.459060
-17,-5,-12,21.400935
-9,-10,-39,41.255303
1,1,-24,24.041631
-20,-2,14,24.494897
-10,7,5,13.190906
-16,18,-14,27.856777
-11,12,-1,16.309506
35,2,-29,45.497253
-16,-31,-1,34.899857
5,-30,23,38.131352
16,1,-9,18.384776
39,-15,-24,48.187135
-16,-20,-2,25.690465
-12,1,-23,25.961510
9,-9,-12,17.492856
7,-13,18,23.280893
-21,0,-7,22.135944
-15,-10,-1,18.055470
-20,-21,-15,32.649655
1,14,13,19.131126
10,7,-13,17.832555
32,-1,3,32.155870
-12,-13,23,29.017236
-21,-6,-13,25.416530
-12,-13,3,17.944358
9,8,-21,24.207437
9,15,20,26.570661
-13,12,-15,23.194827
13,-9,-14,21.118712
13,-10,-13,20.928450
-26,-35,19,47.560488
4,-15,11,19.026298
-3,4,13,13.928388
-9,-13,-12,19.849433
1,29,6,29.631065
12,9,23,27.459060
27,-14,11,32.341923
1,23,-4,23.366643
-29,38,-17,50.734604
23,13,-4,26.720778
3,-7,6,9.695360
19,26,-9,33.436507
10,-12,-34,37.416574
-38,9,3,39.166312
-28,-1,-13,30.886890
1,-31,-4,31.272992
23,5,-4,23.874673
4,-12,10,16.124515
2,-32,0,32.062439
22,-15,-23,35.185224
4,-32,-30,44.045431
14,-4,-14,20.199010
-17,9,8,20.832667
-8,20,-8,22.978251
15,-38,-7,41.448764
-5,5,10,12.247449
-6,-11,3,12.884099
35,15,-14,40.570926
8,1,1,8.124038
-1,-9,-52,52.782573
-19,-6,-25,31.968735
-8,22,0,23.409400
-9,-17,-14,23.790755
-12,-23,-15,29.966648
31,7,-6,32.341923
-1,-20,-5,20.639767
-18,-16,-16,28.913665
11,-12,-3,16.552945
15,8,-9,19.235384
-15,11,-8,20.248457
23,-24,-3,33.376639
15,7,26,30.822070
4,-16,6,17.549929
-20,7,19,28.460499
-12,5,39,41.109610
24,-2,30,38.470768
29,-19,-4,34.899857
-25,-10,-13,29.899833
-4,6,34,34.756294
1,-10,7,12.247449
-12,-27,-19,35.128336
23,-8,-23,33.496268
29,8,1,30.099834
14,-12,10,20.976177
36,9,27,45.891176
23,-33,-24,46.840154
33,-1,-18,37.603191
15,8,11,20.248457
-9,9,6,14.071247
-6,-28,34,44.452222
10,30,-2,31.685959
-6,-34,-2,34.583233
-6,0,-28,28.635642
21,-11,-14,27.531800
28,-1,41,49.658836
1,-10,-1,10.099505
15,11,0,18.601075
-16,-17,13,26.720778
5,-7,2,8.831761
-16,22,8,28.354894
-7,37,24,44.654227
-11,-23,12,28.178006
5,-17,-20,26.720778
-8,-7,5,11.747340
7,33,26,42.591079
4,4,10,11.489125
13,-11,-10,19.748418
-5,-8,-23,24.859606
23,-9,-4,25.019992
-32,-3,-9,33.376639
4,-25,27,37.013511
-9,-7,38,39.673669
5,13,-4,14.491377
-9,16,17,25.019992
-25,17,-26,39.874804
-10,-11,19,24.124676
-16,-17,-5,23.874673
25,6,11,27.964263
0,-21,-5,21.587033
-12,4,26,28.913665
-23,12,-21,33.376639
-1,40,-41,57.288742
-8,-4,-24,25.612497
-38,-6,10,39.749214
18,5,-7,19.949937
-25,10,23,35.411862
37,-3,6,37.603191
-2,3,9,9.695360
19,-1,-6,19.949937
-23,-12,-33,41.976184
42,-10,28,51.458721
15,3,8,17.262677
6,-7,-21,22.934690
-26,10,2,27.928480
-15,-5,-16,22.494444
18,-4,-12,22.000000
-10,1,-11,14.899664
18,-1,-23,29.223278
6,-2,14,15.362291
21,-3,2,21.307276
24,37,-53,68.949257
22,-1,11,24.617067
2,-26,-12,28.705400
47,-26,17,56.338264
-13,-18,-3,22.405357
21,-20,33,43.931765
1,10,1,10.099505
-18,18,-20,32.372828
-6,0,6,8.485281
-4,12,12,17.435596
11,25,16,31.654384
-3,-15,14,20.736441
-36,5,-15,39.319207
-35,-31,-4,46.925473
2,-27,-7,27.964263
16,-18,2,24.166092
20,-9,17,27.748874
26,-17,23,38.652296
0,-21,27,34.205263
1,2,13,13.190906
-1,7,-6,9.273618
-14,-8,-16,22.715633
30,-22,34,50.398413
16,-14,0,21.260292
-17,11,0,20.248457
6,27,23,35.972211
20,-23,1,30.495901
-8,-32,-4,33.226495
-26,8,8,28.354894
2,-42,8,42.801869
-1,-18,-13,22.226111
-4,-15,3,15.811388
14,24,-4,28.071338
-20,11,-3,23.021729
10,22,-18,30.133038
-21,9,16,27.892651
2,38,18,42.095130
-10,1,37,38.340579
-13,-45,20,50.931326
-6,-5,-21,22.405357
-2,-37,5,37.389838
12,-14,-6,19.390719
8,15,-11,20.248457
8,-26,-18,32.619013
-16,-3,-7,17.720045
8,19,-9,22.494444
15,2,9,17.606817
14,-7,41,43.886217
14,15,-13,24.289916
-1,22,7,23.108440
8,7,-21,23.537205
24,-25,5,35.014283
-6,36,-2,36.551334
-40,2,2,40.099875
4,-20,-10,22.715633
-4,1,-53,53.160135
30,16,-8,34.928498
1,-8,7,10.677078
6,23,-39,45.672749
-18,5,5,19.339080
1,-2,39,39.064050
-24,-23,-51,60.876925
-8,-5,-3,9.899495
1,-11,10,14.899664
7,13,26,29.899833
-11,-3,28,30.232433
-8,-9,-13,17.720045
43,17,-10,47.307505
2,-6,-32,32.619013
25,-34,1,42.213742
16,-35,7,39.115214
-1,-9,8,12.083046
4,-14,-2,14.696938
-4,2,6,7.483315
25,5,-34,42.497059
-15,12,-13,23.194827
15,-38,-47,62.273590
4,-63,7,63.513778
0,0,-4,4.000000
-7,-7,-42,43.150898
6,-32,8,33.526109
-4,-8,-16,18.330303
28,-17,17,36.905284
32,-8,26,42.000000
-44,23,9,50.457903
-7,-16,15,23.021729
-4,2,-26,26.381812
-12,10,-40,42.941821
-20,-14,-4,24.738634
19,-18,-21,33.555923
20,-26,12,34.928498
-6,15,37,40.373258
29,5,0,29.427878
4,-13,-35,37.549967
7,21,18,28.530685
-9,15,-2,17.606817
-8,-31,-1,32.031235
-19,6,-37,42.023803
-36,8,-20,41.952354
-18,-36,4,40.447497
-6,14,4,15.748016
-47,-30,3,55.839054
2,0,-14,14.142136
-5,15,4,16.309506
-3,16,-21,26.570661
-20,8,20,29.393877
24,10,-12,28.635642
-1,5,-28,28.460499
-17,35,-14,41.352146
16,23,9,29.427878
-7,-11,16,20.639767
20,-24,-8,32.249031
19,2,7,20.346990
30,-22,-8,38.052595
20,-24,-12,33.466401
-4,-31,15,34.669872
-10,-24,38,46.043458
-23,39,-20,49.497475
1,25,-4,25.337719
-7,15,4,17.029386
24,-19,-7,31.400637
0,-21,41,46.065171
16,-35,-15,41.303753
-3,2,-29,29.223278
3,-4,33,33.376639
6,0,6,8.485281
-48,17,9,51.710734
5,4,-7,9.486833
15,7,8,18.384776
-12,4,4,13.266499
3,-6,1,6.782330
23,-3,-4,23.537205
3,-2,15,15.427249
8,10,-24,27.202941
5,5,-18,19.339080
-33,18,-19,42.118879
18,-4,-4,18.867962
28,-2,-10,29.799329
-4,19,3,19.646883
-1,-33,-18,37.603191
22,-9,-39,45.672749
14,1,3,14.352700
-12,-19,-1,22.494444
14,14,12,23.151674
2,9,-9,12.884099
-18,-14,-2,22.891046
32,2,-8,33.045423
-16,25,-27,40.124805
30,10,-6,32.186954
-34,22,-14,42.848571
-2,-6,12,13.564660
20,-9,-13,25.495098
10,0,14,17.204651
-4,33,-5,33.615473
3,37,-10,38.444766
-3,24,-19,30.757113
-17,-37,26,48.311489
-14,9,-7,18.055470
12,0,32,34.176015
12,-4,2,12.806248
29,-32,23,48.928519
3,-35,-18,39.471509
14,-8,38,41.279535
8,-9,-9,15.033296
-7,1,10,12.247449
-1,28,19,33.852622
-13,1,16,20.639767
32,-10,16,37.148351
17,-16,7,24.372115
-6,-5,-7,10.488088
-15,-25,6,29.765752
-11,-6,13,18.055470
20,-13,21,31.780497
30,-22,2,37.255872
7,-28,9,30.232433
18,-10,42,46.776062
8,-14,-26,30.594117
-3,-29,-18,34.263683
17,4,53,55.803226
6,19,-11,22.759613
29,-8,-9,31.400637
-4,-14,26,29.799329
-4,17,-39,42.731721
-7,-9,12,16.552945
18,3,9,20.346990
-15,-12,5,19.849433
10,8,-8,15.099669
17,-7,-30,35.185224
-27,-10,3,28.948230
5,-12,13,18.384776
5,-17,-6,18.708287
-16,4,10,19.287302
-15,2,17,22.759613
1,-9,-16,18.384776
-8,10,-22,25.455844
-16,17,-7,24.372115
42,17,11,46.626173
-14,27,-1,30.430248
5,5,-12,13.928388
-30,24,12,40.249224
39,8,5,40.124805
11,-12,-3,16.552945
6,37,11,39.064050
2,-26,0,26.076810
9,3,4,10.295630
25,2,5,25.573424
-9,-2,1,9.273618
25,8,7,27.166155
-4,-21,23,31.400637
32,17,-5,36.578682
-34,7,-7,35.411862
-17,8,11,21.771541
15,-7,12,20.445048
-11,27,4,29.427878
-32,4,-6,32.802439
-20,-4,-10,22.715633
19,-1,2,19.131126
-24,7,5,25.495098
35,14,13,39.874804
9,4,-11,14.764823
-18,10,-2,20.688161
-7,-1,4,8.124038
-21,-25,16,36.359318
-8,10,8,15.099669
2,9,7,11.575837
-2,2,8,8.485281
17,17,14,27.820855
-11,-2,-17,20.346990
-47,-8,-7,48.187135
28,-2,6,28.705400
42,11,-11,44.788391
-24,-42,6,48.744230
-18,0,2,18.110770
23,-6,11,26.191602
5,27,6,28.106939
9,1,-12,15.033296
-4,-10,24,26.305893
1,16,-35,38.496753
-24,21,3,32.031235
-13,0,-7,14.764823
35,0,1,35.014283
-18,3,-23,29.359837
-31,5,28,42.071368
-6,-4,-8,10.770330
15,-6,-3,16.431677
0,12,8,14.422205
-19,-12,-11,25.019992
-31,14,-25,42.213742
15,23,10,29.223278
-28,4,-2,28.354894
-24,10,-6,26.683328
-36,-43,5,56.302753
35,-1,-18,39.370039
7,-4,-19,20.639767
50,-21,17,56.833089
-14,-4,-12,18.867962
-8,-18,-12,23.065125
13,-6,7,15.937377
51,-6,-17,54.092513
-13,-13,10,20.928450
-22,19,-31,42.497059
-14,-23,-15,30.822070
-14,15,5,21.118712
-18,-37,-27,49.213819
-12,31,19,38.288379
-6,-42,-20,46.904158
-9,20,7,23.021729
30,34,14,47.455242
26,-21,-7,34.146742
6,-4,4,8.246211
6,-3,-27,27.820855
-18,-51,-1,54.092513
20,21,-11,31.016125
-3,2,23,23.280893
16,-15,-1,21.954498
14,32,-16,38.418745
-44,-21,15,51.009803
20,-12,14,27.202941
4,24,-16,29.120440
9,-9,30,32.588341
-21,-12,-27,36.249138
51,1,-16,53.460266
-8,-1,25,26.267851
-28,-20,26,43.127717
17,-6,17,24.779023
28,9,5,29.832868
-16,13,-11,23.366643
-26,13,-3,29.223278
2,-8,22,23.494680
14,-10,16,23.494680
-9,15,-8,19.235384
17,-7,20,27.166155
4,19,-15,24.535688
-7,-3,-28,29.017236
18,1,-1,18.055470
14,-3,-33,35.972211
15,-22,29,39.370039
0,-25,41,48.020829
-26,-3,13,29.223278
17,59,-4,61.530480
17,7,-28,33.496268
17,-21,-6,27.676705
29,-8,17,34.554305
8,-31,-3,32.155870
17,16,-1,23.366643
8,10,18,22.090722
-17,-22,-25,37.389838
-12,1,-1,12.083046
-6,2,16,17.204651
5,-31,-6,31.968735
27,1,28,38.910153
6,26,16,31.112698
4,-11,7,13.638182
14,23,-23,35.411862
8,-9,-15,19.235384
22,-9,27,35.972211
16,-5,9,19.026298
1,21,-10,23.280893
-9,1,-22,23.790755
-10,7,3,12.569805
11,18,-57,60.778286
-19,11,-2,22.045408
-15,-11,-4,19.026298
18,-1,-3,18.275667
-9,-3,32,33.376639
-5,10,-9,14.352700
-8,0,20,21.540659
-16,0,2,16.124515
-1,22,9,23.790755
-26,-1,27,37.496667
-34,18,4,38.678159
-6,-6,30,31.176915
10,-4,20,22.715633
-5,-29,-26,39.268308
18,21,37,46.195238
19,-13,-16,28.035692
20,-24,-10,32.802439
11,7,2,13.190906
-4,-17,3,17.720045
1,15,-6,16.186414
-20,-27,3,33.734256
2,-46,-34,57.236352
-30,8,-8,32.062439
-7,12,-51,52.858301
-17,-32,25,44.022721
-12,-17,-13,24.535688
1,18,-5,18.708287
36,28,22,50.635956
56,-2,-24,60.959003
-19,-8,13,24.372115
17,9,14,23.790755
23,40,-39,60.415230
-20,18,-4,27.202941
-12,3,17,21.023796
-1,24,15,28.319605
-17,3,-14,22.226111
-18,-20,2,26.981475
-3,13,-2,13.490738
-3,-14,13,19.339080
38,5,-1,38.340579
-22,-3,-23,31.968735
-1,-52,1,52.019227
-1,-8,-21,22.494444
-6,7,-13,15.937377
-3,26,-9,27.676705
-25,11,12,29.832868
35,-16,9,39.522146
26,-27,7,38.131352
-9,-22,47,52.668776
23,-9,-16,29.427878
10,-3,-29,30.822070
-23,7,-22,32.588341
-21,11,-4,24.041631
-17,-1,0,17.029386
2,16,-4,16.613248
12,21,-5,24.698178
14,-8,-10,18.973666
2,-11,-17,20.346990
3,2,21,21.307276
3,2,1,3.741657
-7,-6,17,19.339080
-2,6,16,17.204651
9,-18,-17,26.343880
46,-11,3,47.391982
-9,6,-35,36.633318
-5,-22,-9,24.289916
34,3,3,34.263683
9,-4,-35,36.359318
-3,16,1,16.309506
-8,-6,-24,26.000000
19,8,3,20.832667
27,-22,25,42.871902
27,11,-48,56.160484
-25,-6,-23,34.496377
33,4,15,36.469165
-27,29,-16,42.731721
26,-19,21,38.444766
-13,-7,-16,21.771541
-7,-2,15,16.673332
7,-9,-8,13.928388
-28,-30,-2,41.085277
17,-5,-12,21.400935
4,9,-27,28.740216
2,-5,-9,10.488088
9,2,-19,21.118712
9,-21,-24,33.136083
-22,19,1,29.086079
-32,23,-5,39.724048
14,-29,9,33.436507
-4,5,-13,14.491377
10,5,-9,14.352700
9,4,1,9.899495
0,17,65,67.186308
-16,-45,-15,50.059964
-7,25,-14,29.495762
8,-15,9,19.235384
9,-7,4,12.083046
-3,-14,9,16.911535
-16,3,11,19.646883
1,28,-11,30.099834
27,19,6,33.555923
-15,-4,11,19.026298
17,12,11,23.537205
8,2,4,9.165151
-25,10,9,28.390139
-22,2,12,25.139610
31,-4,27,41.303753
7,-3,6,9.695360
-45,0,-23,50.537115
-21,5,10,23.790755
8,4,28,29.393877
-6,-15,25,29.765752
-38,21,-13,45.321077
-23,15,10,29.223278
-8,1,37,37.868192
-26,2,10,27.928480
7,-23,8,25.337719
18,-31,-5,36.193922
-8,-8,-22,24.738634
-6,0,16,17.088007
-6,-7,3,9.695360
10,9,-9,16.186414
6,9,-39,40.472213
-6,-3,31,31.717503
5,4,-31,31.654384
-26,26,-10,38.105118
-11,28,-7,30.886890
-7,20,-3,21.400935
-22,28,-28,45.299007
0,-9,9,12.727922
-24,13,-1,27.313001
7,-31,-24,39.824616
-22,49,43,68.804070
1,-3,-32,32.155870
-5,-13,18,22.759613
1,-4,19,19.442222
3,29,-12,31.527766
18,4,-10,20.976177
25,25,-12,37.336309
9,-37,-18,42.118879
-6,-9,-5,11.916375
4,-24,-10,26.305893
-4,-23,15,27.748874
4,-18,-4,18.867962
20,27,-27,43.104524
-33,-1,-8,33.970576
26,-40,18,50.990195
11,18,29,35.860842
-20,19,-27,38.600518
36,20,6,41.617304
-8,-1,-17,18.814888
3,-2,5,6.164414
-1,-5,-12,13.038405
16,-9,1,18.384776
4,-7,-17,18.814888
7,8,-19,21.771541
-21,20,-39,48.600412
37,13,-12,41.012193
10,-2,-4,10.954451
-25,-31,6,40.274061
-3,2,-3,4.690416
17,10,13,23.622024
33,-11,-10,36.193922
-28,-18,32,46.173586
24,-20,-8,32.249031
-22,39,23,50.338852
-39,6,-11,40.963398
21,8,1,22.494444
22,-17,-19,33.674916
-6,-37,-27,46.195238
26,-7,1,26.944387
29,-3,-8,30.232433
-7,-23,48,53.684262
30,-20,-10,37.416574
-4,20,20,28.565714
-4,-20,8,21.908902
-2,-24,-8,25.377155
18,1,-5,18.708287
26,-17,-3,31.208973
-36,7,23,43.289722
-35,0,-7,35.693137
3,6,-5,8.366600
12,-4,-4,13.266499
-8,1,9,12.083046
-20,-7,-19,28.460499
22,-20,28,40.841156
1,11,6,12.569805
7,10,3,12.569805
10,-3,3,10.862780
16,15,-9,23.706539
17,-16,-17,28.879058
11,-31,-16,36.578682
-5,10,-13,17.146428
-14,-6,22,26.758176
-16,6,4,17.549929
12,-35,3,37.121422
33,12,5,35.468296
17,-18,-7,25.729361
-7,20,9,23.021729
-16,-3,3,16.552945
17,-14,-39,44.788391
7,9,-6,12.884099
-15,-20,-7,25.961510
-7,9,12,16.552945
16,-15,7,23.021729
18,36,6,40.693980
-7,12,-15,20.445048
25,-35,-16,45.891176
-23,-4,-9,25.019992
29,10,21,37.175261
6,15,17,23.452079
7,-16,7,18.814888
-34,0,-10,35.440090
-18,15,-9,25.099801
-13,-4,-17,21.771541
-13,10,-23,28.248894
13,-10,-33,36.851052
-21,-4,27,34.438351
2,-10,-12,15.748016
-4,14,-8,16.613248
-50,-4,-10,51.146847
0,-38,-8,38.832976
37,-33,8,50.219518
-57,4,3,57.218878
-17,22,31,41.641326
-2,36,-8,36.932371
21,-19,-2,28.390139
-36,7,-15,39.623226
3,33,44,55.081757
-15,-13,4,20.248457
6,13,3,14.628739
-14,24,0,27.784888
-7,15,-4,17.029386
-17,-13,14,25.573424
-12,16,16,25.612497
11,-31,16,36.578682
17,25,12,32.526912
-4,4,2,6.000000
-16,17,27,35.693137
11,2,39,40.570926
-2,-55,-13,56.550862
1,-15,14,20.542639
-19,10,9,23.280893
16,0,10,18.867962
2,-18,-2,18.220867
24,-7,15,29.154759
2,-9,-29,30.430248
23,12,-7,26.870058
12,-1,-21,24.207437
29,-34,-13,46.540305
17,32,-29,46.411206
-6,8,0,10.000000
20,-17,-17,31.272992
-8,12,-4,14.966630
-38,15,5,41.158231
8,14,-22,27.276363
-10,7,-7,14.071247
-12,-4,38,40.049969
24,-14,-24,36.715120
-8,-27,1,28.178006
-20,0,-8,21.540659
40,-11,-5,41.785165
-27,-1,-8,28.178006
8,20,6,22.360680
-3,-9,20,22.135944
4,-16,-22,27.495454
-21,2,-19,28.390139
5,-13,10,17.146428
-19,-10,-9,23.280893
13,-4,-17,21.771541
-30,1,29,41.737274
-28,6,2,28.705400
-17,1,2,17.146428
1,14,-5,14.899664
0,-12,4,12.649111
-1,23,-12,25.961510
-34,14,-40,54.332311
8,40,10,42.000000
-23,-30,19,42.308392
-12,0,-20,23.323808
-9,-5,-14,17.378147
-9,-8,9,15.033296
-23,-20,-25,39.420807
13,24,29,39.824616
19,-16,9,26.419690
-11,-10,-23,27.386128
6,11,-5,13.490738
-4,-26,0,26.305893
-32,3,-3,32.280025
-3,-8,7,11.045361
-1,7,-26,26.944387
-5,-40,-7,40.914545
33,4,-33,46.840154
-22,-3,-7,23.280893
7,16,11,20.639767
-5,11,-10,15.684387
12,-26,-2,28.705400
9,-38,-3,39.166312
-4,0,-16,16.492423
7,-6,43,43.977267
-6,-7,-43,43.977267
13,-38,29,49.537864
31,30,43,60.909769
7,-4,-19,20.639767
15,30,15,36.742346
24,-9,-13,28.740216
1,8,-21,22.494444
-25,-12,1,27.748874
7,-14,11,19.131126
29,20,35,49.658836
-1,-21,-4,21.400935
1,-32,-1,32.031235
22,-14,4,26.381812
-6,26,0,26.683328
-14,6,-10,18.220867
21,-4,9,23.194827
-11,-40,35,54.277067
7,-9,22,24.779023
-19,-17,-14,29.086079
-13,13,18,25.729361
-6,24,-14,28.425341
-20,-8,14,25.690465
-20,-4,8,21.908902
-14,-24,20,34.234486
14,-3,-7,15.937377
5,-16,15,22.494444
-6,-7,-13,15.937377
-16,20,22,33.763886
8,-4,16,18.330303
-5,-27,10,29.223278
3,26,29,39.064050
-9,17,0,19.235384
38,35,29,59.245253
-14,-15,-5,21.118712
5,13,2,14.071247
-13,2,27,30.033315
-22,-11,-15,28.809721
-13,-7,-4,15.297059
13,26,-1,29.086079
33,-9,-2,34.263683
16,3,-29,33.256578
50,-9,5,51.048996
-13,4,-13,18.814888
-17,-14,-21,30.430248
45,6,25,51.826634
10,34,-12,37.416574
26,45,-13,53.572381
-10,12,-8,17.549929
1,-12,-3,12.409674
17,27,-14,34.842503
-35,12,1,37.013511
14,1,29,32.218007
16,-18,6,24.819347
-11,-13,4,17.492856
-18,-18,32,40.890097
-15,-20,3,25.179357
-17,3,-2,17.378147
7,0,13,14.764823
-14,16,14,25.455844
19,27,-4,33.256578
-34,-15,-9,38.236109
-18,-20,-26,37.416574
18,-16,-26,35.440090
-6,6,8,11.661904
0,-36,-26,44.407207
-24,-40,-14,48.703183
19,2,5,19.748418
-20,-23,31,43.474130
-7,-23,8,25.337719
-23,-3,18,29.359837
-16,-18,-6,24.819347
11,-9,-16,21.400935
-19,16,3,25.019992
7,6,-3,9.695360
-9,38,25,46.368092
-1,0,21,21.023796
-8,-27,1,28.178006
-16,15,17,27.748874
-20,5,17,26.720778
13,-11,24,29.427878
-36,14,-8,39.446166
18,30,-24,42.426407
-10,3,-13,16.673332
-20,-22,-24,38.209946
-24,-4,-12,27.129320
-4,-11,9,14.764823
25,30,-19,43.428102
-8,7,11,15.297059
-3,4,-23,23.537205
-14,-4,-16,21.633308
13,16,-43,47.686476
19,5,20,28.035692
9,43,0,43.931765
18,14,8,24.166092
-4,15,-7,17.029386
-20,-11,3,23.021729
-31,-36,-15,49.819675
14,28,-2,31.368774
-6,-43,-7,43.977267
9,-1,-8,12.083046
37,20,-19,46.151923
-27,2,-5,27.531800
22,2,14,26.153394
-24,7,33,41.400483
38,-9,29,48.641546
-1,18,-13,22.226111
-11,16,11,22.315914
9,-13,14,21.118712
-7,-23,16,28.879058
28,12,24,38.781439
50,5,7,50.734604
9,24,-3,25.806976
14,16,-30,36.769553
5,19,-8,21.213203
10,17,27,33.436507
26,5,25,36.414283
6,27,-3,27.820855
14,-18,12,25.768197
-3,-22,1,22.226111
15,-2,-21,25.884358
0,-24,-6,24.738634
0,10,6,11.661904
32,-16,-14,38.418745
-34,2,4,34.292856
-10,12,10,18.547237
11,2,35,36.742346
1,28,-9,29.427878
-2,30,-4,30.331502
-3,-4,-7,8.602325
2,22,16,27.276363
9,26,9,28.948230
-7,-7,-24,25.961510
24,-1,3,24.207437
6,23,-15,28.106939
29,-27,10,40.865633
3,-13,16,20.832667
6,-8,16,18.867962
6,6,-18,19.899749
-28,-13,-11,32.771939
11,2,-25,27.386128
-15,25,2,29.223278
-26,-2,-18,31.685959
1,9,-14,16.673332
-14,6,30,33.645208
-5,7,4,9.486833
23,10,-3,25.258662
-9,4,15,17.944358
-7,12,5,14.764823
-1,-6,11,12.569805
-4,-10,2,10.954451
29,4,-9,30.626786
1,-2,37,37.067506
24,-6,-8,26.000000
5,16,-41,44.294469
0,1,13,13.038405
36,16,2,39.446166
-7,8,-11,15.297059
23,1,-20,30.495901
-5,-10,7,13.190906
22,-5,27,35.185224
9,29,10,31.968735
8,-1,25,26.267851
24,1,-5,24.535688
20,-31,45,58.189346
7,13,4,15.297059
17,-18,7,25.729361
12,-16,2,20.099751
2,35,13,37.389838
-4,-9,15,17.944358
-12,6,4,14.000000
4,-5,3,7.071068
3,-16,-9,18.601075
4,-1,-5,6.480741
2,14,26,29.597297
-1,-10,3,10.488088
-17,23,4,28.879058
20,10,-24,32.802439
-7,7,-2,10.099505
-44,21,11,49.979996
18,1,15,23.452079
10,-13,23,28.248894
19,-32,-5,37.549967
22,5,-15,27.092434
1,-34,-15,37.175261
-40,28,-10,49.839743
-25,-34,-13,44.158804
-10,7,9,15.165751
-13,42,-13,45.847574
11,-8,-3,13.928388
-12,-31,5,33.615473
-61,-6,-19,64.171645
-29,-23,-16,40.323690
12,14,-18,25.768197
19,16,1,24.859606
-28,-6,2,28.705400
17,7,10,20.928450
-6,7,-13,15.937377
-8,-13,-13,20.049938
6,-11,5,13.490738
-15,1,18,23.452079
7,12,-5,14.764823
-4,29,-1,29.291637
-15,-24,-21,35.242020
11,-27,-12,31.527766
-13,-1,14,19.131126
29,46,29,61.627916
-4,-21,1,21.400935
-24,11,-43,50.457903
30,22,10,38.522721
-6,6,-8,11.661904
-15,10,-55,57.879185
21,16,15,30.364453
-27,4,-3,27.459060
13,24,5,27.748874
11,-16,-29,34.899857
-3,-31,0,31.144823
26,11,-5,28.670542
-2,-17,21,27.092434
10,-36,6,37.841776
27,-13,10,31.591138
20,-5,3,20.832667
19,-13,62,66.136223
12,6,-34,36.551334
-13,5,18,22.759613
-22,-10,6,24.899799
6,-8,-26,27.856777
-18,-2,-10,20.688161
0,-4,-32,32.249031
-3,20,-17,26.419690
-1,-16,-15,21.954498
7,-5,2,8.831761
6,-32,-18,37.202150
-16,-2,6,17.204651
3,21,2,21.307276
-16,30,2,34.058773
3,-3,-8,9.055385
1,-3,2,3.741657
-3,-5,28,28.600699
15,-10,5,18.708287
7,-8,41,42.355637
-10,-20,18,28.705400
15,21,12,28.460499
17,31,-28,45.099889
15,2,-1,15.165751
-5,35,16,38.807216
-13,17,-24,32.155870
0,-6,-38,38.470768
29,-3,-12,31.527766
-7,-26,-23,35.411862
26,-4,-16,30.789609
-25,28,37,52.706736
18,18,-12,28.142495
-9,-25,22,34.496377
1,1,-28,28.035692
-3,-19,-14,23.790755
-10,0,24,26.000000
-24,40,-2,46.690470
0,19,21,28.319605
-2,-15,9,17.606817
-5,-10,37,38.652296
-28,-13,-17,35.242020
3,-7,24,25.179357
-16,22,-38,46.733286
-12,-40,-2,41.809090
37,19,-4,41.785165
-11,-3,-16,19.646883
-11,-30,25,40.570926
4,-14,4,15.099669
2,12,-36,38.000000
11,24,-25,36.359318
-19,-10,-9,23.280893
3,-23,12,26.115130
23,-31,0,38.600518
-7,5,26,27.386128
-4,6,-14,15.748016
-9,-17,4,19.646883
13,-3,4,13.928388
14,9,21,26.795522
-26,25,-5,36.414283
17,-39,2,42.591079
-13,-25,-8,29.291637
-11,-8,3,13.928388
-2,18,24,30.066593
8,6,2,10.198039
18,-15,13,26.795522
4,-3,5,7.071068
-3,-1,26,26.191602
-6,-5,23,24.289916
2,-8,2,8.485281
10,7,-19,22.583180
-16,28,24,40.199502
-3,-8,1,8.602325
-2,-8,-32,33.045423
-30,-16,10,35.440090
-7,-10,5,13.190906
0,-4,32,32.249031
-20,-6,-18,27.568098
-20,22,6,30.331502
2,-23,21,31.208973
5,21,10,23.790755
-16,1,17,23.366643
-8,-5,-13,16.062378
-11,-12,-19,25.019992
2,13,9,15.937377
11,-9,-14,19.949937
15,-5,0,15.811388
-23,45,-6,50.892043
-38,52,4,64.529063
4,23,-29,37.229021
-9,-40,5,41.303753
-9,-18,3,20.346990
1,8,-5,9.486833
-2,-1,-3,3.741657
-30,-31,5,43.428102
2,5,-1,5.477226
14,-19,13,26.944387
31,7,4,32.031235
-5,29,6,30.033315
5,20,7,21.771541
-17,-10,25,31.843367
-22,-10,32,40.099875
-5,25,-30,39.370039
13,10,-25,29.899833
12,-18,18,28.142495
6,-41,9,42.402830
-32,11,5,34.205263
-13,-34,17,40.174619
20,21,17,33.615473
13,36,-5,38.600518
12,15,1,19.235384
14,-12,30,35.213634
-12,9,25,29.154759
6,2,30,30.659419
15,16,-39,44.743715
5,5,16,17.492856
16,-16,10,24.738634
-18,32,6,37.202150
11,-14,9,19.949937
-17,-19,-16,30.099834
-16,-3,-21,26.570661
26,13,-9,30.430248
-11,-12,-3,16.552945
5,-2,9,10.488088
-4,3,-23,23.537205
-51,6,-17,54.092513
-6,-5,19,20.542639
-39,10,-35,53.347915
25,15,-6,29.765752
8,-8,10,15.099669
-18,-7,-13,23.280893
3,3,28,28.319605
-11,34,33,48.641546
8,-4,-2,9.165151
-27,-3,4,27.459060
5,-21,-8,23.021729
0,-30,-28,41.036569
-9,0,-7,11.401754
-25,10,-23,35.411862
4,25,-23,34.205263
0,-14,-2,14.142136
24,33,-5,41.109610
14,-10,-24,29.529646
54,-29,-31,68.687699
4,-6,38,38.678159
-32,13,-19,39.420807
14,-4,8,16.613248
10,1,-9,13.490738
-24,-2,-8,25.377155
31,27,32,52.096065
-10,-14,2,17.320508
-9,16,5,19.026298
9,-29,14,33.436507
9,-13,-4,16.309506
10,33,3,34.612137
-13,-10,7,17.832555
-9,-26,43,51.048996
13,-11,12,20.832667
3,-11,24,26.570661
22,-8,-10,25.455844
13,-5,-2,14.071247
5,-37,12,39.217343
27,-16,-1,31.400637
8,7,37,38.496753
-15,7,-8,18.384776
12,2,12,17.088007
-7,2,9,11.575837
11,6,-9,15.427249
8,-8,-4,12.000000
-21,-22,5,30.822070
-26,-12,4,28.913665
-14,-10,34,38.105118
26,10,-26,38.105118
25,-8,-29,39.115214
-4,-20,8,21.908902
-5,8,-19,21.213203
0,1,13,13.038405
-11,5,0,12.083046
6,-3,15,16.431677
-7,-3,44,44.654227
15,4,-25,29.427878
8,-1,1,8.124038
-9,12,-13,19.849433
1,6,11,12.569805
15,13,2,19.949937
-1,28,13,30.886890
23,5,-20,30.886890
-26,-31,7,41.060930
2,3,-35,35.185224
15,5,-16,22.494444
-8,-16,20,26.832816
-8,6,28,29.732137
-7,29,2,29.899833
-15,-4,11,19.026298
-5,16,13,21.213203
-25,26,5,36.414283
14,-16,-4,21.633308
10,-9,-17,21.679483
5,-9,4,11.045361
3,5,10,11.575837
-24,16,20,35.099858
0,-8,-18,19.697716
12,-10,16,22.360680
23,15,-22,35.185224
5,57,-18,59.983331
20,16,22,33.763886
-1,3,4,5.099020
18,-29,-5,34.496377
-25,21,-14,35.524639
-34,7,13,37.067506
-15,9,-22,28.106939
19,34,13,41.060930
-3,15,26,30.166206
-22,-18,22,35.944402
23,-25,-8,34.899857
30,-6,6,31.176915
3,-2,29,29.223278
10,-7,3,12.569805
7,23,6,24.779023
20,-7,-27,34.322005
0,-15,11,18.601075
18,-29,-3,34.263683
-45,-12,7,47.095647
22,17,3,27.964263
-39,9,-40,56.586217
-5,-1,10,11.224972
43,7,10,44.698993
12,-6,-8,15.620499
-2,4,52,52.191953
-6,-1,-17,18.055470
-15,-19,-10,26.191602
-28,-24,30,47.539457
-31,-5,4,31.654384
9,19,4,21.400935
12,-9,5,15.811388
1,5,22,22.583180
-14,-1,-19,23.622024
-11,-16,-25,31.654384
-1,-42,25,48.887626
-23,4,5,23.874673
19,24,1,30.626786
0,18,-18,25.455844
3,-7,20,21.400935
-29,-16,35,48.187135
-4,33,13,35.693137
17,-27,8,32.893768
3,24,-29,37.762415
-1,0,13,13.038405
4,5,-7,9.486833
-4,2,8,9.165151
3,-2,25,25.258662
-39,0,-9,40.024992
13,8,-15,21.400935
-3,-24,-41,47.602521
19,21,4,28.600699
7,-17,20,27.166155
0,8,10,12.806248
-24,4,-24,34.176015
-13,-10,5,17.146428
14,-17,11,24.617067
-30,-36,6,47.244047
-14,2,-16,21.354157
29,-7,22,37.067506
-6,-12,2,13.564660
4,-19,-3,19.646883
8,8,-18,21.260292
-35,21,10,42.023803
28,-4,6,28.913665
-34,-29,-17,47.812132
20,-18,-2,26.981475
10,45,-23,51.516987
-24,-55,7,60.415230
27,2,-3,27.239677
10,-33,3,34.612137
15,-5,-4,16.309506
-9,-18,-17,26.343880
10,4,-22,24.494897
-12,1,-9,15.033296
-4,5,-33,33.615473
-14,20,-26,35.665109
-7,-11,-2,13.190906
-11,-3,6,12.884099
0,6,-28,28.635642
10,-3,3,10.862780
9,-19,-12,24.207437
-20,-2,-6,20.976177
23,15,-32,42.166337
9,-34,31,46.882833
-9,-15,-20,26.570661
-3,-15,18,23.622024
-7,-15,16,23.021729
0,-7,3,7.615773
17,17,4,24.372115
11,10,19,24.124676
0,20,-4,20.396078
5,12,25,28.178006
1,27,-20,33.615473
13,-1,14,19.131126
-6,23,-27,35.972211
4,12,8,14.966630
-26,18,0,31.622777
3,7,-8,11.045361
26,7,3,27.092434
12,3,5,13.341664
-23,26,-9,35.860842
7,-21,-14,26.191602
18,-6,-24,30.594117
-22,11,5,25.099801
5,32,-25,40.914545
-14,18,-6,23.579652
-12,11,7,17.720045
-7,-21,8,23.537205
-9,-15,2,17.606817
30,14,10,34.583233
11,24,-5,26.870058
-19,-19,28,38.807216
14,-19,17,29.086079
1,-26,-19,32.218007
11,-3,2,11.575837
25,10,3,27.092434
-18,-4,-18,25.768197
20,11,5,23.366643
10,-3,-31,32.710854
10,-24,14,29.529646
-12,-7,-15,20.445048
8,2,4,9.165151
-3,1,-32,32.155870
-4,25,17,30.495901
-12,-10,-16,22.360680
13,-23,12,29.017236
-2,-67,-3,67.096945
20,5,-15,25.495098
1,11,0,11.045361
-18,-8,14,24.166092
6,-35,-5,35.860842
19,5,20,28.035692
9,-11,-2,14.352700
-18,21,-17,32.465366
3,-15,18,23.622024
13,-14,9,21.118712
12,0,36,37.947332
16,-21,29,39.217343
4,-14,0,14.560220
-11,-19,-6,22.759613
43,-16,5,46.151923
-7,21,-48,52.858301
18,11,-7,22.226111
9,-11,-28,31.400637
-16,25,27,40.124805
-30,-6,-14,33.645208
14,2,14,19.899749
-2,12,-6,13.564660
4,-7,-5,9.486833
-10,23,-19,31.464265
7,16,-15,23.021729
11,4,-15,19.026298
-7,-5,10,13.190906
-24,-1,-21,31.906112
7,19,-6,21.118712
4,-19,-21,28.600699
-9,-29,0,30.364453
13,-10,-7,17.832555
-21,-43,16,50.457903
-28,-10,8,30.789609
17,11,-16,25.806976
3,-4,-13,13.928388
30,17,1,34.496377
7,-10,15,19.339080
1,-7,10,12.247449
-10,17,-9,21.679483
-22,1,13,25.573424
-16,-2,-14,21.354157
27,-7,28,39.522146
-23,4,-5,23.874673
-38,11,5,39.874804
26,10,-12,30.331502
3,11,-22,24.779023
1,-12,7,13.928388
28,26,20,43.127717
-15,-13,-2,19.949937
-14,4,-2,14.696938
-21,-34,21,45.144213
-12,29,13,33.970576
-8,-19,-5,21.213203
23,1,20,30.495901
-1,8,37,37.868192
-21,0,15,25.806976
7,-13,14,20.346990
-3,-16,13,20.832667
-12,39,-5,41.109610
9,0,-15,17.492856
27,-5,-26,37.815341
31,-11,-12,35.014283
27,-4,-19,33.256578
17,-5,-8,19.442222
-9,-1,18,20.149442
55,31,-4,63.261363
24,36,-38,57.584720
-3,-7,12,14.212670
29,14,-43,53.721504
-4,-4,-10,11.489125
9,36,-17,40.816663
-8,-25,11,28.460499
10,25,-13,29.899833
-12,0,16,20.000000
2,-43,49,65.222695
-1,39,-20,43.840620
14,-37,17,43.058100
-8,-2,24,25.377155
-7,-10,-27,29.631065
-28,-15,-9,33.015148
-39,-7,40,56.302753
-3,0,1,3.162278
-8,-6,6,11.661904
-12,-17,-23,31.016125
-30,1,11,31.968735
2,-19,-15,24.289916
-15,2,-9,17.606817
14,20,-40,46.861498
3,-28,13,31.016125
19,-3,18,26.343880
-4,-40,14,42.567593
-15,-12,27,33.136083
20,-20,-14,31.559468
5,31,-20,37.229021
22,1,-15,26.645825
9,2,13,15.937377
18,12,4,22.000000
-1,22,17,27.820855
51,25,2,56.833089
23,1,18,29.223278
16,-24,6,29.461840
-2,6,30,30.659419
-12,-37,15,41.689327
-16,27,-7,32.155870
-3,-3,-28,28.319605
-1,13,-2,13.190906
26,28,-8,39.038443
16,4,0,16.492423
-14,-21,13,28.390139
1,-26,-15,30.033315
-4,30,6,30.854497
4,25,17,30.495901
-31,-6,29,42.871902
-10,12,-4,16.124515
-1,9,18,20.149442
6,-1,-7,9.273618
19,-4,25,31.654384
4,-3,-5,7.071068
30,-31,15,45.672749
-25,19,4,31.654384
-23,-5,-2,23.622024
5,2,15,15.937377
11,-11,-14,20.928450
8,0,-10,12.806248
-16,-42,14,47.074409
5,-9,12,15.811388
-12,17,17,26.870058
13,6,-3,14.628739
8,-22,16,28.354894
-34,-2,26,42.848571
2,4,-8,9.165151
16,-13,15,25.495098
3,-18,13,22.405357
-28,-56,-18,65.145990
-8,36,-2,36.932371
-17,14,-15,26.645825
29,22,-9,37.496667
-21,28,1,35.014283
22,0,-10,24.166092
-11,18,-5,21.679483
13,21,-14,28.390139
-24,1,11,26.419690
10,-13,-33,36.851052
-5,-23,4,23.874673
27,-26,-23,43.977267
-4,51,-3,51.244512
32,-9,-1,33.256578
2,20,-20,28.354894
15,4,-5,16.309506
-20,9,-9,23.706539
-5,16,-1,16.792856
28,29,15,43.011626
19,21,42,50.655701
-23,-6,17,29.223278
-6,-5,9,11.916375
20,-15,19,31.400637
9,-13,10,18.708287
-18,5,-7,19.949937
9,2,25,26.645825
4,26,-6,26.981475
9,2,-13,15.937377
-2,24,14,27.856777
-7,13,20,24.859606
5,-22,15,27.092434
-11,33,-16,38.288379
2,14,-2,14.282857
11,10,13,19.748418
10,-22,-6,24.899799
33,-30,17,47.728398
-7,13,2,14.899664
21,5,-22,30.822070
-18,5,-19,26.645825
-2,-15,3,15.427249
-8,15,-1,17.029386
-27,-6,9,29.086079
-1,4,9,9.899495
-6,10,4,12.328828
16,28,8,33.226495
13,-8,33,36.359318
13,22,9,27.092434
26,17,-1,31.080541
3,10,29,30.822070
20,-10,4,22.715633
-43,13,10,46.021734
-3,7,-6,9.695360
12,-27,5,29.966648
23,-30,31,48.887626
-44,6,-22,49.558047
-33,-16,13,38.910153
12,25,15,31.527766
34,-23,-27,49.132474
-19,-34,1,38.961519
-2,-13,-17,21.494185
-10,2,28,29.799329
-24,-5,-27,36.469165
32,2,-26,41.279535
-14,25,-11,30.692019
-20,4,0,20.396078
-30,-27,-7,40.963398
-11,-3,-18,21.307276
-16,-40,-12,44.721360
40,9,-3,41.109610
20,-23,-11,32.403703
5,-19,-18,26.645825
-31,17,22,41.641326
-23,-5,-26,35.071356
1,8,11,13.638182
-18,45,-33,58.634461
49,-44,13,67.126746
18,-5,33,37.920970
16,-17,-41,47.180504
-9,-17,-14,23.790755
-4,17,-9,19.646883
0,7,-13,14.764823
-24,-5,7,25.495098
-20,-12,4,23.664319
19,-36,-1,40.718546
-11,-13,-22,27.820855
-19,-3,-12,22.671568
-5,-18,5,19.339080
-32,25,11,42.071368
-13,-32,-11,36.249138
-3,9,-14,16.911535
15,-10,11,21.118712
5,-17,10,20.346990
18,3,11,21.307276
19,1,40,44.294469
10,2,0,10.198039
30,-37,-5,47.895720
-9,-23,-40,47.010637
-32,8,-26,42.000000
-16,-33,3,36.796739
-13,20,-1,23.874673
12,-10,6,16.733201
0,-10,-24,26.000000
-19,14,-23,32.954514
19,16,3,25.019992
17,-8,1,18.814888
-29,4,19,34.899857
-23,-34,17,44.429720
-18,-25,9,32.093613
-1,-10,17,19.748418
16,-29,17,37.229021
-13,20,-9,25.495098
-5,-23,18,29.631065
6,2,6,8.717798
5,20,25,32.403703
-15,4,7,17.029386
17,-13,6,22.226111
-2,-26,-10,27.928480
5,-36,-19,41.012193
-19,-57,22,63.984373
6,-34,52,62.417946
-26,3,9,27.676705
20,12,-18,29.461840
-29,28,17,43.749286
3,-5,-52,52.325902
4,-19,35,40.024992
-6,-44,-18,47.916594
-21,-35,8,41.593269
13,-7,8,16.792856
14,9,29,33.436507
6,-18,16,24.819347
-13,-9,4,16.309506
3,4,-3,5.830952
-16,-15,5,22.494444
25,-19,30,43.428102
29,4,-25,38.496753
-5,49,-42,64.730209
-10,24,-36,44.407207
-16,11,-3,19.646883
22,-8,16,28.354894
28,-2,12,30.528675
-15,3,6,16.431677
-1,-3,0,3.162278
48,-24,-4,53.814496
-14,-12,12,22.000000
10,-10,-8,16.248077
27,35,48,65.253352
-4,-57,25,62.369865
-5,25,-6,26.191602
-17,-1,-6,18.055470
-2,-36,10,37.416574
17,-9,-14,23.790755
-10,-20,6,23.151674
-13,2,-1,13.190906
-1,-21,6,21.863211
-1,9,14,16.673332
1,-52,-9,52.782573
-6,9,11,15.427249
-44,-19,25,54.055527
12,2,-20,23.409400
-57,10,-7,58.292367
-16,22,38,46.733286
2,-29,-1,29.086079
-21,-20,-3,29.154759
-51,10,11,53.122500
-4,29,11,31.272992
-2,35,-9,36.193922
36,6,0,36.496575
21,31,10,38.755645
-7,15,-20,25.961510
-26,-9,-11,29.631065
-29,-13,-8,32.771939
25,10,-7,27.820855
-15,-11,-24,30.364453
-15,-20,9,26.570661
-20,-3,-5,20.832667
10,34,-38,51.961524
2,2,-36,36.110940
-6,27,45,52.820451
-3,-3,6,7.348469
-41,31,-30,59.514704
-13,9,-8,17.720045
-13,-6,-9,16.911535
-12,4,-4,13.266499
6,-29,31,42.871902
-20,-7,27,34.322005
-11,21,0,23.706539
-10,3,5,11.575837
4,-1,11,11.747340
-6,-12,18,22.449944
-26,-17,-13,33.674916
-3,-26,-25,36.193922
-12,-23,-19,32.155870
26,-27,5,37.815341
16,31,15,37.973675
3,5,4,7.071068
-1,-7,-6,9.273618
1,-14,-3,14.352700
-21,1,10,23.280893
28,25,-11,39.115214
-11,-19,18,28.390139
14,15,-9,22.405357
-6,-5,1,7.874008
13,-3,8,15.556349
23,15,-4,27.748874
-14,-11,29,34.029399
-6,9,-9,14.071247
37,18,-9,42.118879
-7,-18,11,22.226111
25,-2,25,35.411862
12,11,-9,18.601075
0,-16,16,22.627417
8,-52,-30,60.564016
-14,0,-26,29.529646
-39,7,-12,41.400483
-1,3,-12,12.409674
-1,-9,16,18.384776
-13,35,2,37.389838
-6,27,35,44.609416
-13,10,27,31.591138
-12,24,-8,28.000000
-8,-7,5,11.747340
4,11,27,29.427878
-14,-3,9,16.911535
13,-4,-7,15.297059
28,-11,11,32.031235
-17,-8,-9,20.832667
-11,-29,-8,32.031235
-34,1,13,36.414283
-5,8,21,23.021729
13,9,-16,22.494444
-2,21,-21,29.765752
21,-18,-1,27.676705
-8,13,23,27.604347
16,18,2,24.166092
17,10,-17,26.038433
4,-10,20,22.715633
20,13,3,24.041631
4,14,0,14.560220
-32,-37,-3,49.010203
-14,17,33,39.673669
-14,46,-14,50.079936
7,-20,7,22.315914
-12,2,-10,15.748016
4,26,4,26.608269
21,59,12,63.765194
11,30,-23,39.370039
7,-2,-37,37.709415
-10,43,3,44.249294
4,-14,16,21.633308
-6,-5,-1,7.874008
-6,5,-37,37.815341
5,16,-33,37.013511
-6,4,8,10.770330
10,-21,19,30.033315
16,-5,-11,20.049938
12,-7,-5,14.764823
13,1,10,16.431677
-12,-15,-11,22.135944
17,12,-29,35.693137
-15,-27,2,30.951575
-17,-17,-12,26.870058
-1,-1,20,20.049938
-20,4,-14,24.738634
18,25,-5,31.208973
1,-1,0,1.414214
-3,-12,-29,31.527766
4,15,-11,19.026298
-24,20,58,65.878676
-8,5,9,13.038405
10,-24,38,46.043458
-30,37,-15,49.939964
38,-12,4,40.049969
-31,10,5,32.954514
-2,8,-10,12.961481
-6,15,9,18.493242
-15,26,7,30.822070
9,-6,25,27.239677
-1,-5,20,20.639767
-38,-19,13,44.429720
36,-19,-21,45.803930
-10,18,0,20.591260
-1,-17,-16,23.366643
5,-25,16,30.099834
-9,-5,-10,14.352700
1,3,-14,14.352700
-4,-25,-9,26.870058
-6,-10,-50,51.341991
13,-13,-22,28.670542
-20,-10,8,23.748684
32,24,24,46.647615
-6,4,-2,7.483315
-19,8,-1,20.639767
17,2,-11,20.346990
-10,5,15,18.708287
20,9,-1,21.954498
11,-14,-45,48.394215
-49,3,4,49.254441
23,-35,-12,43.566042
-7,-25,0,25.961510
5,-18,23,29.631065
3,4,9,10.295630
-7,-38,7,39.268308
19,-9,14,25.258662
1,5,4,6.480741
-4,13,41,43.197222
-7,-37,6,38.131352
-4,1,-19,19.442222
8,21,29,36.687873
-13,-7,16,21.771541
6,-31,27,41.545156
23,6,-23,33.075671
16,-12,0,20.000000
-3,26,15,30.166206
-19,1,12,22.494444
-36,11,-27,46.324939
5,-13,-54,55.767374
17,5,-12,21.400935
7,-14,3,15.937377
-13,12,9,19.849433
-23,12,-1,25.961510
2,14,10,17.320508
-3,31,-10,32.710854
34,-6,24,42.047592
4,4,-12,13.266499
7,22,23,32.588341
-5,30,7,31.208973
16,-30,4,34.234486
7,13,36,38.910153
-1,27,-22,34.842503
-16,-20,12,28.284271
1,22,7,23.108440
12,8,-16,21.540659
-18,26,22,38.522721
25,-22,29,44.158804
-6,-44,-16,47.201695
-10,-13,1,16.431677
4,1,-27,27.313001
15,34,-9,38.236109
11,-10,7,16.431677
-29,0,17,33.615473
-47,-38,33,68.862181
-1,13,-34,36.414283
-14,3,-1,14.352700
20,-19,-3,27.748874
2,18,4,18.547237
-26,-20,0,32.802439
12,28,10,32.062439
-4,17,-39,42.731721
12,-4,68,69.166466
-7,-17,18,25.729361
31,-17,-18,39.673669
0,12,16,20.000000
-9,-6,15,18.493242
0,16,-12,20.000000
-9,25,16,31.016125
22,23,-5,32.218007
-34,2,30,45.387223
-9,-4,11,14.764823
-20,7,-1,21.213203
-12,22,30,39.089641
25,-11,0,27.313001
-1,-9,32,33.256578
18,-11,1,21.118712
-10,-44,22,50.199602
-24,-6,0,24.738634
-5,10,-37,38.652296
15,19,-8,25.495098
-27,-27,22,44.068129
22,35,13,43.335897
15,2,-11,18.708287
-14,-24,8,28.913665
21,-19,24,37.121422
-22,22,-6,31.685959
-16,-5,-7,18.165902
5,-34,23,41.352146
-10,26,12,30.331502
4,6,2,7.483315
-29,-13,26,41.060930
31,-10,5,32.954514
27,15,-14,33.911650
20,14,30,38.678159
-29,-7,-22,37.067506
11,31,-16,36.578682
14,-40,-8,43.127717
-17,-15,0,22.671568
-20,-5,29,35.580894
-17,-10,17,26.038433
-15,-17,-40,45.978256
8,-11,19,23.366643
25,17,-2,30.298515
5,-4,-3,7.071068
-5,7,-18,19.949937
-15,21,-12,28.460499
-9,6,13,16.911535
-10,-24,-22,34.058773
8,21,37,43.289722
35,18,3,39.471509
21,-25,-28,43.011626
1,-47,-16,49.658836
14,1,-7,15.684387
19,-14,-23,32.954514
13,-12,-17,24.535688
-2,-10,-8,12.961481
2,24,-22,32.619013
15,41,-32,54.129474
-20,25,13,34.554305
34,44,14,57.341085
18,-31,9,36.959437
-8,11,27,30.232433
8,7,5,11.747340
-13,3,-22,25.729361
-13,-4,31,33.852622
-18,18,18,31.176915
-29,-15,8,33.615473
24,-17,-3,29.563491
28,26,14,40.693980
16,-14,-4,21.633308
-6,-11,-21,24.454039
-5,-6,5,9.273618
5,-37,56,67.305275
30,-12,26,41.472883
-9,16,17,25.019992
-15,17,-12,25.651511
5,-28,-3,28.600699
12,-34,-8,36.932371
-1,11,-32,33.852622
2,-4,-36,36.276714
11,10,-23,27.386128
3,14,-17,22.226111
27,8,45,53.084838
-29,2,-3,29.223278
-10,-14,10,19.899749
4,-3,3,5.830952
46,-14,-8,48.744230
9,3,0,9.486833
-3,-13,-2,13.490738
11,5,20,23.366643
-4,18,-4,18.867962
-23,-1,12,25.961510
-5,-18,-13,22.759613
26,16,-8,31.559468
-11,11,10,18.493242
5,-20,21,29.427878
21,1,-4,21.400935
2,24,0,24.083189
8,-20,-26,33.763886
22,-6,-18,29.051678
9,8,-27,29.563491
-26,-13,23,37.067506
7,31,4,32.031235
-27,14,-3,30.561414
-4,-13,-31,33.852622
-6,19,-15,24.939928
43,2,9,43.977267
-16,2,18,24.166092
-10,-5,-19,22.045408
-11,-4,-25,27.604347
-2,5,33,33.436507
22,-8,-16,28.354894
32,1,13,34.554305
15,36,13,41.109610
10,20,0,22.360680
-13,1,-28,30.886890
-2,9,-15,17.606817
0,-1,-7,7.071068
5,-15,-24,28.740216
4,8,0,8.944272
-13,3,-20,24.041631
-30,3,-5,30.561414
-23,-3,0,23.194827
-12,-3,-5,13.341664
53,27,-6,59.782941
-6,-9,7,12.884099
1,8,25,26.267851
4,-8,-4,9.797959
-19,0,-9,21.023796
18,-4,12,22.000000
4,26,6,26.981475
-20,-12,22,32.062439
-11,15,10,21.118712
-7,-8,45,46.238512
-10,-11,-23,27.386128
-3,-8,17,19.026298
-2,-21,-3,21.307276
-2,21,-7,22.226111
2,-24,-2,24.166092
28,-17,-17,36.905284
-23,4,3,23.537205
-9,-13,18,23.958297
-23,5,-22,32.218007
21,-13,16,29.427878
-11,3,-8,13.928388
-6,-6,-16,18.110770
-23,13,42,49.618545
-1,-26,37,45.232732
15,1,28,31.780497
17,-16,-13,26.720778
21,18,-15,31.464265
-24,0,-20,31.240999
17,21,12,29.563491
23,-26,-17,38.652296
-25,25,-24,42.731721
1,6,35,35.524639
5,-5,16,17.492856
-27,29,-20,44.384682
-14,-16,8,22.715633
-29,8,-23,37.868192
-10,-7,-15,19.339080
11,29,22,38.026307
11,-5,-14,18.493242
-28,-31,-1,41.785165
12,3,9,15.297059
-6,14,-16,22.090722
3,6,-11,12.884099
17,-10,-7,20.928450
-21,23,-18,35.972211
5,-13,-16,21.213203
5,25,6,26.191602
-14,-17,-19,29.086079
8,-1,-3,8.602325
-1,-4,-7,8.124038
6,2,16,17.204651
34,11,-1,35.749126
-36,-17,-19,44.113490
7,16,-13,21.771541
-7,9,8,13.928388
-26,6,20,33.346664
-10,12,16,22.360680
-16,-4,2,16.613248
3,-25,-14,28.809721
-17,-18,-7,25.729361
-14,14,16,25.455844
34,13,-23,43.058100
-5,0,33,33.376639
-2,8,-22,23.494680
14,8,-2,16.248077
2,25,5,25.573424
21,5,24,32.280025
-24,-14,-22,35.440090
1,21,6,21.863211
-1,21,-28,35.014283
-9,-3,10,13.784049
28,-18,6,33.823069
32,15,13,37.656341
-8,-47,15,49.979996
-2,25,-27,36.851052
-9,13,-4,16.309506
24,-32,-16,43.081318
7,2,11,13.190906
0,19,-13,23.021729
-18,39,19,46.968074
12,3,-13,17.944358
16,11,-7,20.639767
14,26,-14,32.680269
24,-15,35,45.011110
-10,14,-20,26.381812
-20,-2,-2,20.199010
-6,1,-7,9.273618
16,-26,-2,30.594117
6,-3,15,16.431677
-8,6,-4,10.770330
13,-34,15,39.370039
-7,9,8,13.928388
15,-8,21,27.018512
37,-16,-33,52.096065
-10,-27,15,32.465366
3,-5,0,5.830952
-14,11,-3,18.055470
-10,-8,46,47.749346
24,-4,-34,41.809090
6,-16,6,18.110770
-15,42,9,45.497253
11,10,3,15.165751
-11,-8,5,14.491377
25,-4,9,26.870058
14,8,26,30.594117
-7,11,-2,13.190906
16,38,16,44.226689
-11,-10,3,15.165751
-14,-16,-2,21.354157
-36,-18,-16,43.312816
10,15,-9,20.149442
7,27,6,28.530685
-35,-12,-3,37.121422
2,29,-23,37.067506
-9,14,11,19.949937
12,-16,-2,20.099751
11,9,10,17.378147
-31,-5,10,32.954514
14,2,-4,14.696938
15,35,4,38.288379
-16,-8,-8,19.595918
-37,6,7,38.131352
-13,-19,-44,49.658836
-38,0,34,50.990195
26,10,-6,28.495614
-4,0,-50,50.159745
2,-34,18,38.522721
-21,-7,-14,26.191602
12,8,28,31.496031
-11,12,13,20.832667
-28,12,-16,34.409301
13,-5,44,46.151923
-3,14,51,52.971691
-3,-3,4,5.830952
-21,-5,10,23.790755
27,8,-11,30.232433
2,-13,-27,30.033315
-21,-26,15,36.633318
-13,-25,18,33.436507
31,32,15,47.010637
2,-18,-10,20.688161
21,20,-1,29.017236
24,-27,-19,40.816663
3,-19,22,29.223278
-5,17,14,22.583180
-13,-31,12,35.693137
11,16,15,24.535688
-10,-29,-23,38.340579
-36,4,-16,39.597980
20,-7,5,21.771541
-6,46,-2,46.432747
4,9,-3,10.295630
6,4,-32,32.802439
16,12,24,31.240999
-28,-11,19,35.580894
37,-16,27,48.518038
-33,5,2,33.436507
7,-1,-8,10.677078
1,-19,-2,19.131126
-1,1,-30,30.033315
-18,16,12,26.907248
-30,3,-1,30.166206
29,-11,-18,35.860842
3,-18,5,18.920888
-2,10,-12,15.748016
7,-29,-14,32.954514
-32,-7,-25,41.206796
-14,20,14,28.142495
8,-35,-9,37.013511
-10,2,-14,17.320508
32,10,0,33.526109
-19,1,10,21.494185
-6,-14,-22,26.758176
25,-6,-19,31.968735
-7,30,15,34.263683
-16,-6,-8,18.867962
21,-20,17,33.615473
1,9,14,16.673332
9,-37,6,38.548671
-15,13,12,23.194827
-24,3,-13,27.459060
10,50,12,52.383203
-10,-17,-1,19.748418
11,-21,-12,26.570661
17,1,-8,18.814888
-9,11,-2,14.352700
-2,15,-1,15.165751
15,-33,10,37.603191
3,47,-40,61.789967
1,-11,-14,17.832555
-9,-1,-4,9.899495
21,4,29,36.027767
16,0,18,24.083189
-41,-25,-12,49.497475
-28,16,-18,36.932371
42,0,-28,50.477718
8,9,-13,17.720045
-20,-46,22,54.772256
4,-8,-2,9.165151
-28,18,-10,34.756294
-13,-30,11,34.496377
-8,24,2,25.377155
-14,2,14,19.899749
18,-10,10,22.891046
7,7,4,10.677078
-29,4,-5,29.698485
14,-10,-10,19.899749
10,-18,18,27.349589
7,-8,-13,16.792856
-60,-22,-6,64.187226
-29,6,-9,30.951575
25,-9,24,35.805028
4,6,40,40.644803
10,34,-18,39.749214
-6,-30,16,34.525353
18,6,-18,26.153394
17,54,5,56.833089
24,-18,8,31.048349
-11,9,-22,26.191602
-35,-6,19,40.274061
35,17,24,45.716518
26,-24,24,42.755117
-8,-14,32,35.832946
19,-10,-9,23.280893
-6,-6,-20,21.725561
-15,-34,-11,38.755645
-19,-17,-20,32.403703
6,-17,15,23.452079
22,-6,-14,26.758176
29,11,-10,32.588341
26,19,3,32.341923
55,40,-5,68.190908
-14,8,12,20.099751
31,-10,25,41.060930
1,4,-5,6.480741
-5,6,19,20.542639
-20,0,38,42.941821
-4,19,-7,20.639767
-13,-11,-22,27.820855
-30,6,4,30.854497
4,5,-5,8.124038
40,8,16,43.817805
-3,20,13,24.041631
-17,-24,7,30.232433
-6,10,6,13.114877
-23,11,6,26.191602
28,-8,-4,29.393877
16,-22,28,39.038443
-17,-31,-8,36.249138
10,15,-11,21.118712
4,45,7,45.716518
-29,2,-31,42.497059
3,-37,28,46.497312
22,-6,-38,44.317040
5,-32,9,33.615473
28,8,8,30.199338
9,-20,-5,22.494444
16,1,31,34.899857
-10,10,-4,14.696938
-9,11,34,36.851052
16,14,-24,32.062439
13,-28,-21,37.336309
23,-37,2,43.611925
-2,14,-6,15.362291
-2,8,-42,42.801869
2,6,2,6.633250
-2,-34,38,51.029403
1,-7,0,7.071068
-38,8,-6,39.293765
14,15,17,26.645825
-4,-50,14,52.076866
-13,6,11,18.055470
1,14,13,19.131126
4,-5,-21,21.954498
-6,-3,-5,8.366600
-26,-22,-24,41.665333
-4,-1,17,17.492856
9,14,27,31.717503
-15,4,-5,16.309506
-22,-26,2,34.117444
-12,-12,-20,26.229754
9,9,4,13.341664
9,25,-18,32.093613
-33,11,-14,37.496667
-28,-7,19,34.554305
3,-15,12,19.442222
8,19,25,32.403703
-10,-10,-20,24.494897
-5,44,23,49.899900
-45,27,-16,54.863467
8,-9,-7,13.928388
4,-13,-19,23.366643
22,36,-6,42.614552
47,-26,45,70.071392
-12,3,5,13.341664
-4,-5,-15,16.309506
-45,-16,7,48.270074
-2,11,-7,13.190906
-3,-12,-1,12.409674
7,-9,8,13.928388
-29,0,-23,37.013511
-5,-22,-17,28.248894
9,22,3,23.958297
13,-18,3,22.405357
-34,-13,3,36.523965
-9,16,13,22.494444
32,-15,15,38.392708
-24,-24,-28,44.000000
11,10,-3,15.165751
3,-31,6,31.717503
-3,-15,-12,19.442222
-6,-27,31,41.545156
2,-8,-2,8.485281
15,-13,-6,20.736441
3,11,0,11.401754
2,8,-22,23.494680
-38,8,-6,39.293765
19,7,-14,24.617067
10,1,-1,10.099505
4,-10,-2,10.954451
4,-10,-10,14.696938
34,7,21,40.570926
-17,40,-9,44.384682
7,11,10,16.431677
41,44,-11,61.139185
-6,-19,23,30.430248
22,-9,-9,25.416530
-7,23,-18,30.033315
16,7,-35,39.115214
-9,1,-4,9.899495
17,-17,-4,24.372115
-2,-22,34,40.546270
19,26,5,32.588341
41,8,39,57.148928
-33,8,-21,39.924930
18,2,2,18.220867
3,30,-11,32.093613
-2,-11,5,12.247449
5,5,-24,25.019992
10,4,-16,19.287302
9,-9,-16,20.445048
-13,5,2,14.071247
20,4,-56,59.598658
-23,-11,-8,26.720778
1,-33,-32,45.978256
2,45,-1,45.055521
31,-20,11,38.496753
-11,-21,-38,44.788391
-5,13,-2,14.071247
8,-5,11,14.491377
-3,-32,49,58.600341
15,-10,19,26.191602
-22,15,3,26.795522
-14,-5,-17,22.583180
-8,20,14,25.690465
-2,-7,1,7.348469
47,-29,18,58.086143
-19,10,-11,24.124676
-24,-13,11,29.427878
26,18,-4,31.874755
3,-8,-23,24.535688
-7,5,-18,19.949937
-20,-29,13,37.549967
11,22,11,26.944387
-19,-58,-23,65.222695
-33,-34,-37,60.116553
6,-11,9,15.427249
-38,3,7,38.755645
0,14,-2,14.142136
15,-5,20,25.495098
-21,-23,-28,41.880783
-7,25,10,27.820855
-6,-5,15,16.911535
-26,-30,16,42.801869
-10,-11,-1,14.899664
-16,-16,22,31.559468
-10,-3,21,23.452079
17,-20,-7,27.166155
2,-12,16,20.099751
-24,-4,-2,24.413111
40,9,5,41.303753
-12,13,21,27.459060
30,-6,16,34.525353
-11,9,8,16.309506
20,26,26,41.856899
16,19,-1,24.859606
24,-37,-17,47.265209
19,15,18,30.166206
12,32,-26,42.941821
-26,-7,1,26.944387
17,28,5,33.136083
8,-22,2,23.494680
14,-28,6,31.874755
0,4,0,4.000000
-20,5,13,24.372115
-12,10,-2,15.748016
-42,-37,-3,56.053546
-16,-6,-16,23.409400
8,4,6,10.770330
6,-24,2,24.819347
6,14,16,22.090722
10,-23,9,26.645825
-23,-17,-6,29.223278
24,11,1,26.419690
-18,-18,0,25.455844
-8,28,26,39.038443
-11,-5,0,12.083046
-2,26,18,31.685959
4,-25,9,26.870058
-7,2,-5,8.831761
23,20,21,37.013511
1,-14,7,15.684387
-10,-1,11,14.899664
25,-12,-37,46.238512
-47,-21,-18,54.534393
-7,-3,20,21.400935
-1,-11,0,11.045361
25,28,21,43.011626
1,15,-32,35.355339
-17,13,-6,22.226111
19,10,-3,21.679483
25,-8,21,33.615473
-18,24,-4,30.265492
3,44,7,44.654227
-2,-8,-4,9.165151
3,25,8,26.419690
17,8,11,21.771541
-2,-23,15,27.531800
38,3,-7,38.755645
5,-4,1,6.480741
7,-2,15,16.673332
-18,0,-10,20.591260
-7,23,18,30.033315
-17,2,-9,19.339080
-4,35,11,36.905284
3,-2,-27,27.239677
18,-35,49,62.849025
25,1,-10,26.944387
-31,4,21,37.656341
-17,-7,-2,18.493242
14,-24,0,27.784888
-2,5,5,7.348469
-10,-24,2,26.076810
-4,6,26,26.981475
-4,7,9,12.083046
3,-8,25,26.419690
30,7,-19,36.193922
22,3,-1,22.226111
-13,13,26,31.843367
0,-12,-16,20.000000
1,19,18,26.191602
-9,0,-5,10.295630
-17,-24,11,31.400637
2,-8,-12,14.560220
39,11,30,50.418251
38,4,10,39.496835
2,22,32,38.884444
0,-2,-22,22.090722
-28,12,-8,31.496031
0,-38,16,41.231056
15,-11,-6,19.544820
-20,-17,5,26.720778
-23,-27,-8,36.359318
-17,-3,26,31.208973
18,31,-23,42.591079
-29,-15,-16,36.359318
46,31,-21,59.312731
44,-17,-21,51.633323
14,-3,11,18.055470
20,-8,-40,45.431267
2,7,-33,33.793490
-13,-1,-12,17.720045
4,-20,34,39.648455
-9,3,10,13.784049
24,40,4,46.818800
-1,-10,25,26.944387
19,2,-25,31.464265
20,-25,-23,39.420807
12,-9,-5,15.811388
9,-5,12,15.811388
18,-11,3,21.307276
-7,-11,4,13.638182
29,20,1,35.242020
19,6,13,23.790755
-5,-6,-19,20.542639
5,5,10,12.247449
9,7,42,43.520110
2,11,-37,38.652296
3,5,4,7.071068
-12,21,5,24.698178
27,25,-6,37.282704
-11,-15,12,22.135944
8,-9,-27,29.563491
13,3,0,13.341664
-16,4,0,16.492423
7,-8,7,12.727922
12,18,0,21.633308
27,-14,-1,30.430248
42,7,17,45.847574
0,28,4,28.284271
-18,-16,-8,25.377155
41,22,-19,50.259327
33,2,7,33.793490
11,30,5,32.341923
13,-56,23,61.919302
-7,9,24,26.570661
23,17,-32,42.918527
15,-10,11,21.118712
-22,-2,12,25.139610
41,8,35,54.497706
24,-2,20,31.304952
-34,8,-8,35.832946
-23,-11,-12,28.178006
5,-36,29,46.497312
-28,-13,-15,34.322005
-13,-3,14,19.339080
13,-27,-4,30.232433
28,15,37,48.764741
-2,-7,-35,35.749126
9,0,9,12.727922
12,4,6,14.000000
6,33,-11,35.298725
-15,-19,-12,27.018512
-14,-4,-8,16.613248
-4,-18,42,45.869380
6,41,19,45.585085
40,7,27,48.764741
-25,-1,-30,39.064050
-1,11,34,35.749126
-16,-25,11,31.654384
1,-15,0,15.033296
17,11,-18,27.092434
12,-5,-23,26.419690
-11,-25,-30,40.570926
-17,-1,-6,18.055470
-5,1,-6,7.874008
-4,6,-26,26.981475
20,-18,-14,30.331502
6,-7,3,9.695360
-4,6,-18,19.390719
2,14,8,16.248077
-47,-23,-8,52.933921
-20,0,-2,20.099751
9,5,8,13.038405
23,17,0,28.600699
-15,-10,-25,30.822070
4,13,19,23.366643
10,-11,-29,32.588341
-27,-8,17,32.893768
-8,14,-12,20.099751
-13,-21,-10,26.645825
28,7,-17,33.496268
15,26,-3,30.166206
-15,-10,-3,18.275667
10,-17,-27,33.436507
-2,-5,-45,45.321077
-10,-23,15,29.223278
28,-3,-5,28.600699
-8,7,5,11.747340
-9,-20,1,21.954498
10,28,-20,35.832946
-15,-14,-37,42.308392
34,4,-8,35.156792
-8,-17,-35,39.724048
-12,-19,-29,36.687873
5,-7,-2,8.831761
9,33,-12,36.249138
12,-8,6,15.620499
-13,-29,30,43.703547
-1,5,16,16.792856
13,19,16,28.035692
-1,2,-3,3.741657
-52,-12,26,59.363288
0,-3,-5,5.830952
27,15,-24,39.115214
-14,-4,6,15.748016
18,3,-17,24.939928
5,17,28,33.136083
-24,-10,-24,35.383612
-20,-21,-17,33.615473
23,22,41,51.903757
-22,-6,-18,29.051678
18,-28,-10,34.756294
-13,-41,34,54.827001
19,-17,-12,28.178006
-28,9,11,31.400637
-1,-15,-26,30.033315
-36,14,12,40.447497
18,-2,18,25.534291
-3,12,45,46.669048
-7,-1,4,8.124038
-1,11,-4,11.747340
-2,-24,-6,24.819347
11,-9,-42,44.339599
7,-39,2,39.673669
12,-10,12,19.697716
7,13,-18,23.280893
-7,35,20,40.914545
23,6,9,25.416530
-32,47,7,57.288742
9,32,-1,33.256578
5,-22,-1,22.583180
-3,5,-14,15.165751
-7,-4,23,24.372115
-11,20,15,27.313001
5,-18,-1,18.708287
-13,10,31,35.071356
11,30,-15,35.298725
9,-20,23,31.780497
15,12,13,23.194827
47,-25,-20,56.868269
-10,15,65,67.453688
27,-6,5,28.106939
20,-4,-2,20.493902
4,-13,-11,17.492856
-10,-30,-4,31.874755
-15,-4,-3,15.811388
4,-4,28,28.565714
16,-27,9,32.649655
26,-11,-25,37.709415
-1,-11,-8,13.638182
-22,-11,-9,26.191602
4,1,3,5.099020
-29,13,-20,37.549967
3,-2,-23,23.280893
31,22,-27,46.626173
-20,-5,-11,23.366643
-21,3,8,22.671568
-8,-16,-42,45.650849
7,-11,14,19.131126
-8,-21,-7,23.537205
-10,0,-4,10.770330
23,19,-8,30.886890
-22,-8,-2,23.494680
29,28,-23,46.411206
4,-14,20,24.738634
10,30,16,35.440090
-14,15,35,40.570926
-1,17,10,19.748418
-5,-21,22,30.822070
7,-22,21,31.208973
30,-2,-4,30.331502
13,13,-10,20.928450
-2,1,-3,3.741657
-4,-31,-21,37.656341
10,17,-49,52.820451
17,-28,3,32.893768
7,20,-7,22.315914
-20,-8,-4,21.908902
32,-4,-6,32.802439
-7,21,4,22.494444
5,4,-7,9.486833
-16,5,9,19.026298
19,2,3,19.339080
5,-16,3,17.029386
1,-3,20,20.248457
17,-29,-8,34.554305
11,-8,-3,13.928388
-2,23,19,29.899833
-13,1,10,16.431677
6,18,12,22.449944
-6,-5,27,28.106939
6,1,-15,16.186414
3,-5,-18,18.920888
22,34,-4,40.693980
-6,23,-3,23.958297
-10,4,-16,19.287302
-7,-7,14,17.146428
9,-5,-32,33.615473
6,-17,1,18.055470
11,-7,4,13.638182
2,-33,7,33.793490
3,-19,-32,37.336309
-1,-9,-8,12.083046
-18,8,-8,21.260292
4,-6,-16,17.549929
-30,-12,-14,35.213634
10,-22,14,27.928480
-4,10,34,35.665109
9,-19,-4,21.400935
31,-24,-35,52.554733
0,21,-15,25.806976
9,4,-11,14.764823
0,20,-12,23.323808
26,-20,24,40.644803
-23,29,14,39.572718
-5,-30,-9,31.717503
9,-4,9,13.341664
21,17,-34,43.428102
21,15,-2,25.884358
-26,17,-5,31.464265
2,-12,-14,18.547237
1,22,13,25.573424
-5,-2,-7,8.831761
10,0,2,10.198039
-2,24,2,24.166092
8,-11,19,23.366643
5,-2,11,12.247449
-25,-43,-38,62.593929
-3,-27,-30,40.472213
14,19,-13,26.944387
5,7,-6,10.488088
-54,1,11,55.118055
25,19,-4,31.654384
-4,-25,21,32.893768
-2,9,-13,15.937377
8,62,-6,62.801274
41,-41,-52,77.884530
10,-4,-8,13.416408
-18,9,-35,40.373258
-7,3,-24,25.179357
22,8,-4,23.748684
8,-5,19,21.213203
-8,32,-48,58.240879
-27,18,-31,44.877611
-27,8,1,28.178006
-14,1,9,16.673332
-5,-17,-4,18.165902
5,4,-11,12.727922
-11,18,-13,24.779023
-30,-38,4,48.579831
-16,33,-11,38.288379
10,-7,-17,20.928450
-30,-15,-7,34.263683
-17,3,12,21.023796
19,21,-18,33.555923
-29,16,13,35.580894
7,9,-28,30.232433
-3,26,29,39.064050
5,-25,-14,29.086079
18,1,-21,27.676705
-15,-4,-25,29.427878
-7,-27,-6,28.530685
-8,17,37,41.496988
6,6,0,8.485281
-6,14,-12,19.390719
-23,-9,16,29.427878
18,-1,35,39.370039
16,3,-9,18.601075
-27,26,-1,37.496667
1,26,17,31.080541
-3,-27,-16,31.527766
-1,-3,-4,5.099020
12,4,24,27.129320
10,7,3,12.569805
9,-11,-30,33.196385
8,-1,-13,15.297059
14,-8,-12,20.099751
26,-28,-26,46.216880
-6,13,-9,16.911535
-29,-43,4,52.019227
-7,0,-13,14.764823
-8,23,3,24.535688
-7,2,3,7.874008
10,-13,9,18.708287
23,6,-9,25.416530
-9,7,-18,21.307276
-18,15,5,23.958297
-16,-17,7,24.372115
23,18,11,31.208973
-21,-25,-10,34.146742
10,7,-3,12.569805
3,26,25,36.193922
-23,-5,10,25.573424
-8,1,9,12.083046
-16,-32,8,36.660606
3,2,3,4.690416
11,-33,24,42.261093
28,2,42,50.517324
-7,-22,-37,43.611925
0,-20,12,23.323808
12,-1,3,12.409674
-33,3,4,33.376639
1,25,-16,29.698485
21,-4,33,39.319207
-3,-35,52,62.753486
0,1,-3,3.162278
6,24,-10,26.683328
10,19,5,22.045408
10,-5,-21,23.790755
-4,15,9,17.944358
11,13,26,31.080541
24,-29,-21,43.104524
-13,4,-23,26.720778
-33,-14,3,35.972211
-8,-29,-19,35.580894
10,-34,22,41.713307
-49,-11,8,50.852729
2,-6,2,6.633250
-7,-17,-20,27.166155
-6,-30,12,32.863353
-28,-27,-3,39.012818
-5,34,-11,36.083237
-9,13,40,43.011626
22,-7,33,40.274061
-20,14,18,30.331502
21,3,0,21.213203
2,-11,-9,14.352700
5,0,7,8.602325
-11,12,-13,20.832667
16,-1,1,16.062378
20,28,-2,34.467376
-24,-36,-22,48.538644
-3,-27,-12,29.698485
-4,11,7,13.638182
40,3,29,49.497475
-4,-11,-9,14.764823
-5,-5,30,30.822070
-2,11,-27,29.223278
10,-7,-23,26.038433
51,6,1,51.361464
-16,11,-29,34.899857
11,16,-15,24.535688
19,-11,12,25.019992
-10,-23,3,25.258662
-15,29,-20,38.288379
1,-5,-24,24.535688
-1,-24,-27,36.138622
10,-31,-7,33.316662
32,18,10,38.052595
3,-25,0,25.179357
40,26,6,48.083261
-4,10,-28,30.000000
-27,-10,-1,28.809721
-7,-50,35,61.432890
18,1,21,27.676705
-8,-6,42,43.174066
6,-34,2,34.583233
2,7,-9,11.575837
-7,-26,9,28.390139
-13,14,1,19.131126
1,19,-22,29.086079
13,-30,15,35.972211
-10,-1,-19,21.494185
-36,-4,-6,36.715120
5,42,3,42.402830
-7,-8,-35,36.578682
-1,4,-39,39.217343
21,17,0,27.018512
-7,1,40,40.620192
4,-7,5,9.486833
-1,-5,10,11.224972
-9,6,3,11.224972
19,3,4,19.646883
-4,-29,-9,30.626786
-17,0,17,24.041631
-9,7,-18,21.307276
25,0,-5,25.495098
25,31,6,40.274061
4,2,14,14.696938
-33,-4,1,33.256578
-15,1,14,20.542639
4,-16,-6,17.549929
1,-11,-22,24.617067
4,-16,-30,34.234486
-16,14,6,22.090722
-17,15,4,23.021729
0,-2,-26,26.076810
10,-9,9,16.186414
11,21,10,25.729361
9,-44,9,45.803930
0,24,10,26.000000
25,13,46,53.944416
24,-10,-8,27.202941
-29,-8,11,32.031235
-7,37,-18,41.737274
-11,-2,-33,34.842503
-1,7,22,23.108440
19,24,9,31.906112
-3,5,12,13.341664
27,-19,14,35.860842
-21,-15,10,27.676705
7,-6,-7,11.575837
-13,11,30,34.496377
9,-2,-5,10.488088
-16,-18,-2,24.166092
2,-11,-5,12.247449
-13,-32,37,50.616203
22,31,-19,42.497059
1,-24,9,25.651511
-7,12,-7,15.556349
8,23,1,24.372115
-10,6,12,16.733201
-13,31,8,34.554305
-1,-18,23,29.223278
-9,10,-9,16.186414
-25,-3,36,43.931765
15,14,17,26.645825
-13,0,-9,15.811388
8,-19,-11,23.366643
22,-23,43,53.497664
21,-7,42,47.476310
3,18,25,30.951575
29,7,4,30.099834
9,-1,12,15.033296
26,-17,13,33.674916
-38,-29,-33,58.086143
-2,-7,3,7.874008
30,24,-10,39.698866
-15,2,-29,32.710854
-8,5,-3,9.899495
-25,-7,-14,29.495762
14,-2,2,14.282857
0,12,2,12.165525
21,-2,45,49.699095
25,27,10,38.131352
-7,-13,22,26.495283
5,3,-12,13.341664
-4,-23,25,34.205263
-4,-32,8,33.226495
-5,-6,-7,10.488088
-24,1,-71,74.953319
40,-3,-19,44.384682
10,-15,-5,18.708287
-15,-16,-7,23.021729
10,11,19,24.124676
27,-16,-3,31.527766
-33,-19,-8,38.910153
-5,4,15,16.309506
0,20,-38,42.941821
4,25,11,27.604347
12,29,11,33.256578
0,-2,26,26.076810
-7,-17,2,18.493242
29,42,1,51.048996
19,-15,24,34.088121
-24,29,-5,37.973675
6,-2,30,30.659419
10,-5,19,22.045408
-16,-9,-9,20.445048
-12,-22,8,26.305893
-2,-30,20,36.110940
12,-45,1,46.583259
-45,2,17,48.145612
-6,25,-7,26.645825
1,12,7,13.928388
26,-19,-29,43.335897
7,19,2,20.346990
-16,-20,-2,25.690465
5,13,-6,15.165751
-17,-17,-12,26.870058
11,3,-10,15.165751
23,-3,2,23.280893
-11,5,-4,12.727922
-16,-8,28,33.226495
-2,-23,21,31.208973
34,16,34,50.675438
9,-21,-34,40.963398
-3,18,19,26.343880
14,-8,42,44.988888
1,-16,-9,18.384776
-12,4,10,16.124515
16,5,-17,23.874673
16,47,17,52.478567
-20,23,-13,33.136083
9,-6,-43,44.339599
12,-31,-17,37.336309
-20,10,34,40.693980
-9,6,1,10.862780
5,-21,-6,22.405357
-6,-27,-21,34.727511
30,0,2,30.066593
-6,3,5,8.366600
-28,7,1,28.879058
-16,5,-25,30.099834
-7,-16,-9,19.646883
15,-29,14,35.524639
0,21,33,39.115214
-10,-11,9,17.378147
-8,17,-7,20.049938
-7,-4,-11,13.638182
-13,29,32,45.099889
-3,-20,3,20.445048
3,2,3,4.690416
-16,15,-5,22.494444
12,13,9,19.849433
-4,-40,-24,46.818800
-4,-13,9,16.309506
-10,-38,12,41.085277
11,7,-6,14.352700
28,-6,8,29.732137
16,7,-37,40.914545
-8,-1,-11,13.638182
10,-9,-1,13.490738
8,-32,-44,54.990908
12,2,-2,12.328828
-8,21,-13,25.961510
-13,-6,-17,22.226111
2,-5,-31,31.464265
-26,2,2,26.153394
42,-23,-21,52.287666
-7,-21,10,24.289916
4,-25,-7,26.267851
8,-19,-5,21.213203
-37,-8,3,37.973675
-62,9,-1,62.657801
3,21,20,29.154759
6,11,-7,14.352700
-8,0,18,19.697716
23,-2,-7,24.124676
13,-7,14,20.346990
8,38,-6,39.293765
15,10,-5,18.708287
5,16,3,17.029386
5,8,13,16.062378
-14,24,-12,30.265492
-10,-7,-11,16.431677
-22,-2,-2,22.181073
55,0,-13,56.515485
-24,-8,-14,28.913665
-6,27,-19,33.555923
-2,15,1,15.165751
13,-19,12,25.961510
-20,3,-21,29.154759
-6,-4,32,32.802439
1,-16,-3,16.309506
-5,-19,24,31.016125
28,11,13,32.771939
-5,-22,7,23.622024
7,-33,6,34.263683
33,44,5,55.226805
40,-22,22,50.675438
16,-1,35,38.496753
-7,6,15,17.606817
2,7,-9,11.575837
-3,-11,22,24.779023
-9,-4,-11,14.764823
-14,-20,-10,26.381812
-11,7,8,15.297059
21,19,18,33.555923
5,9,-12,15.811388
-14,-3,3,14.628739
11,3,12,16.552945
-53,-1,-30,60.909769
7,-6,-31,32.341923
-24,36,-16,46.130250
17,-7,6,19.339080
6,2,-6,8.717798
-7,-20,-9,23.021729
-8,-15,-5,17.720045
38,9,19,43.428102
-1,12,-35,37.013511
-10,-3,-5,11.575837
-20,-3,25,32.155870
17,7,-4,18.814888
36,15,-3,39.115214
13,3,-14,19.339080
54,-5,19,57.463032
14,-11,-9,19.949937
28,29,-17,43.749286
-35,-8,-47,59.143892
2,-7,13,14.899664
6,27,-7,28.530685
-29,19,8,35.580894
22,7,-1,23.108440
-29,3,10,30.822070
4,-3,13,13.928388
-20,45,-5,49.497475
11,12,9,18.601075
-29,-6,17,34.146742
-9,-2,17,19.339080
16,10,-10,21.354157
10,24,20,32.802439
-2,17,-7,18.493242
3,18,39,43.058100
1,-31,4,31.272992
19,-15,6,24.939928
2,12,26,28.705400
-11,-38,-15,42.308392
29,1,0,29.017236
14,-33,23,42.591079
-11,1,0,11.045361
1,1,-18,18.055470
10,10,12,18.547237
8,-18,-36,41.036569
7,-9,4,12.083046
-13,37,8,40.024992
23,44,-1,49.658836
15,15,0,21.213203
22,-5,-19,29.495762
-14,-25,-5,29.086079
-1,1,10,10.099505
-27,39,4,47.602521
-10,-1,-15,18.055470
20,1,-5,20.639767
-1,7,-12,13.928388
5,-21,20,29.427878
-8,18,-24,31.048349
16,8,16,24.000000
27,6,-1,27.676705
-12,-14,10,20.976177
-22,7,-31,38.652296
32,-37,-31,57.913729
34,-11,-19,40.472213
-11,-6,3,12.884099
12,-11,-13,20.832667
35,-11,4,36.905284
-7,1,-22,23.108440
31,-9,-14,35.185224
-22,13,-5,26.038433
36,1,-5,36.359318
6,8,22,24.166092
15,-1,-2,15.165751
6,-13,7,15.937377
-21,-5,-4,21.954498
21,-7,4,22.494444
-4,-12,-18,22.000000
3,21,-10,23.452079
-38,36,-2,52.383203
31,-13,-10,35.071356
-21,-11,-8,25.019992
17,3,-14,22.226111
5,17,8,19.442222
-8,4,30,31.304952
-13,-17,-14,25.573424
-36,-14,-14,41.085277
20,-5,-5,21.213203
2,-18,4,18.547237
10,-8,10,16.248077
18,-25,5,31.208973
14,5,-33,36.193922
-6,-2,26,26.758176
-2,-11,19,22.045408
-12,-10,-8,17.549929
0,18,40,43.863424
20,-24,-4,31.496031
6,9,27,29.086079
3,-16,3,16.552945
14,8,-22,27.276363
-6,1,9,10.862780
13,-3,-2,13.490738
-11,26,23,36.414283
10,-8,6,14.142136
-8,-38,12,40.644803
-22,-4,34,40.693980
-28,33,-47,63.890531
27,12,1,29.563491
9,-2,-3,9.695360
3,17,12,21.023796
-16,27,27,41.400483
4,2,-6,7.483315
-1,-19,6,19.949937
-15,14,27,33.911650
20,-41,5,45.891176
16,-5,-21,26.870058
-12,-3,3,12.727922
-3,7,4,8.602325
-16,-52,4,54.552727
18,-2,20,26.981475
4,-8,26,27.495454
3,28,13,31.016125
-14,31,45,56.409219
10,18,-22,30.133038
5,11,0,12.083046
-20,-9,-9,23.706539
-6,-9,21,23.622024
-3,-10,41,42.308392
45,-3,-22,50.179677
-3,13,-6,14.628739
16,-11,-51,54.571055
21,-8,-35,41.593269
1,-16,-43,45.891176
-4,-5,5,8.124038
27,10,-5,29.223278
-21,-17,-16,31.400637
-16,8,-12,21.540659
-4,-7,13,15.297059
7,-23,10,26.038433
-10,20,14,26.381812
-7,6,25,26.645825
7,-18,33,38.236109
0,0,-22,22.000000
37,-38,23,57.810034
8,0,-10,12.806248
14,28,-30,43.358967
1,20,-11,22.847319
-21,10,21,31.336879
-41,-34,-45,69.728043
30,-29,-17,45.055521
-32,7,-3,32.893768
10,-37,11,39.874804
0,-30,-20,36.055513
24,-19,31,43.566042
-13,-17,24,32.155870
17,14,-3,22.226111
24,15,-27,39.115214
0,-11,25,27.313001
24,4,-2,24.413111
17,-13,26,33.674916
49,12,7,50.931326
-1,55,0,55.009090
-7,0,5,8.602325
29,-12,37,48.518038
-11,-16,-11,22.315914
-14,0,-10,17.204651
43,-3,-20,47.518417
-2,32,-14,34.985711
6,-11,-7,14.352700
-21,10,-11,25.729361
24,-15,1,28.319605
30,17,21,40.373258
-13,-12,29,33.970576
27,-30,13,42.402830
-6,-9,-3,11.224972
-7,-8,29,30.886890
-5,15,-10,18.708287
-25,24,-5,35.014283
16,2,0,16.124515
-10,-27,35,45.321077
27,26,-7,38.131352
-24,9,-3,25.806976
-2,-23,11,25.573424
-11,-27,32,43.289722
21,12,-35,42.544095
15,8,3,17.262677
-5,-5,24,25.019992
-8,-25,19,32.403703
14,-27,-19,35.860842
-26,-26,2,36.823905
40,32,6,51.575188
14,-9,9,18.920888
2,-2,12,12.328828
-16,-15,7,23.021729
4,-3,-7,8.602325
-11,24,21,33.734256
30,1,-13,32.710854
-4,-8,-12,14.966630
15,14,-9,22.405357
-26,0,22,34.058773
-18,-4,-14,23.151674
-19,-28,-1,33.852622
-14,0,-16,21.260292
6,4,-6,9.380832
-3,-6,-19,20.149442
8,-7,-17,20.049938
2,-34,-12,36.110940
8,5,-13,16.062378
3,15,38,40.963398
10,-20,38,44.090815
0,4,12,12.649111
-14,-25,17,33.316662
-17,3,12,21.023796
-18,16,-18,30.066593
-7,-34,9,35.860842
-4,-28,36,45.782093
-20,29,1,35.242020
5,-25,-10,27.386128
7,-3,20,21.400935
16,-10,-6,19.798990
-8,-7,-1,10.677078
30,6,-14,33.645208
2,24,2,24.166092
4,8,-10,13.416408
11,4,9,14.764823
6,-31,-17,35.860842
4,-35,-3,35.355339
0,-10,30,31.622777
2,12,-4,12.806248
-18,5,15,23.958297
8,-3,-19,20.832667
6,3,9,11.224972
10,-18,40,44.988888
2,14,36,38.678159
19,-4,3,19.646883
11,-12,5,17.029386
-7,-19,-2,20.346990
-11,-14,31,35.749126
-25,-34,-13,44.158804
24,7,-5,25.495098
-15,13,-36,41.109610
-43,24,-7,49.739320
-6,3,-3,7.348469
-22,0,20,29.732137
-34,16,-54,65.787537
-4,14,28,31.559468
8,5,-31,32.403703
7,22,-11,25.573424
32,10,-20,39.038443
-4,-27,5,27.748874
42,-8,-16,45.650849
-9,12,23,27.459060
6,16,-28,32.802439
-2,-26,-20,32.863353
1,13,28,30.886890
-5,10,13,17.146428
20,15,51,56.797887
-28,-30,18,44.810713
-4,-6,2,7.483315
-7,23,22,32.588341
14,13,-23,29.899833
12,18,8,23.065125
-8,12,4,14.966630
-26,-5,11,28.670542
6,-24,0,24.738634
5,-7,2,8.831761
-17,20,-1,26.267851
-22,-18,-14,31.685959
-12,3,7,14.212670
-7,-39,-38,54.899909
11,-21,4,24.041631
0,4,32,32.249031
24,-8,-26,36.276714
-5,3,-18,18.920888
-4,-5,-33,33.615473
4,-8,28,29.393877
4,3,15,15.811388
-6,-6,18,19.899749
0,-6,-10,11.661904
-8,-13,7,16.792856
-7,-5,10,13.190906
2,-28,10,29.799329
5,-12,9,15.811388
20,35,-1,40.323690
8,37,3,37.973675
1,-37,22,43.058100
10,-30,-14,34.583233
10,-16,0,18.867962
9,15,-22,28.106939
-5,24,17,29.832868
4,-8,-6,10.770330
42,1,5,42.308392
26,-16,-8,31.559468
-21,1,-8,22.494444
30,22,26,45.387223
12,-16,0,20.000000
-4,28,8,29.393877
18,-11,-1,21.118712
-19,-22,-9,30.430248
32,-1,-9,33.256578
-14,22,-2,26.153394
6,17,-5,18.708287
9,-21,12,25.806976
29,13,-12,33.970576
-26,25,-17,39.874804
5,-31,18,36.193922
-23,29,6,37.496667
-2,9,23,24.779023
-13,6,-11,18.055470
-19,7,-8,21.771541
14,2,2,14.282857
4,-29,-23,37.229021
8,18,-32,37.576588
-14,1,-47,49.050994
28,-10,-16,33.763886
-29,-50,3,57.879185
-26,-24,2,35.440090
32,-15,-7,36.027767
11,-1,-6,12.569805
7,6,3,9.695360
-37,14,-1,39.572718
32,-11,11,35.580894
9,-17,-40,44.384682
-9,-10,-3,13.784049
4,2,-6,7.483315
29,33,-2,43.977267
15,-1,-8,17.029386
-23,-3,0,23.194827
21,-3,-8,22.671568
38,-17,13,43.611925
-36,-12,8,38.781439
-18,18,-16,30.066593
4,4,-2,6.000000
6,-13,-25,28.809721
-27,7,-4,28.178006
26,22,-14,36.823905
22,-5,-13,26.038433
1,-16,-11,19.442222
2,12,20,23.409400
9,1,2,9.273618
-24,1,29,37.656341
1,21,4,21.400935
-12,4,8,14.966630
0,1,5,5.099020
41,31,-12,52.782573
41,39,-28,63.134776
8,6,16,18.867962
-76,2,-42,86.856203
-27,52,-9,59.279001
5,32,1,32.403703
10,0,0,10.000000
27,-5,36,45.276926
27,-7,6,28.530685
-18,4,10,20.976177
-19,-30,23,42.308392
-13,13,-10,20.928450
11,25,2,27.386128
-6,11,21,24.454039
-23,29,-16,40.323690
-5,22,-21,30.822070
-17,15,-4,23.021729
16,10,-4,19.287302
12,-2,6,13.564660
-57,5,-32,65.559134
13,-47,-36,60.613530
14,38,-8,41.279535
15,-10,-17,24.779023
-35,-7,-24,43.011626
11,19,30,37.175261
-7,-16,9,19.646883
-8,-23,1,24.372115
2,2,2,3.464102
4,1,23,23.366643
-12,-30,-18,36.986484
-4,-2,30,30.331502
-4,-5,7,9.486833
3,-16,17,23.537205
9,-18,7,21.307276
-21,-6,19,28.948230
-18,-9,-17,26.343880
-13,-18,33,39.774364
23,12,11,28.178006
10,-5,3,11.575837
8,-1,29,30.099834
-16,-8,-22,28.354894
19,24,43,52.782573
-31,-6,1,31.591138
-10,7,3,12.569805
-16,4,26,30.789609
12,9,-33,36.249138
0,22,-38,43.908997
-18,8,4,20.099751
12,7,-1,13.928388
4,-6,-10,12.328828
16,44,2,46.861498
1,7,-22,23.108440
18,-20,22,34.756294
5,23,-6,24.289916
16,-15,-5,22.494444
-11,3,-24,26.570661
17,-5,26,31.464265
1,18,35,39.370039
-19,23,4,30.099834
9,-34,29,45.585085
2,-38,2,38.105118
-1,31,12,33.256578
4,-28,-4,28.565714
5,-25,12,28.178006
25,-31,-20,44.564560
-8,-5,-1,9.486833
-21,-24,7,32.649655
-1,15,6,16.186414
-6,10,-28,30.331502
1,5,6,7.874008
-38,-16,8,42.000000
1,-49,-8,49.658836
9,41,-8,42.731721
7,18,15,24.454039
20,-4,-34,39.648455
21,-7,-10,24.289916
7,3,16,17.720045
27,-25,14,39.370039
-18,24,-38,48.414874
9,1,-2,9.273618
32,18,6,37.202150
-15,39,-24,48.187135
-18,0,0,18.000000
4,40,12,41.952354
-21,-34,7,40.570926
7,12,-11,17.720045
52,28,0,59.059292
9,21,-8,24.207437
-7,-22,9,24.779023
5,4,3,7.071068
-6,0,16,17.088007
-6,-12,2,13.564660
-3,-24,1,24.207437
-8,-23,7,25.337719
20,3,-7,21.400935
-34,-22,6,40.938979
-30,19,-33,48.476799
15,-16,13,25.495098
11,27,-4,29.427878
4,-11,1,11.747340
-32,22,26,46.733286
-2,-17,-7,18.493242
-21,-19,4,28.600699
-8,-8,-16,19.595918
0,-10,36,37.363083
52,-33,-1,61.595454
-2,33,-21,39.166312
18,-5,-9,20.736441
-37,13,-8,40.024992
31,39,8,50.457903
4,0,-12,12.649111
0,-9,-9,12.727922
6,26,-24,35.888717
5,2,21,21.679483
32,4,2,32.310989
7,-24,-37,44.654227
-20,36,-6,41.617304
18,12,-14,25.768197
-16,-28,12,34.409301
-20,-8,16,26.832816
14,20,10,26.381812
0,3,-41,41.109610
19,-5,40,44.564560
-32,29,35,55.587768
-17,25,-16,34.205263
10,2,-14,17.320508
26,26,32,48.744230
-1,17,12,20.832667
28,-62,-2,68.058798
-15,3,-4,15.811388
37,-21,-12,44.204072
-11,-1,28,30.099834
84,-15,-7,85.615419
-24,24,0,33.941125
-9,-9,12,17.492856
14,2,6,15.362291
9,3,2,9.695360
37,22,13,44.966654
-22,20,-42,51.458721
21,-2,-9,22.934690
19,-14,19,30.298515
1,-21,-12,24.207437
11,11,2,15.684387
-24,5,-1,24.535688
-7,-17,-18,25.729361
2,21,-7,22.226111
6,27,11,29.765752
-6,-9,-5,11.916375
-14,-27,23,38.131352
11,-7,6,14.352700
-17,-3,60,62.433965
-1,1,-20,20.049938
24,16,-30,41.617304
17,25,-2,30.298515
-25,3,16,29.832868
-15,-5,8,17.720045
30,21,7,37.282704
-4,21,-15,26.115130
4,-18,4,18.867962
8,9,5,13.038405
-5,9,-28,29.832868
0,-10,12,15.620499
-27,-6,-19,33.555923
-5,20,3,20.832667
2,12,0,12.165525
28,26,34,51.146847
22,24,-22,39.293765
-1,-10,-25,26.944387
8,0,-12,14.422205
-26,-42,20,53.291650
32,-13,31,46.411206
-27,1,-12,29.563491
-2,22,-40,45.694639
6,29,-41,50.576674
10,16,-22,28.982753
-23,-4,9,25.019992
-10,13,-17,23.622024
7,-12,-3,14.212670
2,-6,-4,7.483315
3,-1,38,38.131352
-8,14,-32,35.832946
-6,-2,-12,13.564660
10,-18,-8,22.090722
4,-15,-9,17.944358
-7,26,-13,29.899833
-20,20,6,28.913665
-7,10,29,31.464265
7,-2,-27,27.964263
-12,21,-15,28.460499
-18,8,-2,19.798990
-4,1,-15,15.556349
14,5,3,15.165751
-7,16,25,30.495901
-3,-7,-36,36.796739
-13,4,39,41.303753
-12,-11,5,17.029386
10,13,1,16.431677
-19,21,4,28.600699
-1,-4,9,9.899495
-16,18,-2,24.166092
37,-10,-23,44.698993
0,26,-24,35.383612
14,17,-11,24.617067
13,1,-16,20.639767
3,-14,-7,15.937377
14,16,-8,22.715633
-34,6,-8,35.440090
-45,13,-22,51.749396
-7,5,-10,13.190906
10,26,-10,29.597297
25,30,17,42.591079
0,-3,11,11.401754
-6,-10,-4,12.328828
18,-15,-15,27.820855
4,21,-3,21.587033
10,-1,1,10.099505
-10,7,-35,37.067506
-4,-12,2,12.806248
3,-5,-12,13.341664
11,13,20,26.267851
30,-3,21,36.742346
6,25,25,35.860842
-10,-16,18,26.076810
39,14,25,48.394215
8,-6,48,49.030603
9,28,-9,30.757113
8,28,-18,34.234486
-16,22,-8,28.354894
-9,7,26,28.390139
36,2,2,36.110940
-21,-32,3,38.392708
10,21,3,23.452079
26,-11,39,48.145612
-12,2,-10,15.748016
38,-4,46,59.799666
1,0,13,13.038405
-6,-12,4,14.000000
-23,23,0,32.526912
0,-3,-15,15.297059
-3,4,-1,5.099020
-5,8,19,21.213203
3,32,29,43.289722
0,13,-7,14.764823
3,-9,26,27.676705
17,13,-8,22.847319
-40,-12,2,41.809090
8,-4,-26,27.495454
15,29,6,33.196385
-13,3,14,19.339080
8,-5,7,11.747340
-20,-7,1,21.213203
17,4,17,24.372115
-7,-1,14,15.684387
10,-16,2,18.973666
1,4,-9,9.899495
4,-9,23,25.019992
2,-4,-20,20.493902
9,5,-52,53.009433
27,7,52,59.008474
-5,-13,-26,29.495762
1,-18,-13,22.226111
4,2,-34,34.292856
3,-13,12,17.944358
-9,14,23,28.390139
24,23,-15,36.469165
7,20,3,21.400935
19,31,8,37.229021
2,-19,21,28.390139
-24,-24,2,34.000000
12,12,-24,29.393877
-4,32,-4,32.496154
8,-14,2,16.248077
-6,26,-28,38.678159
-19,-9,2,21.118712
4,2,-4,6.000000
-13,-1,6,14.352700
19,-17,-10,27.386128
-5,5,10,12.247449
-37,-20,-21,47.010637
-3,28,-23,36.359318
-47,18,5,50.576674
18,-1,-7,19.339080
-15,-4,-9,17.944358
-13,-4,5,14.491377
-1,21,-8,22.494444
-9,32,23,40.422766
24,5,-9,26.115130
3,3,38,38.236109
-8,-8,-16,19.595918
-6,7,17,19.339080
0,19,15,24.207437
-8,29,33,44.654227
-7,-15,4,17.029386
-16,11,-15,24.535688
10,5,-1,11.224972
-9,-3,2,9.695360
-26,8,-14,30.594117
-6,1,-13,14.352700
-19,-9,-8,22.494444
0,12,14,18.439089
-24,-14,-2,27.856777
-12,-23,-11,28.178006
0,5,-23,23.537205
32,-19,-29,47.180504
11,6,17,21.118712
-5,22,1,22.583180
7,-10,13,17.832555
7,-14,-37,40.174619
-34,-21,19,44.249294
21,-33,-22,44.877611
-3,11,-6,12.884099
-19,-48,-9,52.402290
2,-18,-16,24.166092
13,-26,13,31.843367
7,-19,2,20.346990
8,-7,11,15.297059
32,16,-8,36.660606
1,4,-19,19.442222
9,1,-18,20.149442
4,-8,30,31.304952
20,12,18,29.461840
9,5,2,10.488088
-39,5,12,41.109610
-10,-22,6,24.899799
0,28,-14,31.304952
-9,1,-12,15.033296
-26,9,-15,31.336879
-25,-5,-8,26.720778
4,11,11,16.062378
6,-12,-12,18.000000
12,-26,-22,36.110940
-8,-10,-10,16.248077
26,-22,-4,34.292856
26,26,-38,52.877216
-7,16,15,23.021729
-17,-34,-37,53.047149
-2,-15,15,21.307276
7,-38,-19,43.058100
10,14,32,36.331804
-19,25,0,31.400637
-14,-4,18,23.151674
-6,17,31,35.860842
-6,-3,27,27.820855
18,3,23,29.359837
5,-16,5,17.492856
-26,-9,-17,32.341923
13,-1,8,15.297059
2,-3,23,23.280893
-10,-6,-14,18.220867
-2,-18,-6,19.078784
0,36,18,40.249224
17,27,8,32.893768
-20,-13,3,24.041631
-21,-3,-30,36.742346
1,13,-24,27.313001
-19,-28,-25,42.071368
-29,36,31,55.659680
-2,-13,-5,14.071247
-28,-16,6,32.802439
-1,19,-2,19.131126
-37,8,13,40.024992
-27,18,11,34.263683
-9,29,-12,32.649655
-9,9,30,32.588341
-15,4,17,23.021729
-14,17,5,22.583180
18,2,-10,20.688161
4,-3,17,17.720045
-9,5,4,11.045361
-3,17,-2,17.378147
-8,22,6,24.166092
-9,-6,-3,11.224972
0,22,-8,23.409400
-10,-15,-13,22.226111
-6,10,-6,13.114877
-17,4,-13,21.771541
-30,17,9,35.637059
24,-21,29,43.104524
5,32,1,32.403703
-19,-20,7,28.460499
-24,-35,-5,42.731721
-7,39,6,40.074930
19,4,-11,22.315914
9,-6,9,14.071247
24,-11,3,26.570661
1,-4,-13,13.638182
35,-11,-26,44.966654
16,-24,-18,34.000000
-16,-1,-27,31.400637
24,0,30,38.418745
-33,-11,-18,39.166312
-12,24,6,27.495454
-4,21,21,29.966648
-30,8,-4,31.304952
-8,3,-7,11.045361
-20,4,20,28.565714
-6,-28,26,38.678159
-11,-25,12,29.832868
-4,-31,-1,31.272992
11,3,18,21.307276
19,4,-13,23.366643
32,-8,12,35.099858
16,-11,25,31.654384
10,14,8,18.973666
-3,11,-20,23.021729
-26,23,15,37.815341
-1,9,-12,15.033296
15,-18,-25,34.263683
-22,-10,20,31.368774
36,-5,27,45.276926
-16,19,-17,30.099834
8,-1,29,30.099834
-7,5,20,21.771541
29,5,-42,51.283526
2,1,-1,2.449490
-8,-17,3,19.026298
8,-1,13,15.297059
-32,0,20,37.735925
-11,-6,-5,13.490738
8,14,-8,18.000000
8,1,-3,8.602325
-19,-27,8,33.970576
-4,2,12,12.806248
-8,-9,-3,12.409674
28,-12,22,37.576588
18,-10,-6,21.447611
32,-8,-20,38.574603
15,7,20,25.961510
-7,-18,-7,20.542639
16,21,-17,31.400637
11,33,-12,36.796739
36,-6,10,37.841776
-3,16,5,17.029386
6,13,-15,20.736441
-13,0,-5,13.928388
-28,-4,2,28.354894
-9,19,-14,25.258662
12,4,22,25.377155
-14,13,25,31.464265
-12,22,6,25.768197
-13,-6,13,19.339080
24,19,-15,34.088121
-6,-6,14,16.370706
40,-23,31,55.587768
17,10,3,19.949937
-22,-15,-3,26.795522
25,11,16,31.654384
18,-5,3,18.920888
-38,-29,-27,54.899909
29,0,7,29.832868
14,0,-6,15.231546
34,20,-4,39.648455
13,-2,21,24.779023
32,-34,6,47.074409
-1,-22,-7,23.108440
-16,24,-28,40.199502
12,-32,16,37.735925
6,-27,11,29.765752
-12,20,-22,32.062439
7,-10,9,15.165751
-16,-20,2,25.690465
-5,8,7,11.747340
2,-17,-3,17.378147
-14,9,31,35.185224
-25,-12,-19,33.615473
-4,-5,25,25.806976
15,-2,-1,15.165751
32,3,9,33.376639
18,-17,3,24.939928
20,12,-2,23.409400
13,-30,-15,35.972211
-24,2,30,38.470768
-29,-8,-9,31.400637
-27,-1,12,29.563491
11,1,-38,39.572718
-2,0,-10,10.198039
28,-1,-17,32.771939
-24,-24,4,34.176015
25,1,2,25.099801
-8,-20,-2,21.633308
-11,-37,2,38.652296
22,12,-4,25.377155
27,22,-21,40.669399
-22,34,20,45.166359
-15,-31,-8,35.355339
10,-24,-6,26.683328
-7,-1,-2,7.348469
2,6,20,20.976177
-6,18,-6,19.899749
-23,-39,-24,51.244512
10,6,4,12.328828
20,11,-29,36.905284
-12,-15,-27,33.136083
4,19,1,19.442222
25,-17,14,33.316662
29,44,19,56.017854
20,24,0,31.240999
-2,-20,12,23.409400
-16,18,24,34.000000
9,-12,25,29.154759
-6,-6,-18,19.899749
-22,-20,28,40.841156
-1,6,-9,10.862780
12,16,4,20.396078
-45,0,-13,46.840154
-20,34,-6,39.899875
-4,-1,9,9.899495
15,-35,4,38.288379
4,-5,5,8.124038
-26,6,4,26.981475
-6,-13,-5,15.165751
-4,-20,-18,27.202941
-1,-16,1,16.062378
15,-25,-30,41.833001
-6,-11,-13,18.055470
1,0,-9,9.055385
21,38,-29,52.211110
-10,9,-35,37.496667
-5,16,-9,19.026298
2,-10,-8,12.961481
17,-36,17,43.289722
13,16,5,21.213203
20,-3,-13,24.041631
-12,23,25,36.027767
16,-6,0,17.088007
4,-47,35,58.736701
-18,8,38,42.801869
-30,-18,-4,35.213634
5,-11,4,12.727922
4,-17,13,21.771541
4,27,9,28.740216
5,31,18,36.193922
11,-2,21,23.790755
29,-15,-20,38.288379
23,21,-8,32.155870
-9,-7,0,11.401754
-12,9,-21,25.806976
2,-8,-16,18.000000
6,15,39,42.213742
20,25,-3,32.155870
-40,10,12,42.941821
-24,-11,19,32.526912
9,20,-5,22.494444
25,7,-24,35.355339
-26,-16,-16,34.467376
-15,23,26,37.815341
-23,14,7,27.820855
-39,-15,16,44.743715
7,7,-8,12.727922
2,19,-17,25.573424
38,-2,2,38.105118
13,-21,12,27.459060
12,-9,-7,16.552945
22,-1,-3,22.226111
16,-2,24,28.913665
24,-5,7,25.495098
0,18,-14,22.803509
1,5,22,22.583180
1,30,13,32.710854
-32,-11,17,37.868192
11,-10,-11,18.493242
21,-4,-33,39.319207
-11,-1,0,11.045361
-45,-23,14,52.440442
9,-20,9,23.706539
-26,-14,0,29.529646
-5,12,-47,48.764741
22,48,-2,52.839379
-6,16,40,43.497126
5,-7,2,8.831761
5,-5,18,19.339080
5,-16,-1,16.792856
1,11,24,26.419690
2,7,-5,8.831761
23,-14,21,34.146742
-2,7,-9,11.575837
5,-6,-9,11.916375
-11,-17,-14,24.617067
3,20,-1,20.248457
20,-9,-9,23.706539
12,-7,-27,30.364453
19,2,11,22.045408
-27,-6,11,29.765752
-5,16,13,21.213203
-2,-24,22,32.619013
8,-23,37,44.294469
-22,-3,27,34.957117
2,-18,-6,19.078784
-8,5,-1,9.486833
-4,-18,-26,31.874755
6,10,6,13.114877
23,16,33,43.289722
-3,-15,10,18.275667
-28,-16,-6,32.802439
-8,9,-49,50.457903
16,-16,4,22.978251
-13,11,-2,17.146428
1,31,-22,38.026307
-17,27,-18,36.633318
-19,16,-15,29.017236
-10,28,12,32.062439
15,-34,-11,38.755645
8,5,47,47.937459
-15,26,-19,35.524639
-14,13,-39,43.428102
19,-11,-12,25.019992
2,10,-8,12.961481
-23,33,2,40.274061
-30,10,16,35.440090
-3,-11,-32,33.970576
-44,-3,-13,45.978256
28,-13,-15,34.322005
7,-40,1,40.620192
10,41,51,66.196677
-14,9,15,22.405357
6,-26,10,28.495614
3,14,-5,15.165751
2,-2,-16,16.248077
15,-46,25,54.460995
-33,-5,16,37.013511
10,-9,15,20.149442
-13,-14,5,19.748418
-34,14,32,48.744230
3,32,-9,33.376639
10,-27,-15,32.465366
-3,13,6,14.628739
1,-1,8,8.124038
-7,26,-9,28.390139
-24,34,-18,45.343136
9,10,-3,13.784049
-8,-5,19,21.213203
-4,2,14,14.696938
17,-31,2,35.411862
32,13,19,39.420807
-4,15,3,15.811388
22,3,19,29.223278
-8,24,-6,26.000000
32,-19,-9,38.288379
-35,-28,-5,45.099889
-24,25,-25,42.731721
-4,-12,-20,23.664319
-7,-28,-3,29.017236
21,11,2,23.790755
37,-10,-1,38.340579
12,-7,19,23.537205
-37,3,22,43.150898
12,5,-11,17.029386
6,40,-14,42.801869
-31,-12,-5,33.615473
-14,-5,-11,18.493242
-11,14,21,27.531800
8,16,-16,24.000000
-29,14,19,37.389838
-24,12,-44,51.536395
-4,-24,-8,25.612497
-3,0,-7,7.615773
19,-18,19,32.341923
-8,-16,-8,19.595918
-13,-5,-6,15.165751
11,21,-8,25.019992
20,12,-34,41.231056
-50,11,1,51.205468
-5,-20,-19,28.035692
-22,-34,8,41.279535
-2,-10,2,10.392305
4,18,14,23.151674
3,7,-10,12.569805
2,2,-6,6.633250
10,9,33,35.637059
10,-2,40,41.279535
-16,4,16,22.978251
2,-16,-6,17.204651
-6,-4,-10,12.328828
16,-11,1,19.442222
18,10,-30,36.386811
-28,13,13,33.496268
-24,-44,-22,54.735729
8,-11,9,16.309506
-22,-17,1,27.820855
21,-1,-12,24.207437
-22,-3,-9,23.958297
2,37,1,37.067506
-2,13,-23,26.495283
14,4,10,17.663522
15,2,-3,15.427249
-14,-18,34,40.938979
-45,-8,15,48.104054
-25,8,27,37.656341
4,18,2,18.547237
-12,-13,-3,17.944358
12,30,24,40.249224
-3,-9,-4,10.295630
-10,-5,5,12.247449
-29,-18,9,35.298725
-21,27,10,35.637059
9,-12,23,27.459060
9,8,11,16.309506
14,15,-21,29.359837
22,6,28,36.110940
16,-17,11,25.806976
3,-5,-8,9.899495
7,-8,9,13.928388
7,8,39,40.422766
-15,-8,-15,22.671568
-16,22,2,27.276363
8,-13,9,17.720045
15,-1,16,21.954498
-1,9,-2,9.273618
-5,1,-8,9.486833
-6,6,-20,21.725561
-21,36,-31,51.942276
12,7,-1,13.928388
-24,3,5,24.698178
26,32,-6,41.665333
-1,21,16,26.419690
10,-4,-26,28.142495
14,-21,-1,25.258662
7,-6,1,9.273618
-5,23,-4,23.874673
17,19,-16,30.099834
-1,-5,46,46.281746
-25,-25,12,37.336309
8,20,10,23.748684
-38,32,0,49.678969
-11,-3,14,18.055470
20,-19,19,33.496268
27,1,6,27.676705
-5,-22,-11,25.099801
27,15,10,32.465366
-3,-7,8,11.045361
-26,-19,11,34.029399
-21,0,1,21.023796
8,-4,-18,20.099751
33,-8,5,34.322005
-26,-10,18,33.166248
16,-6,4,17.549929
-33,20,-39,54.863467
0,-27,-17,31.906112
12,-13,21,27.459060
-19,-17,14,29.086079
-2,3,-3,4.690416
30,-4,8,31.304952
14,33,21,41.545156
16,45,3,47.853944
5,9,12,15.811388
0,11,-23,25.495098
-21,-35,-20,45.453273
27,-17,0,31.906112
-26,-15,-21,36.633318
-5,-23,-10,25.573424
-17,18,33,41.255303
-8,2,6,10.198039
10,38,-20,44.090815
28,-15,-5,32.155870
0,-8,-20,21.540659
20,-15,-21,32.649655
7,33,-14,36.523965
36,-17,-17,43.289722
13,-16,43,47.686476
4,1,5,6.480741
8,-4,-2,9.165151
5,33,6,33.911650
-11,28,11,32.031235
-44,6,20,48.703183
26,8,-20,33.763886
-30,40,32,59.363288
10,10,8,16.248077
3,0,-27,27.166155
-10,-8,6,14.142136
-5,20,-37,42.355637
11,13,4,17.492856
-1,27,8,28.178006
-20,-3,13,24.041631
22,3,-9,23.958297
-6,-18,-4,19.390719
20,-27,-51,61.073726
-11,1,-24,26.419690
-21,-2,-11,23.790755
8,2,-12,14.560220
-26,14,14,32.680269
22,14,8,27.276363
-6,1,-11,12.569805
37,-10,-5,38.652296
-2,1,9,9.273618
24,42,4,48.538644
-3,-13,-22,25.729361
-13,14,-15,24.289916
16,-42,18,48.414874
-27,25,-30,47.476310
-21,3,-8,22.671568
11,-1,6,12.569805
-19,-1,-20,27.604347
-18,38,-4,42.237424
-8,-7,1,10.677078
-24,0,2,24.083189
14,-5,1,14.899664
3,22,-9,23.958297
-10,34,10,36.823905
-23,-10,-17,30.298515
-19,7,-20,28.460499
-16,21,9,27.892651
21,6,-7,22.934690
-4,29,-1,29.291637
18,-36,10,41.472883
-2,21,-7,22.226111
-19,7,22,29.899833
9,-3,18,20.346990
-2,11,11,15.684387
10,31,9,33.793490
-11,-14,-9,19.949937
-14,-13,-9,21.118712
21,5,-8,23.021729
37,-33,12,51.009803
7,31,-14,34.727511
14,-10,-22,27.928480
3,8,-3,9.055385
-25,25,14,38.026307
-3,-17,-30,34.612137
-25,13,0,28.178006
-28,-16,-24,40.199502
-1,-15,46,48.394215
-15,8,21,27.018512
3,-15,12,19.442222
5,27,-28,39.217343
-18,-26,18,36.386811
-17,-23,-4,28.879058
-10,13,-13,20.928450
-3,-8,31,32.155870
-11,24,-25,36.359318
-14,16,-26,33.585711
8,7,-5,11.747340
-2,-20,18,26.981475
-3,-19,-22,29.223278
28,18,-46,56.780278
28,22,28,45.299007
-6,11,-21,24.454039
9,-16,-5,19.026298
-12,12,-10,19.697716
6,9,11,15.427249
-27,35,6,44.609416
6,3,-33,33.674916
-10,0,16,18.867962
-2,16,-4,16.613248
-25,-14,5,29.086079
-4,9,-15,17.944358
-29,-32,1,43.197222
10,-6,14,18.220867
8,14,12,20.099751
2,10,14,17.320508
-2,-8,-2,8.485281
21,-19,4,28.600699
9,-5,-4,11.045361
12,7,-31,33.970576
19,14,-11,26.038433
20,-1,-17,26.267851
25,-5,22,33.674916
26,3,-17,31.208973
14,6,-14,20.688161
8,-1,29,30.099834
14,-4,-20,24.738634
-1,6,-15,16.186414
-11,0,5,12.083046
-31,-11,12,35.014283
7,-55,8,56.017854
-7,28,-19,34.554305
-25,-34,11,43.611925
-2,0,-8,8.246211
13,15,18,26.795522
-33,23,-8,41.012193
-14,-19,-5,24.124676
-17,25,-8,31.272992
-4,29,7,30.099834
16,-1,-15,21.954498
-15,13,-16,25.495098
12,-9,1,15.033296
18,29,7,34.842503
-4,-29,29,41.206796
-5,28,-19,34.205263
9,20,5,22.494444
3,-12,31,33.376639
-7,-2,-5,8.831761
-3,-12,-11,16.552945
-26,-29,-15,41.737274
22,-18,-22,35.944402
0,16,-6,17.088007
36,15,-7,39.623226
4,20,-14,24.738634
7,-16,9,19.646883
-26,15,1,30.033315
-7,-2,1,7.348469
29,-5,10,31.080541
-4,6,-4,8.246211
11,19,8,23.366643
8,-13,23,27.604347
-8,-3,-9,12.409674
-16,42,28,52.952809
-3,2,51,51.127292
-5,23,-8,24.859606
30,-9,-23,38.858718
1,-18,55,57.879185
-18,-22,-2,28.495614
-38,-12,24,46.518813
30,-3,-1,30.166206
-4,-5,-5,8.124038
36,1,9,37.121422
1,-82,-19,84.178382
44,9,-5,45.188494
25,-6,-21,33.196385
1,7,14,15.684387
9,6,17,20.149442
-16,-18,-2,24.166092
-18,21,9,29.086079
-6,9,-25,27.239677
7,-32,-1,32.771939
-29,-7,-20,35.916570
24,-14,-20,34.234486
18,2,20,26.981475
11,46,-3,47.391982
21,-33,-8,39.924930
1,-11,0,11.045361
-3,7,-4,8.602325
22,-5,-1,22.583180
22,-35,-7,41.928511
-22,35,-3,41.448764
-13,8,-1,15.297059
-19,8,37,42.355637
23,2,-5,23.622024
0,-17,3,17.262677
-22,1,-17,27.820855
-6,-6,2,8.717798
15,8,29,33.615473
-9,14,-11,19.949937
-19,15,-6,24.939928
0,41,-17,44.384682
12,-9,1,15.033296
21,-33,18,43.058100
-18,-30,-6,35.496479
0,10,18,20.591260
-1,-27,-18,32.465366
-41,-16,-21,48.764741
-5,9,-22,24.289916
29,9,12,32.649655
23,-24,-27,42.825226
-2,-1,-23,23.108440
7,-7,10,14.071247
1,0,-3,3.162278
-15,5,-20,25.495098
4,16,16,22.978251
-9,-12,-21,25.806976
-27,12,-9,30.886890
8,29,-19,35.580894
13,23,-16,30.886890
15,-3,-6,16.431677
-34,-19,-33,51.048996
-1,17,12,20.832667
4,22,-28,35.832946
16,21,-3,26.570661
0,17,7,18.384776
-9,17,10,21.679483
10,-7,21,24.289916
1,19,-6,19.949937
19,0,1,19.026298
-4,0,16,16.492423
7,-33,-8,34.669872
-18,0,8,19.697716
-21,26,25,41.737274
-26,-24,-32,47.707442
20,-5,11,23.366643
8,21,-9,24.207437
9,19,8,22.494444
-3,-15,14,20.736441
-27,-23,-2,35.524639
-2,5,5,7.348469
19,-20,5,28.035692
22,-6,6,23.579652
-3,8,29,30.232433
34,5,-3,34.496377
7,-10,-53,54.387499
-1,7,-14,15.684387
7,12,23,26.870058
37,-10,11,39.874804
14,30,-4,33.346664
-5,-3,4,7.071068
-4,-12,-22,25.377155
-21,-12,-1,24.207437
-5,2,15,15.937377
20,-17,-15,30.232433
-7,-17,-12,21.954498
11,7,-20,23.874673
30,-31,-31,53.122500
15,-15,-14,25.416530
20,6,6,21.725561
-18,20,-22,34.756294
21,18,21,34.727511
5,9,8,13.038405
-17,31,16,38.807216
28,2,2,28.142495
22,24,38,50.039984
34,6,10,35.944402
-15,2,-11,18.708287
-3,27,16,31.527766
15,23,4,27.748874
-4,-11,-7,13.638182
0,-2,0,2.000000
5,-6,-19,20.542639
8,-20,-6,22.360680
-15,-14,-13,24.289916
3,4,1,5.099020
15,-21,-16,30.364453
-5,12,27,29.966648
16,-6,-14,22.090722
-37,-20,-11,43.474130
26,11,3,28.390139
-12,-18,-26,33.823069
15,2,27,30.951575
18,1,-5,18.708287
-5,-36,-17,40.124805
-32,-2,-34,46.733286
2,4,-2,4.898979
8,9,15,19.235384
18,29,11,35.860842
-5,4,-1,6.480741
9,23,2,24.779023
11,31,22,39.572718
9,-13,4,16.309506
21,-5,-20,29.427878
18,6,0,18.973666
-12,50,-22,55.928526
5,-12,-5,13.928388
-20,-7,-5,21.771541
-4,1,7,8.124038
-24,-33,-13,42.825226
-7,31,18,36.523965
-12,-10,-8,17.549929
11,-2,5,12.247449
-11,44,-21,49.979996
29,1,0,29.017236
3,-30,5,30.561414
13,-3,22,25.729361
-11,-1,24,26.419690
-3,-32,-11,33.970576
5,11,14,18.493242
18,10,-16,26.076810
-23,10,-15,29.223278
-9,-10,-15,20.149442
4,-15,-19,24.535688
-2,-34,18,38.522721
-34,8,2,34.985711
-29,-7,24,38.288379
-21,-11,8,25.019992
-26,5,-17,31.464265
-34,18,28,47.581509
-10,5,-33,34.842503
-19,0,-29,34.669872
-2,-5,-11,12.247449
-8,1,-1,8.124038
13,5,-4,14.491377
19,13,14,26.944387
-16,-4,12,20.396078
36,4,0,36.221541
17,-6,3,18.275667
16,19,-19,31.272992
6,-19,-11,22.759613
-10,-10,0,14.142136
-4,14,18,23.151674
27,36,11,46.324939
-25,-1,12,27.748874
1,10,-5,11.224972
-14,3,-13,19.339080
-16,7,-13,21.771541
23,1,-2,23.108440
4,-1,1,4.242641
30,-25,-15,41.833001
-4,8,22,23.748684
-36,-11,-23,44.113490
-8,2,10,12.961481
0,-19,-3,19.235384
20,-28,34,48.373546
11,-17,-8,21.771541
-6,8,50,50.990195
-9,22,25,34.496377
17,-7,-20,27.166155
-3,-49,-28,56.515485
-13,6,25,28.809721
23,15,8,28.600699
2,-4,38,38.262253
5,-7,-34,35.071356
-16,13,-11,23.366643
-38,-23,-39,59.110067
-15,15,12,24.372115
7,9,-8,13.928388
-11,-3,-14,18.055470
22,-12,12,27.784888
17,-19,28,37.868192
10,4,-20,22.715633
10,-14,-14,22.181073
37,-14,27,47.895720
6,5,43,43.703547
7,7,-8,12.727922
47,3,-8,47.770284
0,7,3,7.615773
-10,4,14,17.663522
54,-9,37,66.075714
-10,8,10,16.248077
-12,-29,35,47.010637
12,-6,8,15.620499
24,-32,-30,50.000000
-9,8,-5,13.038405
10,-9,25,28.390139
2,30,-2,30.133038
-27,-18,33,46.281746
-33,13,16,38.910153
-15,-4,21,26.115130
-31,7,10,33.316662
16,-7,5,18.165902
14,-7,9,18.055470
6,32,12,34.698703
-11,4,-41,42.638011
-32,22,-32,50.318983
-8,14,30,34.058773
-16,-28,40,51.380930
-12,-5,5,13.928388
18,1,1,18.055470
-17,-21,-14,30.430248
-2,-19,25,31.464265
-5,-11,-8,14.491377
6,-15,-1,16.186414
2,26,-48,54.626001
-15,3,12,19.442222
-7,10,33,35.185224
-5,7,-6,10.488088
14,-3,-41,43.428102
11,-19,4,22.315914
8,23,17,29.698485
6,18,-8,20.591260
-11,-30,-15,35.298725
-13,26,23,37.067506
7,-6,-21,22.934690
1,21,4,21.400935
-9,3,14,16.911535
33,18,-11,39.166312
11,-17,66,69.036222
-5,9,26,27.964263
-14,22,12,28.705400
8,39,-1,39.824616
-11,19,-14,26.038433
23,-8,-19,30.886890
-1,14,13,19.131126
58,-6,0,58.309519
-1,2,-3,3.741657
-16,-13,-19,28.035692
-3,27,-4,27.459060
-4,-19,-23,30.099834
7,17,-2,18.493242
26,5,15,30.430248
-25,-12,-43,51.166395
-15,-4,-13,20.248457
-7,-25,-36,44.384682
9,23,8,25.961510
6,-26,2,26.758176
-27,-21,-12,36.249138
-7,18,-5,19.949937
0,2,4,4.472136
3,-19,34,39.064050
9,-51,-6,52.134442
-8,-17,21,28.178006
28,4,12,30.724583
11,-6,1,12.569805
9,-3,-4,10.295630
33,-30,17,47.728398
-16,29,1,33.136083
25,-10,-25,36.742346
14,11,-5,18.493242
-15,1,40,42.731721
15,3,-6,16.431677
-8,-7,13,16.792856
4,-39,23,45.453273
25,-10,-19,32.954514
-12,-15,11,22.135944
14,-10,-10,19.899749
6,6,-34,35.042831
3,14,-23,27.092434
21,-28,-1,35.014283
15,0,-7,16.552945
-3,5,6,8.366600
-1,-13,-30,32.710854
3,36,-31,47.602521
-2,-12,0,12.165525
-7,0,1,7.071068
-7,-44,-29,53.160135
31,19,-6,36.851052
21,26,-13,35.860842
-12,-13,5,18.384776
8,-15,-25,30.232433
13,2,19,23.108440
-2,-24,-16,28.913665
9,-29,-14,33.436507
-16,-3,-1,16.309506
30,9,5,31.717503
-41,-33,2,52.668776
-4,-2,14,14.696938
-5,-34,-5,34.727511
6,-3,-3,7.348469
-17,17,4,24.372115
38,-21,-43,61.106464
1,25,-14,28.670542
-3,-17,-24,29.563491
9,5,-24,26.115130
-18,-21,-17,32.465366
4,-9,-1,9.899495
6,-29,39,48.969378
-6,19,-21,28.948230
-9,-7,-30,32.093613
9,8,-3,12.409674
-15,7,12,20.445048
-46,12,-22,52.383203
-15,-7,-6,17.606817
-11,-3,-16,19.646883
-11,-16,-15,24.535688
-36,1,-3,36.138622
-10,-35,1,36.414283
-26,-6,22,34.583233
-3,9,-24,25.806976
20,-24,2,31.304952
8,-8,4,12.000000
-43,5,-6,43.703547
-11,-37,26,46.540305
1,8,-1,8.124038
-13,22,-11,27.820855
21,15,-34,42.684892
11,2,-33,34.842503
5,-8,41,42.071368
1,4,-1,4.242641
-32,-8,-32,45.956501
-18,-19,-17,31.208973
20,-8,0,21.540659
-1,4,-7,8.124038
9,24,3,25.806976
-25,2,-7,26.038433
-4,-14,-32,35.156792
25,24,11,36.359318
4,4,-2,6.000000
-17,-16,-17,28.879058
-23,-13,36,44.654227
18,4,2,18.547237
1,-7,-6,9.273618
25,1,2,25.099801
-11,27,-12,31.527766
-7,26,-1,26.944387
2,-4,4,6.000000
9,-26,-19,33.436507
6,6,10,13.114877
-18,-23,19,34.842503
-5,-2,-1,5.477226
-36,-10,-6,37.841776
-6,4,4,8.246211
-14,-7,-1,15.684387
-4,-3,-9,10.295630
-24,1,-17,29.427878
35,-1,-10,36.414283
9,1,6,10.862780
11,-16,19,27.166155
2,9,-5,10.488088
-10,20,-10,24.494897
-10,-7,-5,13.190906
3,-18,23,29.359837
-9,-6,11,15.427249
18,43,9,47.476310
-2,2,12,12.328828
1,-31,8,32.031235
1,10,-21,23.280893
-14,27,29,42.023803
3,18,1,18.275667
-24,11,17,31.400637
26,16,20,36.496575
2,-3,9,9.695360
4,3,-15,15.811388
11,-15,8,20.248457
16,13,-1,20.639767
-32,-45,3,55.299186
22,16,-26,37.629775
-13,3,-8,15.556349
-7,38,-11,40.174619
6,0,-4,7.211103
14,14,34,39.344631
29,-2,11,31.080541
16,-6,6,18.110770
17,11,-14,24.617067
-40,-8,-16,43.817805
-24,-8,-6,26.000000
9,-11,-6,15.427249
-32,-20,20,42.708313
-33,11,-18,39.166312
9,17,-10,21.679483
2,28,-10,29.799329
55,-6,7,55.767374
-28,-4,-36,45.782093
7,-14,17,23.108440
-18,2,2,18.220867
-20,-21,-31,42.449971
-10,-29,-15,34.146742
5,2,-17,17.832555
-14,14,-2,19.899749
-4,-25,47,53.385391
-9,-23,32,40.422766
-8,17,-19,26.720778
-39,12,45,60.745370
15,15,2,21.307276
-1,-3,10,10.488088
4,-10,-34,35.665109
10,17,-23,30.298515
-6,2,-4,7.483315
27,3,0,27.166155
13,-20,-29,37.549967
4,-14,-6,15.748016
12,-43,-1,44.654227
-8,6,8,12.806248
4,-9,13,16.309506
0,-17,15,22.671568
-1,15,-16,21.954498
2,-12,-2,12.328828
-12,21,29,37.762415
8,3,-9,12.409674
10,-17,-27,33.436507
-30,-22,2,37.255872
16,-19,-11,27.166155
-4,16,-2,16.613248
25,6,-23,34.496377
-30,-6,-20,36.551334
12,18,10,23.832751
-10,-11,-19,24.124676
0,-7,-17,18.384776
-3,-19,0,19.235384
1,-17,-16,23.366643
-16,9,15,23.706539
14,-9,-15,22.405357
-34,-22,-18,44.317040
-25,25,30,46.368092
48,3,-3,48.187135
2,14,8,16.248077
10,17,13,23.622024
-14,15,13,24.289916
-23,-5,-4,23.874673
15,-13,12,23.194827
-11,26,19,34.029399
-13,-7,20,24.859606
10,-10,6,15.362291
-11,39,-4,40.718546
-23,17,-24,37.336309
14,-1,5,14.899664
3,21,-24,32.031235
-39,6,1,39.471509
-2,29,3,29.223278
-37,-29,-6,47.391982
-6,12,6,14.696938
9,9,6,14.071247
-8,12,20,24.657656
11,-12,19,25.019992
-13,29,0,31.780497
-20,-3,-45,49.335586
-10,-14,-4,17.663522
39,8,-19,44.113490
-13,1,16,20.639767
18,8,6,20.591260
-6,26,0,26.683328
-9,13,-20,25.495098
-18,9,5,20.736441
0,-6,-12,13.416408
7,-6,29,30.430248
-32,-14,20,40.249224
20,31,-11,38.496753
-12,24,-14,30.265492
32,-9,-1,33.256578
-37,21,-18,46.195238
-12,17,1,20.832667
-7,-45,8,46.238512
-3,-15,12,19.442222
14,-23,-7,27.820855
-11,6,7,14.352700
-13,27,-26,39.673669
-33,-21,14,41.545156
-16,-22,0,27.202941
-22,-31,-7,38.652296
0,-8,-30,31.048349
-5,-4,-5,8.124038
-2,-14,12,18.547237
20,4,-8,21.908902
14,-22,18,31.685959
-5,38,-37,53.272882
7,-10,-11,16.431677
-20,37,-1,42.071368
10,9,23,26.645825
-23,-28,-3,36.359318
24,2,-30,38.470768
-1,-23,-6,23.790755
-14,-7,-5,16.431677
-21,1,6,21.863211
23,10,13,28.248894
-36,-19,5,41.012193
-22,23,-9,33.075671
-3,-19,-6,20.149442
22,-19,9,30.430248
-21,2,7,22.226111
-4,-18,0,18.439089
-3,37,2,37.175261
17,-24,-11,31.400637
-12,-18,-10,23.832751
13,14,-11,22.045408
-5,-2,-5,7.348469
9,22,5,24.289916
-27,-8,25,37.656341
19,3,-18,26.343880
10,28,-26,39.496835
8,12,8,16.492423
2,-18,36,40.298883
18,-18,-2,25.534291
12,-2,-18,21.725561
-19,13,-8,24.372115
2,10,-12,15.748016
10,-16,0,18.867962
24,-25,1,34.669872
-10,33,15,37.603191
-4,-8,14,16.613248
-8,-16,-42,45.650849
-17,-7,18,25.729361
2,-28,-2,28.142495
-9,24,-7,26.570661
-3,38,5,38.444766
-33,-26,29,51.048996
22,4,-16,27.495454
-7,4,-31,32.031235
-39,39,-14,56.903427
-5,-10,-19,22.045408
-8,-1,-7,10.677078
-14,-4,-4,15.099669
3,-16,5,17.029386
4,0,-30,30.265492
6,0,-16,17.088007
-15,-4,-7,17.029386
15,-16,15,26.570661
17,-14,-1,22.045408
-5,8,11,14.491377
10,-33,21,40.373258
15,1,8,17.029386
12,-3,-5,13.341664
10,-22,12,26.981475
4,6,12,14.000000
-19,-26,13,34.727511
-16,-15,9,23.706539
8,-10,22,25.455844
-1,-6,27,27.676705
-7,-1,10,12.247449
-50,-26,-12,57.619441
-2,15,-25,29.223278
-12,-14,4,18.867962
19,-11,2,22.045408
-6,15,-41,44.068129
15,29,-12,34.785054
11,-6,-17,21.118712
21,-40,-17,48.270074
4,9,13,16.309506
-6,22,-6,23.579652
18,36,-14,42.614552
36,32,10,49.193496
3,-27,8,28.319605
23,11,-14,29.086079
40,12,18,45.475268
6,8,26,27.856777
2,1,-15,15.165751
3,-1,10,10.488088
-7,18,25,31.591138
-3,19,20,27.748874
-43,-11,4,44.564560
2,16,-10,18.973666
21,-3,14,25.416530
-37,8,-3,37.973675
4,14,8,16.613248
-8,-22,-18,29.529646
9,7,4,12.083046
32,-26,10,42.426407
-46,-10,22,51.961524
7,10,23,26.038433
-20,19,15,31.400637
0,-21,-23,31.144823
8,2,-2,8.485281
-9,38,5,39.370039
17,17,-10,26.038433
17,-16,9,25.019992
-4,10,20,22.715633
8,13,-19,24.372115
-8,-14,-28,32.310989
-26,34,-16,45.694639
-15,-18,-9,25.099801
13,28,-15,34.322005
11,47,-10,49.295030
15,23,12,29.966648
-9,-14,3,16.911535
5,6,1,7.874008
13,-7,-60,61.789967
22,22,-6,31.685959
6,5,-31,31.968735
36,9,-9,38.183766
-25,-11,-16,31.654384
31,12,-13,35.693137
-19,-5,28,34.205263
0,0,-14,14.000000
-8,-20,-14,25.690465
2,12,-8,14.560220
19,22,25,38.340579
8,-47,3,47.770284
12,-14,-2,18.547237
-3,38,-1,38.131352
21,1,10,23.280893
-33,-10,15,37.603191
5,22,49,53.944416
-6,-4,-20,21.260292
24,-21,-5,32.280025
-7,-1,-8,10.677078
33,-7,-12,35.805028
-21,15,2,25.884358
-18,0,4,18.439089
-12,-14,6,19.390719
3,-2,3,4.690416
47,19,4,50.852729
3,-2,-1,3.741657
-47,-17,18,53.122500
18,10,-4,20.976177
9,-9,28,30.757113
-25,-13,10,29.899833
-24,14,-18,33.105891
6,9,-37,38.548671
6,-22,-2,22.891046
-5,1,20,20.639767
-15,-3,4,15.811388
14,-11,-23,29.086079
-5,-9,-8,13.038405
2,4,4,6.000000
23,0,19,29.832868
-6,-11,23,26.191602
2,17,33,37.175261
-11,-45,2,46.368092
-18,13,-15,26.795522
-1,16,27,31.400637
-10,-39,-5,40.570926
12,7,13,19.026298
21,-14,35,43.150898
-10,-10,-2,14.282857
1,5,-6,7.874008
12,2,12,17.088007
-33,-16,-13,38.910153
0,-9,21,22.847319
15,3,-2,15.427249
-6,-3,-11,12.884099
23,-23,2,32.588341
-13,-9,4,16.309506
4,7,5,9.486833
-21,3,32,38.392708
20,-17,5,26.720778
-5,-22,-39,45.055521
-4,27,-15,31.144823
-54,-18,-32,65.299311
-3,1,-26,26.191602
-24,-15,-3,28.460499
16,-10,10,21.354157
0,20,-6,20.880613
-9,17,12,22.671568
-16,9,7,19.646883
-8,14,10,18.973666
-42,-2,-32,52.839379
-12,5,23,26.419690
-4,21,17,27.313001
26,13,3,29.223278
-4,0,8,8.944272
-2,13,-5,14.071247
-33,5,-18,37.920970
27,-3,2,27.239677
-3,37,-6,37.603191
-5,0,-25,25.495098
-9,24,21,33.136083
11,1,12,16.309506
-32,17,-35,50.378567
-25,7,-32,41.206796
4,-23,-23,32.771939
-34,16,10,38.884444
17,43,8,46.925473
7,-9,20,23.021729
-4,13,-11,17.492856
-20,23,-13,33.136083
-6,26,4,26.981475
-16,-21,-15,30.364453
-8,-11,-19,23.366643
6,-13,-5,15.165751
-28,61,-21,70.327804
-13,3,10,16.673332
15,38,3,40.963398
26,21,23,40.570926
31,21,-12,39.319207
0,34,8,34.928498
1,17,-6,18.055470
-42,-1,-7,42.591079
-11,48,-35,60.415230
14,18,14,26.758176
0,-7,27,27.892651
-28,-12,2,30.528675
-1,-20,7,21.213203
7,2,-17,18.493242
-20,18,-16,31.304952
-2,-32,-14,34.985711
-13,-40,-23,47.937459
-13,11,-14,22.045408
39,9,-14,42.402830
-15,-1,-14,20.542639
16,-12,28,34.409301
0,-16,-4,16.492423
2,-13,1,13.190906
13,-15,6,20.736441
-24,-18,-12,32.310989
0,51,-17,53.758720
26,-2,-28,38.262253
0,42,12,43.680659
1,6,-11,12.569805
-19,-23,-8,30.886890
-13,-20,-7,24.859606
-6,-5,-21,22.405357
-12,33,35,49.578221
-16,21,15,30.364453
-4,12,-12,17.435596
-3,1,36,36.138622
6,1,-27,27.676705
-3,-13,8,15.556349
16,-35,-9,39.522146
-42,34,-20,57.619441
-1,9,32,33.256578
18,-46,12,50.833060
-14,-10,0,17.204651
-12,19,39,45.011110
-15,11,-16,24.535688
-11,0,21,23.706539
31,-4,-5,31.654384
-13,13,-8,20.049938
3,-5,6,8.366600
15,10,-5,18.708287
-33,33,16,49.335586
21,-14,-41,48.145612
27,6,-7,28.530685
23,-15,-24,36.469165
-33,10,9,35.637059
-2,17,-31,35.411862
-3,-7,-32,32.893768
-7,-19,14,24.617067
7,7,-8,12.727922
6,-18,-18,26.153394
3,0,3,4.242641
-2,10,6,11.832160
38,38,-8,54.332311
-6,0,-6,8.485281
-27,-9,8,29.563491
26,-20,-32,45.825757
13,-20,-5,24.372115
9,-25,10,28.390139
10,22,2,24.248711
-5,21,-6,22.405357
-19,10,-1,21.494185
17,-9,-8,20.832667
20,24,6,31.811947
-11,2,25,27.386128
-14,8,16,22.715633
-22,40,-28,53.553711
20,20,12,30.724583
6,31,-5,31.968735
-11,9,-22,26.191602
20,-41,-19,49.416596
7,-13,6,15.937377
-19,-19,22,34.727511
-11,-16,31,36.578682
3,-24,-9,25.806976
-8,12,-16,21.540659
-16,40,0,43.081318
-6,-9,-1,10.862780
-5,13,-6,15.165751
-22,18,26,38.522721
5,-36,-23,43.011626
-22,-11,13,27.820855
-2,5,-19,19.748418
-16,-21,-23,35.014283
-4,-9,15,17.944358
22,-21,-23,38.131352
38,-12,36,53.702886
12,-13,-9,19.849433
56,8,2,56.603887
-14,13,-19,26.944387
16,37,-13,42.355637
9,10,7,15.165751
-11,9,-8,16.309506
9,8,-29,31.400637
4,19,23,30.099834
3,-7,-8,11.045361
6,20,2,20.976177
16,-9,21,27.892651
11,12,15,22.135944
12,-21,-9,25.806976
-9,-8,5,13.038405
-1,9,12,15.033296
-24,12,-12,29.393877
27,12,39,48.928519
2,24,-4,24.413111
-7,2,-25,26.038433
14,2,10,17.320508
29,-9,26,39.974992
-2,0,0,2.000000
-26,4,-4,26.608269
-2,20,14,24.494897
-5,10,-17,20.346990
-14,-18,26,34.583233
0,-1,-15,15.033296
19,-43,8,47.686476
-3,10,-15,18.275667
-1,16,33,36.687873
-2,21,-27,34.263683
-6,10,-16,19.798990
41,-16,19,47.937459
-10,-3,-35,36.523965
-15,-25,22,36.523965
8,-4,-22,23.748684
10,-1,1,10.099505
7,16,-9,19.646883
-15,17,12,25.651511
-28,43,21,55.443665
9,15,26,31.336879
23,20,1,30.495901
-29,23,-26,45.232732
-28,10,-14,32.863353
-18,-4,8,20.099751
5,9,-28,29.832868
3,-9,22,23.958297
39,-1,28,48.020829
-3,-20,27,33.734256
25,-39,6,46.711883
-4,-11,-7,13.638182
-4,8,12,14.966630
3,-7,-24,25.179357
-22,12,-30,39.089641
-22,11,-37,44.429720
11,12,23,28.178006
8,-28,-2,29.189039
22,-17,-17,32.588341
9,2,5,10.488088
5,4,-13,14.491377
-10,-27,13,31.591138
5,2,17,17.832555
-7,10,19,22.583180
3,-6,1,6.782330
-11,11,22,26.944387
-15,25,-2,29.223278
-21,5,0,21.587033
2,6,-20,20.976177
-7,9,-16,19.646883
-35,-16,7,39.115214
11,9,14,19.949937
-21,13,-26,35.860842
-1,6,-5,7.874008
4,16,24,29.120440
-17,0,7,18.384776
20,-4,-18,27.202941
-1,-11,-22,24.617067
2,16,4,16.613248
2,23,-1,23.108440
-30,-9,15,34.727511
-7,-17,-4,18.814888
9,-20,-15,26.570661
-6,0,-20,20.880613
4,-2,-8,9.165151
22,18,0,28.425341
-7,-18,-13,23.280893
-27,10,13,31.591138
-6,-4,8,10.770330
20,-5,-3,20.832667
2,19,-21,28.390139
6,24,-4,25.059928
33,-4,-5,33.615473
-2,0,-4,4.472136
11,-15,16,24.535688
-9,-26,-23,35.860842
-33,-4,21,39.319207
13,16,-9,22.494444
3,-19,-8,20.832667
33,11,-2,34.842503
31,-26,-7,41.060930
-10,-1,21,23.280893
-21,22,-5,30.822070
-9,-20,-3,22.135944
34,9,-7,35.860842
20,3,1,20.248457
-1,-17,18,24.779023
-6,14,0,15.231546
-12,-32,-30,45.475268
-28,-24,-8,37.735925
21,2,1,21.118712
7,9,10,15.165751
2,-22,14,26.153394
-24,30,6,38.884444
14,-17,21,30.430248
-7,-38,-5,38.961519
-32,-24,-16,43.081318
-12,13,-19,25.961510
-6,-17,21,27.676705
12,13,27,32.280025
8,16,-14,22.715633
41,-12,11,44.113490
-11,-29,16,34.899857
-23,3,-10,25.258662
-29,-3,-2,29.223278
-17,9,18,26.343880
19,15,-4,24.535688
33,-4,-23,40.422766
4,-18,14,23.151674
-31,-35,0,46.754679
-11,12,-11,19.646883
-3,-23,32,39.522146
-14,-16,10,23.494680
-10,-3,-3,10.862780
-4,18,14,23.151674
-5,0,1,5.099020
5,-21,-4,21.954498
18,2,-18,25.534291
-18,-26,0,31.622777
9,0,-7,11.401754
-1,-3,-2,3.741657
-23,15,2,27.531800
15,25,20,35.355339
7,-14,-11,19.131126
-10,6,-22,24.899799
12,21,1,24.207437
-11,-21,2,23.790755
11,-24,23,35.014283
-1,17,4,17.492856
-9,-26,11,29.631065
-11,-16,23,30.099834
-15,-22,21,33.911650
-30,39,-11,50.418251
2,-4,6,7.483315
-13,-2,-17,21.494185
-19,-6,25,31.968735
4,-32,8,33.226495
-4,-2,14,14.696938
-9,27,-38,47.476310
-8,14,-22,27.276363
24,-6,-12,27.495454
-40,-5,-23,46.411206
11,-3,-6,12.884099
33,3,-16,36.796739
-13,13,30,35.185224
-11,20,-7,23.874673
29,3,-16,33.256578
-12,0,0,12.000000
-3,-8,41,41.880783
19,40,9,45.188494
-24,-20,-12,33.466401
-6,7,-35,36.193922
12,-21,27,36.249138
4,-10,-16,19.287302
-17,5,2,17.832555
-16,-19,-11,27.166155
39,6,-21,44.698993
-25,5,14,29.086079
-21,-5,-4,21.954498
-29,42,-5,51.283526
-25,23,0,33.970576
-8,-15,5,17.720045
-19,25,10,32.954514
23,-7,-10,26.038433
1,-19,-4,19.442222
11,9,4,14.764823
11,14,-17,24.617067
-1,-31,30,43.150898
-7,-2,-5,8.831761
5,6,9,11.916375
-6,-20,-18,27.568098
9,-1,14,16.673332
24,21,19,37.121422
18,-9,-19,27.676705
-6,28,-14,31.874755
-34,3,17,38.131352
3,12,-15,19.442222
-15,23,24,36.469165
3,-39,-8,39.924930
-19,27,8,33.970576
-8,30,4,31.304952
34,12,26,44.452222
-6,3,-15,16.431677
38,9,23,45.321077
16,-9,25,31.016125
-6,9,5,11.916375
-8,-14,20,25.690465
-11,22,-9,26.191602
5,-14,-9,17.378147
-12,0,6,13.416408
-20,-4,10,22.715633
4,15,-19,24.535688
15,-9,2,17.606817
30,-15,-45,56.124861
-10,11,7,16.431677
18,-6,4,19.390719
7,1,0,7.071068
-7,18,-5,19.949937
11,16,39,43.566042
-2,11,27,29.223278
4,-3,35,35.355339
2,-16,10,18.973666
-1,-7,-20,21.213203
-17,7,-8,20.049938
-11,20,-37,43.474130
1,11,0,11.045361
6,-36,6,36.986484
-15,-17,0,22.671568
8,-8,0,11.313708
-29,3,-8,30.232433
7,18,37,41.737274
37,-9,-2,38.131352
-21,13,-30,38.858718
24,-6,-22,33.105891
9,-35,0,36.138622
-5,8,25,26.720778
1,-8,11,13.638182
-35,23,-30,51.516987
36,0,-38,52.345009
-8,-44,6,45.122057
-11,4,-17,20.639767
-7,29,-26,39.572718
-6,16,8,18.867962
3,-16,1,16.309506
12,-16,20,28.284271
-19,3,12,22.671568
-1,10,-25,26.944387
6,-9,-15,18.493242
6,43,-25,50.099900
5,-23,-12,26.419690
-8,-11,51,52.782573
47,-16,19,53.160135
-12,16,12,23.323808
-13,-29,-54,62.657801
-11,-8,19,23.366643
16,-25,-17,34.205263
-12,-8,6,15.620499
9,14,5,17.378147
-18,7,-17,25.729361
-33,-4,11,35.014283
-24,13,27,38.392708
25,30,27,47.476310
-10,-20,4,22.715633
-7,7,-10,14.071247
7,26,29,39.572718
17,-17,-12,26.870058
9,1,14,16.673332
24,13,-9,28.740216
37,11,32,50.139805
-20,-7,-29,35.916570
-15,6,-7,17.606817
-4,-4,34,34.467376
-6,9,-5,11.916375
-32,14,-14,37.629775
-9,14,13,21.118712
-1,12,5,13.038405
7,5,12,14.764823
1,-9,2,9.273618
8,12,16,21.540659
-21,-6,-15,26.495283
7,-8,-27,29.017236
-16,-20,-34,42.567593
0,12,-8,14.422205
-17,-2,3,17.378147
-18,-36,16,43.312816
1,21,-8,22.494444
1,7,-8,10.677078
-9,-25,4,26.870058
-19,4,-15,24.535688
16,-14,0,21.260292
-30,22,10,38.522721
-6,-14,32,35.440090
17,13,10,23.622024
-23,-12,-7,26.870058
-10,-24,-28,38.209946
16,2,-4,16.613248
-32,26,18,44.988888
-5,6,-15,16.911535
12,-10,26,30.331502
-2,-10,-42,43.220366
-19,-19,-12,29.427878
34,7,11,36.414283
14,9,-5,17.378147
4,14,24,28.071338
11,-11,10,18.493242
-21,41,-12,47.602521
2,16,-16,22.715633
10,16,0,18.867962
6,0,-6,8.485281
5,-30,1,30.430248
-26,-20,0,32.802439
-17,6,-9,20.149442
19,-13,-12,25.961510
-21,7,26,34.146742
-12,-30,42,52.990565
-28,-1,-15,31.780497
3,-28,11,30.232433
-24,1,-15,28.319605
4,-7,-9,12.083046
-16,-35,21,43.840620
12,-9,-19,24.207437
17,16,-11,25.806976
-2,18,-16,24.166092
11,22,1,24.617067
-23,5,18,29.631065
-14,12,0,18.439089
8,-2,-20,21.633308
-9,32,1,33.256578
9,42,-29,51.826634
10,27,-9,30.166206
18,-20,-16,31.304952
-20,-21,-35,45.453273
-20,13,-29,37.549967
6,-2,8,10.198039
0,-11,-15,18.601075
2,18,24,30.066593
-6,14,0,15.231546
17,12,-21,29.563491
13,-15,8,21.400935
-7,9,-4,12.083046
14,-13,25,31.464265
2,11,-9,14.352700
-38,-11,9,40.570926
11,-5,-16,20.049938
-6,22,-16,27.856777
0,12,-28,30.463092
-21,18,-9,29.086079
6,-6,-8,11.661904
-2,-8,-34,34.985711
12,13,-41,44.654227
6,14,14,20.688161
21,11,-18,29.765752
19,5,-16,25.337719
21,-30,15,39.572718
15,-8,15,22.671568
-49,-5,-20,53.160135
-5,-17,36,40.124805
14,21,-19,31.591138
-6,-10,-12,16.733201
49,3,-18,52.287666
-15,10,-23,29.223278
32,-13,-29,45.099889
-10,-6,36,37.841776
13,-23,14,29.899833
-14,5,21,25.729361
-19,-37,-14,43.886217
8,-25,35,43.749286
14,10,8,18.973666
-4,11,-25,27.604347
5,16,-13,21.213203
19,-1,-8,20.639767
2,-29,13,31.843367
18,-12,-6,22.449944
6,-6,36,36.986484
20,-35,-9,41.303753
-35,12,45,58.258047
28,17,15,36.027767
0,-14,20,24.413111
-36,40,16,56.142675
-1,-37,-4,37.229021
-24,21,17,36.138622
-12,-3,-13,17.944358
15,-5,8,17.720045
20,29,3,35.355339
12,-19,-23,32.155870
-2,-4,4,6.000000
-8,20,34,40.249224
6,2,14,15.362291
20,-21,11,31.016125
23,1,-28,36.249138
-1,-14,-41,43.335897
11,-14,-7,19.131126
22,18,14,31.685959
36,-9,-31,48.352870
10,-23,-11,27.386128
-13,-8,5,16.062378
-11,2,9,14.352700
19,10,3,21.679483
-24,6,-36,43.680659
-25,11,-28,39.115214
27,5,-12,29.966648
-26,27,-9,38.548671
40,11,5,41.785165
-14,24,-28,39.446166
23,-18,-9,30.561414
-7,9,-6,12.884099
3,13,4,13.928388
-1,14,19,23.622024
22,-4,28,35.832946
-12,6,14,19.390719
-9,-31,-30,44.068129
-19,13,0,23.021729
1,14,21,25.258662
-14,-28,-2,31.368774
1,25,-18,30.822070
0,1,-1,1.414214
18,-13,23,31.968735
-11,-29,-38,49.050994
29,14,-1,32.218007
28,-26,-14,40.693980
13,4,9,16.309506
-9,15,-8,19.235384
-19,22,-9,30.430248
-16,-15,-29,36.359318
11,6,-3,12.884099
1,23,-8,24.372115
-8,15,7,18.384776
18,-33,31,48.723711
18,-9,3,20.346990
8,2,18,19.798990
17,7,4,18.814888
35,-35,-24,55.009090
33,3,-12,35.242020
-14,10,-10,19.899749
33,15,-24,43.474130
1,-10,3,10.488088
-6,-14,-10,18.220867
45,-6,-9,46.281746
4,-12,-2,12.806248
-22,11,-5,25.099801
-28,-5,17,33.136083
20,55,-27,64.451532
-6,-31,3,31.717503
6,-48,-28,55.892754
14,6,2,15.362291
10,28,-14,32.863353
5,23,-18,29.631065
-41,7,-28,50.139805
-35,-11,6,37.175261
14,-3,5,15.165751
3,2,19,19.339080
5,31,-18,36.193922
15,-1,30,33.555923
-21,4,21,29.966648
-8,-8,-32,33.941125
12,26,-30,41.472883
32,15,33,48.352870
11,12,-11,19.646883
21,-5,10,23.790755
8,7,5,11.747340
-5,26,9,27.964263
-37,-22,-17,46.281746
6,28,22,36.110940
-6,-3,31,31.717503
-3,-23,-10,25.258662
-15,39,-14,44.068129
-15,10,11,21.118712
23,11,10,27.386128
5,-19,-18,26.645825
-23,5,-20,30.886890
11,8,9,16.309506
-24,0,-12,26.832816
-19,-10,-15,26.191602
-9,-23,28,37.336309
18,-5,-13,22.759613
3,-18,1,18.275667
-19,6,7,21.118712
-5,-8,-15,17.720045
26,18,-8,32.619013
-8,8,6,12.806248
16,-11,-11,22.315914
4,5,35,35.580894
-30,19,13,37.815341
2,26,-12,28.705400
8,1,-15,17.029386
8,18,-12,23.065125
1,3,-8,8.602325
-7,17,-8,20.049938
0,14,-18,22.803509
-1,3,8,8.602325
-5,5,0,7.071068
2,8,36,36.932371
-29,-5,4,29.698485
41,-6,-17,44.788391
6,9,19,21.863211
6,-20,-60,63.529521
-1,0,-7,7.071068
7,-14,-7,17.146428
13,18,-29,36.523965
37,-39,0,53.758720
-5,0,-7,8.602325
-12,15,15,24.372115
-12,-11,39,42.261093
31,22,9,39.064050
9,-16,-5,19.026298
33,24,13,42.825226
-21,-43,8,48.518038
-11,6,5,13.490738
-20,17,-7,27.166155
-26,-21,-13,35.860842
1,32,7,32.771939
-10,28,26,39.496835
-16,7,-3,17.720045
14,25,19,34.380227
5,-6,-1,7.874008
5,10,1,11.224972
-5,14,-23,27.386128
-4,15,-35,38.288379
-24,41,-29,55.659680
16,3,-13,20.832667
32,31,5,44.833024
-10,-9,27,30.166206
34,-5,7,35.071356
7,-27,-26,38.131352
-14,-29,-7,32.954514
-20,19,5,28.035692
-15,12,9,21.213203
1,4,9,9.899495
10,1,-5,11.224972
11,6,19,22.759613
-7,-30,5,31.208973
-2,-12,14,18.547237
-26,2,-22,34.117444
6,-18,10,21.447611
-23,-4,-33,40.422766
1,26,-13,29.086079
-34,1,19,38.961519
-13,11,18,24.779023
3,26,1,26.191602
-5,-23,0,23.537205
-6,11,7,14.352700
-8,8,-30,32.062439
4,-17,19,25.806976
-21,25,-12,34.785054
-6,-18,-10,21.447611
24,-24,-12,36.000000
17,21,-18,32.465366
-18,5,23,29.631065
14,13,53,56.338264
14,14,18,26.758176
23,6,-21,31.717503
-33,16,-13,38.910153
3,-48,-3,48.187135
8,35,-21,41.593269
29,-21,-22,42.023803
-20,-32,-8,38.574603
-8,3,13,15.556349
-19,11,-28,35.580894
40,-21,-19,49.010203
21,-41,18,49.457052
10,-14,-14,22.181073
3,15,0,15.297059
-25,-12,-17,32.526912
-1,-4,-11,11.747340
-21,-16,39,47.095647
-10,19,15,26.191602
30,3,-3,30.298515
-13,-22,11,27.820855
-3,5,26,26.645825
4,13,-11,17.492856
-28,-11,-13,32.771939
30,25,-17,42.591079
7,-9,10,15.165751
-9,10,-27,30.166206
2,10,-16,18.973666
57,8,1,57.567352
27,20,33,47.095647
1,-3,-12,12.409674
2,25,27,36.851052
-10,6,20,23.151674
-5,-10,-19,22.045408
-34,13,11,38.026307
18,11,-13,24.779023
8,18,28,34.234486
7,11,-2,13.190906
-1,-2,1,2.449490
-9,1,-34,35.185224
18,-15,13,26.795522
-1,-12,7,13.928388
42,-22,10,48.456166
29,-20,21,41.012193
24,12,4,27.129320
28,-43,11,52.478567
-11,19,10,24.124676
2,16,10,18.973666
-2,14,-34,36.823905
-8,-23,-1,24.372115
9,11,32,35.014283
15,-21,-30,39.572718
-2,42,-14,44.317040
16,-4,18,24.413111
-19,-11,-20,29.698485
2,-18,-38,42.095130
-13,-1,-24,27.313001
-65,-9,36,74.846510
16,-8,-30,34.928498
9,32,-19,38.288379
10,0,-28,29.732137
0,3,39,39.115214
-15,-9,-20,26.570661
-32,2,-18,36.769553
1,16,-9,18.384776
-3,-36,15,39.115214
-4,17,3,17.720045
43,-21,-4,48.020829
35,-40,-5,53.385391
-1,12,27,29.563491
-10,12,-16,22.360680
-5,13,-6,15.165751
-13,-9,-12,19.849433
-42,22,-20,51.458721
-31,-4,-15,34.669872
-20,1,-21,29.017236
0,-28,-26,38.209946
-25,8,-25,36.249138
-2,7,7,10.099505
-8,11,21,25.019992
14,-10,-4,17.663522
2,-1,-5,5.477226
18,19,-33,42.118879
-35,5,10,36.742346
-17,-8,-27,32.893768
6,20,-26,33.346664
-19,-31,6,36.851052
-12,-11,15,22.135944
8,-16,4,18.330303
24,-30,-6,38.884444
17,-9,-8,20.832667
9,-14,-5,17.378147
-2,-22,16,27.276363
1,-3,6,6.782330
-12,-17,21,29.563491
-8,33,9,35.128336
-8,7,7,12.727922
-10,10,-20,24.494897
-4,33,-5,33.615473
-11,3,-10,15.165751
-12,7,-9,16.552945
-6,-16,-4,17.549929
54,-18,12,58.172158
-7,-1,0,7.071068
-25,-23,6,34.496377
17,-19,0,25.495098
16,23,-9,29.427878
-11,15,32,37.013511
35,-22,-11,42.778499
-14,11,5,18.493242
-24,12,-24,36.000000
14,3,3,14.628739
24,17,1,29.427878
-9,-9,-16,20.445048
-16,4,-6,17.549929
8,-14,4,16.613248
8,-8,6,12.806248
-19,-6,-3,20.149442
-25,-15,-18,34.263683
1,-9,44,44.922155
-10,9,1,13.490738
-14,-6,34,37.255872
-5,10,17,20.346990
17,-8,15,24.041631
28,31,-15,44.384682
33,28,-7,43.840620
-9,24,-3,25.806976
-6,11,25,27.964263
17,18,3,24.939928
-10,-26,-10,29.597297
-11,1,4,11.747340
8,-6,10,14.142136
3,3,-22,22.405357
20,44,26,54.881691
-30,-20,6,36.551334
-24,8,12,28.000000
26,-52,14,59.799666
8,0,8,11.313708
28,-11,9,31.400637
-7,-19,24,31.400637
5,-9,-14,17.378147
-11,-10,35,38.026307
1,-2,21,21.118712
4,3,-11,12.083046
0,-5,5,7.071068
9,4,25,26.870058
-7,16,-13,21.771541
-23,-22,-17,36.083237
0,32,-12,34.176015
-33,8,-13,36.359318
-8,-3,-1,8.602325
-13,-18,-9,23.958297
-15,-29,22,39.370039
-21,-23,-16,35.014283
17,-3,-12,21.023796
-12,29,-23,38.910153
4,17,-19,25.806976
17,16,-15,27.748874
7,-20,-11,23.874673
-6,-5,11,13.490738
-9,-22,35,42.308392
1,31,0,31.016125
-14,2,40,42.426407
-2,-1,-7,7.348469
24,-25,1,34.669872
4,3,-19,19.646883
-5,22,-7,23.622024
-7,-29,34,45.232732
4,0,-8,8.944272
-6,-11,-5,13.490738
13,7,12,19.026298
12,6,18,22.449944
-18,22,0,28.425341
-14,10,-16,23.494680
4,-10,-34,35.665109
-8,-4,22,23.748684
26,10,-4,28.142495
0,-9,9,12.727922
42,-21,-7,47.476310
20,-11,25,33.852622
13,-8,23,27.604347
-1,-9,-4,9.899495
-14,2,-28,31.368774
-28,-10,22,36.986484
3,14,19,23.790755
-12,20,12,26.229754
11,-20,13,26.267851
-1,12,9,15.033296
26,-14,-2,29.597297
19,17,26,36.414283
-13,5,-2,14.071247
-18,13,9,23.958297
-2,-28,-18,33.346664
-2,-9,-7,11.575837
-16,15,-25,33.256578
-20,4,42,46.690470
-31,-8,13,34.554305
2,-9,-9,12.884099
-8,-3,35,36.027767
-7,8,-9,13.928388
9,10,7,15.165751
-24,-31,15,41.976184
6,3,7,9.695360
-2,7,23,24.124676
18,-13,5,22.759613
-6,41,-29,50.576674
9,23,20,31.780497
12,-11,-1,16.309506
26,21,-55,64.358372
12,-11,-3,16.552945
21,-12,17,29.563491
-2,-5,7,8.831761
16,17,-13,26.720778
6,0,8,10.000000
-7,34,-37,50.734604
19,22,1,29.086079
-20,15,-11,27.313001
21,-26,11,35.185224
-1,-9,24,25.651511
4,-17,5,18.165902
12,-35,-3,37.121422
-14,25,17,33.316662
15,-13,14,24.289916
-6,-23,17,29.223278
-8,-9,-19,22.494444
-5,13,-2,14.071247
-17,-31,-22,41.641326
-17,10,-29,35.071356
-35,-8,25,43.749286
10,-18,-4,20.976177
10,-7,15,19.339080
-4,-25,3,25.495098
-5,25,-6,26.191602
-12,21,17,29.563491
15,31,6,34.957117
-16,8,-24,29.933259
17,27,-22,38.755645
9,-10,-3,13.784049
11,10,5,15.684387
32,24,-6,40.447497
-13,6,-5,15.165751
12,-16,14,24.413111
12,20,-6,24.083189
24,9,-23,34.438351
1,-50,-13,51.672043
-13,-1,2,13.190906
13,-21,2,24.779023
13,0,33,35.468296
-19,2,29,34.727511
1,-9,-2,9.273618
-31,3,-6,31.717503
13,43,24,50.931326
-22,33,49,63.039670
49,-18,-21,56.267220
-32,16,2,35.832946
-2,-23,19,29.899833
8,-31,-19,37.229021
19,39,-26,50.576674
-31,28,-39,57.148928
-18,12,24,32.310989
16,-22,0,27.202941
-4,-19,-15,24.535688
-3,-17,8,19.026298
-6,-10,-18,21.447611
22,-2,-12,25.139610
12,-8,2,14.560220
-30,12,4,32.557641
-24,-7,17,30.232433
-15,-1,8,17.029386
-10,-17,-61,64.109282
7,4,-33,33.970576
-21,21,8,30.757113
25,-8,33,42.166337
4,12,12,17.435596
-2,20,2,20.199010
-7,4,11,13.638182
0,11,5,12.083046
-20,20,-8,29.393877
-45,8,23,51.166395
-10,-1,1,10.099505
28,-28,-38,54.881691
-1,1,22,22.045408
-9,16,7,19.646883
41,-19,-10,46.281746
-6,37,3,37.603191
-15,25,2,29.223278
-15,35,10,39.370039
-2,11,7,13.190906
0,46,-8,46.690470
-26,-13,11,31.080541
5,-4,9,11.045361
9,7,-10,15.165751
-21,15,-36,44.294469
-9,-14,-15,22.405357
-7,-12,-17,21.954498
-3,-23,10,25.258662
-9,-17,6,20.149442
-12,-42,-28,51.884487
21,-2,-27,34.263683
22,12,0,25.059928
-3,11,30,32.093613
38,-30,0,48.414874
9,11,4,14.764823
48,18,6,51.613952
23,11,34,42.497059
-8,-2,22,23.494680
-5,17,26,31.464265
-7,6,-5,10.488088
-16,-17,-1,23.366643
-13,11,-12,20.832667
3,-4,-9,10.295630
-6,18,-22,29.051678
-13,-2,19,23.108440
-21,-16,-23,35.014283
-5,11,20,23.366643
-39,20,15,46.324939
0,-13,-7,14.764823
13,-11,-4,17.492856
-10,14,20,26.381812
-7,19,6,21.118712
11,20,27,35.355339
-12,-12,-4,17.435596
-33,-8,31,45.978256
34,1,-3,34.146742
13,-14,17,25.573424
-26,20,-40,51.730069
-1,19,-22,29.086079
-2,-5,3,6.164414
14,-3,3,14.628739
-2,9,5,10.488088
-5,12,15,19.849433
-6,14,-20,25.139610
30,35,31,55.551778
21,-38,5,43.703547
-31,-2,-13,33.674916
-7,27,14,31.208973
-27,-28,25,46.238512
41,-20,19,49.416596
18,-20,-22,34.756294
18,14,-2,22.891046
-1,-4,23,23.366643
23,-34,15,43.703547
-41,-1,10,42.213742
21,11,-12,26.570661
-4,13,-17,21.771541
-7,17,-8,20.049938
17,3,28,32.893768
-5,-21,-18,28.106939
30,27,31,50.892043
27,-2,-29,39.673669
30,26,14,42.095130
-14,-2,-16,21.354157
-11,-8,-33,35.693137
-33,-2,-7,33.793490
18,-39,-21,47.812132
8,23,-3,24.535688
-23,-28,11,37.868192
5,6,5,9.273618
2,35,-21,40.865633
-7,21,-30,37.282704
-11,1,-22,24.617067
16,-13,1,20.639767
-4,6,2,7.483315
12,-15,-33,38.183766
0,-30,-10,31.622777
-9,2,-3,9.695360
13,-39,10,42.308392
-2,9,15,17.606817
-22,8,46,51.613952
-5,8,25,26.720778
-1,34,-15,37.175261
-12,-8,20,24.657656
13,-15,24,31.144823
-6,1,-9,10.862780
-13,31,20,39.115214
14,23,3,27.092434
9,-5,22,24.289916
14,-18,-24,33.105891
-17,15,10,24.779023
19,7,-14,24.617067
13,9,-18,23.958297
-13,-18,-27,34.957117
57,22,-13,62.465991
6,-3,-11,12.884099
-14,3,15,20.736441
-5,8,-5,10.677078
7,-11,6,14.352700
25,-14,-19,34.380227
14,-21,-3,25.416530
-36,-10,26,45.519227
9,2,-23,24.779023
14,-25,-1,28.670542
-13,13,18,25.729361
3,-31,-2,31.208973
-13,-16,5,21.213203
14,6,24,28.425341
7,23,2,24.124676
-1,19,-14,23.622024
-6,30,-24,38.884444
5,-15,-20,25.495098
17,-19,0,25.495098
26,33,9,42.965102
-10,-7,21,24.289916
-12,8,-24,28.000000
-15,-5,-6,16.911535
-8,11,-5,14.491377
-14,21,13,28.390139
0,27,-29,39.623226
-21,-20,-21,35.805028
-8,-23,-23,33.496268
10,-9,9,16.186414
-9,6,27,29.086079
-23,-16,5,28.460499
-42,-17,-15,47.728398
18,20,4,27.202941
16,-9,-21,27.892651
-9,11,28,31.400637
-2,5,9,10.488088
13,-10,15,22.226111
-5,-20,17,26.720778
-22,-6,-6,23.579652
-15,20,33,41.400483
-2,8,-4,9.165151
-16,-14,-2,21.354157
18,21,17,32.465366
-7,-7,22,24.124676
-15,5,-4,16.309506
18,-4,-24,30.265492
-19,1,8,20.639767
-24,6,-2,24.819347
22,-13,21,33.075671
-6,14,-4,15.748016
13,-20,-25,34.554305
42,-2,10,43.220366
-4,1,-3,5.099020
-10,-7,5,13.190906
-7,16,-27,32.155870
-2,-28,30,41.085277
18,4,-6,19.390719
-3,13,8,15.556349
-37,-18,-5,41.448764
-7,1,42,42.591079
-9,-35,6,36.633318
7,4,-21,22.494444
-18,26,-8,32.619013
15,17,42,47.728398
0,-13,15,19.849433
35,-6,-3,35.637059
-26,-5,-15,30.430248
-21,18,37,46.195238
14,-5,-39,41.737274
-15,8,-9,19.235384
-8,37,-3,37.973675
24,-3,27,36.249138
-1,5,-20,20.639767
-11,8,11,17.492856
-20,-25,-7,32.771939
30,29,-23,47.644517
-32,-10,20,39.038443
-1,16,-33,36.687873
-33,-19,8,38.910153
-25,4,13,28.460499
-7,-13,22,26.495283
4,-11,-33,35.014283
-2,6,2,6.633250
-1,10,25,26.944387
-16,17,9,25.019992
5,-8,-1,9.486833
-15,10,-21,27.676705
-9,10,-9,16.186414
-7,-2,31,31.843367
8,12,-32,35.099858
3,14,-21,25.416530
5,22,-5,23.108440
1,0,5,5.099020
1,9,4,9.899495
-30,23,23,44.249294
22,24,36,48.538644
-5,-3,-10,11.575837
-37,-4,25,44.833024
-7,-3,28,29.017236
2,-4,-14,14.696938
1,-29,0,29.017236
26,6,-26,37.255872
11,23,4,25.806976
-8,22,8,24.738634
0,5,-25,25.495098
-13,25,20,34.554305
-11,-15,-18,25.884358
17,-9,-28,33.970576
-26,4,2,26.381812
-4,30,2,30.331502
-13,4,41,43.197222
-16,-12,-30,36.055513
4,-3,3,5.830952
-46,-21,-1,50.576674
25,20,-19,37.229021
6,-10,-4,12.328828
-23,12,29,38.910153
5,3,12,13.341664
-34,-4,-24,41.809090
-7,14,-49,51.439285
-11,14,29,34.029399
-30,7,-9,32.093613
18,0,-2,18.110770
24,-7,11,27.313001
23,29,26,45.232732
-1,-7,30,30.822070
-30,4,-30,42.614552
12,-24,4,27.129320
-25,-27,-10,38.131352
8,-31,-7,32.771939
-1,-21,-4,21.400935
-6,17,21,27.676705
4,4,10,11.489125
-20,-5,13,24.372115
20,12,6,24.083189
23,-2,9,24.779023
-24,-6,-2,24.819347
6,-26,0,26.683328
-18,-6,-50,53.478968
7,28,29,40.914545
-8,25,-45,52.096065
11,25,-2,27.386128
-11,-2,13,17.146428
14,35,15,40.570926
15,-3,-38,40.963398
19,-23,-10,31.464265
2,13,-9,15.937377
-10,-13,9,18.708287
10,-5,9,14.352700
-4,-1,-1,4.242641
-24,-4,-10,26.305893
-23,6,-15,28.106939
20,6,6,21.725561
-32,41,3,52.096065
28,-6,-20,34.928498
-9,11,-22,26.191602
37,12,1,38.910153
-9,12,13,19.849433
21,-2,9,22.934690
0,-8,16,17.888544
26,29,27,47.391982
10,13,15,22.226111
-26,-31,27,48.641546
-1,31,-6,31.591138
4,-1,-37,37.229021
-12,11,-7,17.720045
12,-13,19,25.961510
31,12,11,35.014283
23,-3,-34,41.158231
18,-4,-4,18.867962
5,12,7,14.764823
24,34,-4,41.809090
-5,-5,-2,7.348469
-29,6,-11,31.591138
27,15,-6,31.464265
50,23,-11,56.124861
-47,20,-27,57.775427
0,-10,-8,12.806248
-16,25,27,40.124805
-5,-31,-24,39.522146
2,20,-16,25.690465
-15,21,12,28.460499
-18,20,-38,46.561787
20,-4,-28,34.641016
0,-1,-17,17.029386
0,-28,26,38.209946
-31,-5,12,33.615473
-10,26,2,27.928480
26,-27,35,51.283526
-11,-5,-6,13.490738
-14,0,8,16.124515
-27,-25,-6,37.282704
8,-8,0,11.313708
0,-12,-24,26.832816
-27,-4,-7,28.178006
22,-21,7,31.208973
10,41,-35,54.827001
15,-3,-22,26.795522
-18,17,-19,31.208973
-17,27,6,32.465366
-27,6,-45,52.820451
-17,19,2,25.573424
13,15,-10,22.226111
-13,-14,-9,21.118712
36,3,-5,36.469165
-7,-2,-41,41.641326
24,9,-15,29.698485
-12,-36,-26,46.000000
7,11,-2,13.190906
21,-7,6,22.934690
9,35,-4,36.359318
-4,-2,24,24.413111
10,14,8,18.973666
23,27,-4,35.693137
-13,2,-7,14.899664
1,-2,17,17.146428
10,1,-19,21.494185
-18,8,-10,22.090722
-4,29,19,34.899857
23,3,32,39.522146
29,5,18,34.496377
-7,18,29,34.842503
-4,-28,-6,28.913665
-15,1,-18,23.452079
-15,0,21,25.806976
18,20,-10,28.705400
-6,1,-3,6.782330
8,-12,20,24.657656
17,3,-10,19.949937
-5,-12,-29,31.780497
-10,14,4,17.663522
-9,-1,-14,16.673332
-21,16,1,26.419690
-9,17,36,40.816663
-3,26,-35,43.703547
18,-1,-3,18.275667
-22,-2,-18,28.495614
10,19,-3,21.679483
-4,-2,-14,14.696938
2,0,-10,10.198039
-36,-16,8,40.199502
15,8,-3,17.262677
12,-6,-4,14.000000
-5,4,17,18.165902
-18,25,7,31.591138
-12,30,26,41.472883
15,-9,14,22.405357
18,-32,2,36.769553
-6,-2,0,6.324555
-17,11,-6,21.118712
-19,16,-5,25.337719
24,20,-20,37.094474
-14,-21,35,43.150898
35,17,-14,41.352146
5,13,14,19.748418
-2,16,18,24.166092
34,-10,-4,35.665109
-2,25,-19,31.464265
-33,-6,-19,38.548671
3,-18,-17,24.939928
-14,21,9,26.795522
-1,-26,3,26.191602
-15,14,11,23.280893
-3,20,-53,56.727418
26,3,-11,28.390139
15,20,-25,35.355339
-1,1,-8,8.124038
5,17,-26,31.464265
14,-16,2,21.354157
15,1,4,15.556349
-9,-5,-32,33.615473
29,8,11,32.031235
10,-15,9,20.149442
-12,-18,24,32.310989
-41,18,1,44.788391
12,-5,47,48.764741
3,-15,-6,16.431677
7,-41,0,41.593269
21,-10,3,23.452079
-4,0,26,26.305893
-7,22,13,26.495283
3,5,20,20.832667
51,-30,-25,64.233947
14,-1,1,14.071247
14,-6,-32,35.440090
6,-20,24,31.811947
31,14,5,34.380227
-5,39,16,42.449971
9,-20,-7,23.021729
17,7,-38,42.213742
3,21,10,23.452079
3,-5,-4,7.071068
14,25,5,29.086079
-1,5,20,20.639767
23,1,20,30.495901
-3,-6,-3,7.348469
-6,10,8,14.142136
-27,-23,-30,46.454279
21,-24,15,35.242020
-12,4,12,17.435596
-29,-5,6,30.033315
-24,-2,-34,41.665333
20,-8,16,26.832816
-35,14,-13,39.874804
11,-7,-24,27.313001
11,-5,-20,23.366643
18,7,-7,20.542639
-45,-14,5,47.391982
-20,-23,3,30.626786
39,-10,33,52.057660
14,-8,-2,16.248077
30,13,3,32.832910
31,12,1,33.256578
1,55,14,56.762664
-24,-35,-37,56.302753
-2,-29,-5,29.495762
-18,3,-15,23.622024
-5,-25,-2,25.573424
-10,17,-7,20.928450
7,-20,-29,35.916570
31,-22,-15,40.865633
-14,-34,-6,37.255872
-11,-1,-2,11.224972
14,-29,-7,32.954514
3,20,15,25.179357
-22,40,30,54.626001
-16,15,-11,24.535688
-3,-4,9,10.295630
-3,56,-33,65.069194
2,-12,26,28.705400
1,-3,-42,42.118879
3,-36,-21,41.785165
-22,39,-1,44.788391
9,10,21,24.939928
2,-9,5,10.488088
32,3,-3,32.280025
-3,-8,33,34.088121
13,22,23,34.380227
10,-27,13,31.591138
0,27,-15,30.886890
-3,-9,-10,13.784049
-16,3,-3,16.552945
-14,-10,6,18.220867
24,4,-4,24.657656
0,22,-2,22.090722
18,-28,20,38.832976
-7,32,13,35.242020
4,9,-27,28.740216
-35,3,6,35.637059
21,21,-38,48.228622
40,19,-9,45.188494
4,-11,19,22.315914
23,-11,-10,27.386128
0,-6,26,26.683328
32,-22,-6,39.293765
-13,6,-11,18.055470
-36,-13,3,38.392708
28,0,4,28.284271
-12,2,8,14.560220
9,2,3,9.695360
0,-15,-15,21.213203
12,28,-2,30.528675
11,21,12,26.570661
-21,-7,0,22.135944
34,0,-22,40.496913
-12,17,-7,21.954498
-16,19,11,27.166155
-2,-23,13,26.495283
-31,-16,9,36.027767
6,-5,23,24.289916
-17,-11,28,34.554305
-25,5,-10,27.386128
15,-3,12,19.442222
-8,-7,-3,11.045361
-11,9,6,15.427249
19,-8,13,24.372115
0,21,-19,28.319605
-10,-20,-28,35.832946
-12,4,12,17.435596
1,19,-24,30.626786
-12,-29,15,34.785054
-14,-4,-24,28.071338
-33,10,29,45.055521
0,-3,9,9.486833
-20,19,-17,32.403703
10,16,40,44.226689
-4,3,-11,12.083046
-23,-5,36,43.011626
0,-12,-12,16.970563
-5,2,-17,17.832555
23,10,-9,26.645825
-12,24,-6,27.495454
9,-37,8,38.910153
9,43,-16,46.754679
7,-4,7,10.677078
-3,1,-12,12.409674
21,8,-13,25.961510
19,-25,-46,55.695601
-16,-3,-25,29.832868
17,24,15,33.015148
-7,-41,-4,41.785165
-15,-11,-14,23.280893
-27,18,-17,36.633318
15,-11,0,18.601075
-2,11,27,29.223278
6,4,-18,19.390719
-14,20,18,30.331502
-1,-26,-13,29.086079
9,24,-17,30.757113
6,-3,19,20.149442
-27,-21,-46,57.323643
-28,17,-45,55.659680
1,31,-4,31.272992
20,28,-22,40.841156
-24,-29,13,39.824616
10,-7,11,16.431677
9,14,7,18.055470
-10,-21,25,34.146742
30,18,18,39.344631
10,-17,1,19.748418
-2,2,-6,6.633250
-4,-10,-4,11.489125
4,-11,5,12.727922
-5,-2,5,7.348469
8,-19,-11,23.366643
-40,-7,3,40.718546
17,-9,-14,23.790755
-2,21,-25,32.710854
16,-13,49,53.160135
-19,-13,2,23.108440
3,-25,12,27.892651
20,1,-31,36.905284
-20,37,9,43.011626
-6,-17,29,34.146742
-25,17,10,31.843367
20,10,-14,26.381812
-3,-1,-16,16.309506
25,1,-16,29.698485
-12,22,14,28.705400
-38,-24,32,55.172457
15,9,0,17.492856
-8,2,10,12.961481
23,2,9,24.779023
6,-3,5,8.366600
38,24,12,46.518813
-8,-5,-3,9.899495
6,-16,14,22.090722
-11,-17,14,24.617067
13,-20,-13,27.166155
36,-14,28,47.707442
-19,0,11,21.954498
-18,-22,2,28.495614
6,6,-12,14.696938
-3,-2,-3,4.690416
5,27,-32,42.166337
24,-4,30,38.626416
-8,-13,27,31.016125
17,8,-19,26.720778
10,15,33,37.603191
-14,-8,-46,48.744230
-10,-39,21,45.409250
-3,-2,-23,23.280893
17,9,2,19.339080
17,11,42,46.626173
11,31,20,38.496753
31,-13,-18,38.131352
0,-6,42,42.426407
16,17,1,23.366643
16,17,1,23.366643
-15,10,-13,22.226111
25,-11,4,27.604347
1,31,-4,31.272992
-15,-15,4,21.587033
29,9,20,36.359318
-9,27,-16,32.649655
10,-40,10,42.426407
14,27,3,30.561414
7,29,-4,30.099834
27,12,3,29.698485
-15,2,15,21.307276
7,32,-13,35.242020
-2,9,-13,15.937377
8,-2,-10,12.961481
32,-19,-7,37.868192
-4,20,-4,20.784610
-35,16,9,39.522146
-22,-30,6,37.682887
-6,-16,10,19.798990
-19,23,16,33.852622
10,13,7,17.832555
17,-6,17,24.779023
6,15,-3,16.431677
24,2,6,24.819347
4,25,9,26.870058
-3,-34,3,34.263683
-17,24,21,36.138622
-18,-2,-12,21.725561
-14,13,-3,19.339080
-28,-2,-20,34.467376
-3,-22,-5,22.759613
-2,3,25,25.258662
-13,15,8,21.400935
-28,-10,-4,30.000000
25,-31,-12,41.593269
27,5,8,28.600699
8,-11,59,60.547502
-23,-26,-5,35.071356
17,-20,-39,47.010637
10,-54,-28,61.644140
-5,-9,6,11.916375
-1,-13,-2,13.190906
-4,-6,2,7.483315
-1,-7,12,13.928388
-12,-5,-17,21.400935
5,-8,-9,13.038405
0,-56,18,58.821765
27,14,1,30.430248
-21,-25,12,34.785054
-4,-2,2,4.898979
-3,-16,1,16.309506
-9,7,2,11.575837
4,-14,2,14.696938
27,7,-6,28.530685
3,-3,-10,10.862780
-14,-16,32,38.418745
-13,8,-3,15.556349
-30,20,-18,40.298883
5,11,22,25.099801
3,7,44,44.654227
2,-23,-1,23.108440
-2,7,13,14.899664
10,-3,-9,13.784049
6,9,-3,11.224972
-11,-4,-5,12.727922
-11,4,5,12.727922
-11,-7,12,17.720045
7,-13,-4,15.297059
20,10,-2,22.449944
-1,38,31,49.050994
-2,14,20,24.494897
12,-1,-23,25.961510
9,26,41,49.376108
-10,-29,-25,39.572718
8,-39,21,45.011110
2,32,-12,34.234486
-8,7,21,23.537205
17,-8,-5,19.442222
-54,-29,27,66.977608
-27,6,-5,28.106939
-6,5,31,31.968735
40,6,-10,41.665333
40,10,-18,44.988888
12,18,26,33.823069
4,-16,18,24.413111
-7,13,-16,21.771541
-17,-4,-13,21.771541
17,-18,-19,31.208973
5,31,-2,31.464265
19,-37,-40,57.706152
-5,-1,-16,16.792856
18,-15,3,23.622024
-1,32,-33,45.978256
-32,12,-12,36.221541
-15,-1,-6,16.186414
14,9,-7,18.055470
3,-22,3,22.405357
25,-2,-11,27.386128
25,-23,-12,36.027767
-8,23,-21,32.155870
5,0,19,19.646883
-11,-26,-1,28.248894
20,-30,6,36.551334
-14,-35,17,41.352146
-16,28,-22,39.038443
9,-5,-26,27.964263
-15,-18,-19,30.166206
-4,7,-1,8.124038
32,-12,0,34.176015
-16,-20,-6,26.305893
-3,-1,-8,8.602325
-18,-39,-9,43.886217
18,11,19,28.390139
7,-10,5,13.190906
11,-6,-9,15.427249
-27,9,28,39.924930
20,-31,-13,39.115214
27,24,-19,40.816663
0,18,-8,19.697716
-17,-9,-10,21.679483
-6,-17,-29,34.146742
-17,-13,-30,36.851052
10,-21,19,30.033315
-2,3,-9,9.695360
-12,-14,-8,20.099751
-38,-20,-30,52.383203
-4,2,8,9.165151
-5,-38,21,43.703547
3,-17,8,19.026298
-3,-8,-1,8.602325
-21,-15,2,25.884358
-16,-1,-13,20.639767
20,-26,-16,36.496575
-15,8,-7,18.384776
-6,-2,-18,19.078784
7,-34,-15,37.815341
-20,12,0,23.323808
-22,11,1,24.617067
-7,-22,-25,34.029399
-10,-5,-17,20.346990
-21,2,-3,21.307276
-14,20,18,30.331502
-8,-3,9,12.409674
14,11,19,26.038433
11,-10,35,38.026307
-12,4,4,13.266499
0,0,18,18.000000
-14,15,29,35.524639
-13,-12,3,17.944358
-15,20,5,25.495098
11,-23,-10,27.386128
12,6,-38,40.298883
1,10,19,21.494185
-10,-4,0,10.770330
-24,-10,6,26.683328
6,1,11,12.569805
-15,-21,12,28.460499
-9,3,6,11.224972
10,7,-13,17.832555
-6,-18,28,33.823069
0,5,-21,21.587033
11,-12,23,28.178006
-17,-27,8,32.893768
7,-5,8,11.747340
26,-16,8,31.559468
9,2,-39,40.074930
0,49,-3,49.091751
17,8,13,22.847319
-42,-29,-11,52.211110
21,-14,-43,49.859803
1,-5,-22,22.583180
51,13,-12,53.981478
17,-6,-3,18.275667
-5,-32,15,35.693137
-34,-23,31,51.439285
-19,11,16,27.166155
13,10,17,23.622024
-1,6,-15,16.186414
-1,-12,-13,17.720045
-3,-13,12,17.944358
-17,18,9,26.343880
-1,22,-9,23.790755
2,-4,24,24.413111
18,3,-27,32.588341
0,27,-21,34.205263
16,1,1,16.062378
3,11,-10,15.165751
-18,-22,-16,32.619013
9,13,-6,16.911535
-24,-6,6,25.455844
22,19,13,31.843367
-29,-21,8,36.687873
3,17,2,17.378147
17,3,-12,21.023796
3,50,15,52.287666
-21,-23,14,34.146742
10,8,-20,23.748684
-13,-21,14,28.390139
17,26,7,31.843367
13,-1,-16,20.639767
-2,24,0,24.083189
-50,7,-3,50.576674
-9,1,24,25.651511
10,-16,-4,19.287302
18,2,-16,24.166092
-24,-1,-9,25.651511
-17,-7,6,19.339080
2,-3,-15,15.427249
-11,-9,0,14.212670
8,3,-9,12.409674
0,14,-14,19.798990
21,-11,-28,36.687873
17,11,-18,27.092434
27,13,20,36.027767
-9,-12,45,47.434165
20,19,-15,31.400637
-34,4,-6,34.756294
22,-4,18,28.705400
16,14,-14,25.455844
-19,-30,-7,36.193922
19,28,-3,33.970576
-13,-31,-6,34.146742
1,-27,-20,33.615473
-13,-21,-16,29.427878
-2,-18,8,19.798990
9,-20,21,30.364453
-37,6,-15,40.373258
38,-1,21,43.428102
14,-19,5,24.124676
-5,-4,17,18.165902
-8,-22,0,23.409400
-3,8,-5,9.899495
27,-28,7,39.522146
28,-11,-5,30.495901
16,-22,-2,27.276363
16,1,15,21.954498
-6,-11,17,21.118712
29,8,7,30.886890
-15,-4,-21,26.115130
20,12,32,39.597980
22,11,21,32.341923
54,8,-16,56.885851
-21,-13,6,25.416530
-16,-28,18,36.932371
17,-4,-7,18.814888
-12,14,2,18.547237
11,-16,-7,20.639767
4,-4,-46,46.346521
30,9,15,34.727511
18,-13,-11,24.779023
23,-3,10,25.258662
2,16,48,50.635956
7,-25,6,26.645825
6,-12,-8,15.620499
17,-27,20,37.656341
7,26,-9,28.390139
-3,9,-14,16.911535
-25,-20,-29,43.197222
8,-43,-7,44.294469
21,-19,14,31.591138
23,-9,8,25.961510
7,5,10,13.190906
15,23,8,28.600699
-1,3,-8,8.602325
23,-31,22,44.429720
0,8,-24,25.298221
18,14,2,22.891046
5,17,-12,21.400935
3,-8,-19,20.832667
-12,-8,-26,29.732137
22,16,16,31.559468
-13,-20,11,26.267851
-8,-3,-13,15.556349
0,-5,11,12.083046
-5,4,19,20.049938
49,-3,24,54.644304
15,14,-15,25.416530
-5,2,-7,8.831761
0,-15,7,16.552945
18,-30,18,39.344631
-12,16,-24,31.240999
3,-30,5,30.561414
-39,-24,-9,46.669048
-8,9,-5,13.038405
-9,-9,16,20.445048
10,6,0,11.661904
9,6,-3,11.224972
-2,23,-43,48.805737
8,-26,-2,27.276363
17,12,-5,21.400935
-1,11,24,26.419690
-41,-11,-28,50.852729
11,-10,19,24.124676
16,19,17,30.099834
4,-30,10,31.874755
-5,4,-3,7.071068
2,3,3,4.690416
-1,-19,28,33.852622
7,-8,-13,16.792856
-19,5,12,23.021729
-13,-24,-13,30.232433
-9,21,-4,23.194827
7,-36,5,37.013511
-1,5,-8,9.486833
-21,23,12,33.376639
-21,-3,4,21.587033
21,-19,-22,35.860842
-3,42,-9,43.058100
10,16,2,18.973666
-24,-25,1,34.669872
13,-15,-6,20.736441
8,32,-4,33.226495
26,-15,-1,30.033315
-1,6,-1,6.164414
-4,0,-6,7.211103
-14,9,13,21.118712
-20,-3,-13,24.041631
-9,-3,-2,9.695360
15,-11,-52,55.226805
-22,-25,-23,40.472213
22,27,-37,50.813384
21,-19,0,28.319605
21,20,17,33.615473
18,4,24,30.265492
-26,7,-5,27.386128
15,-7,-30,34.263683
6,-32,0,32.557641
-28,14,-18,36.110940
-20,12,-8,24.657656
14,-18,-10,24.899799
5,14,1,14.899664
9,-27,18,33.674916
-26,5,13,29.495762
50,-1,-13,51.672043
-21,18,-5,28.106939
-7,11,-4,13.638182
-41,8,29,50.852729
5,13,-18,22.759613
9,11,28,31.400637
18,-7,9,21.307276
6,-3,39,39.572718
5,5,-34,34.727511
-9,13,-8,17.720045
3,-14,-9,16.911535
27,-29,2,39.673669
-25,-12,9,29.154759
16,-4,0,16.492423
11,-12,-23,28.178006
1,-16,-21,26.419690
-21,5,4,21.954498
-10,-10,28,31.368774
18,-16,-8,25.377155
8,2,6,10.198039
-4,-27,-5,27.748874
-19,-14,23,32.954514
2,11,11,15.684387
-33,0,-1,33.015148
-3,2,-21,21.307276
-26,16,-2,30.594117
-1,-24,-13,27.313001
9,4,7,12.083046
34,-2,-24,41.665333
-12,-7,-3,14.212670
-35,-23,4,42.071368
5,8,-29,30.495901
28,-13,13,33.496268
18,9,-1,20.149442
-29,8,-13,32.771939
-7,5,-32,33.136083
5,9,-16,19.026298
-19,-11,2,22.045408
36,-13,15,41.109610
10,-30,-26,40.938979
7,-12,-9,16.552945
-9,14,7,18.055470
4,-12,-18,22.000000
-21,-25,6,33.196385
8,-18,-8,21.260292
-45,-6,15,47.812132
1,15,-6,16.186414
-35,18,-27,47.728398
9,-24,7,26.570661
12,-10,2,15.748016
14,-12,28,33.526109
8,-35,19,40.620192
-14,-6,-6,16.370706
1,-15,-12,19.235384
-10,14,-4,17.663522
-14,1,9,16.673332
42,9,-11,44.339599
1,-2,7,7.348469
31,15,20,39.824616
21,-31,22,43.428102
-5,-8,-5,10.677078
17,4,5,18.165902
0,16,6,17.088007
-11,-10,-1,14.899664
3,-5,6,8.366600
15,11,0,18.601075
15,25,-10,30.822070
-10,10,0,14.142136
-37,20,15,44.654227
39,7,-20,44.384682
-42,-4,14,44.452222
-29,-18,-29,44.788391
2,-16,18,24.166092
36,17,-9,40.816663
17,20,-7,27.166155
-3,-12,-7,14.212670
11,13,2,17.146428
15,-28,-5,32.155870
3,18,9,20.346990
5,0,-3,5.830952
-12,0,22,25.059928
-15,3,22,26.795522
15,-7,-18,24.454039
-20,7,1,21.213203
35,11,-2,36.742346
-9,0,25,26.570661
14,-14,0,19.798990
-4,26,-18,31.874755
-4,38,-14,40.693980
-10,-22,30,38.522721
15,5,6,16.911535
-4,-3,-11,12.083046
5,7,-6,10.488088
0,22,-26,34.058773
13,-9,-8,17.720045
0,-31,23,38.600518
12,-9,-17,22.671568
-20,-3,27,33.734256
12,-4,-10,16.124515
18,-1,-13,22.226111
10,15,-27,32.465366
27,1,-12,29.563491
-34,-4,-4,34.467376
1,20,-15,25.019992
2,0,22,22.090722
-14,-14,-22,29.597297
35,8,-9,37.013511
-7,-13,22,26.495283
-37,1,14,39.572718
48,19,-23,56.515485
17,7,4,18.814888
33,14,21,41.545156
-20,25,11,33.852622
26,-14,-26,39.344631
4,-19,17,25.806976
-10,-16,-10,21.354157
-7,-7,16,18.814888
4,-8,8,12.000000
-5,11,10,15.684387
-2,37,1,37.067506
-8,-38,-10,40.099875
-36,-1,-9,37.121422
52,12,-18,56.320511
-24,14,10,29.529646
-27,-17,2,31.968735
-13,15,-2,19.949937
8,-13,25,29.291637
15,32,-15,38.392708
8,16,22,28.354894
43,-7,34,55.263008
-10,22,-10,26.153394
-19,-13,-2,23.108440
17,16,-7,24.372115
-22,-18,18,33.645208
11,-18,-1,21.118712
10,-29,-3,30.822070
-6,-4,14,15.748016
27,-7,16,32.155870
-6,2,-46,46.432747
-17,6,3,18.275667
5,-6,-15,16.911535
-24,9,1,25.651511
24,0,12,26.832816
17,31,6,35.860842
-16,-15,-39,44.743715
-35,15,14,40.570926
10,-27,27,39.471509
13,-9,-22,27.092434
-5,-4,-21,21.954498
-11,-9,-34,36.851052
0,29,9,30.364453
-13,-13,36,40.422766
-18,13,1,22.226111
64,8,-20,67.527772
6,20,-2,20.976177
13,-29,-16,35.580894
22,29,7,37.067506
-21,11,20,31.016125
24,27,-11,37.762415
-1,-23,-20,30.495901
-20,11,-5,23.366643
-10,-26,-4,28.142495
21,17,6,27.676705
-1,-40,-7,40.620192
-45,55,38,80.585358
13,15,14,24.289916
2,-12,-14,18.547237
-2,-25,33,41.448764
8,-37,21,43.289722
34,19,-25,46.281746
-14,8,-2,16.248077
30,-16,-10,35.440090
-15,17,-8,24.041631
22,-24,-14,35.440090
-11,-2,-23,25.573424
11,21,-12,26.570661
-18,9,15,25.099801
7,-24,-13,28.178006
-18,-16,16,28.913665
16,29,-45,55.874860
-2,9,17,19.339080
7,-17,4,18.814888
26,13,7,29.899833
21,0,-29,35.805028
7,-19,-6,21.118712
-19,12,-1,22.494444
20,3,3,20.445048
-15,0,-29,32.649655
5,-2,17,17.832555
-20,11,29,36.905284
15,-21,20,32.649655
-8,-7,17,20.049938
-16,4,2,16.613248
1,6,-19,19.949937
-14,-6,-20,25.139610
16,-39,-19,46.238512
-46,36,-14,60.066630
-6,-5,41,41.737274
-15,25,38,47.895720
-17,28,-9,33.970576
-12,-30,-32,45.475268
1,-18,-1,18.055470
18,2,38,42.095130
-21,3,26,33.555923
2,10,-4,10.954451
-21,-14,-1,25.258662
-13,-2,-23,26.495283
7,-15,4,17.029386
1,9,-14,16.673332
15,-20,9,26.570661
-32,-14,32,47.370877
7,-22,7,24.124676
19,10,-3,21.679483
35,-29,2,45.497253
-21,27,-20,39.623226
1,13,-2,13.190906
10,17,-3,19.949937
-3,-20,-27,33.734256
12,-13,25,30.626786
-22,26,-14,36.823905
-2,-5,-7,8.831761
8,3,-9,12.409674
-11,5,-16,20.049938
-3,7,-12,14.212670
12,-15,-9,21.213203
-1,25,-38,45.497253
11,-9,4,14.764823
24,16,-20,35.099858
-11,-24,27,37.762415
-11,-3,20,23.021729
-2,-6,14,15.362291
-2,30,-4,30.331502
-20,-2,50,53.888774
3,-13,4,13.928388
1,-16,5,16.792856
9,14,1,16.673332
-2,-12,-14,18.547237
8,5,13,16.062378
-24,-12,-14,30.265492
-8,-17,-3,19.026298
-30,-9,29,42.684892
16,19,-45,51.400389
12,-30,18,36.986484
-1,-13,2,13.190906
-4,-43,13,45.099889
-30,-26,34,52.268537
3,-5,24,24.698178
-36,18,24,46.861498
-8,11,-9,16.309506
-26,28,-14,40.693980
-18,30,8,35.888717
-11,16,-9,21.400935
11,27,-6,29.765752
